{
    "type": "FeatureCollection",
    "features": [
        {
            "type": "Feature",
            "properties": {
                "type": "relation",
                "id": 8839337,
                "tags": {
                    "admin_level": "8",
                    "boundary": "administrative",
                    "name": "Firuzköy Mahallesi",
                    "type": "boundary",
                    "wikidata": "Q6091904"
                }
            },
            "geometry": {
                "type": "MultiPolygon",
                "coordinates": [
                    [
                        [
                            [
                                28.6967452,
                                41.0124465
                            ],
                            [
                                28.6970327,
                                41.012316
                            ],
                            [
                                28.6981345,
                                41.0118156
                            ],
                            [
                                28.6992073,
                                41.0112463
                            ],
                            [
                                28.6998278,
                                41.0108351
                            ],
                            [
                                28.6999896,
                                41.0107955
                            ],
                            [
                                28.7008461,
                                41.010212
                            ],
                            [
                                28.7018986,
                                41.0094053
                            ],
                            [
                                28.7027961,
                                41.0086738
                            ],
                            [
                                28.7033486,
                                41.0082083
                            ],
                            [
                                28.7040996,
                                41.0075768
                            ],
                            [
                                28.7055695,
                                41.0063219
                            ],
                            [
                                28.7065673,
                                41.0055163
                            ],
                            [
                                28.7073183,
                                41.0048523
                            ],
                            [
                                28.7078279,
                                41.0044313
                            ],
                            [
                                28.7089866,
                                41.0034638
                            ],
                            [
                                28.7097537,
                                41.0028565
                            ],
                            [
                                28.7109768,
                                41.0018404
                            ],
                            [
                                28.7116581,
                                41.001225
                            ],
                            [
                                28.7117328,
                                41.0011566
                            ],
                            [
                                28.7125379,
                                41.0004193
                            ],
                            [
                                28.712731,
                                41.0001602
                            ],
                            [
                                28.7130636,
                                40.9995205
                            ],
                            [
                                28.7132782,
                                40.9989213
                            ],
                            [
                                28.7134874,
                                40.9983262
                            ],
                            [
                                28.7138468,
                                40.9974962
                            ],
                            [
                                28.7140721,
                                40.9970508
                            ],
                            [
                                28.7169206,
                                40.9981197
                            ],
                            [
                                28.7187552,
                                40.9987715
                            ],
                            [
                                28.7205224,
                                40.99834
                            ],
                            [
                                28.7212174,
                                40.9981703
                            ],
                            [
                                28.7216904,
                                40.9980548
                            ],
                            [
                                28.7236905,
                                40.9976703
                            ],
                            [
                                28.7242579,
                                40.9976094
                            ],
                            [
                                28.7280947,
                                40.9972168
                            ],
                            [
                                28.7294412,
                                40.9977229
                            ],
                            [
                                28.7324386,
                                40.9975157
                            ],
                            [
                                28.7324466,
                                40.997627
                            ],
                            [
                                28.7323285,
                                40.997959
                            ],
                            [
                                28.7320496,
                                40.9985582
                            ],
                            [
                                28.7315883,
                                40.999044
                            ],
                            [
                                28.7314702,
                                40.9991898
                            ],
                            [
                                28.7313093,
                                40.9993598
                            ],
                            [
                                28.7309445,
                                40.9995865
                            ],
                            [
                                28.730848,
                                40.9996594
                            ],
                            [
                                28.7300433,
                                41.0000157
                            ],
                            [
                                28.7290241,
                                41.0005096
                            ],
                            [
                                28.7284447,
                                41.0008578
                            ],
                            [
                                28.7275006,
                                41.0015946
                            ],
                            [
                                28.727286,
                                41.0019104
                            ],
                            [
                                28.727286,
                                41.0020318
                            ],
                            [
                                28.7273182,
                                41.0021209
                            ],
                            [
                                28.7273182,
                                41.0023314
                            ],
                            [
                                28.7272538,
                                41.0025258
                            ],
                            [
                                28.7270607,
                                41.0029711
                            ],
                            [
                                28.7269749,
                                41.0033435
                            ],
                            [
                                28.7269749,
                                41.0036674
                            ],
                            [
                                28.7269856,
                                41.0039184
                            ],
                            [
                                28.7269105,
                                41.0042504
                            ],
                            [
                                28.7269212,
                                41.004469
                            ],
                            [
                                28.72705,
                                41.00472
                            ],
                            [
                                28.7271358,
                                41.0048738
                            ],
                            [
                                28.7270821,
                                41.0050843
                            ],
                            [
                                28.7269856,
                                41.0052705
                            ],
                            [
                                28.7267495,
                                41.0055053
                            ],
                            [
                                28.7263955,
                                41.005732
                            ],
                            [
                                28.7262346,
                                41.0059021
                            ],
                            [
                                28.7260736,
                                41.005983
                            ],
                            [
                                28.725902,
                                41.0060316
                            ],
                            [
                                28.7256981,
                                41.0061449
                            ],
                            [
                                28.7256123,
                                41.006234
                            ],
                            [
                                28.7255586,
                                41.006315
                            ],
                            [
                                28.725387,
                                41.0064121
                            ],
                            [
                                28.7252153,
                                41.006485
                            ],
                            [
                                28.7248076,
                                41.0067117
                            ],
                            [
                                28.7243463,
                                41.0069708
                            ],
                            [
                                28.7241317,
                                41.0070275
                            ],
                            [
                                28.7239922,
                                41.0070922
                            ],
                            [
                                28.7239064,
                                41.0071813
                            ],
                            [
                                28.723842,
                                41.0073432
                            ],
                            [
                                28.7235202,
                                41.0074566
                            ],
                            [
                                28.7231876,
                                41.0076104
                            ],
                            [
                                28.7230696,
                                41.0076428
                            ],
                            [
                                28.7228121,
                                41.0076509
                            ],
                            [
                                28.7225546,
                                41.0077075
                            ],
                            [
                                28.7223185,
                                41.0078047
                            ],
                            [
                                28.7219108,
                                41.0079666
                            ],
                            [
                                28.7216426,
                                41.0081123
                            ],
                            [
                                28.7213959,
                                41.0083147
                            ],
                            [
                                28.7210203,
                                41.0085738
                            ],
                            [
                                28.7208701,
                                41.0087357
                            ],
                            [
                                28.7208165,
                                41.0089058
                            ],
                            [
                                28.7206556,
                                41.008922
                            ],
                            [
                                28.7205161,
                                41.0089624
                            ],
                            [
                                28.720323,
                                41.0091001
                            ],
                            [
                                28.7200977,
                                41.0093672
                            ],
                            [
                                28.7200011,
                                41.0095292
                            ],
                            [
                                28.7197651,
                                41.0097154
                            ],
                            [
                                28.71969,
                                41.0098611
                            ],
                            [
                                28.7195612,
                                41.0099582
                            ],
                            [
                                28.7194539,
                                41.0101444
                            ],
                            [
                                28.7193037,
                                41.0102659
                            ],
                            [
                                28.7192394,
                                41.0104035
                            ],
                            [
                                28.7191535,
                                41.0105735
                            ],
                            [
                                28.7192394,
                                41.0110107
                            ],
                            [
                                28.7192717,
                                41.0112364
                            ],
                            [
                                28.7193252,
                                41.0116098
                            ],
                            [
                                28.7192608,
                                41.0116179
                            ],
                            [
                                28.7192823,
                                41.0117393
                            ],
                            [
                                28.7193523,
                                41.0118765
                            ],
                            [
                                28.7193896,
                                41.0119498
                            ],
                            [
                                28.7196256,
                                41.0122979
                            ],
                            [
                                28.7199367,
                                41.012646
                            ],
                            [
                                28.7203873,
                                41.0130508
                            ],
                            [
                                28.7203981,
                                41.0132856
                            ],
                            [
                                28.7204517,
                                41.0134718
                            ],
                            [
                                28.7205376,
                                41.0136499
                            ],
                            [
                                28.7206663,
                                41.0138037
                            ],
                            [
                                28.7206448,
                                41.0142975
                            ],
                            [
                                28.7204732,
                                41.0144837
                            ],
                            [
                                28.7204177,
                                41.0145349
                            ],
                            [
                                28.7203888,
                                41.0146111
                            ],
                            [
                                28.720273,
                                41.0147299
                            ],
                            [
                                28.7202069,
                                41.0147702
                            ],
                            [
                                28.720162,
                                41.0148642
                            ],
                            [
                                28.7201728,
                                41.0149371
                            ],
                            [
                                28.7201834,
                                41.0150519
                            ],
                            [
                                28.7203048,
                                41.0150927
                            ],
                            [
                                28.7203921,
                                41.0152396
                            ],
                            [
                                28.7205328,
                                41.0153678
                            ],
                            [
                                28.7207759,
                                41.015486
                            ],
                            [
                                28.7208934,
                                41.0156083
                            ],
                            [
                                28.7209883,
                                41.0158523
                            ],
                            [
                                28.7210194,
                                41.0159942
                            ],
                            [
                                28.7211373,
                                41.0161714
                            ],
                            [
                                28.7215531,
                                41.0163764
                            ],
                            [
                                28.7216596,
                                41.0164362
                            ],
                            [
                                28.7217677,
                                41.0165059
                            ],
                            [
                                28.7218428,
                                41.0166517
                            ],
                            [
                                28.7219501,
                                41.0167407
                            ],
                            [
                                28.7221754,
                                41.0167893
                            ],
                            [
                                28.7226153,
                                41.0170483
                            ],
                            [
                                28.7228943,
                                41.0171455
                            ],
                            [
                                28.7231732,
                                41.0173155
                            ],
                            [
                                28.7234414,
                                41.0174531
                            ],
                            [
                                28.7237526,
                                41.0176878
                            ],
                            [
                                28.7239564,
                                41.0178497
                            ],
                            [
                                28.7244928,
                                41.0179954
                            ],
                            [
                                28.7249327,
                                41.0182707
                            ],
                            [
                                28.7251258,
                                41.0185216
                            ],
                            [
                                28.7252761,
                                41.0187078
                            ],
                            [
                                28.7253297,
                                41.0189749
                            ],
                            [
                                28.7254584,
                                41.0189263
                            ],
                            [
                                28.7258018,
                                41.0187645
                            ],
                            [
                                28.7263275,
                                41.0186187
                            ],
                            [
                                28.7268103,
                                41.0183921
                            ],
                            [
                                28.7271429,
                                41.0181492
                            ],
                            [
                                28.7272716,
                                41.0181007
                            ],
                            [
                                28.7273896,
                                41.018125
                            ],
                            [
                                28.7272716,
                                41.0179388
                            ],
                            [
                                28.7274218,
                                41.0177607
                            ],
                            [
                                28.7274969,
                                41.0177688
                            ],
                            [
                                28.7275184,
                                41.0176554
                            ],
                            [
                                28.7273789,
                                41.0175907
                            ],
                            [
                                28.7275077,
                                41.017445
                            ],
                            [
                                28.7276579,
                                41.0173883
                            ],
                            [
                                28.7278081,
                                41.0173478
                            ],
                            [
                                28.7276042,
                                41.0172588
                            ],
                            [
                                28.72769,
                                41.0171374
                            ],
                            [
                                28.7278832,
                                41.0170402
                            ],
                            [
                                28.7280119,
                                41.0169917
                            ],
                            [
                                28.7280763,
                                41.0168783
                            ],
                            [
                                28.7281728,
                                41.0168783
                            ],
                            [
                                28.7282158,
                                41.0167245
                            ],
                            [
                                28.7282265,
                                41.0164979
                            ],
                            [
                                28.7281192,
                                41.0164655
                            ],
                            [
                                28.7280977,
                                41.0163845
                            ],
                            [
                                28.7281621,
                                41.016344
                            ],
                            [
                                28.7281299,
                                41.0161417
                            ],
                            [
                                28.728205,
                                41.0159798
                            ],
                            [
                                28.7283123,
                                41.0158502
                            ],
                            [
                                28.7285054,
                                41.0157288
                            ],
                            [
                                28.7286986,
                                41.0156802
                            ],
                            [
                                28.7288273,
                                41.0156802
                            ],
                            [
                                28.7290097,
                                41.0155183
                            ],
                            [
                                28.729117,
                                41.0154212
                            ],
                            [
                                28.729353,
                                41.0153321
                            ],
                            [
                                28.729589,
                                41.015146
                            ],
                            [
                                28.729868,
                                41.014984
                            ],
                            [
                                28.7301791,
                                41.0148707
                            ],
                            [
                                28.7305761,
                                41.0146359
                            ],
                            [
                                28.7308872,
                                41.0145388
                            ],
                            [
                                28.7314988,
                                41.0144255
                            ],
                            [
                                28.7322498,
                                41.0142717
                            ],
                            [
                                28.7327648,
                                41.014215
                            ],
                            [
                                28.7330115,
                                41.014215
                            ],
                            [
                                28.7332047,
                                41.0141502
                            ],
                            [
                                28.7333656,
                                41.0141826
                            ],
                            [
                                28.7335587,
                                41.0141745
                            ],
                            [
                                28.7337733,
                                41.0141583
                            ],
                            [
                                28.7340415,
                                41.0142069
                            ],
                            [
                                28.734181,
                                41.0142878
                            ],
                            [
                                28.7346531,
                                41.0143526
                            ],
                            [
                                28.7353612,
                                41.0144336
                            ],
                            [
                                28.7358869,
                                41.0144902
                            ],
                            [
                                28.7361765,
                                41.0145469
                            ],
                            [
                                28.7367666,
                                41.0145469
                            ],
                            [
                                28.7370563,
                                41.0145955
                            ],
                            [
                                28.7370456,
                                41.0146602
                            ],
                            [
                                28.7374855,
                                41.0147574
                            ],
                            [
                                28.7380005,
                                41.0148221
                            ],
                            [
                                28.738494,
                                41.0148302
                            ],
                            [
                                28.7390304,
                                41.0147655
                            ],
                            [
                                28.7396634,
                                41.0146602
                            ],
                            [
                                28.7400711,
                                41.014555
                            ],
                            [
                                28.7403072,
                                41.0144579
                            ],
                            [
                                28.7405003,
                                41.0143202
                            ],
                            [
                                28.7407256,
                                41.0141178
                            ],
                            [
                                28.7407899,
                                41.0141502
                            ],
                            [
                                28.7406612,
                                41.0142959
                            ],
                            [
                                28.7405325,
                                41.0144821
                            ],
                            [
                                28.7404574,
                                41.0147088
                            ],
                            [
                                28.7404144,
                                41.0150569
                            ],
                            [
                                28.7404144,
                                41.0153726
                            ],
                            [
                                28.7406104,
                                41.0158964
                            ],
                            [
                                28.7406612,
                                41.0163602
                            ],
                            [
                                28.7406612,
                                41.0166517
                            ],
                            [
                                28.740747,
                                41.0169593
                            ],
                            [
                                28.7407363,
                                41.0170645
                            ],
                            [
                                28.7405003,
                                41.0172588
                            ],
                            [
                                28.7404466,
                                41.0173721
                            ],
                            [
                                28.7403072,
                                41.0175988
                            ],
                            [
                                28.7402642,
                                41.0176959
                            ],
                            [
                                28.7403286,
                                41.0178497
                            ],
                            [
                                28.740511,
                                41.0181088
                            ],
                            [
                                28.7406645,
                                41.0180618
                            ],
                            [
                                28.7408188,
                                41.0184568
                            ],
                            [
                                28.7406678,
                                41.0187516
                            ],
                            [
                                28.7406183,
                                41.0188859
                            ],
                            [
                                28.7406183,
                                41.0192259
                            ],
                            [
                                28.7406505,
                                41.0196873
                            ],
                            [
                                28.7406397,
                                41.0198411
                            ],
                            [
                                28.7405432,
                                41.0199787
                            ],
                            [
                                28.7404144,
                                41.0201325
                            ],
                            [
                                28.7403072,
                                41.0203267
                            ],
                            [
                                28.7402535,
                                41.0206262
                            ],
                            [
                                28.7402106,
                                41.0209662
                            ],
                            [
                                28.7400711,
                                41.0213548
                            ],
                            [
                                28.7397063,
                                41.022059
                            ],
                            [
                                28.739642,
                                41.0222532
                            ],
                            [
                                28.7396956,
                                41.0226984
                            ],
                            [
                                28.7396849,
                                41.0230303
                            ],
                            [
                                28.739599,
                                41.0233703
                            ],
                            [
                                28.7394703,
                                41.0236374
                            ],
                            [
                                28.7393201,
                                41.023953
                            ],
                            [
                                28.7390626,
                                41.0242525
                            ],
                            [
                                28.7389768,
                                41.0243901
                            ],
                            [
                                28.7389017,
                                41.0247544
                            ],
                            [
                                28.7388158,
                                41.0250053
                            ],
                            [
                                28.7386549,
                                41.0252886
                            ],
                            [
                                28.7383545,
                                41.0256042
                            ],
                            [
                                28.7381828,
                                41.0259037
                            ],
                            [
                                28.7380541,
                                41.0261223
                            ],
                            [
                                28.7380326,
                                41.0262356
                            ],
                            [
                                28.7380219,
                                41.0263165
                            ],
                            [
                                28.7378824,
                                41.0264298
                            ],
                            [
                                28.7377322,
                                41.0266403
                            ],
                            [
                                28.7377,
                                41.0268183
                            ],
                            [
                                28.737743,
                                41.0269883
                            ],
                            [
                                28.7377215,
                                41.0271097
                            ],
                            [
                                28.7374747,
                                41.0273849
                            ],
                            [
                                28.7372923,
                                41.0276277
                            ],
                            [
                                28.7372494,
                                41.0278624
                            ],
                            [
                                28.7372494,
                                41.0282267
                            ],
                            [
                                28.7372065,
                                41.0284937
                            ],
                            [
                                28.7371743,
                                41.0286232
                            ],
                            [
                                28.737067,
                                41.0287366
                            ],
                            [
                                28.7370456,
                                41.0289308
                            ],
                            [
                                28.7371529,
                                41.029206
                            ],
                            [
                                28.7371636,
                                41.0293759
                            ],
                            [
                                28.7371958,
                                41.0295621
                            ],
                            [
                                28.7371421,
                                41.0295864
                            ],
                            [
                                28.7371421,
                                41.0297402
                            ],
                            [
                                28.7371851,
                                41.0299182
                            ],
                            [
                                28.7371421,
                                41.0300234
                            ],
                            [
                                28.7370456,
                                41.0302339
                            ],
                            [
                                28.7369276,
                                41.030509
                            ],
                            [
                                28.7368203,
                                41.0307437
                            ],
                            [
                                28.7367452,
                                41.0309461
                            ],
                            [
                                28.7366593,
                                41.0309623
                            ],
                            [
                                28.7365842,
                                41.0309299
                            ],
                            [
                                28.7365413,
                                41.0310998
                            ],
                            [
                                28.7363804,
                                41.0313265
                            ],
                            [
                                28.736316,
                                41.0312374
                            ],
                            [
                                28.7361873,
                                41.0312132
                            ],
                            [
                                28.7360371,
                                41.0312455
                            ],
                            [
                                28.7358547,
                                41.0313426
                            ],
                            [
                                28.7358332,
                                41.031464
                            ],
                            [
                                28.7357259,
                                41.031634
                            ],
                            [
                                28.7357796,
                                41.0316907
                            ],
                            [
                                28.7358225,
                                41.0317878
                            ],
                            [
                                28.7358761,
                                41.0319415
                            ],
                            [
                                28.7358654,
                                41.0323705
                            ],
                            [
                                28.7357796,
                                41.0328804
                            ],
                            [
                                28.7357152,
                                41.0330665
                            ],
                            [
                                28.7355865,
                                41.0332607
                            ],
                            [
                                28.7354041,
                                41.0334712
                            ],
                            [
                                28.7352431,
                                41.033722
                            ],
                            [
                                28.7352002,
                                41.0338839
                            ],
                            [
                                28.735211,
                                41.033981
                            ],
                            [
                                28.7350822,
                                41.0340134
                            ],
                            [
                                28.7350286,
                                41.0340862
                            ],
                            [
                                28.73505,
                                41.0348631
                            ],
                            [
                                28.7351251,
                                41.0351059
                            ],
                            [
                                28.7352753,
                                41.0353325
                            ],
                            [
                                28.7353933,
                                41.0354782
                            ],
                            [
                                28.735447,
                                41.0356239
                            ],
                            [
                                28.7354577,
                                41.0358181
                            ],
                            [
                                28.7353719,
                                41.0359638
                            ],
                            [
                                28.7351466,
                                41.0361823
                            ],
                            [
                                28.7351251,
                                41.0362389
                            ],
                            [
                                28.7349964,
                                41.0363522
                            ],
                            [
                                28.7348998,
                                41.0365302
                            ],
                            [
                                28.734696,
                                41.0367326
                            ],
                            [
                                28.7345887,
                                41.0368863
                            ],
                            [
                                28.7345458,
                                41.0370482
                            ],
                            [
                                28.7345994,
                                41.0371453
                            ],
                            [
                                28.7346316,
                                41.0373962
                            ],
                            [
                                28.7347067,
                                41.0376228
                            ],
                            [
                                28.7346852,
                                41.0377765
                            ],
                            [
                                28.7346852,
                                41.0379384
                            ],
                            [
                                28.7345994,
                                41.0381326
                            ],
                            [
                                28.7345136,
                                41.0381973
                            ],
                            [
                                28.7339986,
                                41.0383592
                            ],
                            [
                                28.7337411,
                                41.0384563
                            ],
                            [
                                28.7334085,
                                41.038691
                            ],
                            [
                                28.7333549,
                                41.0388123
                            ],
                            [
                                28.7333012,
                                41.039136
                            ],
                            [
                                28.7333012,
                                41.0393303
                            ],
                            [
                                28.7333763,
                                41.0394516
                            ],
                            [
                                28.7333871,
                                41.0395811
                            ],
                            [
                                28.7333227,
                                41.0397268
                            ],
                            [
                                28.733151,
                                41.0399857
                            ],
                            [
                                28.7330652,
                                41.0402042
                            ],
                            [
                                28.7329472,
                                41.040625
                            ],
                            [
                                28.7328399,
                                41.0408111
                            ],
                            [
                                28.7326897,
                                41.040973
                            ],
                            [
                                28.7324858,
                                41.0410944
                            ],
                            [
                                28.7322605,
                                41.0413452
                            ],
                            [
                                28.7320567,
                                41.0416254
                            ],
                            [
                                28.7319494,
                                41.0419086
                            ],
                            [
                                28.7318636,
                                41.0421271
                            ],
                            [
                                28.7317027,
                                41.042297
                            ],
                            [
                                28.7314881,
                                41.0424184
                            ],
                            [
                                28.7309409,
                                41.0426449
                            ],
                            [
                                28.7302757,
                                41.0429524
                            ],
                            [
                                28.7299432,
                                41.0431547
                            ],
                            [
                                28.7295998,
                                41.0433732
                            ],
                            [
                                28.7294174,
                                41.0435593
                            ],
                            [
                                28.7289346,
                                41.0438992
                            ],
                            [
                                28.7286342,
                                41.044061
                            ],
                            [
                                28.7283982,
                                41.0442229
                            ],
                            [
                                28.7281836,
                                41.04432
                            ],
                            [
                                28.727969,
                                41.0444656
                            ],
                            [
                                28.7278618,
                                41.0446436
                            ],
                            [
                                28.7279369,
                                41.0447084
                            ],
                            [
                                28.7278618,
                                41.0449026
                            ],
                            [
                                28.727851,
                                41.0450563
                            ],
                            [
                                28.7277545,
                                41.0450401
                            ],
                            [
                                28.7277545,
                                41.0451777
                            ],
                            [
                                28.7276257,
                                41.0453071
                            ],
                            [
                                28.7274648,
                                41.0453071
                            ],
                            [
                                28.7272717,
                                41.0453961
                            ],
                            [
                                28.7271858,
                                41.0455094
                            ],
                            [
                                28.7274219,
                                41.0456308
                            ],
                            [
                                28.7275614,
                                41.0457522
                            ],
                            [
                                28.7276257,
                                41.0459302
                            ],
                            [
                                28.7278403,
                                41.0461244
                            ],
                            [
                                28.7278081,
                                41.046181
                            ],
                            [
                                28.7278403,
                                41.0462781
                            ],
                            [
                                28.7277652,
                                41.0463186
                            ],
                            [
                                28.7278832,
                                41.0464157
                            ],
                            [
                                28.7278939,
                                41.0466422
                            ],
                            [
                                28.7279261,
                                41.0468283
                            ],
                            [
                                28.7277759,
                                41.0469821
                            ],
                            [
                                28.7276794,
                                41.0470873
                            ],
                            [
                                28.7275292,
                                41.047152
                            ],
                            [
                                28.7274326,
                                41.0472815
                            ],
                            [
                                28.7275415,
                                41.0472858
                            ],
                            [
                                28.7262225,
                                41.0487737
                            ],
                            [
                                28.7256163,
                                41.0486402
                            ],
                            [
                                28.7242055,
                                41.0483691
                            ],
                            [
                                28.7228107,
                                41.0482882
                            ],
                            [
                                28.7207722,
                                41.0484015
                            ],
                            [
                                28.7187123,
                                41.0489517
                            ],
                            [
                                28.717103,
                                41.0496799
                            ],
                            [
                                28.7121033,
                                41.0525441
                            ],
                            [
                                28.7087989,
                                41.0544211
                            ],
                            [
                                28.7063956,
                                41.0557155
                            ],
                            [
                                28.7029409,
                                41.0577866
                            ],
                            [
                                28.701769,
                                41.0589943
                            ],
                            [
                                28.7013539,
                                41.0590151
                            ],
                            [
                                28.7007281,
                                41.0590362
                            ],
                            [
                                28.7002237,
                                41.059046
                            ],
                            [
                                28.7002212,
                                41.0588788
                            ],
                            [
                                28.700425,
                                41.0583084
                            ],
                            [
                                28.7009668,
                                41.0567834
                            ],
                            [
                                28.7019539,
                                41.0549227
                            ],
                            [
                                28.7034559,
                                41.0527544
                            ],
                            [
                                28.7040567,
                                41.0512981
                            ],
                            [
                                28.7054515,
                                41.0488061
                            ],
                            [
                                28.7059021,
                                41.0464596
                            ],
                            [
                                28.7063956,
                                41.0451326
                            ],
                            [
                                28.7072432,
                                41.0442829
                            ],
                            [
                                28.7065995,
                                41.0440483
                            ],
                            [
                                28.7039924,
                                41.0432472
                            ],
                            [
                                28.703413,
                                41.0429478
                            ],
                            [
                                28.7029811,
                                41.0423051
                            ],
                            [
                                28.7038851,
                                41.0414912
                            ],
                            [
                                28.7041583,
                                41.0411757
                            ],
                            [
                                28.7045717,
                                41.0406982
                            ],
                            [
                                28.7050331,
                                41.0406739
                            ],
                            [
                                28.7060952,
                                41.0389503
                            ],
                            [
                                28.7073827,
                                41.0374451
                            ],
                            [
                                28.7083912,
                                41.0368948
                            ],
                            [
                                28.710022,
                                41.0356
                            ],
                            [
                                28.710208,
                                41.0348578
                            ],
                            [
                                28.7104082,
                                41.0340299
                            ],
                            [
                                28.7107377,
                                41.03348
                            ],
                            [
                                28.7107851,
                                41.0334008
                            ],
                            [
                                28.7114167,
                                41.0323466
                            ],
                            [
                                28.7126452,
                                41.0314482
                            ],
                            [
                                28.7129563,
                                41.0309019
                            ],
                            [
                                28.71382,
                                41.0287693
                            ],
                            [
                                28.7140989,
                                41.0282513
                            ],
                            [
                                28.714276,
                                41.0274864
                            ],
                            [
                                28.7141687,
                                41.0256289
                            ],
                            [
                                28.7141901,
                                41.0251352
                            ],
                            [
                                28.7150377,
                                41.0230023
                            ],
                            [
                                28.7143725,
                                41.0227393
                            ],
                            [
                                28.7141784,
                                41.0227027
                            ],
                            [
                                28.7137985,
                                41.0226421
                            ],
                            [
                                28.7122428,
                                41.022545
                            ],
                            [
                                28.7114667,
                                41.0223718
                            ],
                            [
                                28.711288,
                                41.0223305
                            ],
                            [
                                28.7094212,
                                41.0218974
                            ],
                            [
                                28.7090863,
                                41.0218348
                            ],
                            [
                                28.7079795,
                                41.0215338
                            ],
                            [
                                28.7076977,
                                41.0217844
                            ],
                            [
                                28.70719,
                                41.022523
                            ],
                            [
                                28.7066477,
                                41.0230266
                            ],
                            [
                                28.7062079,
                                41.0233585
                            ],
                            [
                                28.7059665,
                                41.0236215
                            ],
                            [
                                28.7056231,
                                41.0238927
                            ],
                            [
                                28.7051243,
                                41.0241558
                            ],
                            [
                                28.7044376,
                                41.0243379
                            ],
                            [
                                28.7035686,
                                41.0244472
                            ],
                            [
                                28.7030614,
                                41.024514
                            ],
                            [
                                28.7026781,
                                41.0245645
                            ],
                            [
                                28.7023544,
                                41.0245964
                            ],
                            [
                                28.7015447,
                                41.0246762
                            ],
                            [
                                28.7014711,
                                41.0232411
                            ],
                            [
                                28.7014641,
                                41.0220969
                            ],
                            [
                                28.7014631,
                                41.021927
                            ],
                            [
                                28.7014437,
                                41.0217863
                            ],
                            [
                                28.7011492,
                                41.0196471
                            ],
                            [
                                28.7010097,
                                41.0185705
                            ],
                            [
                                28.7007199,
                                41.0172782
                            ],
                            [
                                28.7003201,
                                41.0158419
                            ],
                            [
                                28.7002285,
                                41.0155129
                            ],
                            [
                                28.6996569,
                                41.0149832
                            ],
                            [
                                28.6985314,
                                41.0139401
                            ],
                            [
                                28.6967452,
                                41.0124465
                            ]
                        ]
                    ]
                ]
            }
        },
        {
            "type": "Feature",
            "properties": {
                "type": "relation",
                "id": 9289098,
                "tags": {
                    "admin_level": "8",
                    "boundary": "administrative",
                    "name": "Ambarlı Mahallesi",
                    "short_name": "Ambarlı Mah.",
                    "type": "boundary",
                    "wikidata": "Q6039355",
                    "wikimedia_commons": "Category:Ambarlı, Avcılar",
                    "wikipedia": "tr:Ambarlı, Avcılar"
                }
            },
            "geometry": {
                "type": "MultiPolygon",
                "coordinates": [
                    [
                        [
                            [
                                28.6978754,
                                40.9817709
                            ],
                            [
                                28.6979158,
                                40.9816706
                            ],
                            [
                                28.6979563,
                                40.981569
                            ],
                            [
                                28.698027,
                                40.9815568
                            ],
                            [
                                28.6980847,
                                40.9815607
                            ],
                            [
                                28.6993568,
                                40.9800694
                            ],
                            [
                                28.699455,
                                40.9799623
                            ],
                            [
                                28.6997764,
                                40.9796236
                            ],
                            [
                                28.7000602,
                                40.9792122
                            ],
                            [
                                28.7001162,
                                40.9788389
                            ],
                            [
                                28.6998081,
                                40.9784725
                            ],
                            [
                                28.7001289,
                                40.9778321
                            ],
                            [
                                28.7000855,
                                40.9770312
                            ],
                            [
                                28.6986977,
                                40.9761603
                            ],
                            [
                                28.6988036,
                                40.9749543
                            ],
                            [
                                28.6988888,
                                40.9742182
                            ],
                            [
                                28.6995082,
                                40.974181
                            ],
                            [
                                28.6995422,
                                40.9737437
                            ],
                            [
                                28.7004147,
                                40.9736916
                            ],
                            [
                                28.7011511,
                                40.9736917
                            ],
                            [
                                28.7015949,
                                40.9736743
                            ],
                            [
                                28.7019747,
                                40.9736686
                            ],
                            [
                                28.7024891,
                                40.9736575
                            ],
                            [
                                28.7027287,
                                40.9736384
                            ],
                            [
                                28.7026643,
                                40.9735736
                            ],
                            [
                                28.7030613,
                                40.9734602
                            ],
                            [
                                28.7034582,
                                40.9734359
                            ],
                            [
                                28.703705,
                                40.9734521
                            ],
                            [
                                28.7039947,
                                40.9734926
                            ],
                            [
                                28.7044179,
                                40.9734774
                            ],
                            [
                                28.7047684,
                                40.9734517
                            ],
                            [
                                28.7053735,
                                40.973373
                            ],
                            [
                                28.7053761,
                                40.9732767
                            ],
                            [
                                28.7054374,
                                40.9732603
                            ],
                            [
                                28.705469,
                                40.9732788
                            ],
                            [
                                28.7054746,
                                40.9733431
                            ],
                            [
                                28.7062192,
                                40.9731987
                            ],
                            [
                                28.7071498,
                                40.9731082
                            ],
                            [
                                28.7079484,
                                40.9729588
                            ],
                            [
                                28.708388,
                                40.9728712
                            ],
                            [
                                28.7087017,
                                40.9727414
                            ],
                            [
                                28.7088162,
                                40.9726424
                            ],
                            [
                                28.7087769,
                                40.9726162
                            ],
                            [
                                28.7088204,
                                40.9725761
                            ],
                            [
                                28.7090515,
                                40.9726209
                            ],
                            [
                                28.7092501,
                                40.9726104
                            ],
                            [
                                28.7094604,
                                40.9725465
                            ],
                            [
                                28.7095881,
                                40.9724555
                            ],
                            [
                                28.709803,
                                40.9723778
                            ],
                            [
                                28.7100374,
                                40.9723643
                            ],
                            [
                                28.7102637,
                                40.9723998
                            ],
                            [
                                28.7104155,
                                40.9724464
                            ],
                            [
                                28.7104941,
                                40.9725159
                            ],
                            [
                                28.7105515,
                                40.9726047
                            ],
                            [
                                28.7106855,
                                40.9726747
                            ],
                            [
                                28.710737,
                                40.9727465
                            ],
                            [
                                28.7108733,
                                40.9727989
                            ],
                            [
                                28.7110095,
                                40.9728205
                            ],
                            [
                                28.7112861,
                                40.9728156
                            ],
                            [
                                28.7116723,
                                40.9727703
                            ],
                            [
                                28.7121725,
                                40.9726918
                            ],
                            [
                                28.7122261,
                                40.9726513
                            ],
                            [
                                28.7122476,
                                40.9725541
                            ],
                            [
                                28.7123227,
                                40.9725217
                            ],
                            [
                                28.7128055,
                                40.9724083
                            ],
                            [
                                28.7129557,
                                40.9723678
                            ],
                            [
                                28.7131059,
                                40.9723921
                            ],
                            [
                                28.7133097,
                                40.9723516
                            ],
                            [
                                28.7135458,
                                40.9723273
                            ],
                            [
                                28.7137389,
                                40.9722706
                            ],
                            [
                                28.7138354,
                                40.9722058
                            ],
                            [
                                28.7138354,
                                40.9717603
                            ],
                            [
                                28.7138998,
                                40.9716873
                            ],
                            [
                                28.7139105,
                                40.9716387
                            ],
                            [
                                28.7138676,
                                40.9715658
                            ],
                            [
                                28.7139856,
                                40.971096
                            ],
                            [
                                28.7141036,
                                40.9708935
                            ],
                            [
                                28.7146294,
                                40.9704398
                            ],
                            [
                                28.714804,
                                40.970403
                            ],
                            [
                                28.7156164,
                                40.970132
                            ],
                            [
                                28.7164537,
                                40.9699029
                            ],
                            [
                                28.7166336,
                                40.9697954
                            ],
                            [
                                28.717215,
                                40.969573
                            ],
                            [
                                28.7179598,
                                40.9692289
                            ],
                            [
                                28.7180722,
                                40.9692361
                            ],
                            [
                                28.7181428,
                                40.9692664
                            ],
                            [
                                28.7181877,
                                40.9693234
                            ],
                            [
                                28.7181788,
                                40.9693839
                            ],
                            [
                                28.7181538,
                                40.9694398
                            ],
                            [
                                28.7181311,
                                40.9694638
                            ],
                            [
                                28.7180012,
                                40.9694924
                            ],
                            [
                                28.7174718,
                                40.9696708
                            ],
                            [
                                28.7171411,
                                40.9698079
                            ],
                            [
                                28.7169925,
                                40.9699162
                            ],
                            [
                                28.7169272,
                                40.9701642
                            ],
                            [
                                28.7167958,
                                40.9701525
                            ],
                            [
                                28.7166421,
                                40.9701805
                            ],
                            [
                                28.7163582,
                                40.9702765
                            ],
                            [
                                28.7163497,
                                40.9702903
                            ],
                            [
                                28.7150154,
                                40.9705889
                            ],
                            [
                                28.7145757,
                                40.9710069
                            ],
                            [
                                28.7146849,
                                40.971504
                            ],
                            [
                                28.7149241,
                                40.9717028
                            ],
                            [
                                28.715396,
                                40.9718913
                            ],
                            [
                                28.7159588,
                                40.9717037
                            ],
                            [
                                28.7168603,
                                40.9713918
                            ],
                            [
                                28.716888,
                                40.9713658
                            ],
                            [
                                28.7168794,
                                40.971324
                            ],
                            [
                                28.7166786,
                                40.9708773
                            ],
                            [
                                28.7166357,
                                40.9707315
                            ],
                            [
                                28.7166571,
                                40.9706424
                            ],
                            [
                                28.7167,
                                40.9705857
                            ],
                            [
                                28.7167966,
                                40.9705775
                            ],
                            [
                                28.7168824,
                                40.9706262
                            ],
                            [
                                28.7169468,
                                40.9707072
                            ],
                            [
                                28.7172043,
                                40.9712013
                            ],
                            [
                                28.7171745,
                                40.9712241
                            ],
                            [
                                28.7172551,
                                40.9712943
                            ],
                            [
                                28.7177074,
                                40.971134
                            ],
                            [
                                28.7177309,
                                40.9710386
                            ],
                            [
                                28.7177455,
                                40.9709993
                            ],
                            [
                                28.7179158,
                                40.9709484
                            ],
                            [
                                28.7177112,
                                40.9706044
                            ],
                            [
                                28.7177565,
                                40.9705898
                            ],
                            [
                                28.7178018,
                                40.9705751
                            ],
                            [
                                28.7180005,
                                40.9709196
                            ],
                            [
                                28.7181949,
                                40.9708672
                            ],
                            [
                                28.7182355,
                                40.9709146
                            ],
                            [
                                28.7183227,
                                40.9709629
                            ],
                            [
                                28.7184355,
                                40.9709747
                            ],
                            [
                                28.7193659,
                                40.9707602
                            ],
                            [
                                28.7194508,
                                40.9706067
                            ],
                            [
                                28.7194558,
                                40.9705382
                            ],
                            [
                                28.7193707,
                                40.9702093
                            ],
                            [
                                28.7192964,
                                40.9700348
                            ],
                            [
                                28.7190926,
                                40.9696379
                            ],
                            [
                                28.7190926,
                                40.9695811
                            ],
                            [
                                28.7191775,
                                40.9695465
                            ],
                            [
                                28.7192852,
                                40.9695043
                            ],
                            [
                                28.7194593,
                                40.9694322
                            ],
                            [
                                28.7198326,
                                40.9693117
                            ],
                            [
                                28.7205158,
                                40.9692706
                            ],
                            [
                                28.7213049,
                                40.9692164
                            ],
                            [
                                28.7221106,
                                40.9691468
                            ],
                            [
                                28.7229896,
                                40.9690833
                            ],
                            [
                                28.7250377,
                                40.968936
                            ],
                            [
                                28.7254792,
                                40.9690352
                            ],
                            [
                                28.7256847,
                                40.9692456
                            ],
                            [
                                28.7256391,
                                40.9695144
                            ],
                            [
                                28.725453,
                                40.9697359
                            ],
                            [
                                28.725299,
                                40.969819
                            ],
                            [
                                28.7251723,
                                40.9698337
                            ],
                            [
                                28.7249747,
                                40.9698343
                            ],
                            [
                                28.7247685,
                                40.9701909
                            ],
                            [
                                28.7245979,
                                40.9704891
                            ],
                            [
                                28.7246432,
                                40.9705769
                            ],
                            [
                                28.7247825,
                                40.9706495
                            ],
                            [
                                28.7248936,
                                40.9707122
                            ],
                            [
                                28.7249911,
                                40.9707594
                            ],
                            [
                                28.7251479,
                                40.9708738
                            ],
                            [
                                28.7256586,
                                40.9711122
                            ],
                            [
                                28.7257969,
                                40.9711541
                            ],
                            [
                                28.7256405,
                                40.972207
                            ],
                            [
                                28.725493,
                                40.9732682
                            ],
                            [
                                28.7252972,
                                40.9731548
                            ],
                            [
                                28.7249431,
                                40.9729361
                            ],
                            [
                                28.7247205,
                                40.9728308
                            ],
                            [
                                28.7242913,
                                40.9726769
                            ],
                            [
                                28.7237817,
                                40.9724784
                            ],
                            [
                                28.7232318,
                                40.9723225
                            ],
                            [
                                28.7227169,
                                40.9721746
                            ],
                            [
                                28.7223199,
                                40.9720916
                            ],
                            [
                                28.7218559,
                                40.972043
                            ],
                            [
                                28.7211252,
                                40.9720031
                            ],
                            [
                                28.7211478,
                                40.9725918
                            ],
                            [
                                28.7212041,
                                40.9733269
                            ],
                            [
                                28.7212309,
                                40.9736975
                            ],
                            [
                                28.7212497,
                                40.9740762
                            ],
                            [
                                28.7213221,
                                40.9743638
                            ],
                            [
                                28.7215635,
                                40.9752811
                            ],
                            [
                                28.721813,
                                40.9761883
                            ],
                            [
                                28.7220436,
                                40.9769194
                            ],
                            [
                                28.7223822,
                                40.9778129
                            ],
                            [
                                28.7221026,
                                40.9778711
                            ],
                            [
                                28.7211773,
                                40.9780412
                            ],
                            [
                                28.7199837,
                                40.9782842
                            ],
                            [
                                28.7199284,
                                40.9782966
                            ],
                            [
                                28.7199157,
                                40.9782995
                            ],
                            [
                                28.7194607,
                                40.9784016
                            ],
                            [
                                28.7188041,
                                40.9785285
                            ],
                            [
                                28.7179318,
                                40.9786973
                            ],
                            [
                                28.7167811,
                                40.9789059
                            ],
                            [
                                28.7166202,
                                40.9788937
                            ],
                            [
                                28.7164285,
                                40.9788011
                            ],
                            [
                                28.7162072,
                                40.9787246
                            ],
                            [
                                28.7160301,
                                40.978752
                            ],
                            [
                                28.7146676,
                                40.9789828
                            ],
                            [
                                28.7153167,
                                40.9811191
                            ],
                            [
                                28.7152147,
                                40.9811353
                            ],
                            [
                                28.7143904,
                                40.9812298
                            ],
                            [
                                28.714284,
                                40.9812487
                            ],
                            [
                                28.7137932,
                                40.9813459
                            ],
                            [
                                28.7133989,
                                40.981437
                            ],
                            [
                                28.7131709,
                                40.9815058
                            ],
                            [
                                28.7128973,
                                40.9816638
                            ],
                            [
                                28.7124923,
                                40.9819452
                            ],
                            [
                                28.7123072,
                                40.9820971
                            ],
                            [
                                28.7121731,
                                40.9821538
                            ],
                            [
                                28.7119558,
                                40.9821781
                            ],
                            [
                                28.7116849,
                                40.9821315
                            ],
                            [
                                28.711414,
                                40.9820404
                            ],
                            [
                                28.7112987,
                                40.9819634
                            ],
                            [
                                28.7112573,
                                40.9819103
                            ],
                            [
                                28.7111565,
                                40.9817812
                            ],
                            [
                                28.711042,
                                40.9816007
                            ],
                            [
                                28.7109225,
                                40.9814116
                            ],
                            [
                                28.7107784,
                                40.9811839
                            ],
                            [
                                28.7106389,
                                40.9809611
                            ],
                            [
                                28.7105343,
                                40.9808761
                            ],
                            [
                                28.7103599,
                                40.9807688
                            ],
                            [
                                28.7100005,
                                40.9807101
                            ],
                            [
                                28.7092897,
                                40.9806959
                            ],
                            [
                                28.7084126,
                                40.9806473
                            ],
                            [
                                28.7069294,
                                40.980542
                            ],
                            [
                                28.7063849,
                                40.9805035
                            ],
                            [
                                28.7061515,
                                40.9804671
                            ],
                            [
                                28.7056929,
                                40.9804488
                            ],
                            [
                                28.7053956,
                                40.9805011
                            ],
                            [
                                28.705135,
                                40.9805744
                            ],
                            [
                                28.7045342,
                                40.9809915
                            ],
                            [
                                28.7041426,
                                40.9812912
                            ],
                            [
                                28.7039039,
                                40.9814481
                            ],
                            [
                                28.7034881,
                                40.9817529
                            ],
                            [
                                28.7030682,
                                40.9821456
                            ],
                            [
                                28.7004611,
                                40.9839031
                            ],
                            [
                                28.6988947,
                                40.9848912
                            ],
                            [
                                28.6988518,
                                40.9844701
                            ],
                            [
                                28.698723,
                                40.9839031
                            ],
                            [
                                28.6984655,
                                40.9831499
                            ],
                            [
                                28.6982188,
                                40.982583
                            ],
                            [
                                28.6980693,
                                40.9822489
                            ],
                            [
                                28.6979505,
                                40.9819836
                            ],
                            [
                                28.6978754,
                                40.9817709
                            ]
                        ]
                    ]
                ]
            }
        },
        {
            "type": "Feature",
            "properties": {
                "type": "relation",
                "id": 9289128,
                "tags": {
                    "admin_level": "8",
                    "boundary": "administrative",
                    "name": "Tahtakale Mahallesi",
                    "type": "boundary",
                    "wikidata": "Q6036943",
                    "wikipedia": "tr:Tahtakale, Avcılar"
                }
            },
            "geometry": {
                "type": "MultiPolygon",
                "coordinates": [
                    [
                        [
                            [
                                28.6893034,
                                41.1060842
                            ],
                            [
                                28.6898839,
                                41.1057027
                            ],
                            [
                                28.6906338,
                                41.1050029
                            ],
                            [
                                28.6913405,
                                41.1042056
                            ],
                            [
                                28.6917078,
                                41.1034634
                            ],
                            [
                                28.6920082,
                                41.1021294
                            ],
                            [
                                28.6919677,
                                41.1015001
                            ],
                            [
                                28.6924803,
                                41.1004235
                            ],
                            [
                                28.6927271,
                                41.0984912
                            ],
                            [
                                28.6927271,
                                41.0977636
                            ],
                            [
                                28.6926785,
                                41.0971311
                            ],
                            [
                                28.6925447,
                                41.0961061
                            ],
                            [
                                28.6922156,
                                41.0952259
                            ],
                            [
                                28.6914865,
                                41.0937651
                            ],
                            [
                                28.6912572,
                                41.0931711
                            ],
                            [
                                28.691045,
                                41.0926383
                            ],
                            [
                                28.6909836,
                                41.0924595
                            ],
                            [
                                28.6909783,
                                41.0922816
                            ],
                            [
                                28.6910427,
                                41.0919744
                            ],
                            [
                                28.6911768,
                                41.0916914
                            ],
                            [
                                28.6915362,
                                41.0907777
                            ],
                            [
                                28.6920297,
                                41.0904623
                            ],
                            [
                                28.6922443,
                                41.0901065
                            ],
                            [
                                28.6922895,
                                41.0898367
                            ],
                            [
                                28.6920508,
                                41.0893377
                            ],
                            [
                                28.6922973,
                                41.0881286
                            ],
                            [
                                28.6930889,
                                41.0855055
                            ],
                            [
                                28.6935955,
                                41.0838269
                            ],
                            [
                                28.6937263,
                                41.0826428
                            ],
                            [
                                28.6938643,
                                41.0821736
                            ],
                            [
                                28.6943416,
                                41.0813277
                            ],
                            [
                                28.6947977,
                                41.0804349
                            ],
                            [
                                28.6953568,
                                41.0794521
                            ],
                            [
                                28.6960456,
                                41.0784305
                            ],
                            [
                                28.6971074,
                                41.0769277
                            ],
                            [
                                28.698467,
                                41.0761323
                            ],
                            [
                                28.6985682,
                                41.0759975
                            ],
                            [
                                28.6991267,
                                41.0744788
                            ],
                            [
                                28.6996686,
                                41.0729133
                            ],
                            [
                                28.7000597,
                                41.0717772
                            ],
                            [
                                28.700145,
                                41.0707344
                            ],
                            [
                                28.7002212,
                                41.0683311
                            ],
                            [
                                28.7003167,
                                41.0659134
                            ],
                            [
                                28.7001836,
                                41.0655041
                            ],
                            [
                                28.7000441,
                                41.0653342
                            ],
                            [
                                28.6993195,
                                41.0645083
                            ],
                            [
                                28.700248,
                                41.0623816
                            ],
                            [
                                28.7004626,
                                41.0614918
                            ],
                            [
                                28.7010686,
                                41.0599517
                            ],
                            [
                                28.7003677,
                                41.0599037
                            ],
                            [
                                28.7002237,
                                41.059046
                            ],
                            [
                                28.7007281,
                                41.0590362
                            ],
                            [
                                28.7013539,
                                41.0590151
                            ],
                            [
                                28.701769,
                                41.0589943
                            ],
                            [
                                28.7029409,
                                41.0577866
                            ],
                            [
                                28.7063956,
                                41.0557155
                            ],
                            [
                                28.7087989,
                                41.0544211
                            ],
                            [
                                28.7121033,
                                41.0525441
                            ],
                            [
                                28.717103,
                                41.0496799
                            ],
                            [
                                28.7187123,
                                41.0489517
                            ],
                            [
                                28.7207722,
                                41.0484015
                            ],
                            [
                                28.7228107,
                                41.0482882
                            ],
                            [
                                28.7242055,
                                41.0483691
                            ],
                            [
                                28.7256163,
                                41.0486402
                            ],
                            [
                                28.7262225,
                                41.0487737
                            ],
                            [
                                28.7275415,
                                41.0472858
                            ],
                            [
                                28.7276365,
                                41.0472895
                            ],
                            [
                                28.7275077,
                                41.0473947
                            ],
                            [
                                28.727733,
                                41.0473462
                            ],
                            [
                                28.7278832,
                                41.0473624
                            ],
                            [
                                28.7279633,
                                41.0474683
                            ],
                            [
                                28.7283396,
                                41.0475049
                            ],
                            [
                                28.7285269,
                                41.0474999
                            ],
                            [
                                28.728645,
                                41.0475566
                            ],
                            [
                                28.7287201,
                                41.0476617
                            ],
                            [
                                28.7287952,
                                41.0476456
                            ],
                            [
                                28.7289025,
                                41.0476456
                            ],
                            [
                                28.7289695,
                                41.0478098
                            ],
                            [
                                28.7292427,
                                41.0478968
                            ],
                            [
                                28.729278,
                                41.0481229
                            ],
                            [
                                28.7294711,
                                41.0482767
                            ],
                            [
                                28.7295347,
                                41.0485182
                            ],
                            [
                                28.729621,
                                41.0487712
                            ],
                            [
                                28.7300663,
                                41.0489376
                            ],
                            [
                                28.7302443,
                                41.0492184
                            ],
                            [
                                28.7306894,
                                41.0492428
                            ],
                            [
                                28.7308998,
                                41.0490902
                            ],
                            [
                                28.7311264,
                                41.0490963
                            ],
                            [
                                28.7312802,
                                41.0490536
                            ],
                            [
                                28.7315796,
                                41.0491695
                            ],
                            [
                                28.7319034,
                                41.0493771
                            ],
                            [
                                28.7318305,
                                41.0502132
                            ],
                            [
                                28.7320733,
                                41.0503597
                            ],
                            [
                                28.7321866,
                                41.0505855
                            ],
                            [
                                28.7325184,
                                41.0506709
                            ],
                            [
                                28.7327531,
                                41.0513667
                            ],
                            [
                                28.7330525,
                                41.0515009
                            ],
                            [
                                28.7336757,
                                41.0514948
                            ],
                            [
                                28.7338537,
                                41.0517084
                            ],
                            [
                                28.7352133,
                                41.0518488
                            ],
                            [
                                28.7355371,
                                41.0520929
                            ],
                            [
                                28.7360064,
                                41.0527398
                            ],
                            [
                                28.7362978,
                                41.0528314
                            ],
                            [
                                28.7364192,
                                41.053045
                            ],
                            [
                                28.7367672,
                                41.0531365
                            ],
                            [
                                28.7369209,
                                41.0530938
                            ],
                            [
                                28.7369776,
                                41.0527093
                            ],
                            [
                                28.7373013,
                                41.0525873
                            ],
                            [
                                28.7372285,
                                41.0521173
                            ],
                            [
                                28.7369695,
                                41.051623
                            ],
                            [
                                28.7369371,
                                41.0511531
                            ],
                            [
                                28.7371314,
                                41.0508052
                            ],
                            [
                                28.737884,
                                41.0504695
                            ],
                            [
                                28.738232,
                                41.0500545
                            ],
                            [
                                28.7388147,
                                41.050555
                            ],
                            [
                                28.7402909,
                                41.0511694
                            ],
                            [
                                28.7403778,
                                41.0515072
                            ],
                            [
                                28.7405723,
                                41.052506
                            ],
                            [
                                28.7407052,
                                41.0528023
                            ],
                            [
                                28.7412536,
                                41.0544292
                            ],
                            [
                                28.7419617,
                                41.0561201
                            ],
                            [
                                28.7421656,
                                41.0568563
                            ],
                            [
                                28.7429165,
                                41.0575072
                            ],
                            [
                                28.7435448,
                                41.0584366
                            ],
                            [
                                28.7438822,
                                41.0586927
                            ],
                            [
                                28.7441289,
                                41.0587817
                            ],
                            [
                                28.744322,
                                41.0589354
                            ],
                            [
                                28.7452733,
                                41.0591214
                            ],
                            [
                                28.7453735,
                                41.0601771
                            ],
                            [
                                28.7452635,
                                41.0608504
                            ],
                            [
                                28.7448692,
                                41.0615848
                            ],
                            [
                                28.7448048,
                                41.0618194
                            ],
                            [
                                28.7446352,
                                41.0620872
                            ],
                            [
                                28.7430796,
                                41.0628043
                            ],
                            [
                                28.7430184,
                                41.0630199
                            ],
                            [
                                28.7430185,
                                41.063409
                            ],
                            [
                                28.742852,
                                41.0636251
                            ],
                            [
                                28.7421709,
                                41.0635141
                            ],
                            [
                                28.7415111,
                                41.063413
                            ],
                            [
                                28.7405923,
                                41.0630645
                            ],
                            [
                                28.7399501,
                                41.062778
                            ],
                            [
                                28.739419,
                                41.0627294
                            ],
                            [
                                28.7387806,
                                41.0627578
                            ],
                            [
                                28.7381369,
                                41.0629357
                            ],
                            [
                                28.7377614,
                                41.062964
                            ],
                            [
                                28.737359,
                                41.0628953
                            ],
                            [
                                28.7369032,
                                41.0627568
                            ],
                            [
                                28.7359321,
                                41.0621875
                            ],
                            [
                                28.7347627,
                                41.0628184
                            ],
                            [
                                28.7331989,
                                41.0634954
                            ],
                            [
                                28.7319571,
                                41.0641208
                            ],
                            [
                                28.7323594,
                                41.0645334
                            ],
                            [
                                28.7328798,
                                41.065132
                            ],
                            [
                                28.7323521,
                                41.0651566
                            ],
                            [
                                28.7320858,
                                41.065403
                            ],
                            [
                                28.7316781,
                                41.0657508
                            ],
                            [
                                28.7313302,
                                41.0658976
                            ],
                            [
                                28.7308627,
                                41.0660137
                            ],
                            [
                                28.7301493,
                                41.0662766
                            ],
                            [
                                28.7291354,
                                41.0667619
                            ],
                            [
                                28.7288789,
                                41.0670213
                            ],
                            [
                                28.7287436,
                                41.0673732
                            ],
                            [
                                28.7281859,
                                41.0685576
                            ],
                            [
                                28.7272232,
                                41.0701318
                            ],
                            [
                                28.7265229,
                                41.0711258
                            ],
                            [
                                28.7261152,
                                41.0715261
                            ],
                            [
                                28.7256449,
                                41.0718568
                            ],
                            [
                                28.7251818,
                                41.0722076
                            ],
                            [
                                28.7245113,
                                41.0726261
                            ],
                            [
                                28.7231544,
                                41.0735486
                            ],
                            [
                                28.7220275,
                                41.0746279
                            ],
                            [
                                28.720783,
                                41.0758411
                            ],
                            [
                                28.7182691,
                                41.0782288
                            ],
                            [
                                28.7168938,
                                41.0793714
                            ],
                            [
                                28.715482,
                                41.0804833
                            ],
                            [
                                28.7147695,
                                41.08147
                            ],
                            [
                                28.7137404,
                                41.0825559
                            ],
                            [
                                28.713128,
                                41.0828812
                            ],
                            [
                                28.712393,
                                41.0831804
                            ],
                            [
                                28.7108159,
                                41.0838233
                            ],
                            [
                                28.7103922,
                                41.0841285
                            ],
                            [
                                28.7091557,
                                41.0857307
                            ],
                            [
                                28.7087345,
                                41.0863706
                            ],
                            [
                                28.7085176,
                                41.0865369
                            ],
                            [
                                28.7073612,
                                41.0871308
                            ],
                            [
                                28.7063419,
                                41.0875514
                            ],
                            [
                                28.7060952,
                                41.0876807
                            ],
                            [
                                28.7058055,
                                41.0879637
                            ],
                            [
                                28.7057841,
                                41.0882305
                            ],
                            [
                                28.7058713,
                                41.0884931
                            ],
                            [
                                28.7060308,
                                41.0888532
                            ],
                            [
                                28.7061703,
                                41.0891766
                            ],
                            [
                                28.7062669,
                                41.0897912
                            ],
                            [
                                28.706193,
                                41.0903167
                            ],
                            [
                                28.7057879,
                                41.0909231
                            ],
                            [
                                28.7053871,
                                41.0915863
                            ],
                            [
                                28.7045717,
                                41.0926132
                            ],
                            [
                                28.703134,
                                41.0939392
                            ],
                            [
                                28.7023539,
                                41.0951526
                            ],
                            [
                                28.700366,
                                41.0976746
                            ],
                            [
                                28.6983812,
                                41.1005367
                            ],
                            [
                                28.6977928,
                                41.1011469
                            ],
                            [
                                28.6950929,
                                41.1029934
                            ],
                            [
                                28.6925455,
                                41.1045327
                            ],
                            [
                                28.6914396,
                                41.1051853
                            ],
                            [
                                28.6907422,
                                41.1055087
                            ],
                            [
                                28.6893034,
                                41.1060842
                            ]
                        ]
                    ]
                ]
            }
        },
        {
            "type": "Feature",
            "properties": {
                "type": "relation",
                "id": 9447736,
                "tags": {
                    "admin_level": "8",
                    "boundary": "administrative",
                    "name": "Denizköşkler Mahallesi",
                    "short_name": "Denizköskler Mah.",
                    "type": "boundary",
                    "wikidata": "Q6036735",
                    "wikipedia": "tr:Denizköşkler"
                }
            },
            "geometry": {
                "type": "MultiPolygon",
                "coordinates": [
                    [
                        [
                            [
                                28.7223822,
                                40.9778129
                            ],
                            [
                                28.7220436,
                                40.9769194
                            ],
                            [
                                28.721813,
                                40.9761883
                            ],
                            [
                                28.7215635,
                                40.9752811
                            ],
                            [
                                28.7213221,
                                40.9743638
                            ],
                            [
                                28.7212497,
                                40.9740762
                            ],
                            [
                                28.7212309,
                                40.9736975
                            ],
                            [
                                28.7212041,
                                40.9733269
                            ],
                            [
                                28.7211478,
                                40.9725918
                            ],
                            [
                                28.7211252,
                                40.9720031
                            ],
                            [
                                28.7218559,
                                40.972043
                            ],
                            [
                                28.7223199,
                                40.9720916
                            ],
                            [
                                28.7227169,
                                40.9721746
                            ],
                            [
                                28.7232318,
                                40.9723225
                            ],
                            [
                                28.7237817,
                                40.9724784
                            ],
                            [
                                28.7242913,
                                40.9726769
                            ],
                            [
                                28.7247205,
                                40.9728308
                            ],
                            [
                                28.7249431,
                                40.9729361
                            ],
                            [
                                28.7252972,
                                40.9731548
                            ],
                            [
                                28.725493,
                                40.9732682
                            ],
                            [
                                28.7256405,
                                40.972207
                            ],
                            [
                                28.7257969,
                                40.9711541
                            ],
                            [
                                28.7259685,
                                40.9711999
                            ],
                            [
                                28.726323,
                                40.9712877
                            ],
                            [
                                28.7266977,
                                40.9713828
                            ],
                            [
                                28.7271703,
                                40.9714834
                            ],
                            [
                                28.7272407,
                                40.9714971
                            ],
                            [
                                28.7274591,
                                40.9715148
                            ],
                            [
                                28.7278687,
                                40.9715253
                            ],
                            [
                                28.7282443,
                                40.9715577
                            ],
                            [
                                28.7285702,
                                40.9715794
                            ],
                            [
                                28.7288681,
                                40.9715944
                            ],
                            [
                                28.7297009,
                                40.971625
                            ],
                            [
                                28.7299722,
                                40.9716235
                            ],
                            [
                                28.7305295,
                                40.9716144
                            ],
                            [
                                28.7308548,
                                40.9716092
                            ],
                            [
                                28.7311852,
                                40.971618
                            ],
                            [
                                28.7315093,
                                40.9716198
                            ],
                            [
                                28.7316914,
                                40.971594
                            ],
                            [
                                28.7317852,
                                40.9716169
                            ],
                            [
                                28.7320092,
                                40.9716333
                            ],
                            [
                                28.7321484,
                                40.971655
                            ],
                            [
                                28.7322009,
                                40.971639
                            ],
                            [
                                28.7324284,
                                40.9716649
                            ],
                            [
                                28.7327546,
                                40.9716584
                            ],
                            [
                                28.7328499,
                                40.9716765
                            ],
                            [
                                28.7332728,
                                40.9716294
                            ],
                            [
                                28.7336279,
                                40.9716106
                            ],
                            [
                                28.7338823,
                                40.9715911
                            ],
                            [
                                28.7342524,
                                40.9715253
                            ],
                            [
                                28.7346914,
                                40.9714958
                            ],
                            [
                                28.7347352,
                                40.9714929
                            ],
                            [
                                28.7352881,
                                40.9713894
                            ],
                            [
                                28.7358458,
                                40.9712402
                            ],
                            [
                                28.7363018,
                                40.9711679
                            ],
                            [
                                28.7363743,
                                40.9711068
                            ],
                            [
                                28.7365698,
                                40.9709421
                            ],
                            [
                                28.7369508,
                                40.970521
                            ],
                            [
                                28.7374692,
                                40.9700219
                            ],
                            [
                                28.7377465,
                                40.9698874
                            ],
                            [
                                28.7380251,
                                40.9698537
                            ],
                            [
                                28.7383341,
                                40.9699877
                            ],
                            [
                                28.738445,
                                40.9701413
                            ],
                            [
                                28.738506,
                                40.9705618
                            ],
                            [
                                28.7385606,
                                40.9706701
                            ],
                            [
                                28.7387279,
                                40.970703
                            ],
                            [
                                28.7399692,
                                40.9706909
                            ],
                            [
                                28.7401631,
                                40.9706647
                            ],
                            [
                                28.7402594,
                                40.9705827
                            ],
                            [
                                28.740521,
                                40.9703468
                            ],
                            [
                                28.7411913,
                                40.9702621
                            ],
                            [
                                28.7416499,
                                40.9705038
                            ],
                            [
                                28.7430226,
                                40.9718379
                            ],
                            [
                                28.7433434,
                                40.9727399
                            ],
                            [
                                28.7437656,
                                40.9737237
                            ],
                            [
                                28.7438922,
                                40.9740141
                            ],
                            [
                                28.7441717,
                                40.9741814
                            ],
                            [
                                28.7443793,
                                40.9741186
                            ],
                            [
                                28.7445467,
                                40.9741332
                            ],
                            [
                                28.7445966,
                                40.9743066
                            ],
                            [
                                28.7444705,
                                40.9744378
                            ],
                            [
                                28.7443927,
                                40.9745945
                            ],
                            [
                                28.7444539,
                                40.9747205
                            ],
                            [
                                28.7455648,
                                40.9753414
                            ],
                            [
                                28.7458239,
                                40.9751806
                            ],
                            [
                                28.7460074,
                                40.9752028
                            ],
                            [
                                28.7460868,
                                40.9753049
                            ],
                            [
                                28.7459656,
                                40.9755026
                            ],
                            [
                                28.746304,
                                40.9755985
                            ],
                            [
                                28.7466876,
                                40.9756723
                            ],
                            [
                                28.7470105,
                                40.9757528
                            ],
                            [
                                28.7473421,
                                40.9758581
                            ],
                            [
                                28.7476822,
                                40.975974
                            ],
                            [
                                28.7481832,
                                40.976136
                            ],
                            [
                                28.7485405,
                                40.9762393
                            ],
                            [
                                28.7488661,
                                40.9763838
                            ],
                            [
                                28.7492384,
                                40.9765568
                            ],
                            [
                                28.7495694,
                                40.9768083
                            ],
                            [
                                28.749851,
                                40.9769699
                            ],
                            [
                                28.7499851,
                                40.97721
                            ],
                            [
                                28.7502029,
                                40.977398
                            ],
                            [
                                28.7504384,
                                40.977528
                            ],
                            [
                                28.7505897,
                                40.977724
                            ],
                            [
                                28.7509942,
                                40.9780605
                            ],
                            [
                                28.7513477,
                                40.978263
                            ],
                            [
                                28.7515494,
                                40.9785477
                            ],
                            [
                                28.7517811,
                                40.9789102
                            ],
                            [
                                28.7519823,
                                40.9791941
                            ],
                            [
                                28.7522155,
                                40.9793398
                            ],
                            [
                                28.7522972,
                                40.9793909
                            ],
                            [
                                28.7522403,
                                40.9795788
                            ],
                            [
                                28.7523402,
                                40.9797615
                            ],
                            [
                                28.7528223,
                                40.979943
                            ],
                            [
                                28.7531581,
                                40.9800262
                            ],
                            [
                                28.7536449,
                                40.9800196
                            ],
                            [
                                28.7540882,
                                40.9800167
                            ],
                            [
                                28.7543226,
                                40.9800926
                            ],
                            [
                                28.7547109,
                                40.9800664
                            ],
                            [
                                28.7549995,
                                40.9801807
                            ],
                            [
                                28.7554726,
                                40.9802236
                            ],
                            [
                                28.7559614,
                                40.9801218
                            ],
                            [
                                28.756399,
                                40.9800546
                            ],
                            [
                                28.7567678,
                                40.9799843
                            ],
                            [
                                28.7567501,
                                40.9807604
                            ],
                            [
                                28.7566856,
                                40.9817475
                            ],
                            [
                                28.7566686,
                                40.982027
                            ],
                            [
                                28.7547398,
                                40.9813114
                            ],
                            [
                                28.7512653,
                                40.9801229
                            ],
                            [
                                28.7497884,
                                40.9795984
                            ],
                            [
                                28.7469167,
                                40.9786191
                            ],
                            [
                                28.7464839,
                                40.9784482
                            ],
                            [
                                28.7456363,
                                40.9781769
                            ],
                            [
                                28.7444347,
                                40.977784
                            ],
                            [
                                28.7432116,
                                40.9775208
                            ],
                            [
                                28.7418008,
                                40.9773426
                            ],
                            [
                                28.7408245,
                                40.9773142
                            ],
                            [
                                28.7395602,
                                40.9773429
                            ],
                            [
                                28.7389565,
                                40.977393
                            ],
                            [
                                28.7376648,
                                40.9775734
                            ],
                            [
                                28.7363344,
                                40.9778974
                            ],
                            [
                                28.7356424,
                                40.9781317
                            ],
                            [
                                28.7349504,
                                40.9783875
                            ],
                            [
                                28.7339526,
                                40.9788654
                            ],
                            [
                                28.7328558,
                                40.9794992
                            ],
                            [
                                28.7320767,
                                40.9799495
                            ],
                            [
                                28.7304707,
                                40.9795718
                            ],
                            [
                                28.7296611,
                                40.9794323
                            ],
                            [
                                28.7293397,
                                40.9793369
                            ],
                            [
                                28.728835,
                                40.9792056
                            ],
                            [
                                28.7276924,
                                40.9789464
                            ],
                            [
                                28.7270325,
                                40.978918
                            ],
                            [
                                28.7264961,
                                40.9790355
                            ],
                            [
                                28.7260348,
                                40.979076
                            ],
                            [
                                28.7250799,
                                40.979242
                            ],
                            [
                                28.7246346,
                                40.977865
                            ],
                            [
                                28.7244952,
                                40.9774519
                            ],
                            [
                                28.7240177,
                                40.9775005
                            ],
                            [
                                28.7223822,
                                40.9778129
                            ]
                        ]
                    ]
                ]
            }
        },
        {
            "type": "Feature",
            "properties": {
                "type": "relation",
                "id": 9453999,
                "tags": {
                    "admin_level": "8",
                    "boundary": "administrative",
                    "name": "Gümüşpala Mahallesi",
                    "name:ar": "قوموشبالا",
                    "short_name": "Gümüşpala Mah.",
                    "type": "boundary",
                    "wikidata": "Q6078954",
                    "wikipedia": "tr:Gümüşpala, Avcılar"
                }
            },
            "geometry": {
                "type": "MultiPolygon",
                "coordinates": [
                    [
                        [
                            [
                                28.7279576,
                                40.9823791
                            ],
                            [
                                28.729291,
                                40.9815423
                            ],
                            [
                                28.7305355,
                                40.9808174
                            ],
                            [
                                28.7315279,
                                40.9802666
                            ],
                            [
                                28.7320767,
                                40.9799495
                            ],
                            [
                                28.7328558,
                                40.9794992
                            ],
                            [
                                28.7339526,
                                40.9788654
                            ],
                            [
                                28.7349504,
                                40.9783875
                            ],
                            [
                                28.7356424,
                                40.9781317
                            ],
                            [
                                28.7363344,
                                40.9778974
                            ],
                            [
                                28.7376648,
                                40.9775734
                            ],
                            [
                                28.7389565,
                                40.977393
                            ],
                            [
                                28.7395602,
                                40.9773429
                            ],
                            [
                                28.7408245,
                                40.9773142
                            ],
                            [
                                28.7418008,
                                40.9773426
                            ],
                            [
                                28.7432116,
                                40.9775208
                            ],
                            [
                                28.7444347,
                                40.977784
                            ],
                            [
                                28.7456363,
                                40.9781769
                            ],
                            [
                                28.7464839,
                                40.9784482
                            ],
                            [
                                28.7469167,
                                40.9786191
                            ],
                            [
                                28.7497884,
                                40.9795984
                            ],
                            [
                                28.7512653,
                                40.9801229
                            ],
                            [
                                28.7547398,
                                40.9813114
                            ],
                            [
                                28.7566686,
                                40.982027
                            ],
                            [
                                28.7566005,
                                40.9831476
                            ],
                            [
                                28.7564066,
                                40.9830932
                            ],
                            [
                                28.755837,
                                40.9829973
                            ],
                            [
                                28.755483,
                                40.9829892
                            ],
                            [
                                28.7553221,
                                40.983054
                            ],
                            [
                                28.7551104,
                                40.9831272
                            ],
                            [
                                28.7550645,
                                40.9831431
                            ],
                            [
                                28.7546461,
                                40.983135
                            ],
                            [
                                28.7544423,
                                40.9831188
                            ],
                            [
                                28.7540453,
                                40.9830054
                            ],
                            [
                                28.7535733,
                                40.982892
                            ],
                            [
                                28.7529724,
                                40.9828353
                            ],
                            [
                                28.7524319,
                                40.9828842
                            ],
                            [
                                28.7520398,
                                40.9828806
                            ],
                            [
                                28.7516027,
                                40.9827946
                            ],
                            [
                                28.7508377,
                                40.9827159
                            ],
                            [
                                28.7499984,
                                40.9826621
                            ],
                            [
                                28.7493269,
                                40.9826544
                            ],
                            [
                                28.7490242,
                                40.9826814
                            ],
                            [
                                28.7487775,
                                40.9826733
                            ],
                            [
                                28.7485414,
                                40.9826409
                            ],
                            [
                                28.7481552,
                                40.9825437
                            ],
                            [
                                28.7478548,
                                40.9825032
                            ],
                            [
                                28.7475222,
                                40.9824951
                            ],
                            [
                                28.7467068,
                                40.9825356
                            ],
                            [
                                28.7460953,
                                40.9826004
                            ],
                            [
                                28.7456446,
                                40.9826652
                            ],
                            [
                                28.745312,
                                40.9827948
                            ],
                            [
                                28.7449044,
                                40.9828677
                            ],
                            [
                                28.7446469,
                                40.9829649
                            ],
                            [
                                28.7444752,
                                40.9830459
                            ],
                            [
                                28.7442284,
                                40.9830945
                            ],
                            [
                                28.7436705,
                                40.9831917
                            ],
                            [
                                28.7432843,
                                40.9832808
                            ],
                            [
                                28.7430483,
                                40.9833537
                            ],
                            [
                                28.7420183,
                                40.9835237
                            ],
                            [
                                28.7412887,
                                40.9836371
                            ],
                            [
                                28.7407201,
                                40.9837586
                            ],
                            [
                                28.7406104,
                                40.9837814
                            ],
                            [
                                28.7405703,
                                40.9836572
                            ],
                            [
                                28.7403044,
                                40.9837096
                            ],
                            [
                                28.7400892,
                                40.9837514
                            ],
                            [
                                28.7397439,
                                40.9838161
                            ],
                            [
                                28.7394592,
                                40.9838584
                            ],
                            [
                                28.7391722,
                                40.983903
                            ],
                            [
                                28.7388846,
                                40.9839427
                            ],
                            [
                                28.7385774,
                                40.9839832
                            ],
                            [
                                28.7382505,
                                40.9840265
                            ],
                            [
                                28.7380095,
                                40.9840576
                            ],
                            [
                                28.7377513,
                                40.9840923
                            ],
                            [
                                28.7376665,
                                40.9841037
                            ],
                            [
                                28.7374221,
                                40.9841588
                            ],
                            [
                                28.7373084,
                                40.9841834
                            ],
                            [
                                28.7372202,
                                40.9842143
                            ],
                            [
                                28.7369889,
                                40.9842996
                            ],
                            [
                                28.736898,
                                40.984333
                            ],
                            [
                                28.7367683,
                                40.9843806
                            ],
                            [
                                28.7366871,
                                40.9844087
                            ],
                            [
                                28.7366439,
                                40.9844236
                            ],
                            [
                                28.7365493,
                                40.9844533
                            ],
                            [
                                28.7365108,
                                40.9844659
                            ],
                            [
                                28.7364517,
                                40.9844826
                            ],
                            [
                                28.7363524,
                                40.9845123
                            ],
                            [
                                28.7362746,
                                40.9845362
                            ],
                            [
                                28.7362137,
                                40.9845547
                            ],
                            [
                                28.7361521,
                                40.9845764
                            ],
                            [
                                28.736032,
                                40.984624
                            ],
                            [
                                28.7359578,
                                40.9846532
                            ],
                            [
                                28.7358074,
                                40.9847227
                            ],
                            [
                                28.7354232,
                                40.9848969
                            ],
                            [
                                28.7353122,
                                40.9849485
                            ],
                            [
                                28.7350178,
                                40.9850515
                            ],
                            [
                                28.734818,
                                40.9851105
                            ],
                            [
                                28.7346621,
                                40.9851391
                            ],
                            [
                                28.734253,
                                40.9851988
                            ],
                            [
                                28.7340009,
                                40.9852471
                            ],
                            [
                                28.7336623,
                                40.9853021
                            ],
                            [
                                28.733273,
                                40.9853661
                            ],
                            [
                                28.7327819,
                                40.9854476
                            ],
                            [
                                28.7326685,
                                40.9854384
                            ],
                            [
                                28.7320562,
                                40.9847552
                            ],
                            [
                                28.731721,
                                40.9843811
                            ],
                            [
                                28.7316093,
                                40.9842576
                            ],
                            [
                                28.731561,
                                40.9841947
                            ],
                            [
                                28.7307957,
                                40.9833403
                            ],
                            [
                                28.7292266,
                                40.9836967
                            ],
                            [
                                28.7279576,
                                40.9823791
                            ]
                        ]
                    ]
                ]
            }
        },
        {
            "type": "Feature",
            "properties": {
                "type": "relation",
                "id": 9454000,
                "tags": {
                    "admin_level": "8",
                    "boundary": "administrative",
                    "name": "Yeşilkent Mahallesi",
                    "type": "boundary",
                    "wikidata": "Q6046711"
                }
            },
            "geometry": {
                "type": "MultiPolygon",
                "coordinates": [
                    [
                        [
                            [
                                28.6822602,
                                41.0549898
                            ],
                            [
                                28.6824989,
                                41.0545089
                            ],
                            [
                                28.6825962,
                                41.0543372
                            ],
                            [
                                28.6827056,
                                41.0541403
                            ],
                            [
                                28.6829263,
                                41.0538224
                            ],
                            [
                                28.6834091,
                                41.0532075
                            ],
                            [
                                28.6838305,
                                41.0527829
                            ],
                            [
                                28.6842972,
                                41.0523527
                            ],
                            [
                                28.6855227,
                                41.0512657
                            ],
                            [
                                28.6870424,
                                41.0500631
                            ],
                            [
                                28.6872863,
                                41.0498685
                            ],
                            [
                                28.6874415,
                                41.0497318
                            ],
                            [
                                28.6886481,
                                41.0486211
                            ],
                            [
                                28.6891349,
                                41.0481165
                            ],
                            [
                                28.6896903,
                                41.0474748
                            ],
                            [
                                28.6897495,
                                41.0474064
                            ],
                            [
                                28.6901914,
                                41.0466011
                            ],
                            [
                                28.6904888,
                                41.0458924
                            ],
                            [
                                28.6905918,
                                41.0455409
                            ],
                            [
                                28.6906938,
                                41.0450365
                            ],
                            [
                                28.690741,
                                41.0447072
                            ],
                            [
                                28.6907422,
                                41.0438622
                            ],
                            [
                                28.690617,
                                41.0430708
                            ],
                            [
                                28.6910473,
                                41.0428463
                            ],
                            [
                                28.6913534,
                                41.0427516
                            ],
                            [
                                28.6914986,
                                41.0427091
                            ],
                            [
                                28.6916197,
                                41.0426658
                            ],
                            [
                                28.6918983,
                                41.0425769
                            ],
                            [
                                28.6922818,
                                41.0424218
                            ],
                            [
                                28.6925816,
                                41.0423546
                            ],
                            [
                                28.6927024,
                                41.0423211
                            ],
                            [
                                28.6928558,
                                41.0422519
                            ],
                            [
                                28.6941594,
                                41.0419606
                            ],
                            [
                                28.6952655,
                                41.0416993
                            ],
                            [
                                28.6956229,
                                41.0416153
                            ],
                            [
                                28.6967142,
                                41.0415941
                            ],
                            [
                                28.6968124,
                                41.0415964
                            ],
                            [
                                28.6970449,
                                41.0414101
                            ],
                            [
                                28.6969703,
                                41.0413213
                            ],
                            [
                                28.696745,
                                41.0410097
                            ],
                            [
                                28.6965343,
                                41.0409103
                            ],
                            [
                                28.6963631,
                                41.0406689
                            ],
                            [
                                28.6962259,
                                41.0405177
                            ],
                            [
                                28.6957381,
                                41.039966
                            ],
                            [
                                28.6948934,
                                41.0391671
                            ],
                            [
                                28.6942434,
                                41.0386633
                            ],
                            [
                                28.6937736,
                                41.0382934
                            ],
                            [
                                28.6933635,
                                41.0379812
                            ],
                            [
                                28.6928529,
                                41.0375852
                            ],
                            [
                                28.6924691,
                                41.0371317
                            ],
                            [
                                28.6923892,
                                41.037039
                            ],
                            [
                                28.6921048,
                                41.0368219
                            ],
                            [
                                28.6917776,
                                41.0366318
                            ],
                            [
                                28.6915917,
                                41.036578
                            ],
                            [
                                28.6912465,
                                41.036478
                            ],
                            [
                                28.6906028,
                                41.0363283
                            ],
                            [
                                28.6904973,
                                41.0361524
                            ],
                            [
                                28.6905277,
                                41.0358346
                            ],
                            [
                                28.6906428,
                                41.0356302
                            ],
                            [
                                28.690694,
                                41.0355393
                            ],
                            [
                                28.690989,
                                41.0348595
                            ],
                            [
                                28.6910538,
                                41.0345797
                            ],
                            [
                                28.6910541,
                                41.0343712
                            ],
                            [
                                28.6910737,
                                41.0334827
                            ],
                            [
                                28.6910747,
                                41.0317452
                            ],
                            [
                                28.6923412,
                                41.0316059
                            ],
                            [
                                28.6928524,
                                41.0315717
                            ],
                            [
                                28.6932474,
                                41.0315453
                            ],
                            [
                                28.6936176,
                                41.0315615
                            ],
                            [
                                28.6940896,
                                41.031602
                            ],
                            [
                                28.694433,
                                41.0316586
                            ],
                            [
                                28.6948407,
                                41.0316708
                            ],
                            [
                                28.6952742,
                                41.0316563
                            ],
                            [
                                28.6963456,
                                41.0314249
                            ],
                            [
                                28.6972203,
                                41.0292482
                            ],
                            [
                                28.6975118,
                                41.0292095
                            ],
                            [
                                28.6981237,
                                41.0290566
                            ],
                            [
                                28.6990892,
                                41.0289739
                            ],
                            [
                                28.6996686,
                                41.0288826
                            ],
                            [
                                28.7009025,
                                41.028834
                            ],
                            [
                                28.7014389,
                                41.0288098
                            ],
                            [
                                28.7018636,
                                41.0287628
                            ],
                            [
                                28.7016605,
                                41.0273371
                            ],
                            [
                                28.7015533,
                                41.0267525
                            ],
                            [
                                28.7015447,
                                41.0246762
                            ],
                            [
                                28.7023544,
                                41.0245964
                            ],
                            [
                                28.7026781,
                                41.0245645
                            ],
                            [
                                28.7030614,
                                41.024514
                            ],
                            [
                                28.7035686,
                                41.0244472
                            ],
                            [
                                28.7044376,
                                41.0243379
                            ],
                            [
                                28.7051243,
                                41.0241558
                            ],
                            [
                                28.7056231,
                                41.0238927
                            ],
                            [
                                28.7059665,
                                41.0236215
                            ],
                            [
                                28.7062079,
                                41.0233585
                            ],
                            [
                                28.7066477,
                                41.0230266
                            ],
                            [
                                28.70719,
                                41.022523
                            ],
                            [
                                28.7076977,
                                41.0217844
                            ],
                            [
                                28.7079795,
                                41.0215338
                            ],
                            [
                                28.7090863,
                                41.0218348
                            ],
                            [
                                28.7094212,
                                41.0218974
                            ],
                            [
                                28.711288,
                                41.0223305
                            ],
                            [
                                28.7114667,
                                41.0223718
                            ],
                            [
                                28.7122428,
                                41.022545
                            ],
                            [
                                28.7137985,
                                41.0226421
                            ],
                            [
                                28.7141784,
                                41.0227027
                            ],
                            [
                                28.7143725,
                                41.0227393
                            ],
                            [
                                28.7150377,
                                41.0230023
                            ],
                            [
                                28.7141901,
                                41.0251352
                            ],
                            [
                                28.7141687,
                                41.0256289
                            ],
                            [
                                28.714276,
                                41.0274864
                            ],
                            [
                                28.7140989,
                                41.0282513
                            ],
                            [
                                28.71382,
                                41.0287693
                            ],
                            [
                                28.7129563,
                                41.0309019
                            ],
                            [
                                28.7126452,
                                41.0314482
                            ],
                            [
                                28.7114167,
                                41.0323466
                            ],
                            [
                                28.7107851,
                                41.0334008
                            ],
                            [
                                28.7107377,
                                41.03348
                            ],
                            [
                                28.7104082,
                                41.0340299
                            ],
                            [
                                28.710208,
                                41.0348578
                            ],
                            [
                                28.710022,
                                41.0356
                            ],
                            [
                                28.7083912,
                                41.0368948
                            ],
                            [
                                28.7073827,
                                41.0374451
                            ],
                            [
                                28.7060952,
                                41.0389503
                            ],
                            [
                                28.7050331,
                                41.0406739
                            ],
                            [
                                28.7045717,
                                41.0406982
                            ],
                            [
                                28.7041583,
                                41.0411757
                            ],
                            [
                                28.7038851,
                                41.0414912
                            ],
                            [
                                28.7029811,
                                41.0423051
                            ],
                            [
                                28.703413,
                                41.0429478
                            ],
                            [
                                28.7039924,
                                41.0432472
                            ],
                            [
                                28.7065995,
                                41.0440483
                            ],
                            [
                                28.7072432,
                                41.0442829
                            ],
                            [
                                28.7063956,
                                41.0451326
                            ],
                            [
                                28.7059021,
                                41.0464596
                            ],
                            [
                                28.7054515,
                                41.0488061
                            ],
                            [
                                28.7040567,
                                41.0512981
                            ],
                            [
                                28.7034559,
                                41.0527544
                            ],
                            [
                                28.7019539,
                                41.0549227
                            ],
                            [
                                28.7009668,
                                41.0567834
                            ],
                            [
                                28.700425,
                                41.0583084
                            ],
                            [
                                28.7002212,
                                41.0588788
                            ],
                            [
                                28.7002237,
                                41.059046
                            ],
                            [
                                28.6996182,
                                41.0590417
                            ],
                            [
                                28.6989248,
                                41.0590229
                            ],
                            [
                                28.698296,
                                41.0590103
                            ],
                            [
                                28.6972112,
                                41.0589163
                            ],
                            [
                                28.6964337,
                                41.058827
                            ],
                            [
                                28.6957606,
                                41.0587594
                            ],
                            [
                                28.6950003,
                                41.0586728
                            ],
                            [
                                28.6939839,
                                41.0584725
                            ],
                            [
                                28.6930576,
                                41.0582487
                            ],
                            [
                                28.6926172,
                                41.0581366
                            ],
                            [
                                28.6918378,
                                41.0579297
                            ],
                            [
                                28.6915591,
                                41.0578521
                            ],
                            [
                                28.6835182,
                                41.0553864
                            ],
                            [
                                28.6822602,
                                41.0549898
                            ]
                        ]
                    ]
                ]
            }
        },
        {
            "type": "Feature",
            "properties": {
                "type": "relation",
                "id": 9454013,
                "tags": {
                    "admin_level": "8",
                    "boundary": "administrative",
                    "name": "Üniversite Mahallesi",
                    "place": "neighbourhood",
                    "short_name": "Üniversite Mah.",
                    "type": "boundary",
                    "wikidata": "Q6028783",
                    "wikipedia": "tr:Üniversite, Avcılar"
                }
            },
            "geometry": {
                "type": "MultiPolygon",
                "coordinates": [
                    [
                        [
                            [
                                28.7057304,
                                40.995241
                            ],
                            [
                                28.7080586,
                                40.9939575
                            ],
                            [
                                28.7106228,
                                40.9924999
                            ],
                            [
                                28.7124896,
                                40.9913985
                            ],
                            [
                                28.7176022,
                                40.9883954
                            ],
                            [
                                28.7182939,
                                40.9879891
                            ],
                            [
                                28.7202144,
                                40.9868391
                            ],
                            [
                                28.7219417,
                                40.9859725
                            ],
                            [
                                28.7265444,
                                40.9832188
                            ],
                            [
                                28.7279576,
                                40.9823791
                            ],
                            [
                                28.7292266,
                                40.9836967
                            ],
                            [
                                28.7307957,
                                40.9833403
                            ],
                            [
                                28.731561,
                                40.9841947
                            ],
                            [
                                28.7316093,
                                40.9842576
                            ],
                            [
                                28.731721,
                                40.9843811
                            ],
                            [
                                28.7320562,
                                40.9847552
                            ],
                            [
                                28.7326685,
                                40.9854384
                            ],
                            [
                                28.7327819,
                                40.9854476
                            ],
                            [
                                28.733273,
                                40.9853661
                            ],
                            [
                                28.7336623,
                                40.9853021
                            ],
                            [
                                28.7340009,
                                40.9852471
                            ],
                            [
                                28.734253,
                                40.9851988
                            ],
                            [
                                28.7346621,
                                40.9851391
                            ],
                            [
                                28.734818,
                                40.9851105
                            ],
                            [
                                28.7350178,
                                40.9850515
                            ],
                            [
                                28.7353122,
                                40.9849485
                            ],
                            [
                                28.7354232,
                                40.9848969
                            ],
                            [
                                28.7358074,
                                40.9847227
                            ],
                            [
                                28.7359578,
                                40.9846532
                            ],
                            [
                                28.736032,
                                40.984624
                            ],
                            [
                                28.7361521,
                                40.9845764
                            ],
                            [
                                28.7362137,
                                40.9845547
                            ],
                            [
                                28.7362746,
                                40.9845362
                            ],
                            [
                                28.7363524,
                                40.9845123
                            ],
                            [
                                28.7364517,
                                40.9844826
                            ],
                            [
                                28.7365108,
                                40.9844659
                            ],
                            [
                                28.7365493,
                                40.9844533
                            ],
                            [
                                28.7366439,
                                40.9844236
                            ],
                            [
                                28.7366871,
                                40.9844087
                            ],
                            [
                                28.7367683,
                                40.9843806
                            ],
                            [
                                28.736898,
                                40.984333
                            ],
                            [
                                28.7369889,
                                40.9842996
                            ],
                            [
                                28.7372202,
                                40.9842143
                            ],
                            [
                                28.7373084,
                                40.9841834
                            ],
                            [
                                28.7374221,
                                40.9841588
                            ],
                            [
                                28.7376665,
                                40.9841037
                            ],
                            [
                                28.7377513,
                                40.9840923
                            ],
                            [
                                28.7380095,
                                40.9840576
                            ],
                            [
                                28.7382505,
                                40.9840265
                            ],
                            [
                                28.7385774,
                                40.9839832
                            ],
                            [
                                28.7388846,
                                40.9839427
                            ],
                            [
                                28.7391722,
                                40.983903
                            ],
                            [
                                28.7394592,
                                40.9838584
                            ],
                            [
                                28.7397439,
                                40.9838161
                            ],
                            [
                                28.7400892,
                                40.9837514
                            ],
                            [
                                28.7403044,
                                40.9837096
                            ],
                            [
                                28.7405703,
                                40.9836572
                            ],
                            [
                                28.7406104,
                                40.9837814
                            ],
                            [
                                28.7399798,
                                40.9839125
                            ],
                            [
                                28.7397545,
                                40.9839935
                            ],
                            [
                                28.7396258,
                                40.9840421
                            ],
                            [
                                28.7392932,
                                40.9841231
                            ],
                            [
                                28.739025,
                                40.9842203
                            ],
                            [
                                28.7387353,
                                40.984366
                            ],
                            [
                                28.7384671,
                                40.9845766
                            ],
                            [
                                28.7382525,
                                40.9847872
                            ],
                            [
                                28.7380272,
                                40.9849411
                            ],
                            [
                                28.7379306,
                                40.9850707
                            ],
                            [
                                28.7377911,
                                40.985427
                            ],
                            [
                                28.7377415,
                                40.9856271
                            ],
                            [
                                28.7377268,
                                40.9856862
                            ],
                            [
                                28.7377375,
                                40.985832
                            ],
                            [
                                28.7377053,
                                40.985913
                            ],
                            [
                                28.7377589,
                                40.9861073
                            ],
                            [
                                28.737716,
                                40.986245
                            ],
                            [
                                28.7375336,
                                40.9865204
                            ],
                            [
                                28.7374478,
                                40.986658
                            ],
                            [
                                28.7372547,
                                40.9868119
                            ],
                            [
                                28.7371722,
                                40.9870188
                            ],
                            [
                                28.7369469,
                                40.9872051
                            ],
                            [
                                28.7367001,
                                40.9874399
                            ],
                            [
                                28.736507,
                                40.9875776
                            ],
                            [
                                28.7363568,
                                40.9877396
                            ],
                            [
                                28.7362924,
                                40.9878287
                            ],
                            [
                                28.7364426,
                                40.9882579
                            ],
                            [
                                28.736507,
                                40.9887195
                            ],
                            [
                                28.7363568,
                                40.9891568
                            ],
                            [
                                28.7362388,
                                40.9893593
                            ],
                            [
                                28.736153,
                                40.9894646
                            ],
                            [
                                28.73611,
                                40.9896994
                            ],
                            [
                                28.736153,
                                40.9898614
                            ],
                            [
                                28.7361208,
                                40.9899748
                            ],
                            [
                                28.7360457,
                                40.9900882
                            ],
                            [
                                28.7358204,
                                40.9903797
                            ],
                            [
                                28.735638,
                                40.9905741
                            ],
                            [
                                28.735477,
                                40.9907279
                            ],
                            [
                                28.7353268,
                                40.9908413
                            ],
                            [
                                28.7351981,
                                40.9909871
                            ],
                            [
                                28.7349835,
                                40.9912786
                            ],
                            [
                                28.7347797,
                                40.9916106
                            ],
                            [
                                28.734093,
                                40.9928416
                            ],
                            [
                                28.7340394,
                                40.9930197
                            ],
                            [
                                28.7336746,
                                40.9934408
                            ],
                            [
                                28.7330738,
                                40.9940401
                            ],
                            [
                                28.7329128,
                                40.9942344
                            ],
                            [
                                28.7326983,
                                40.9945016
                            ],
                            [
                                28.7327362,
                                40.99489
                            ],
                            [
                                28.7327362,
                                40.9953678
                            ],
                            [
                                28.7328864,
                                40.9956269
                            ],
                            [
                                28.7328435,
                                40.9959265
                            ],
                            [
                                28.7326826,
                                40.9961856
                            ],
                            [
                                28.7326075,
                                40.9964366
                            ],
                            [
                                28.7326826,
                                40.9966472
                            ],
                            [
                                28.7324895,
                                40.9971006
                            ],
                            [
                                28.7324251,
                                40.9973274
                            ],
                            [
                                28.7324386,
                                40.9975157
                            ],
                            [
                                28.7294412,
                                40.9977229
                            ],
                            [
                                28.7280947,
                                40.9972168
                            ],
                            [
                                28.7242579,
                                40.9976094
                            ],
                            [
                                28.7236905,
                                40.9976703
                            ],
                            [
                                28.7216904,
                                40.9980548
                            ],
                            [
                                28.7212174,
                                40.9981703
                            ],
                            [
                                28.7205224,
                                40.99834
                            ],
                            [
                                28.7187552,
                                40.9987715
                            ],
                            [
                                28.7169206,
                                40.9981197
                            ],
                            [
                                28.7140721,
                                40.9970508
                            ],
                            [
                                28.7138468,
                                40.9974962
                            ],
                            [
                                28.7134874,
                                40.9983262
                            ],
                            [
                                28.7132782,
                                40.9989213
                            ],
                            [
                                28.7130636,
                                40.9995205
                            ],
                            [
                                28.712731,
                                41.0001602
                            ],
                            [
                                28.7125379,
                                41.0004193
                            ],
                            [
                                28.7117328,
                                41.0011566
                            ],
                            [
                                28.7094104,
                                40.9988201
                            ],
                            [
                                28.7087291,
                                40.9981602
                            ],
                            [
                                28.7081981,
                                40.9976258
                            ],
                            [
                                28.7077475,
                                40.9971845
                            ],
                            [
                                28.7073022,
                                40.9967472
                            ],
                            [
                                28.7068462,
                                40.9962978
                            ],
                            [
                                28.7064654,
                                40.9958484
                            ],
                            [
                                28.7057304,
                                40.995241
                            ]
                        ]
                    ]
                ]
            }
        },
        {
            "type": "Feature",
            "properties": {
                "type": "relation",
                "id": 9454014,
                "tags": {
                    "admin_level": "8",
                    "alt_name": "Mustafa Kemal Paşa Mahallesi",
                    "boundary": "administrative",
                    "name": "Mustafa Kemal Paşa Mahallesi",
                    "name:ar": "مصطفى كمال باشا",
                    "short_name": "Mustafa Kemal Paşa Mah.",
                    "type": "boundary",
                    "wikidata": "Q6029151"
                }
            },
            "geometry": {
                "type": "MultiPolygon",
                "coordinates": [
                    [
                        [
                            [
                                28.6973405,
                                40.9997918
                            ],
                            [
                                28.6980271,
                                40.999638
                            ],
                            [
                                28.6985652,
                                40.9994616
                            ],
                            [
                                28.69932,
                                40.9991319
                            ],
                            [
                                28.7001675,
                                40.9986501
                            ],
                            [
                                28.7009668,
                                40.9981521
                            ],
                            [
                                28.7032145,
                                40.9967917
                            ],
                            [
                                28.7049365,
                                40.9957269
                            ],
                            [
                                28.7057304,
                                40.995241
                            ],
                            [
                                28.7064654,
                                40.9958484
                            ],
                            [
                                28.7068462,
                                40.9962978
                            ],
                            [
                                28.7073022,
                                40.9967472
                            ],
                            [
                                28.7077475,
                                40.9971845
                            ],
                            [
                                28.7081981,
                                40.9976258
                            ],
                            [
                                28.7087291,
                                40.9981602
                            ],
                            [
                                28.7094104,
                                40.9988201
                            ],
                            [
                                28.7117328,
                                41.0011566
                            ],
                            [
                                28.7116581,
                                41.001225
                            ],
                            [
                                28.7109768,
                                41.0018404
                            ],
                            [
                                28.7097537,
                                41.0028565
                            ],
                            [
                                28.7089866,
                                41.0034638
                            ],
                            [
                                28.7078279,
                                41.0044313
                            ],
                            [
                                28.7073183,
                                41.0048523
                            ],
                            [
                                28.7065673,
                                41.0055163
                            ],
                            [
                                28.7055695,
                                41.0063219
                            ],
                            [
                                28.7040996,
                                41.0075768
                            ],
                            [
                                28.7033486,
                                41.0082083
                            ],
                            [
                                28.7027961,
                                41.0086738
                            ],
                            [
                                28.7018986,
                                41.0094053
                            ],
                            [
                                28.7016447,
                                41.0089709
                            ],
                            [
                                28.7012835,
                                41.0083194
                            ],
                            [
                                28.7008917,
                                41.0077711
                            ],
                            [
                                28.7008569,
                                41.0076861
                            ],
                            [
                                28.7008756,
                                41.007593
                            ],
                            [
                                28.7006664,
                                41.0073582
                            ],
                            [
                                28.7006617,
                                41.0073456
                            ],
                            [
                                28.700602,
                                41.0071841
                            ],
                            [
                                28.7003375,
                                41.0069012
                            ],
                            [
                                28.7003231,
                                41.0067631
                            ],
                            [
                                28.7000924,
                                41.0064312
                            ],
                            [
                                28.7000354,
                                41.0063305
                            ],
                            [
                                28.6997878,
                                41.0060223
                            ],
                            [
                                28.6994385,
                                41.0058772
                            ],
                            [
                                28.6992035,
                                41.0057341
                            ],
                            [
                                28.6992426,
                                41.0057107
                            ],
                            [
                                28.6993909,
                                41.0054038
                            ],
                            [
                                28.6994916,
                                41.0050143
                            ],
                            [
                                28.6994892,
                                41.0050014
                            ],
                            [
                                28.6994272,
                                41.0044636
                            ],
                            [
                                28.6992417,
                                41.0036574
                            ],
                            [
                                28.6991705,
                                41.0029053
                            ],
                            [
                                28.6991322,
                                41.0025003
                            ],
                            [
                                28.6989514,
                                41.0013514
                            ],
                            [
                                28.6988191,
                                41.0002717
                            ],
                            [
                                28.698349,
                                41.0000752
                            ],
                            [
                                28.6977643,
                                40.9998484
                            ],
                            [
                                28.6973405,
                                40.9997918
                            ]
                        ]
                    ]
                ]
            }
        },
        {
            "type": "Feature",
            "properties": {
                "type": "relation",
                "id": 9454020,
                "tags": {
                    "admin_level": "8",
                    "boundary": "administrative",
                    "name": "Merkez Mahallesi",
                    "short_name": "Merkez Mah.",
                    "type": "boundary",
                    "wikidata": "Q6029935",
                    "wikipedia": "tr:Merkez, Avcılar"
                }
            },
            "geometry": {
                "type": "MultiPolygon",
                "coordinates": [
                    [
                        [
                            [
                                28.7153167,
                                40.9811191
                            ],
                            [
                                28.7146676,
                                40.9789828
                            ],
                            [
                                28.7160301,
                                40.978752
                            ],
                            [
                                28.7162072,
                                40.9787246
                            ],
                            [
                                28.7164285,
                                40.9788011
                            ],
                            [
                                28.7166202,
                                40.9788937
                            ],
                            [
                                28.7167811,
                                40.9789059
                            ],
                            [
                                28.7179318,
                                40.9786973
                            ],
                            [
                                28.7188041,
                                40.9785285
                            ],
                            [
                                28.7194607,
                                40.9784016
                            ],
                            [
                                28.7199157,
                                40.9782995
                            ],
                            [
                                28.7199284,
                                40.9782966
                            ],
                            [
                                28.7199837,
                                40.9782842
                            ],
                            [
                                28.7211773,
                                40.9780412
                            ],
                            [
                                28.7221026,
                                40.9778711
                            ],
                            [
                                28.7223822,
                                40.9778129
                            ],
                            [
                                28.7240177,
                                40.9775005
                            ],
                            [
                                28.7244952,
                                40.9774519
                            ],
                            [
                                28.7246346,
                                40.977865
                            ],
                            [
                                28.7250799,
                                40.979242
                            ],
                            [
                                28.7260348,
                                40.979076
                            ],
                            [
                                28.7264961,
                                40.9790355
                            ],
                            [
                                28.7270325,
                                40.978918
                            ],
                            [
                                28.7276924,
                                40.9789464
                            ],
                            [
                                28.728835,
                                40.9792056
                            ],
                            [
                                28.7293397,
                                40.9793369
                            ],
                            [
                                28.7296611,
                                40.9794323
                            ],
                            [
                                28.7304707,
                                40.9795718
                            ],
                            [
                                28.7320767,
                                40.9799495
                            ],
                            [
                                28.7315279,
                                40.9802666
                            ],
                            [
                                28.7305355,
                                40.9808174
                            ],
                            [
                                28.729291,
                                40.9815423
                            ],
                            [
                                28.7279576,
                                40.9823791
                            ],
                            [
                                28.7265444,
                                40.9832188
                            ],
                            [
                                28.7219417,
                                40.9859725
                            ],
                            [
                                28.7202144,
                                40.9868391
                            ],
                            [
                                28.7182939,
                                40.9879891
                            ],
                            [
                                28.7176022,
                                40.9883954
                            ],
                            [
                                28.7174892,
                                40.9882442
                            ],
                            [
                                28.7173551,
                                40.9879
                            ],
                            [
                                28.7169009,
                                40.9866384
                            ],
                            [
                                28.7168026,
                                40.9863653
                            ],
                            [
                                28.7167972,
                                40.9861061
                            ],
                            [
                                28.7159845,
                                40.9841199
                            ],
                            [
                                28.7160757,
                                40.9841057
                            ],
                            [
                                28.7162742,
                                40.9834942
                            ],
                            [
                                28.7163922,
                                40.982905
                            ],
                            [
                                28.7170493,
                                40.9829111
                            ],
                            [
                                28.7173605,
                                40.9828787
                            ],
                            [
                                28.7167382,
                                40.9808781
                            ],
                            [
                                28.7165689,
                                40.9809068
                            ],
                            [
                                28.7153167,
                                40.9811191
                            ]
                        ]
                    ]
                ]
            }
        },
        {
            "type": "Feature",
            "properties": {
                "type": "relation",
                "id": 9454022,
                "tags": {
                    "admin_level": "8",
                    "boundary": "administrative",
                    "name": "Cihangir Mahallesi",
                    "population": "64812",
                    "short_name": "Cihangir Mah.",
                    "source:population": "tuik.gov.tr",
                    "type": "boundary",
                    "wikidata": "Q12278007",
                    "wikipedia": "tr:Cihangir, Avcılar"
                }
            },
            "geometry": {
                "type": "MultiPolygon",
                "coordinates": [
                    [
                        [
                            [
                                28.6877277,
                                41.0022889
                            ],
                            [
                                28.6843106,
                                41.0011432
                            ],
                            [
                                28.684339,
                                41.000327
                            ],
                            [
                                28.6843921,
                                40.9989818
                            ],
                            [
                                28.6847503,
                                40.997834
                            ],
                            [
                                28.6855767,
                                40.9963437
                            ],
                            [
                                28.686314,
                                40.9944699
                            ],
                            [
                                28.6866238,
                                40.9938148
                            ],
                            [
                                28.6867263,
                                40.9935982
                            ],
                            [
                                28.6871513,
                                40.9925325
                            ],
                            [
                                28.6876118,
                                40.9913199
                            ],
                            [
                                28.6876118,
                                40.9904405
                            ],
                            [
                                28.6878508,
                                40.9899972
                            ],
                            [
                                28.6889305,
                                40.98916
                            ],
                            [
                                28.6892875,
                                40.9887276
                            ],
                            [
                                28.6897981,
                                40.9884021
                            ],
                            [
                                28.6900955,
                                40.9886852
                            ],
                            [
                                28.6901682,
                                40.9887544
                            ],
                            [
                                28.6909469,
                                40.9880745
                            ],
                            [
                                28.6916435,
                                40.9878271
                            ],
                            [
                                28.6933353,
                                40.9866557
                            ],
                            [
                                28.6937785,
                                40.9862155
                            ],
                            [
                                28.6944437,
                                40.9860211
                            ],
                            [
                                28.6947119,
                                40.9858267
                            ],
                            [
                                28.6955058,
                                40.9850654
                            ],
                            [
                                28.6962699,
                                40.9841437
                            ],
                            [
                                28.6968063,
                                40.9835931
                            ],
                            [
                                28.6971175,
                                40.983018
                            ],
                            [
                                28.69726,
                                40.9826357
                            ],
                            [
                                28.697654,
                                40.9820987
                            ],
                            [
                                28.6978041,
                                40.9819611
                            ],
                            [
                                28.6978754,
                                40.9817709
                            ],
                            [
                                28.6979505,
                                40.9819836
                            ],
                            [
                                28.6980693,
                                40.9822489
                            ],
                            [
                                28.6982188,
                                40.982583
                            ],
                            [
                                28.6984655,
                                40.9831499
                            ],
                            [
                                28.698723,
                                40.9839031
                            ],
                            [
                                28.6988518,
                                40.9844701
                            ],
                            [
                                28.6988947,
                                40.9848912
                            ],
                            [
                                28.7004611,
                                40.9839031
                            ],
                            [
                                28.7030682,
                                40.9821456
                            ],
                            [
                                28.7034881,
                                40.9817529
                            ],
                            [
                                28.7039039,
                                40.9814481
                            ],
                            [
                                28.7041426,
                                40.9812912
                            ],
                            [
                                28.7045342,
                                40.9809915
                            ],
                            [
                                28.705135,
                                40.9805744
                            ],
                            [
                                28.7053956,
                                40.9805011
                            ],
                            [
                                28.7056929,
                                40.9804488
                            ],
                            [
                                28.7061515,
                                40.9804671
                            ],
                            [
                                28.7063849,
                                40.9805035
                            ],
                            [
                                28.7069294,
                                40.980542
                            ],
                            [
                                28.7084126,
                                40.9806473
                            ],
                            [
                                28.7092897,
                                40.9806959
                            ],
                            [
                                28.7100005,
                                40.9807101
                            ],
                            [
                                28.7103599,
                                40.9807688
                            ],
                            [
                                28.7105343,
                                40.9808761
                            ],
                            [
                                28.7106389,
                                40.9809611
                            ],
                            [
                                28.7107784,
                                40.9811839
                            ],
                            [
                                28.7109225,
                                40.9814116
                            ],
                            [
                                28.711042,
                                40.9816007
                            ],
                            [
                                28.7111565,
                                40.9817812
                            ],
                            [
                                28.7112573,
                                40.9819103
                            ],
                            [
                                28.7112987,
                                40.9819634
                            ],
                            [
                                28.711414,
                                40.9820404
                            ],
                            [
                                28.7116849,
                                40.9821315
                            ],
                            [
                                28.7119558,
                                40.9821781
                            ],
                            [
                                28.7121731,
                                40.9821538
                            ],
                            [
                                28.7123072,
                                40.9820971
                            ],
                            [
                                28.7124923,
                                40.9819452
                            ],
                            [
                                28.7128973,
                                40.9816638
                            ],
                            [
                                28.7131709,
                                40.9815058
                            ],
                            [
                                28.7133989,
                                40.981437
                            ],
                            [
                                28.7137932,
                                40.9813459
                            ],
                            [
                                28.714284,
                                40.9812487
                            ],
                            [
                                28.7143904,
                                40.9812298
                            ],
                            [
                                28.7152147,
                                40.9811353
                            ],
                            [
                                28.7153167,
                                40.9811191
                            ],
                            [
                                28.7165689,
                                40.9809068
                            ],
                            [
                                28.7167382,
                                40.9808781
                            ],
                            [
                                28.7173605,
                                40.9828787
                            ],
                            [
                                28.7170493,
                                40.9829111
                            ],
                            [
                                28.7163922,
                                40.982905
                            ],
                            [
                                28.7162742,
                                40.9834942
                            ],
                            [
                                28.7160757,
                                40.9841057
                            ],
                            [
                                28.7159845,
                                40.9841199
                            ],
                            [
                                28.7167972,
                                40.9861061
                            ],
                            [
                                28.7168026,
                                40.9863653
                            ],
                            [
                                28.7169009,
                                40.9866384
                            ],
                            [
                                28.7173551,
                                40.9879
                            ],
                            [
                                28.7174892,
                                40.9882442
                            ],
                            [
                                28.7176022,
                                40.9883954
                            ],
                            [
                                28.7124896,
                                40.9913985
                            ],
                            [
                                28.7106228,
                                40.9924999
                            ],
                            [
                                28.7080586,
                                40.9939575
                            ],
                            [
                                28.7057304,
                                40.995241
                            ],
                            [
                                28.7049365,
                                40.9957269
                            ],
                            [
                                28.7032145,
                                40.9967917
                            ],
                            [
                                28.7009668,
                                40.9981521
                            ],
                            [
                                28.7001675,
                                40.9986501
                            ],
                            [
                                28.69932,
                                40.9991319
                            ],
                            [
                                28.6985652,
                                40.9994616
                            ],
                            [
                                28.6980271,
                                40.999638
                            ],
                            [
                                28.6973405,
                                40.9997918
                            ],
                            [
                                28.6972152,
                                40.9998056
                            ],
                            [
                                28.6970623,
                                40.9998386
                            ],
                            [
                                28.6964393,
                                40.9998708
                            ],
                            [
                                28.6957677,
                                40.9998553
                            ],
                            [
                                28.6950821,
                                40.999808
                            ],
                            [
                                28.6943418,
                                40.9997392
                            ],
                            [
                                28.6936949,
                                40.9997091
                            ],
                            [
                                28.6930174,
                                40.999701
                            ],
                            [
                                28.6921102,
                                40.9998282
                            ],
                            [
                                28.6910984,
                                41.0001071
                            ],
                            [
                                28.6901634,
                                41.0005245
                            ],
                            [
                                28.6888701,
                                41.0014234
                            ],
                            [
                                28.6877277,
                                41.0022889
                            ]
                        ]
                    ]
                ]
            }
        }
    ]
}