{
    "type": "FeatureCollection",
    "features": [
        {
            "type": "Feature",
            "properties": {
                "type": "relation",
                "id": 8824111,
                "tags": {
                    "admin_level": "8",
                    "boundary": "administrative",
                    "name": "Güneşli Mahallesi",
                    "postal_code": "34212",
                    "type": "boundary",
                    "wikidata": "Q6078956"
                }
            },
            "geometry": {
                "type": "MultiPolygon",
                "coordinates": [
                    [
                        [
                            [
                                28.8231466,
                                41.0447595
                            ],
                            [
                                28.8230405,
                                41.0436669
                            ],
                            [
                                28.8234375,
                                41.0423964
                            ],
                            [
                                28.8237915,
                                41.0419109
                            ],
                            [
                                28.8240383,
                                41.0417976
                            ],
                            [
                                28.8248108,
                                41.0417248
                            ],
                            [
                                28.825103,
                                41.0400954
                            ],
                            [
                                28.8251326,
                                41.0390948
                            ],
                            [
                                28.8237379,
                                41.0372093
                            ],
                            [
                                28.8230727,
                                41.0360521
                            ],
                            [
                                28.8229332,
                                41.0356393
                            ],
                            [
                                28.8228903,
                                41.034652
                            ],
                            [
                                28.8229225,
                                41.0338265
                            ],
                            [
                                28.8232551,
                                41.0326206
                            ],
                            [
                                28.8233302,
                                41.032216
                            ],
                            [
                                28.8234267,
                                41.0317223
                            ],
                            [
                                28.8248322,
                                41.0316495
                            ],
                            [
                                28.8265721,
                                41.0315422
                            ],
                            [
                                28.8277397,
                                41.0315362
                            ],
                            [
                                28.8288877,
                                41.0310101
                            ],
                            [
                                28.8293061,
                                41.0309373
                            ],
                            [
                                28.831022,
                                41.031014
                            ],
                            [
                                28.8313421,
                                41.0310661
                            ],
                            [
                                28.8322803,
                                41.0310963
                            ],
                            [
                                28.8335852,
                                41.031105
                            ],
                            [
                                28.8344573,
                                41.0310004
                            ],
                            [
                                28.8339136,
                                41.0322838
                            ],
                            [
                                28.8336513,
                                41.0331224
                            ],
                            [
                                28.8334904,
                                41.0342797
                            ],
                            [
                                28.8340483,
                                41.0362867
                            ],
                            [
                                28.8342629,
                                41.0378891
                            ],
                            [
                                28.8342345,
                                41.0382129
                            ],
                            [
                                28.8327072,
                                41.0411422
                            ],
                            [
                                28.831955,
                                41.0424611
                            ],
                            [
                                28.8303039,
                                41.0450748
                            ],
                            [
                                28.8302017,
                                41.045306
                            ],
                            [
                                28.8298236,
                                41.0453118
                            ],
                            [
                                28.8293276,
                                41.0453742
                            ],
                            [
                                28.8277397,
                                41.0454551
                            ],
                            [
                                28.8259212,
                                41.0453702
                            ],
                            [
                                28.8239739,
                                41.0451557
                            ],
                            [
                                28.8231466,
                                41.0447595
                            ]
                        ]
                    ]
                ]
            }
        },
        {
            "type": "Feature",
            "properties": {
                "type": "relation",
                "id": 8824112,
                "tags": {
                    "admin_level": "8",
                    "boundary": "administrative",
                    "name": "Bağlar Mahallesi",
                    "postal_code": "34212",
                    "type": "boundary",
                    "wikidata": "Q6070343"
                }
            },
            "geometry": {
                "type": "MultiPolygon",
                "coordinates": [
                    [
                        [
                            [
                                28.8109631,
                                41.0271706
                            ],
                            [
                                28.8127862,
                                41.0253659
                            ],
                            [
                                28.8131452,
                                41.0251464
                            ],
                            [
                                28.8133205,
                                41.0249497
                            ],
                            [
                                28.8135334,
                                41.0247555
                            ],
                            [
                                28.8139891,
                                41.0243951
                            ],
                            [
                                28.8153903,
                                41.0234229
                            ],
                            [
                                28.8159437,
                                41.023157
                            ],
                            [
                                28.8170833,
                                41.0227005
                            ],
                            [
                                28.8179082,
                                41.0223796
                            ],
                            [
                                28.8188034,
                                41.0219587
                            ],
                            [
                                28.8202135,
                                41.0212587
                            ],
                            [
                                28.8211466,
                                41.0206592
                            ],
                            [
                                28.8218895,
                                41.0201273
                            ],
                            [
                                28.8224765,
                                41.0198726
                            ],
                            [
                                28.8228604,
                                41.0197781
                            ],
                            [
                                28.82359,
                                41.0198566
                            ],
                            [
                                28.824036,
                                41.0199873
                            ],
                            [
                                28.8254869,
                                41.0203631
                            ],
                            [
                                28.8258441,
                                41.020377
                            ],
                            [
                                28.8271045,
                                41.0203317
                            ],
                            [
                                28.8271743,
                                41.0205617
                            ],
                            [
                                28.8274375,
                                41.0210778
                            ],
                            [
                                28.827943,
                                41.0218934
                            ],
                            [
                                28.8281856,
                                41.0221209
                            ],
                            [
                                28.8283228,
                                41.0224346
                            ],
                            [
                                28.828583,
                                41.0238578
                            ],
                            [
                                28.8287741,
                                41.0248362
                            ],
                            [
                                28.8289408,
                                41.0253974
                            ],
                            [
                                28.8292904,
                                41.0269494
                            ],
                            [
                                28.8293189,
                                41.0277989
                            ],
                            [
                                28.829205,
                                41.0282681
                            ],
                            [
                                28.8288513,
                                41.0290809
                            ],
                            [
                                28.8265721,
                                41.0315422
                            ],
                            [
                                28.8248322,
                                41.0316495
                            ],
                            [
                                28.8234267,
                                41.0317223
                            ],
                            [
                                28.8186428,
                                41.0312103
                            ],
                            [
                                28.8176569,
                                41.0309779
                            ],
                            [
                                28.8152106,
                                41.0300842
                            ],
                            [
                                28.8145427,
                                41.02975
                            ],
                            [
                                28.8134934,
                                41.0292805
                            ],
                            [
                                28.8126976,
                                41.0289209
                            ],
                            [
                                28.8123158,
                                41.028783
                            ],
                            [
                                28.8122921,
                                41.028684
                            ],
                            [
                                28.8123031,
                                41.0285872
                            ],
                            [
                                28.8124595,
                                41.0282769
                            ],
                            [
                                28.8131832,
                                41.0271382
                            ],
                            [
                                28.8134019,
                                41.0266634
                            ],
                            [
                                28.8109631,
                                41.0271706
                            ]
                        ]
                    ]
                ]
            }
        },
        {
            "type": "Feature",
            "properties": {
                "type": "relation",
                "id": 9423794,
                "tags": {
                    "admin_level": "8",
                    "boundary": "administrative",
                    "name": "Yenigün Mahallesi",
                    "type": "boundary",
                    "wikidata": "Q6073469"
                }
            },
            "geometry": {
                "type": "MultiPolygon",
                "coordinates": [
                    [
                        [
                            [
                                28.8571928,
                                41.0272283
                            ],
                            [
                                28.8572138,
                                41.0265906
                            ],
                            [
                                28.8572278,
                                41.0258155
                            ],
                            [
                                28.8572722,
                                41.0254333
                            ],
                            [
                                28.8573212,
                                41.0242653
                            ],
                            [
                                28.8573492,
                                41.0234656
                            ],
                            [
                                28.8573726,
                                41.0230428
                            ],
                            [
                                28.8574053,
                                41.0226834
                            ],
                            [
                                28.857501,
                                41.0223346
                            ],
                            [
                                28.8578232,
                                41.0215982
                            ],
                            [
                                28.8582248,
                                41.0206839
                            ],
                            [
                                28.858435,
                                41.0202588
                            ],
                            [
                                28.8588652,
                                41.0198379
                            ],
                            [
                                28.8590478,
                                41.0195895
                            ],
                            [
                                28.8594125,
                                41.0190217
                            ],
                            [
                                28.8597269,
                                41.018429
                            ],
                            [
                                28.8598295,
                                41.0181548
                            ],
                            [
                                28.8599839,
                                41.0179722
                            ],
                            [
                                28.8600445,
                                41.0177221
                            ],
                            [
                                28.8601491,
                                41.0175556
                            ],
                            [
                                28.8610387,
                                41.018
                            ],
                            [
                                28.8627742,
                                41.0188931
                            ],
                            [
                                28.8630768,
                                41.0190498
                            ],
                            [
                                28.862329,
                                41.0202141
                            ],
                            [
                                28.8621704,
                                41.020468
                            ],
                            [
                                28.8624117,
                                41.0205701
                            ],
                            [
                                28.8620609,
                                41.021044
                            ],
                            [
                                28.8625572,
                                41.0213359
                            ],
                            [
                                28.8623724,
                                41.021617
                            ],
                            [
                                28.8621373,
                                41.0218696
                            ],
                            [
                                28.8615157,
                                41.0223751
                            ],
                            [
                                28.8612556,
                                41.0226334
                            ],
                            [
                                28.8608852,
                                41.0230691
                            ],
                            [
                                28.86067,
                                41.0233666
                            ],
                            [
                                28.8602641,
                                41.0240397
                            ],
                            [
                                28.860079,
                                41.0245188
                            ],
                            [
                                28.859778,
                                41.0251641
                            ],
                            [
                                28.8594816,
                                41.025565
                            ],
                            [
                                28.8593693,
                                41.0258184
                            ],
                            [
                                28.8592603,
                                41.0261608
                            ],
                            [
                                28.8591165,
                                41.0267086
                            ],
                            [
                                28.8590103,
                                41.0270487
                            ],
                            [
                                28.8590034,
                                41.027355
                            ],
                            [
                                28.8590211,
                                41.0276192
                            ],
                            [
                                28.8571928,
                                41.0272283
                            ]
                        ]
                    ]
                ]
            }
        },
        {
            "type": "Feature",
            "properties": {
                "type": "relation",
                "id": 9423795,
                "tags": {
                    "admin_level": "8",
                    "alt_name": "Bağcılar Merkez Mahallesi",
                    "boundary": "administrative",
                    "name": "Merkez Mahallesi",
                    "type": "boundary",
                    "wikidata": "Q6076973"
                }
            },
            "geometry": {
                "type": "MultiPolygon",
                "coordinates": [
                    [
                        [
                            [
                                28.8565642,
                                41.0301616
                            ],
                            [
                                28.8568224,
                                41.0292232
                            ],
                            [
                                28.8569728,
                                41.0285116
                            ],
                            [
                                28.8570968,
                                41.0278446
                            ],
                            [
                                28.8571928,
                                41.0272283
                            ],
                            [
                                28.8590211,
                                41.0276192
                            ],
                            [
                                28.859537,
                                41.0277158
                            ],
                            [
                                28.8593611,
                                41.0281251
                            ],
                            [
                                28.8590939,
                                41.0287282
                            ],
                            [
                                28.8599337,
                                41.0292347
                            ],
                            [
                                28.8609121,
                                41.0294471
                            ],
                            [
                                28.8610242,
                                41.0292181
                            ],
                            [
                                28.8616296,
                                41.0293593
                            ],
                            [
                                28.8623106,
                                41.0295424
                            ],
                            [
                                28.8630936,
                                41.029813
                            ],
                            [
                                28.8632628,
                                41.0295284
                            ],
                            [
                                28.8639439,
                                41.0297441
                            ],
                            [
                                28.8642153,
                                41.0296677
                            ],
                            [
                                28.8646289,
                                41.0295741
                            ],
                            [
                                28.8648455,
                                41.029518
                            ],
                            [
                                28.8650448,
                                41.0294862
                            ],
                            [
                                28.8652137,
                                41.029476
                            ],
                            [
                                28.8671415,
                                41.0294713
                            ],
                            [
                                28.8674115,
                                41.0294758
                            ],
                            [
                                28.8677959,
                                41.0293904
                            ],
                            [
                                28.868496,
                                41.0292573
                            ],
                            [
                                28.8687162,
                                41.0292219
                            ],
                            [
                                28.8691728,
                                41.0290893
                            ],
                            [
                                28.8694874,
                                41.0288924
                            ],
                            [
                                28.8697941,
                                41.0286832
                            ],
                            [
                                28.8707303,
                                41.0279603
                            ],
                            [
                                28.8709758,
                                41.0278872
                            ],
                            [
                                28.871194,
                                41.0278428
                            ],
                            [
                                28.8714234,
                                41.0278076
                            ],
                            [
                                28.871695,
                                41.0277845
                            ],
                            [
                                28.8718396,
                                41.0277333
                            ],
                            [
                                28.8719952,
                                41.0276321
                            ],
                            [
                                28.8721722,
                                41.0272396
                            ],
                            [
                                28.8726936,
                                41.027948
                            ],
                            [
                                28.872744,
                                41.0284118
                            ],
                            [
                                28.8727421,
                                41.0286774
                            ],
                            [
                                28.872651,
                                41.0294059
                            ],
                            [
                                28.8725401,
                                41.0301578
                            ],
                            [
                                28.8723218,
                                41.0315778
                            ],
                            [
                                28.8715746,
                                41.0339125
                            ],
                            [
                                28.8714824,
                                41.0347326
                            ],
                            [
                                28.8713845,
                                41.0361405
                            ],
                            [
                                28.8713885,
                                41.0365264
                            ],
                            [
                                28.8714381,
                                41.0369957
                            ],
                            [
                                28.8713451,
                                41.0374721
                            ],
                            [
                                28.8704693,
                                41.0369019
                            ],
                            [
                                28.8700327,
                                41.0366271
                            ],
                            [
                                28.869617,
                                41.0364034
                            ],
                            [
                                28.869122,
                                41.0361198
                            ],
                            [
                                28.8686433,
                                41.0357165
                            ],
                            [
                                28.868244,
                                41.0353907
                            ],
                            [
                                28.8678868,
                                41.0351124
                            ],
                            [
                                28.8676299,
                                41.0349468
                            ],
                            [
                                28.8673941,
                                41.0347654
                            ],
                            [
                                28.8668454,
                                41.0346597
                            ],
                            [
                                28.8661449,
                                41.0345012
                            ],
                            [
                                28.8654771,
                                41.034311
                            ],
                            [
                                28.8650568,
                                41.0341419
                            ],
                            [
                                28.8648466,
                                41.0340345
                            ],
                            [
                                28.8644964,
                                41.033809
                            ],
                            [
                                28.8640667,
                                41.0335395
                            ],
                            [
                                28.8639453,
                                41.0334779
                            ],
                            [
                                28.8637141,
                                41.0334127
                            ],
                            [
                                28.8635448,
                                41.0334243
                            ],
                            [
                                28.8632585,
                                41.0334789
                            ],
                            [
                                28.8629496,
                                41.0335406
                            ],
                            [
                                28.8622347,
                                41.0337255
                            ],
                            [
                                28.8618445,
                                41.0338236
                            ],
                            [
                                28.8607703,
                                41.0340552
                            ],
                            [
                                28.8598183,
                                41.0342361
                            ],
                            [
                                28.8582784,
                                41.0344353
                            ],
                            [
                                28.8567522,
                                41.0345657
                            ],
                            [
                                28.8566155,
                                41.033842
                            ],
                            [
                                28.8564387,
                                41.0328573
                            ],
                            [
                                28.8563432,
                                41.03226
                            ],
                            [
                                28.8562862,
                                41.031837
                            ],
                            [
                                28.8562615,
                                41.0316069
                            ],
                            [
                                28.8562615,
                                41.0313501
                            ],
                            [
                                28.8563108,
                                41.0310271
                            ],
                            [
                                28.8563878,
                                41.0307086
                            ],
                            [
                                28.856528,
                                41.0302705
                            ],
                            [
                                28.8565642,
                                41.0301616
                            ]
                        ]
                    ]
                ]
            }
        },
        {
            "type": "Feature",
            "properties": {
                "type": "relation",
                "id": 9423797,
                "tags": {
                    "admin_level": "8",
                    "boundary": "administrative",
                    "name": "Yıldıztepe Mahallesi",
                    "type": "boundary",
                    "wikidata": "Q6071001"
                }
            },
            "geometry": {
                "type": "MultiPolygon",
                "coordinates": [
                    [
                        [
                            [
                                28.8475377,
                                41.0242509
                            ],
                            [
                                28.847565,
                                41.0241525
                            ],
                            [
                                28.8482941,
                                41.022573
                            ],
                            [
                                28.8483571,
                                41.0222437
                            ],
                            [
                                28.8484567,
                                41.0214301
                            ],
                            [
                                28.8492124,
                                41.0213606
                            ],
                            [
                                28.8499121,
                                41.0212722
                            ],
                            [
                                28.8506599,
                                41.0212483
                            ],
                            [
                                28.8508206,
                                41.0212329
                            ],
                            [
                                28.8517819,
                                41.0212093
                            ],
                            [
                                28.8524163,
                                41.0212344
                            ],
                            [
                                28.8534729,
                                41.021202
                            ],
                            [
                                28.853939,
                                41.0211724
                            ],
                            [
                                28.8540926,
                                41.021099
                            ],
                            [
                                28.8543987,
                                41.021099
                            ],
                            [
                                28.8545948,
                                41.0211241
                            ],
                            [
                                28.8551267,
                                41.0209849
                            ],
                            [
                                28.8553145,
                                41.020051
                            ],
                            [
                                28.8553828,
                                41.0199506
                            ],
                            [
                                28.8559187,
                                41.0197353
                            ],
                            [
                                28.856313,
                                41.0196245
                            ],
                            [
                                28.8565747,
                                41.0195337
                            ],
                            [
                                28.8568665,
                                41.019476
                            ],
                            [
                                28.8584705,
                                41.0191368
                            ],
                            [
                                28.8584013,
                                41.0200373
                            ],
                            [
                                28.858435,
                                41.0202588
                            ],
                            [
                                28.8582248,
                                41.0206839
                            ],
                            [
                                28.8578232,
                                41.0215982
                            ],
                            [
                                28.857501,
                                41.0223346
                            ],
                            [
                                28.8574053,
                                41.0226834
                            ],
                            [
                                28.8573726,
                                41.0230428
                            ],
                            [
                                28.8573492,
                                41.0234656
                            ],
                            [
                                28.8573212,
                                41.0242653
                            ],
                            [
                                28.8572722,
                                41.0254333
                            ],
                            [
                                28.8572278,
                                41.0258155
                            ],
                            [
                                28.8572138,
                                41.0265906
                            ],
                            [
                                28.8571928,
                                41.0272283
                            ],
                            [
                                28.8570968,
                                41.0278446
                            ],
                            [
                                28.8569728,
                                41.0285116
                            ],
                            [
                                28.8568224,
                                41.0292232
                            ],
                            [
                                28.8565642,
                                41.0301616
                            ],
                            [
                                28.8556393,
                                41.0300451
                            ],
                            [
                                28.8552043,
                                41.0299163
                            ],
                            [
                                28.8548018,
                                41.0296755
                            ],
                            [
                                28.8546514,
                                41.0295391
                            ],
                            [
                                28.854131,
                                41.02901
                            ],
                            [
                                28.8539542,
                                41.0288674
                            ],
                            [
                                28.8532468,
                                41.0282203
                            ],
                            [
                                28.8529663,
                                41.0279795
                            ],
                            [
                                28.8525577,
                                41.0276069
                            ],
                            [
                                28.8519072,
                                41.0270855
                            ],
                            [
                                28.8518381,
                                41.0269996
                            ],
                            [
                                28.8512242,
                                41.0265825
                            ],
                            [
                                28.8510067,
                                41.0264782
                            ],
                            [
                                28.8503298,
                                41.0258848
                            ],
                            [
                                28.849474,
                                41.0252928
                            ],
                            [
                                28.8485227,
                                41.0246165
                            ],
                            [
                                28.8482097,
                                41.0244847
                            ],
                            [
                                28.8478438,
                                41.0243313
                            ],
                            [
                                28.8475377,
                                41.0242509
                            ]
                        ]
                    ]
                ]
            }
        },
        {
            "type": "Feature",
            "properties": {
                "type": "relation",
                "id": 9424008,
                "tags": {
                    "admin_level": "8",
                    "boundary": "administrative",
                    "name": "100. Yıl Mahallesi",
                    "type": "boundary",
                    "wikidata": "Q6071781",
                    "wikipedia": "tr:Yüzyıl, Bağcılar"
                }
            },
            "geometry": {
                "type": "MultiPolygon",
                "coordinates": [
                    [
                        [
                            [
                                28.8480093,
                                41.0569223
                            ],
                            [
                                28.8484952,
                                41.0566851
                            ],
                            [
                                28.8494378,
                                41.0562961
                            ],
                            [
                                28.8496324,
                                41.0562158
                            ],
                            [
                                28.8503558,
                                41.0559673
                            ],
                            [
                                28.850778,
                                41.0558363
                            ],
                            [
                                28.8516526,
                                41.0555835
                            ],
                            [
                                28.852549,
                                41.055383
                            ],
                            [
                                28.8534893,
                                41.0551858
                            ],
                            [
                                28.8549089,
                                41.0549371
                            ],
                            [
                                28.8550903,
                                41.0555859
                            ],
                            [
                                28.8552083,
                                41.0556928
                            ],
                            [
                                28.8553792,
                                41.0562552
                            ],
                            [
                                28.8552646,
                                41.056677
                            ],
                            [
                                28.8549818,
                                41.0574019
                            ],
                            [
                                28.8548981,
                                41.0581482
                            ],
                            [
                                28.8547991,
                                41.0595668
                            ],
                            [
                                28.8547578,
                                41.0603354
                            ],
                            [
                                28.8548048,
                                41.0608594
                            ],
                            [
                                28.8548686,
                                41.0616612
                            ],
                            [
                                28.8549333,
                                41.0622472
                            ],
                            [
                                28.8550107,
                                41.0625449
                            ],
                            [
                                28.8551542,
                                41.062954
                            ],
                            [
                                28.855463,
                                41.0635972
                            ],
                            [
                                28.8557817,
                                41.0645084
                            ],
                            [
                                28.8558382,
                                41.0646845
                            ],
                            [
                                28.8558815,
                                41.0647978
                            ],
                            [
                                28.8560133,
                                41.0651756
                            ],
                            [
                                28.8561358,
                                41.0657427
                            ],
                            [
                                28.8563539,
                                41.0658832
                            ],
                            [
                                28.8564545,
                                41.0660031
                            ],
                            [
                                28.8565435,
                                41.0661785
                            ],
                            [
                                28.8565699,
                                41.0663629
                            ],
                            [
                                28.8565352,
                                41.0665851
                            ],
                            [
                                28.8563007,
                                41.0669774
                            ],
                            [
                                28.8573451,
                                41.0673129
                            ],
                            [
                                28.8576961,
                                41.0678175
                            ],
                            [
                                28.8581617,
                                41.0684949
                            ],
                            [
                                28.8587605,
                                41.0692924
                            ],
                            [
                                28.8594047,
                                41.0701335
                            ],
                            [
                                28.8596649,
                                41.0703955
                            ],
                            [
                                28.8602278,
                                41.0712191
                            ],
                            [
                                28.8602661,
                                41.0714138
                            ],
                            [
                                28.8589577,
                                41.0717867
                            ],
                            [
                                28.8576717,
                                41.0721687
                            ],
                            [
                                28.8570905,
                                41.0721854
                            ],
                            [
                                28.8566794,
                                41.0721756
                            ],
                            [
                                28.8560385,
                                41.0720531
                            ],
                            [
                                28.855946,
                                41.0724184
                            ],
                            [
                                28.8550764,
                                41.0723611
                            ],
                            [
                                28.8544315,
                                41.072294
                            ],
                            [
                                28.8540652,
                                41.0722428
                            ],
                            [
                                28.8537199,
                                41.0721505
                            ],
                            [
                                28.8534861,
                                41.072057
                            ],
                            [
                                28.8532657,
                                41.0719403
                            ],
                            [
                                28.853121,
                                41.071827
                            ],
                            [
                                28.8529409,
                                41.0716823
                            ],
                            [
                                28.8527519,
                                41.0714778
                            ],
                            [
                                28.851947,
                                41.0705203
                            ],
                            [
                                28.851074,
                                41.0695789
                            ],
                            [
                                28.8505681,
                                41.0690982
                            ],
                            [
                                28.8489224,
                                41.067628
                            ],
                            [
                                28.8483361,
                                41.0671384
                            ],
                            [
                                28.8478607,
                                41.0655765
                            ],
                            [
                                28.8478082,
                                41.0653498
                            ],
                            [
                                28.8473701,
                                41.0638654
                            ],
                            [
                                28.8473847,
                                41.0635978
                            ],
                            [
                                28.8477147,
                                41.062937
                            ],
                            [
                                28.8458648,
                                41.0617793
                            ],
                            [
                                28.8453302,
                                41.0615461
                            ],
                            [
                                28.84472,
                                41.0613863
                            ],
                            [
                                28.8443613,
                                41.0613138
                            ],
                            [
                                28.8438785,
                                41.0612614
                            ],
                            [
                                28.8433459,
                                41.0612702
                            ],
                            [
                                28.842794,
                                41.0613255
                            ],
                            [
                                28.8421434,
                                41.061451
                            ],
                            [
                                28.8414016,
                                41.0615072
                            ],
                            [
                                28.8426487,
                                41.0605507
                            ],
                            [
                                28.8431123,
                                41.0601781
                            ],
                            [
                                28.8442493,
                                41.0592386
                            ],
                            [
                                28.8454053,
                                41.0583718
                            ],
                            [
                                28.8463762,
                                41.0577732
                            ],
                            [
                                28.8470039,
                                41.0574132
                            ],
                            [
                                28.8480093,
                                41.0569223
                            ]
                        ]
                    ]
                ]
            }
        },
        {
            "type": "Feature",
            "properties": {
                "type": "relation",
                "id": 9424009,
                "tags": {
                    "admin_level": "8",
                    "boundary": "administrative",
                    "name": "Mahmutbey Mahallesi",
                    "population": "25680",
                    "postal_code": "34218",
                    "type": "boundary",
                    "wikidata": "Q6078951",
                    "wikipedia": "tr:Mahmutbey, Bağcılar"
                }
            },
            "geometry": {
                "type": "MultiPolygon",
                "coordinates": [
                    [
                        [
                            [
                                28.8079769,
                                41.0457908
                            ],
                            [
                                28.8092796,
                                41.0457287
                            ],
                            [
                                28.8099957,
                                41.0456268
                            ],
                            [
                                28.8106528,
                                41.0455009
                            ],
                            [
                                28.8114423,
                                41.0454006
                            ],
                            [
                                28.8117716,
                                41.0453761
                            ],
                            [
                                28.812357,
                                41.0453485
                            ],
                            [
                                28.8131335,
                                41.0453669
                            ],
                            [
                                28.8142637,
                                41.0453055
                            ],
                            [
                                28.8164468,
                                41.0451982
                            ],
                            [
                                28.8174673,
                                41.0451032
                            ],
                            [
                                28.8183254,
                                41.0447271
                            ],
                            [
                                28.8187886,
                                41.0444501
                            ],
                            [
                                28.8192561,
                                41.0442753
                            ],
                            [
                                28.8198862,
                                41.0442232
                            ],
                            [
                                28.821175,
                                41.0444194
                            ],
                            [
                                28.8231466,
                                41.0447595
                            ],
                            [
                                28.8239739,
                                41.0451557
                            ],
                            [
                                28.8259212,
                                41.0453702
                            ],
                            [
                                28.8277397,
                                41.0454551
                            ],
                            [
                                28.8293276,
                                41.0453742
                            ],
                            [
                                28.8298236,
                                41.0453118
                            ],
                            [
                                28.8302017,
                                41.045306
                            ],
                            [
                                28.8301866,
                                41.0453925
                            ],
                            [
                                28.8302567,
                                41.0466165
                            ],
                            [
                                28.8303034,
                                41.0478298
                            ],
                            [
                                28.8303057,
                                41.0492139
                            ],
                            [
                                28.83028,
                                41.0501102
                            ],
                            [
                                28.8302287,
                                41.0508075
                            ],
                            [
                                28.8301656,
                                41.0519222
                            ],
                            [
                                28.8301189,
                                41.0525068
                            ],
                            [
                                28.8300139,
                                41.0528589
                            ],
                            [
                                28.8299718,
                                41.0529246
                            ],
                            [
                                28.8297268,
                                41.0531851
                            ],
                            [
                                28.8287072,
                                41.0542899
                            ],
                            [
                                28.8287404,
                                41.0543631
                            ],
                            [
                                28.8289336,
                                41.0548135
                            ],
                            [
                                28.8295048,
                                41.0558792
                            ],
                            [
                                28.8302053,
                                41.0567032
                            ],
                            [
                                28.8309151,
                                41.0574779
                            ],
                            [
                                28.8312233,
                                41.0582879
                            ],
                            [
                                28.8314696,
                                41.0593441
                            ],
                            [
                                28.8316585,
                                41.0598042
                            ],
                            [
                                28.8319017,
                                41.0603622
                            ],
                            [
                                28.8321646,
                                41.060918
                            ],
                            [
                                28.8323489,
                                41.0612748
                            ],
                            [
                                28.8324126,
                                41.0614582
                            ],
                            [
                                28.8324615,
                                41.0616528
                            ],
                            [
                                28.8325178,
                                41.0618845
                            ],
                            [
                                28.8327535,
                                41.0628628
                            ],
                            [
                                28.8328268,
                                41.0632106
                            ],
                            [
                                28.8328559,
                                41.063605
                            ],
                            [
                                28.8327814,
                                41.0648107
                            ],
                            [
                                28.8327327,
                                41.0652146
                            ],
                            [
                                28.8326711,
                                41.0655603
                            ],
                            [
                                28.8326246,
                                41.0658262
                            ],
                            [
                                28.8325766,
                                41.0663184
                            ],
                            [
                                28.8325853,
                                41.0665897
                            ],
                            [
                                28.8326037,
                                41.0669533
                            ],
                            [
                                28.8326286,
                                41.067151
                            ],
                            [
                                28.8326397,
                                41.0672385
                            ],
                            [
                                28.8326528,
                                41.0673422
                            ],
                            [
                                28.8326827,
                                41.0675274
                            ],
                            [
                                28.8328137,
                                41.0678341
                            ],
                            [
                                28.8328802,
                                41.0679433
                            ],
                            [
                                28.8329658,
                                41.068044
                            ],
                            [
                                28.832182,
                                41.068383
                            ],
                            [
                                28.8298477,
                                41.0693117
                            ],
                            [
                                28.8293229,
                                41.0695465
                            ],
                            [
                                28.829116,
                                41.0696325
                            ],
                            [
                                28.8289758,
                                41.069672
                            ],
                            [
                                28.8288115,
                                41.0696877
                            ],
                            [
                                28.8271608,
                                41.0698441
                            ],
                            [
                                28.8236705,
                                41.0699453
                            ],
                            [
                                28.8228848,
                                41.0701445
                            ],
                            [
                                28.8208609,
                                41.0704951
                            ],
                            [
                                28.8197836,
                                41.0707463
                            ],
                            [
                                28.8179036,
                                41.0707376
                            ],
                            [
                                28.8176467,
                                41.0707359
                            ],
                            [
                                28.8173945,
                                41.0707024
                            ],
                            [
                                28.8170116,
                                41.0705739
                            ],
                            [
                                28.816722,
                                41.0704332
                            ],
                            [
                                28.8162198,
                                41.0700485
                            ],
                            [
                                28.8158458,
                                41.0698774
                            ],
                            [
                                28.8155536,
                                41.0698114
                            ],
                            [
                                28.8152798,
                                41.0697872
                            ],
                            [
                                28.8147196,
                                41.0698164
                            ],
                            [
                                28.8140805,
                                41.0699758
                            ],
                            [
                                28.8138514,
                                41.0695286
                            ],
                            [
                                28.813527,
                                41.0689616
                            ],
                            [
                                28.8134627,
                                41.068809
                            ],
                            [
                                28.8134417,
                                41.0686882
                            ],
                            [
                                28.813435,
                                41.0685732
                            ],
                            [
                                28.8134629,
                                41.0681949
                            ],
                            [
                                28.8135066,
                                41.0677769
                            ],
                            [
                                28.8136031,
                                41.0673976
                            ],
                            [
                                28.8136104,
                                41.0672995
                            ],
                            [
                                28.8137786,
                                41.065182
                            ],
                            [
                                28.8135781,
                                41.0647797
                            ],
                            [
                                28.813525,
                                41.0646991
                            ],
                            [
                                28.8135471,
                                41.0644087
                            ],
                            [
                                28.8133197,
                                41.0640784
                            ],
                            [
                                28.8132494,
                                41.0638193
                            ],
                            [
                                28.8128847,
                                41.0632812
                            ],
                            [
                                28.8125092,
                                41.0627189
                            ],
                            [
                                28.8116515,
                                41.0615387
                            ],
                            [
                                28.8116321,
                                41.0612891
                            ],
                            [
                                28.8115854,
                                41.0609453
                            ],
                            [
                                28.8114533,
                                41.0604736
                            ],
                            [
                                28.8112515,
                                41.0598483
                            ],
                            [
                                28.8110877,
                                41.0593278
                            ],
                            [
                                28.8107594,
                                41.0582527
                            ],
                            [
                                28.8106413,
                                41.0576407
                            ],
                            [
                                28.8103753,
                                41.056632
                            ],
                            [
                                28.8100267,
                                41.0552832
                            ],
                            [
                                28.8095229,
                                41.053756
                            ],
                            [
                                28.8091277,
                                41.0524417
                            ],
                            [
                                28.8089976,
                                41.0519834
                            ],
                            [
                                28.8087617,
                                41.0511829
                            ],
                            [
                                28.8085956,
                                41.0506528
                            ],
                            [
                                28.8083731,
                                41.0497478
                            ],
                            [
                                28.8081393,
                                41.0488397
                            ],
                            [
                                28.8080949,
                                41.0485318
                            ],
                            [
                                28.8080116,
                                41.0479787
                            ],
                            [
                                28.8079531,
                                41.0471405
                            ],
                            [
                                28.8079497,
                                41.046513
                            ],
                            [
                                28.8079611,
                                41.0462717
                            ],
                            [
                                28.8079769,
                                41.0457908
                            ]
                        ]
                    ]
                ]
            }
        },
        {
            "type": "Feature",
            "properties": {
                "type": "relation",
                "id": 9424010,
                "tags": {
                    "admin_level": "8",
                    "boundary": "administrative",
                    "name": "Göztepe Mahallesi",
                    "type": "boundary",
                    "wikidata": "Q6075547",
                    "wikipedia": "tr:Göztepe, Bağcılar"
                }
            },
            "geometry": {
                "type": "MultiPolygon",
                "coordinates": [
                    [
                        [
                            [
                                28.8299718,
                                41.0529246
                            ],
                            [
                                28.8308497,
                                41.053076
                            ],
                            [
                                28.8318551,
                                41.0533753
                            ],
                            [
                                28.8328485,
                                41.0536254
                            ],
                            [
                                28.8339833,
                                41.0537663
                            ],
                            [
                                28.8347725,
                                41.0538226
                            ],
                            [
                                28.8354692,
                                41.0539896
                            ],
                            [
                                28.8361362,
                                41.0541642
                            ],
                            [
                                28.8365572,
                                41.0542478
                            ],
                            [
                                28.8369487,
                                41.0542769
                            ],
                            [
                                28.8377133,
                                41.0542427
                            ],
                            [
                                28.8379774,
                                41.0542046
                            ],
                            [
                                28.8383964,
                                41.0543473
                            ],
                            [
                                28.8396246,
                                41.0547171
                            ],
                            [
                                28.8408155,
                                41.0550939
                            ],
                            [
                                28.8420437,
                                41.0554742
                            ],
                            [
                                28.8428049,
                                41.0556644
                            ],
                            [
                                28.8441405,
                                41.0559426
                            ],
                            [
                                28.8450792,
                                41.0561187
                            ],
                            [
                                28.8464581,
                                41.0564396
                            ],
                            [
                                28.8471941,
                                41.0566615
                            ],
                            [
                                28.8480093,
                                41.0569223
                            ],
                            [
                                28.8470039,
                                41.0574132
                            ],
                            [
                                28.8463762,
                                41.0577732
                            ],
                            [
                                28.8454053,
                                41.0583718
                            ],
                            [
                                28.8442493,
                                41.0592386
                            ],
                            [
                                28.8431123,
                                41.0601781
                            ],
                            [
                                28.8426487,
                                41.0605507
                            ],
                            [
                                28.8414016,
                                41.0615072
                            ],
                            [
                                28.8421434,
                                41.061451
                            ],
                            [
                                28.842794,
                                41.0613255
                            ],
                            [
                                28.8433459,
                                41.0612702
                            ],
                            [
                                28.8438785,
                                41.0612614
                            ],
                            [
                                28.8443613,
                                41.0613138
                            ],
                            [
                                28.84472,
                                41.0613863
                            ],
                            [
                                28.8453302,
                                41.0615461
                            ],
                            [
                                28.8458648,
                                41.0617793
                            ],
                            [
                                28.8477147,
                                41.062937
                            ],
                            [
                                28.8473847,
                                41.0635978
                            ],
                            [
                                28.8473701,
                                41.0638654
                            ],
                            [
                                28.8478082,
                                41.0653498
                            ],
                            [
                                28.8478607,
                                41.0655765
                            ],
                            [
                                28.8483361,
                                41.0671384
                            ],
                            [
                                28.8472559,
                                41.0662364
                            ],
                            [
                                28.8465545,
                                41.065813
                            ],
                            [
                                28.8458461,
                                41.0655042
                            ],
                            [
                                28.8453183,
                                41.065338
                            ],
                            [
                                28.8447528,
                                41.0651949
                            ],
                            [
                                28.8444871,
                                41.0651472
                            ],
                            [
                                28.8440283,
                                41.0650953
                            ],
                            [
                                28.8435579,
                                41.0650669
                            ],
                            [
                                28.842974,
                                41.0650674
                            ],
                            [
                                28.8423847,
                                41.0651031
                            ],
                            [
                                28.8414854,
                                41.0652453
                            ],
                            [
                                28.8407388,
                                41.0654777
                            ],
                            [
                                28.8402027,
                                41.0656866
                            ],
                            [
                                28.8397575,
                                41.0658955
                            ],
                            [
                                28.8384757,
                                41.0667088
                            ],
                            [
                                28.8380756,
                                41.0669662
                            ],
                            [
                                28.8375048,
                                41.0673407
                            ],
                            [
                                28.8369195,
                                41.0676903
                            ],
                            [
                                28.8361618,
                                41.0680483
                            ],
                            [
                                28.835711,
                                41.0682022
                            ],
                            [
                                28.8337984,
                                41.068887
                            ],
                            [
                                28.8335065,
                                41.0685835
                            ],
                            [
                                28.8331613,
                                41.0682703
                            ],
                            [
                                28.8329658,
                                41.068044
                            ],
                            [
                                28.8328802,
                                41.0679433
                            ],
                            [
                                28.8328137,
                                41.0678341
                            ],
                            [
                                28.8326827,
                                41.0675274
                            ],
                            [
                                28.8326528,
                                41.0673422
                            ],
                            [
                                28.8326397,
                                41.0672385
                            ],
                            [
                                28.8326286,
                                41.067151
                            ],
                            [
                                28.8326037,
                                41.0669533
                            ],
                            [
                                28.8325853,
                                41.0665897
                            ],
                            [
                                28.8325766,
                                41.0663184
                            ],
                            [
                                28.8326246,
                                41.0658262
                            ],
                            [
                                28.8326711,
                                41.0655603
                            ],
                            [
                                28.8327327,
                                41.0652146
                            ],
                            [
                                28.8327814,
                                41.0648107
                            ],
                            [
                                28.8328559,
                                41.063605
                            ],
                            [
                                28.8328268,
                                41.0632106
                            ],
                            [
                                28.8327535,
                                41.0628628
                            ],
                            [
                                28.8325178,
                                41.0618845
                            ],
                            [
                                28.8324615,
                                41.0616528
                            ],
                            [
                                28.8324126,
                                41.0614582
                            ],
                            [
                                28.8323489,
                                41.0612748
                            ],
                            [
                                28.8321646,
                                41.060918
                            ],
                            [
                                28.8319017,
                                41.0603622
                            ],
                            [
                                28.8316585,
                                41.0598042
                            ],
                            [
                                28.8314696,
                                41.0593441
                            ],
                            [
                                28.8312233,
                                41.0582879
                            ],
                            [
                                28.8309151,
                                41.0574779
                            ],
                            [
                                28.8302053,
                                41.0567032
                            ],
                            [
                                28.8295048,
                                41.0558792
                            ],
                            [
                                28.8289336,
                                41.0548135
                            ],
                            [
                                28.8287404,
                                41.0543631
                            ],
                            [
                                28.8287072,
                                41.0542899
                            ],
                            [
                                28.8297268,
                                41.0531851
                            ],
                            [
                                28.8299718,
                                41.0529246
                            ]
                        ]
                    ]
                ]
            }
        },
        {
            "type": "Feature",
            "properties": {
                "type": "relation",
                "id": 9424011,
                "tags": {
                    "admin_level": "8",
                    "boundary": "administrative",
                    "name": "Fatih Mahallesi",
                    "type": "boundary",
                    "wikidata": "Q6069537",
                    "wikipedia": "tr:Fatih, Bağcılar"
                }
            },
            "geometry": {
                "type": "MultiPolygon",
                "coordinates": [
                    [
                        [
                            [
                                28.8379774,
                                41.0542046
                            ],
                            [
                                28.8380049,
                                41.0539253
                            ],
                            [
                                28.8380679,
                                41.0537968
                            ],
                            [
                                28.8382573,
                                41.0534538
                            ],
                            [
                                28.8384614,
                                41.0531671
                            ],
                            [
                                28.83859,
                                41.0530242
                            ],
                            [
                                28.8388519,
                                41.052824
                            ],
                            [
                                28.8400057,
                                41.0521007
                            ],
                            [
                                28.8414638,
                                41.0511105
                            ],
                            [
                                28.8420443,
                                41.0506915
                            ],
                            [
                                28.8431025,
                                41.0496692
                            ],
                            [
                                28.8441536,
                                41.0489486
                            ],
                            [
                                28.8447199,
                                41.0484788
                            ],
                            [
                                28.8453392,
                                41.0479343
                            ],
                            [
                                28.8458418,
                                41.047582
                            ],
                            [
                                28.8460365,
                                41.047267
                            ],
                            [
                                28.8463161,
                                41.0466585
                            ],
                            [
                                28.8463196,
                                41.046469
                            ],
                            [
                                28.8463692,
                                41.0463061
                            ],
                            [
                                28.8463904,
                                41.0460606
                            ],
                            [
                                28.8465355,
                                41.0456015
                            ],
                            [
                                28.8465886,
                                41.0454894
                            ],
                            [
                                28.8467939,
                                41.0451851
                            ],
                            [
                                28.8470204,
                                41.0445978
                            ],
                            [
                                28.847254,
                                41.0439519
                            ],
                            [
                                28.8473106,
                                41.0436716
                            ],
                            [
                                28.8473566,
                                41.0431618
                            ],
                            [
                                28.8475216,
                                41.0428762
                            ],
                            [
                                28.848725,
                                41.0432952
                            ],
                            [
                                28.8488506,
                                41.0434116
                            ],
                            [
                                28.8490613,
                                41.0434855
                            ],
                            [
                                28.8489446,
                                41.0438165
                            ],
                            [
                                28.8488596,
                                41.0440888
                            ],
                            [
                                28.8487534,
                                41.0450844
                            ],
                            [
                                28.848745,
                                41.0455219
                            ],
                            [
                                28.8487464,
                                41.0461574
                            ],
                            [
                                28.8488879,
                                41.0465044
                            ],
                            [
                                28.8491357,
                                41.0468114
                            ],
                            [
                                28.8492065,
                                41.0471931
                            ],
                            [
                                28.8492348,
                                41.0476869
                            ],
                            [
                                28.8491534,
                                41.0479912
                            ],
                            [
                                28.8487322,
                                41.0485383
                            ],
                            [
                                28.8484455,
                                41.0488319
                            ],
                            [
                                28.8481836,
                                41.0492723
                            ],
                            [
                                28.8479076,
                                41.050089
                            ],
                            [
                                28.8477483,
                                41.0506789
                            ],
                            [
                                28.8479146,
                                41.0512661
                            ],
                            [
                                28.8479076,
                                41.0514556
                            ],
                            [
                                28.8477837,
                                41.0517358
                            ],
                            [
                                28.8478049,
                                41.0519894
                            ],
                            [
                                28.8479713,
                                41.0524271
                            ],
                            [
                                28.848265,
                                41.0530569
                            ],
                            [
                                28.8487145,
                                41.0537135
                            ],
                            [
                                28.8488384,
                                41.0540151
                            ],
                            [
                                28.8489233,
                                41.0546743
                            ],
                            [
                                28.8489658,
                                41.0550186
                            ],
                            [
                                28.8491038,
                                41.0551894
                            ],
                            [
                                28.8491888,
                                41.0552855
                            ],
                            [
                                28.8493268,
                                41.0557658
                            ],
                            [
                                28.8494378,
                                41.0562961
                            ],
                            [
                                28.8484952,
                                41.0566851
                            ],
                            [
                                28.8480093,
                                41.0569223
                            ],
                            [
                                28.8471941,
                                41.0566615
                            ],
                            [
                                28.8464581,
                                41.0564396
                            ],
                            [
                                28.8450792,
                                41.0561187
                            ],
                            [
                                28.8441405,
                                41.0559426
                            ],
                            [
                                28.8428049,
                                41.0556644
                            ],
                            [
                                28.8420437,
                                41.0554742
                            ],
                            [
                                28.8408155,
                                41.0550939
                            ],
                            [
                                28.8396246,
                                41.0547171
                            ],
                            [
                                28.8383964,
                                41.0543473
                            ],
                            [
                                28.8379774,
                                41.0542046
                            ]
                        ]
                    ]
                ]
            }
        },
        {
            "type": "Feature",
            "properties": {
                "type": "relation",
                "id": 9424012,
                "tags": {
                    "admin_level": "8",
                    "boundary": "administrative",
                    "name": "Demirkapı Mahallesi",
                    "type": "boundary",
                    "wikidata": "Q6072187"
                }
            },
            "geometry": {
                "type": "MultiPolygon",
                "coordinates": [
                    [
                        [
                            [
                                28.8299718,
                                41.0529246
                            ],
                            [
                                28.8300139,
                                41.0528589
                            ],
                            [
                                28.8301189,
                                41.0525068
                            ],
                            [
                                28.8301656,
                                41.0519222
                            ],
                            [
                                28.8302287,
                                41.0508075
                            ],
                            [
                                28.83028,
                                41.0501102
                            ],
                            [
                                28.8303057,
                                41.0492139
                            ],
                            [
                                28.8303034,
                                41.0478298
                            ],
                            [
                                28.8302567,
                                41.0466165
                            ],
                            [
                                28.8301866,
                                41.0453925
                            ],
                            [
                                28.8302017,
                                41.045306
                            ],
                            [
                                28.8312117,
                                41.045426
                            ],
                            [
                                28.8316997,
                                41.045581
                            ],
                            [
                                28.83205,
                                41.045611
                            ],
                            [
                                28.8322718,
                                41.0456021
                            ],
                            [
                                28.832545,
                                41.0455546
                            ],
                            [
                                28.8328836,
                                41.0454736
                            ],
                            [
                                28.8331661,
                                41.0452711
                            ],
                            [
                                28.833472,
                                41.0449488
                            ],
                            [
                                28.8336751,
                                41.0448449
                            ],
                            [
                                28.8342776,
                                41.0444328
                            ],
                            [
                                28.8344223,
                                41.04438
                            ],
                            [
                                28.8347586,
                                41.0443677
                            ],
                            [
                                28.8349991,
                                41.0444328
                            ],
                            [
                                28.8351275,
                                41.0445948
                            ],
                            [
                                28.8351672,
                                41.0447357
                            ],
                            [
                                28.8350528,
                                41.0451566
                            ],
                            [
                                28.834943,
                                41.0454613
                            ],
                            [
                                28.8347936,
                                41.0457606
                            ],
                            [
                                28.8346768,
                                41.0460688
                            ],
                            [
                                28.8346442,
                                41.04634
                            ],
                            [
                                28.8347095,
                                41.046613
                            ],
                            [
                                28.834936,
                                41.0468982
                            ],
                            [
                                28.8350761,
                                41.0470074
                            ],
                            [
                                28.8354334,
                                41.0470532
                            ],
                            [
                                28.8358163,
                                41.0470479
                            ],
                            [
                                28.8364655,
                                41.0470145
                            ],
                            [
                                28.8369488,
                                41.0469247
                            ],
                            [
                                28.837257,
                                41.0468102
                            ],
                            [
                                28.8375302,
                                41.0466112
                            ],
                            [
                                28.8380719,
                                41.0461974
                            ],
                            [
                                28.8387211,
                                41.0456479
                            ],
                            [
                                28.8395383,
                                41.044947
                            ],
                            [
                                28.8406941,
                                41.0439203
                            ],
                            [
                                28.8411261,
                                41.0435699
                            ],
                            [
                                28.8413479,
                                41.0434942
                            ],
                            [
                                28.84238,
                                41.0435083
                            ],
                            [
                                28.8428563,
                                41.0439556
                            ],
                            [
                                28.8433887,
                                41.0442232
                            ],
                            [
                                28.8440729,
                                41.0443113
                            ],
                            [
                                28.8445912,
                                41.0442109
                            ],
                            [
                                28.8451003,
                                41.0439503
                            ],
                            [
                                28.8452824,
                                41.0437354
                            ],
                            [
                                28.8455509,
                                41.04351
                            ],
                            [
                                28.8458405,
                                41.0433304
                            ],
                            [
                                28.8461954,
                                41.0430627
                            ],
                            [
                                28.8463729,
                                41.0429334
                            ],
                            [
                                28.8463962,
                                41.0429165
                            ],
                            [
                                28.846604,
                                41.0427545
                            ],
                            [
                                28.8468282,
                                41.0426981
                            ],
                            [
                                28.847036,
                                41.0427228
                            ],
                            [
                                28.8475216,
                                41.0428762
                            ],
                            [
                                28.8473566,
                                41.0431618
                            ],
                            [
                                28.8473106,
                                41.0436716
                            ],
                            [
                                28.847254,
                                41.0439519
                            ],
                            [
                                28.8470204,
                                41.0445978
                            ],
                            [
                                28.8467939,
                                41.0451851
                            ],
                            [
                                28.8465886,
                                41.0454894
                            ],
                            [
                                28.8465355,
                                41.0456015
                            ],
                            [
                                28.8463904,
                                41.0460606
                            ],
                            [
                                28.8463692,
                                41.0463061
                            ],
                            [
                                28.8463196,
                                41.046469
                            ],
                            [
                                28.8463161,
                                41.0466585
                            ],
                            [
                                28.8460365,
                                41.047267
                            ],
                            [
                                28.8458418,
                                41.047582
                            ],
                            [
                                28.8453392,
                                41.0479343
                            ],
                            [
                                28.8447199,
                                41.0484788
                            ],
                            [
                                28.8441536,
                                41.0489486
                            ],
                            [
                                28.8431025,
                                41.0496692
                            ],
                            [
                                28.8420443,
                                41.0506915
                            ],
                            [
                                28.8414638,
                                41.0511105
                            ],
                            [
                                28.8400057,
                                41.0521007
                            ],
                            [
                                28.8388519,
                                41.052824
                            ],
                            [
                                28.83859,
                                41.0530242
                            ],
                            [
                                28.8384614,
                                41.0531671
                            ],
                            [
                                28.8382573,
                                41.0534538
                            ],
                            [
                                28.8380679,
                                41.0537968
                            ],
                            [
                                28.8380049,
                                41.0539253
                            ],
                            [
                                28.8379774,
                                41.0542046
                            ],
                            [
                                28.8377133,
                                41.0542427
                            ],
                            [
                                28.8369487,
                                41.0542769
                            ],
                            [
                                28.8365572,
                                41.0542478
                            ],
                            [
                                28.8361362,
                                41.0541642
                            ],
                            [
                                28.8354692,
                                41.0539896
                            ],
                            [
                                28.8347725,
                                41.0538226
                            ],
                            [
                                28.8339833,
                                41.0537663
                            ],
                            [
                                28.8328485,
                                41.0536254
                            ],
                            [
                                28.8318551,
                                41.0533753
                            ],
                            [
                                28.8308497,
                                41.053076
                            ],
                            [
                                28.8299718,
                                41.0529246
                            ]
                        ]
                    ]
                ]
            }
        },
        {
            "type": "Feature",
            "properties": {
                "type": "relation",
                "id": 9424080,
                "tags": {
                    "admin_level": "8",
                    "boundary": "administrative",
                    "name": "Kemalpaşa Mahallesi",
                    "population": "32198",
                    "type": "boundary",
                    "wikidata": "Q6068801",
                    "wikipedia": "tr:Kemalpaşa, Bağcılar"
                }
            },
            "geometry": {
                "type": "MultiPolygon",
                "coordinates": [
                    [
                        [
                            [
                                28.848745,
                                41.0455219
                            ],
                            [
                                28.8500688,
                                41.0456743
                            ],
                            [
                                28.850851,
                                41.0458804
                            ],
                            [
                                28.8518528,
                                41.0462097
                            ],
                            [
                                28.8522707,
                                41.0463893
                            ],
                            [
                                28.8527961,
                                41.0466429
                            ],
                            [
                                28.8529852,
                                41.0467538
                            ],
                            [
                                28.8536367,
                                41.04715
                            ],
                            [
                                28.8544353,
                                41.0477188
                            ],
                            [
                                28.854594,
                                41.0479988
                            ],
                            [
                                28.8548532,
                                41.0484038
                            ],
                            [
                                28.8552502,
                                41.0490325
                            ],
                            [
                                28.855444,
                                41.0492702
                            ],
                            [
                                28.8556168,
                                41.0494181
                            ],
                            [
                                28.8558269,
                                41.049508
                            ],
                            [
                                28.8560534,
                                41.0495907
                            ],
                            [
                                28.8558316,
                                41.0499165
                            ],
                            [
                                28.8553366,
                                41.0497386
                            ],
                            [
                                28.8545006,
                                41.0507828
                            ],
                            [
                                28.8551288,
                                41.0519274
                            ],
                            [
                                28.8558563,
                                41.0529546
                            ],
                            [
                                28.856459,
                                41.0540613
                            ],
                            [
                                28.8557336,
                                41.0541373
                            ],
                            [
                                28.8551606,
                                41.0542475
                            ],
                            [
                                28.854723,
                                41.0543095
                            ],
                            [
                                28.8549089,
                                41.0549371
                            ],
                            [
                                28.8534893,
                                41.0551858
                            ],
                            [
                                28.852549,
                                41.055383
                            ],
                            [
                                28.8516526,
                                41.0555835
                            ],
                            [
                                28.850778,
                                41.0558363
                            ],
                            [
                                28.8503558,
                                41.0559673
                            ],
                            [
                                28.8496324,
                                41.0562158
                            ],
                            [
                                28.8494378,
                                41.0562961
                            ],
                            [
                                28.8493268,
                                41.0557658
                            ],
                            [
                                28.8491888,
                                41.0552855
                            ],
                            [
                                28.8491038,
                                41.0551894
                            ],
                            [
                                28.8489658,
                                41.0550186
                            ],
                            [
                                28.8489233,
                                41.0546743
                            ],
                            [
                                28.8488384,
                                41.0540151
                            ],
                            [
                                28.8487145,
                                41.0537135
                            ],
                            [
                                28.848265,
                                41.0530569
                            ],
                            [
                                28.8479713,
                                41.0524271
                            ],
                            [
                                28.8478049,
                                41.0519894
                            ],
                            [
                                28.8477837,
                                41.0517358
                            ],
                            [
                                28.8479076,
                                41.0514556
                            ],
                            [
                                28.8479146,
                                41.0512661
                            ],
                            [
                                28.8477483,
                                41.0506789
                            ],
                            [
                                28.8479076,
                                41.050089
                            ],
                            [
                                28.8481836,
                                41.0492723
                            ],
                            [
                                28.8484455,
                                41.0488319
                            ],
                            [
                                28.8487322,
                                41.0485383
                            ],
                            [
                                28.8491534,
                                41.0479912
                            ],
                            [
                                28.8492348,
                                41.0476869
                            ],
                            [
                                28.8492065,
                                41.0471931
                            ],
                            [
                                28.8491357,
                                41.0468114
                            ],
                            [
                                28.8488879,
                                41.0465044
                            ],
                            [
                                28.8487464,
                                41.0461574
                            ],
                            [
                                28.848745,
                                41.0455219
                            ]
                        ]
                    ]
                ]
            }
        },
        {
            "type": "Feature",
            "properties": {
                "type": "relation",
                "id": 9424081,
                "tags": {
                    "admin_level": "8",
                    "boundary": "administrative",
                    "name": "Fevzi Çakmak Mahallesi",
                    "type": "boundary",
                    "wikidata": "Q6072615"
                }
            },
            "geometry": {
                "type": "MultiPolygon",
                "coordinates": [
                    [
                        [
                            [
                                28.848745,
                                41.0455219
                            ],
                            [
                                28.8487534,
                                41.0450844
                            ],
                            [
                                28.8488596,
                                41.0440888
                            ],
                            [
                                28.8489446,
                                41.0438165
                            ],
                            [
                                28.8490613,
                                41.0434855
                            ],
                            [
                                28.8495031,
                                41.0435758
                            ],
                            [
                                28.8499141,
                                41.0436004
                            ],
                            [
                                28.850248,
                                41.0435406
                            ],
                            [
                                28.8504978,
                                41.0433926
                            ],
                            [
                                28.8506263,
                                41.0432852
                            ],
                            [
                                28.851318,
                                41.0430083
                            ],
                            [
                                28.8518347,
                                41.0428268
                            ],
                            [
                                28.8526045,
                                41.0424918
                            ],
                            [
                                28.8532107,
                                41.0422175
                            ],
                            [
                                28.8535866,
                                41.0420474
                            ],
                            [
                                28.8539387,
                                41.0419112
                            ],
                            [
                                28.8547012,
                                41.0415882
                            ],
                            [
                                28.8552838,
                                41.0413768
                            ],
                            [
                                28.8563848,
                                41.0409929
                            ],
                            [
                                28.8574098,
                                41.0406724
                            ],
                            [
                                28.8578477,
                                41.0405808
                            ],
                            [
                                28.8583508,
                                41.0405461
                            ],
                            [
                                28.8593298,
                                41.0404612
                            ],
                            [
                                28.8599145,
                                41.0403843
                            ],
                            [
                                28.8611078,
                                41.040265
                            ],
                            [
                                28.8609331,
                                41.0407575
                            ],
                            [
                                28.8606644,
                                41.04134
                            ],
                            [
                                28.8606055,
                                41.0415006
                            ],
                            [
                                28.8605086,
                                41.0417678
                            ],
                            [
                                28.8601607,
                                41.0427498
                            ],
                            [
                                28.8599608,
                                41.0427206
                            ],
                            [
                                28.8593461,
                                41.0427262
                            ],
                            [
                                28.8593923,
                                41.0430823
                            ],
                            [
                                28.8594421,
                                41.043298
                            ],
                            [
                                28.859461,
                                41.0433761
                            ],
                            [
                                28.8596875,
                                41.0443115
                            ],
                            [
                                28.8597839,
                                41.0447749
                            ],
                            [
                                28.859792,
                                41.0451607
                            ],
                            [
                                28.859842,
                                41.0463967
                            ],
                            [
                                28.8599491,
                                41.0480885
                            ],
                            [
                                28.8599313,
                                41.0483265
                            ],
                            [
                                28.8599172,
                                41.0483761
                            ],
                            [
                                28.8598474,
                                41.048597
                            ],
                            [
                                28.8597098,
                                41.0488814
                            ],
                            [
                                28.8590224,
                                41.0499926
                            ],
                            [
                                28.8588322,
                                41.0503593
                            ],
                            [
                                28.857684,
                                41.052484
                            ],
                            [
                                28.8575219,
                                41.0527012
                            ],
                            [
                                28.8570153,
                                41.0534988
                            ],
                            [
                                28.8568143,
                                41.054039
                            ],
                            [
                                28.856459,
                                41.0540613
                            ],
                            [
                                28.8558563,
                                41.0529546
                            ],
                            [
                                28.8551288,
                                41.0519274
                            ],
                            [
                                28.8545006,
                                41.0507828
                            ],
                            [
                                28.8553366,
                                41.0497386
                            ],
                            [
                                28.8558316,
                                41.0499165
                            ],
                            [
                                28.8560534,
                                41.0495907
                            ],
                            [
                                28.8558269,
                                41.049508
                            ],
                            [
                                28.8556168,
                                41.0494181
                            ],
                            [
                                28.855444,
                                41.0492702
                            ],
                            [
                                28.8552502,
                                41.0490325
                            ],
                            [
                                28.8548532,
                                41.0484038
                            ],
                            [
                                28.854594,
                                41.0479988
                            ],
                            [
                                28.8544353,
                                41.0477188
                            ],
                            [
                                28.8536367,
                                41.04715
                            ],
                            [
                                28.8529852,
                                41.0467538
                            ],
                            [
                                28.8527961,
                                41.0466429
                            ],
                            [
                                28.8522707,
                                41.0463893
                            ],
                            [
                                28.8518528,
                                41.0462097
                            ],
                            [
                                28.850851,
                                41.0458804
                            ],
                            [
                                28.8500688,
                                41.0456743
                            ],
                            [
                                28.848745,
                                41.0455219
                            ]
                        ]
                    ]
                ]
            }
        },
        {
            "type": "Feature",
            "properties": {
                "type": "relation",
                "id": 9424082,
                "tags": {
                    "admin_level": "8",
                    "alt_name": "Evren Mahallesi",
                    "boundary": "administrative",
                    "name": "15 Temmuz Mahallesi",
                    "type": "boundary",
                    "wikidata": "Q6071402"
                }
            },
            "geometry": {
                "type": "MultiPolygon",
                "coordinates": [
                    [
                        [
                            [
                                28.8079769,
                                41.0457908
                            ],
                            [
                                28.808036,
                                41.0454304
                            ],
                            [
                                28.8081844,
                                41.0445857
                            ],
                            [
                                28.8083857,
                                41.0437472
                            ],
                            [
                                28.8087143,
                                41.0428885
                            ],
                            [
                                28.8090143,
                                41.0420336
                            ],
                            [
                                28.8095136,
                                41.0409328
                            ],
                            [
                                28.8099771,
                                41.0398897
                            ],
                            [
                                28.8101196,
                                41.0394453
                            ],
                            [
                                28.8104123,
                                41.0386139
                            ],
                            [
                                28.8106629,
                                41.0375969
                            ],
                            [
                                28.8107671,
                                41.03698
                            ],
                            [
                                28.8107894,
                                41.0367584
                            ],
                            [
                                28.8108245,
                                41.0363545
                            ],
                            [
                                28.8108327,
                                41.0358474
                            ],
                            [
                                28.8108384,
                                41.035661
                            ],
                            [
                                28.8108069,
                                41.0350985
                            ],
                            [
                                28.8107265,
                                41.0339377
                            ],
                            [
                                28.8107393,
                                41.0318968
                            ],
                            [
                                28.8107411,
                                41.0308654
                            ],
                            [
                                28.8107477,
                                41.0304368
                            ],
                            [
                                28.8107764,
                                41.029893
                            ],
                            [
                                28.810786,
                                41.0293905
                            ],
                            [
                                28.8108115,
                                41.0290362
                            ],
                            [
                                28.8108466,
                                41.0284936
                            ],
                            [
                                28.8109008,
                                41.0280445
                            ],
                            [
                                28.8109286,
                                41.0276649
                            ],
                            [
                                28.8109631,
                                41.0271706
                            ],
                            [
                                28.8134019,
                                41.0266634
                            ],
                            [
                                28.8131832,
                                41.0271382
                            ],
                            [
                                28.8124595,
                                41.0282769
                            ],
                            [
                                28.8123031,
                                41.0285872
                            ],
                            [
                                28.8122921,
                                41.028684
                            ],
                            [
                                28.8123158,
                                41.028783
                            ],
                            [
                                28.8126976,
                                41.0289209
                            ],
                            [
                                28.8134934,
                                41.0292805
                            ],
                            [
                                28.8145427,
                                41.02975
                            ],
                            [
                                28.8152106,
                                41.0300842
                            ],
                            [
                                28.8176569,
                                41.0309779
                            ],
                            [
                                28.8186428,
                                41.0312103
                            ],
                            [
                                28.8234267,
                                41.0317223
                            ],
                            [
                                28.8233302,
                                41.032216
                            ],
                            [
                                28.8232551,
                                41.0326206
                            ],
                            [
                                28.8229225,
                                41.0338265
                            ],
                            [
                                28.8228903,
                                41.034652
                            ],
                            [
                                28.8229332,
                                41.0356393
                            ],
                            [
                                28.8230727,
                                41.0360521
                            ],
                            [
                                28.8237379,
                                41.0372093
                            ],
                            [
                                28.8251326,
                                41.0390948
                            ],
                            [
                                28.825103,
                                41.0400954
                            ],
                            [
                                28.8248108,
                                41.0417248
                            ],
                            [
                                28.8240383,
                                41.0417976
                            ],
                            [
                                28.8237915,
                                41.0419109
                            ],
                            [
                                28.8234375,
                                41.0423964
                            ],
                            [
                                28.8230405,
                                41.0436669
                            ],
                            [
                                28.8231466,
                                41.0447595
                            ],
                            [
                                28.821175,
                                41.0444194
                            ],
                            [
                                28.8198862,
                                41.0442232
                            ],
                            [
                                28.8192561,
                                41.0442753
                            ],
                            [
                                28.8187886,
                                41.0444501
                            ],
                            [
                                28.8183254,
                                41.0447271
                            ],
                            [
                                28.8174673,
                                41.0451032
                            ],
                            [
                                28.8164468,
                                41.0451982
                            ],
                            [
                                28.8142637,
                                41.0453055
                            ],
                            [
                                28.8131335,
                                41.0453669
                            ],
                            [
                                28.812357,
                                41.0453485
                            ],
                            [
                                28.8117716,
                                41.0453761
                            ],
                            [
                                28.8114423,
                                41.0454006
                            ],
                            [
                                28.8106528,
                                41.0455009
                            ],
                            [
                                28.8099957,
                                41.0456268
                            ],
                            [
                                28.8092796,
                                41.0457287
                            ],
                            [
                                28.8079769,
                                41.0457908
                            ]
                        ]
                    ]
                ]
            }
        },
        {
            "type": "Feature",
            "properties": {
                "type": "relation",
                "id": 9424874,
                "tags": {
                    "admin_level": "8",
                    "alt_name": "Yeni Mahalle",
                    "boundary": "administrative",
                    "name": "Yenimahalle Mahallesi",
                    "type": "boundary",
                    "wikidata": "Q6097835",
                    "wikimedia_commons": "Category:Yenimahalle, Bağcılar",
                    "wikipedia": "tr:Yenimahalle, Bağcılar"
                }
            },
            "geometry": {
                "type": "MultiPolygon",
                "coordinates": [
                    [
                        [
                            [
                                28.8302017,
                                41.045306
                            ],
                            [
                                28.8303039,
                                41.0450748
                            ],
                            [
                                28.831955,
                                41.0424611
                            ],
                            [
                                28.8327072,
                                41.0411422
                            ],
                            [
                                28.8342345,
                                41.0382129
                            ],
                            [
                                28.8342629,
                                41.0378891
                            ],
                            [
                                28.8349645,
                                41.038061
                            ],
                            [
                                28.837042,
                                41.0382132
                            ],
                            [
                                28.8377251,
                                41.0382879
                            ],
                            [
                                28.8406272,
                                41.0391208
                            ],
                            [
                                28.84205,
                                41.0394732
                            ],
                            [
                                28.843317,
                                41.0397988
                            ],
                            [
                                28.843993,
                                41.039991
                            ],
                            [
                                28.8444142,
                                41.0402099
                            ],
                            [
                                28.844853,
                                41.0405062
                            ],
                            [
                                28.8456139,
                                41.0412243
                            ],
                            [
                                28.8458652,
                                41.0413097
                            ],
                            [
                                28.8459325,
                                41.0422146
                            ],
                            [
                                28.8462828,
                                41.0421986
                            ],
                            [
                                28.846309,
                                41.0425003
                            ],
                            [
                                28.8463729,
                                41.0429334
                            ],
                            [
                                28.8461954,
                                41.0430627
                            ],
                            [
                                28.8458405,
                                41.0433304
                            ],
                            [
                                28.8455509,
                                41.04351
                            ],
                            [
                                28.8452824,
                                41.0437354
                            ],
                            [
                                28.8451003,
                                41.0439503
                            ],
                            [
                                28.8445912,
                                41.0442109
                            ],
                            [
                                28.8440729,
                                41.0443113
                            ],
                            [
                                28.8433887,
                                41.0442232
                            ],
                            [
                                28.8428563,
                                41.0439556
                            ],
                            [
                                28.84238,
                                41.0435083
                            ],
                            [
                                28.8413479,
                                41.0434942
                            ],
                            [
                                28.8411261,
                                41.0435699
                            ],
                            [
                                28.8406941,
                                41.0439203
                            ],
                            [
                                28.8395383,
                                41.044947
                            ],
                            [
                                28.8387211,
                                41.0456479
                            ],
                            [
                                28.8380719,
                                41.0461974
                            ],
                            [
                                28.8375302,
                                41.0466112
                            ],
                            [
                                28.837257,
                                41.0468102
                            ],
                            [
                                28.8369488,
                                41.0469247
                            ],
                            [
                                28.8364655,
                                41.0470145
                            ],
                            [
                                28.8358163,
                                41.0470479
                            ],
                            [
                                28.8354334,
                                41.0470532
                            ],
                            [
                                28.8350761,
                                41.0470074
                            ],
                            [
                                28.834936,
                                41.0468982
                            ],
                            [
                                28.8347095,
                                41.046613
                            ],
                            [
                                28.8346442,
                                41.04634
                            ],
                            [
                                28.8346768,
                                41.0460688
                            ],
                            [
                                28.8347936,
                                41.0457606
                            ],
                            [
                                28.834943,
                                41.0454613
                            ],
                            [
                                28.8350528,
                                41.0451566
                            ],
                            [
                                28.8351672,
                                41.0447357
                            ],
                            [
                                28.8351275,
                                41.0445948
                            ],
                            [
                                28.8349991,
                                41.0444328
                            ],
                            [
                                28.8347586,
                                41.0443677
                            ],
                            [
                                28.8344223,
                                41.04438
                            ],
                            [
                                28.8342776,
                                41.0444328
                            ],
                            [
                                28.8336751,
                                41.0448449
                            ],
                            [
                                28.833472,
                                41.0449488
                            ],
                            [
                                28.8331661,
                                41.0452711
                            ],
                            [
                                28.8328836,
                                41.0454736
                            ],
                            [
                                28.832545,
                                41.0455546
                            ],
                            [
                                28.8322718,
                                41.0456021
                            ],
                            [
                                28.83205,
                                41.045611
                            ],
                            [
                                28.8316997,
                                41.045581
                            ],
                            [
                                28.8312117,
                                41.045426
                            ],
                            [
                                28.8302017,
                                41.045306
                            ]
                        ]
                    ]
                ]
            }
        },
        {
            "type": "Feature",
            "properties": {
                "type": "relation",
                "id": 9424883,
                "tags": {
                    "admin_level": "8",
                    "alt_name": "Yavuzselim Mahallesi",
                    "boundary": "administrative",
                    "name": "Yavuz Selim Mahallesi",
                    "type": "boundary",
                    "wikidata": "Q6072090"
                }
            },
            "geometry": {
                "type": "MultiPolygon",
                "coordinates": [
                    [
                        [
                            [
                                28.8458652,
                                41.0413097
                            ],
                            [
                                28.8458022,
                                41.0409112
                            ],
                            [
                                28.8464349,
                                41.0408055
                            ],
                            [
                                28.8461384,
                                41.0398651
                            ],
                            [
                                28.8460287,
                                41.0395692
                            ],
                            [
                                28.8458652,
                                41.0389739
                            ],
                            [
                                28.8456647,
                                41.0381104
                            ],
                            [
                                28.845578,
                                41.0379912
                            ],
                            [
                                28.8454566,
                                41.0370031
                            ],
                            [
                                28.8454216,
                                41.0358512
                            ],
                            [
                                28.846108,
                                41.0358266
                            ],
                            [
                                28.8465984,
                                41.0357632
                            ],
                            [
                                28.8463509,
                                41.0350569
                            ],
                            [
                                28.8463672,
                                41.0349213
                            ],
                            [
                                28.8468062,
                                41.0342766
                            ],
                            [
                                28.8476748,
                                41.0329239
                            ],
                            [
                                28.8481442,
                                41.0321841
                            ],
                            [
                                28.8485258,
                                41.0323098
                            ],
                            [
                                28.8489711,
                                41.0325405
                            ],
                            [
                                28.8493171,
                                41.0327266
                            ],
                            [
                                28.8500681,
                                41.0329775
                            ],
                            [
                                28.8506568,
                                41.033085
                            ],
                            [
                                28.8511758,
                                41.0331798
                            ],
                            [
                                28.8518196,
                                41.0332486
                            ],
                            [
                                28.8522434,
                                41.0333336
                            ],
                            [
                                28.8526725,
                                41.0334368
                            ],
                            [
                                28.8529568,
                                41.0335561
                            ],
                            [
                                28.853394,
                                41.033714
                            ],
                            [
                                28.8536435,
                                41.0337989
                            ],
                            [
                                28.8551536,
                                41.0339284
                            ],
                            [
                                28.8566155,
                                41.033842
                            ],
                            [
                                28.8567522,
                                41.0345657
                            ],
                            [
                                28.8553145,
                                41.0347013
                            ],
                            [
                                28.8549283,
                                41.0348793
                            ],
                            [
                                28.8542389,
                                41.0354054
                            ],
                            [
                                28.8537991,
                                41.0358687
                            ],
                            [
                                28.8531791,
                                41.0365852
                            ],
                            [
                                28.8528646,
                                41.0371823
                            ],
                            [
                                28.852769,
                                41.0374746
                            ],
                            [
                                28.8525761,
                                41.0381313
                            ],
                            [
                                28.852362,
                                41.0389535
                            ],
                            [
                                28.8521939,
                                41.0392819
                            ],
                            [
                                28.8519869,
                                41.0398291
                            ],
                            [
                                28.8517692,
                                41.0404404
                            ],
                            [
                                28.8515834,
                                41.0410584
                            ],
                            [
                                28.851256,
                                41.0420607
                            ],
                            [
                                28.8510118,
                                41.0425185
                            ],
                            [
                                28.8507411,
                                41.0430217
                            ],
                            [
                                28.8506263,
                                41.0432852
                            ],
                            [
                                28.8504978,
                                41.0433926
                            ],
                            [
                                28.850248,
                                41.0435406
                            ],
                            [
                                28.8499141,
                                41.0436004
                            ],
                            [
                                28.8495031,
                                41.0435758
                            ],
                            [
                                28.8490613,
                                41.0434855
                            ],
                            [
                                28.8488506,
                                41.0434116
                            ],
                            [
                                28.848725,
                                41.0432952
                            ],
                            [
                                28.8475216,
                                41.0428762
                            ],
                            [
                                28.847036,
                                41.0427228
                            ],
                            [
                                28.8468282,
                                41.0426981
                            ],
                            [
                                28.846604,
                                41.0427545
                            ],
                            [
                                28.8463962,
                                41.0429165
                            ],
                            [
                                28.8463729,
                                41.0429334
                            ],
                            [
                                28.846309,
                                41.0425003
                            ],
                            [
                                28.8462828,
                                41.0421986
                            ],
                            [
                                28.8459325,
                                41.0422146
                            ],
                            [
                                28.8458652,
                                41.0413097
                            ]
                        ]
                    ]
                ]
            }
        },
        {
            "type": "Feature",
            "properties": {
                "type": "relation",
                "id": 9424884,
                "tags": {
                    "admin_level": "8",
                    "boundary": "administrative",
                    "name": "Kirazlı Mahallesi",
                    "type": "boundary",
                    "wikidata": "Q6071224"
                }
            },
            "geometry": {
                "type": "MultiPolygon",
                "coordinates": [
                    [
                        [
                            [
                                28.8342629,
                                41.0378891
                            ],
                            [
                                28.8340483,
                                41.0362867
                            ],
                            [
                                28.8334904,
                                41.0342797
                            ],
                            [
                                28.8336513,
                                41.0331224
                            ],
                            [
                                28.8339136,
                                41.0322838
                            ],
                            [
                                28.8344573,
                                41.0310004
                            ],
                            [
                                28.8346332,
                                41.0309833
                            ],
                            [
                                28.8351902,
                                41.0309541
                            ],
                            [
                                28.836422,
                                41.0309725
                            ],
                            [
                                28.8372311,
                                41.0308759
                            ],
                            [
                                28.8375441,
                                41.030787
                            ],
                            [
                                28.8382779,
                                41.0306597
                            ],
                            [
                                28.8387475,
                                41.0306045
                            ],
                            [
                                28.8392999,
                                41.0304781
                            ],
                            [
                                28.8398486,
                                41.0304515
                            ],
                            [
                                28.8404926,
                                41.0304492
                            ],
                            [
                                28.8410811,
                                41.0305189
                            ],
                            [
                                28.8414785,
                                41.0306932
                            ],
                            [
                                28.8422241,
                                41.0310511
                            ],
                            [
                                28.8427602,
                                41.0313138
                            ],
                            [
                                28.8431885,
                                41.031423
                            ],
                            [
                                28.8442792,
                                41.0315044
                            ],
                            [
                                28.8447136,
                                41.0315718
                            ],
                            [
                                28.8460785,
                                41.0318971
                            ],
                            [
                                28.8468334,
                                41.0320761
                            ],
                            [
                                28.8478204,
                                41.0321763
                            ],
                            [
                                28.8481442,
                                41.0321841
                            ],
                            [
                                28.8476748,
                                41.0329239
                            ],
                            [
                                28.8468062,
                                41.0342766
                            ],
                            [
                                28.8463672,
                                41.0349213
                            ],
                            [
                                28.8463509,
                                41.0350569
                            ],
                            [
                                28.8465984,
                                41.0357632
                            ],
                            [
                                28.846108,
                                41.0358266
                            ],
                            [
                                28.8454216,
                                41.0358512
                            ],
                            [
                                28.8454566,
                                41.0370031
                            ],
                            [
                                28.845578,
                                41.0379912
                            ],
                            [
                                28.8456647,
                                41.0381104
                            ],
                            [
                                28.8458652,
                                41.0389739
                            ],
                            [
                                28.8460287,
                                41.0395692
                            ],
                            [
                                28.8461384,
                                41.0398651
                            ],
                            [
                                28.8464349,
                                41.0408055
                            ],
                            [
                                28.8458022,
                                41.0409112
                            ],
                            [
                                28.8458652,
                                41.0413097
                            ],
                            [
                                28.8456139,
                                41.0412243
                            ],
                            [
                                28.844853,
                                41.0405062
                            ],
                            [
                                28.8444142,
                                41.0402099
                            ],
                            [
                                28.843993,
                                41.039991
                            ],
                            [
                                28.843317,
                                41.0397988
                            ],
                            [
                                28.84205,
                                41.0394732
                            ],
                            [
                                28.8406272,
                                41.0391208
                            ],
                            [
                                28.8377251,
                                41.0382879
                            ],
                            [
                                28.837042,
                                41.0382132
                            ],
                            [
                                28.8349645,
                                41.038061
                            ],
                            [
                                28.8342629,
                                41.0378891
                            ]
                        ]
                    ]
                ]
            }
        },
        {
            "type": "Feature",
            "properties": {
                "type": "relation",
                "id": 9424885,
                "tags": {
                    "admin_level": "8",
                    "boundary": "administrative",
                    "name": "İnönü Mahallesi",
                    "type": "boundary",
                    "wikidata": "Q6070193",
                    "wikipedia": "tr:İnönü, Bağcılar"
                }
            },
            "geometry": {
                "type": "MultiPolygon",
                "coordinates": [
                    [
                        [
                            [
                                28.8475377,
                                41.0242509
                            ],
                            [
                                28.8478438,
                                41.0243313
                            ],
                            [
                                28.8482097,
                                41.0244847
                            ],
                            [
                                28.8485227,
                                41.0246165
                            ],
                            [
                                28.849474,
                                41.0252928
                            ],
                            [
                                28.8503298,
                                41.0258848
                            ],
                            [
                                28.8510067,
                                41.0264782
                            ],
                            [
                                28.8512242,
                                41.0265825
                            ],
                            [
                                28.8518381,
                                41.0269996
                            ],
                            [
                                28.8519072,
                                41.0270855
                            ],
                            [
                                28.8525577,
                                41.0276069
                            ],
                            [
                                28.8529663,
                                41.0279795
                            ],
                            [
                                28.8532468,
                                41.0282203
                            ],
                            [
                                28.8539542,
                                41.0288674
                            ],
                            [
                                28.854131,
                                41.02901
                            ],
                            [
                                28.8546514,
                                41.0295391
                            ],
                            [
                                28.8548018,
                                41.0296755
                            ],
                            [
                                28.8552043,
                                41.0299163
                            ],
                            [
                                28.8556393,
                                41.0300451
                            ],
                            [
                                28.8565642,
                                41.0301616
                            ],
                            [
                                28.856528,
                                41.0302705
                            ],
                            [
                                28.8563878,
                                41.0307086
                            ],
                            [
                                28.8563108,
                                41.0310271
                            ],
                            [
                                28.8562615,
                                41.0313501
                            ],
                            [
                                28.8562615,
                                41.0316069
                            ],
                            [
                                28.8562862,
                                41.031837
                            ],
                            [
                                28.8563432,
                                41.03226
                            ],
                            [
                                28.8564387,
                                41.0328573
                            ],
                            [
                                28.8566155,
                                41.033842
                            ],
                            [
                                28.8551536,
                                41.0339284
                            ],
                            [
                                28.8536435,
                                41.0337989
                            ],
                            [
                                28.853394,
                                41.033714
                            ],
                            [
                                28.8529568,
                                41.0335561
                            ],
                            [
                                28.8526725,
                                41.0334368
                            ],
                            [
                                28.8522434,
                                41.0333336
                            ],
                            [
                                28.8518196,
                                41.0332486
                            ],
                            [
                                28.8511758,
                                41.0331798
                            ],
                            [
                                28.8506568,
                                41.033085
                            ],
                            [
                                28.8500681,
                                41.0329775
                            ],
                            [
                                28.8493171,
                                41.0327266
                            ],
                            [
                                28.8489711,
                                41.0325405
                            ],
                            [
                                28.8485258,
                                41.0323098
                            ],
                            [
                                28.8481442,
                                41.0321841
                            ],
                            [
                                28.8482496,
                                41.0318242
                            ],
                            [
                                28.8483761,
                                41.0313102
                            ],
                            [
                                28.8484056,
                                41.0309763
                            ],
                            [
                                28.8483386,
                                41.0306607
                            ],
                            [
                                28.8481803,
                                41.0304058
                            ],
                            [
                                28.8471611,
                                41.0294305
                            ],
                            [
                                28.8467373,
                                41.0285483
                            ],
                            [
                                28.8467802,
                                41.0282347
                            ],
                            [
                                28.8471074,
                                41.027658
                            ],
                            [
                                28.847212,
                                41.0273565
                            ],
                            [
                                28.8472496,
                                41.026798
                            ],
                            [
                                28.8473757,
                                41.0256912
                            ],
                            [
                                28.8475232,
                                41.0248494
                            ],
                            [
                                28.8475377,
                                41.0242509
                            ]
                        ]
                    ]
                ]
            }
        },
        {
            "type": "Feature",
            "properties": {
                "type": "relation",
                "id": 9424886,
                "tags": {
                    "admin_level": "8",
                    "boundary": "administrative",
                    "name": "Kâzım Karabekir Mahallesi",
                    "population": "26879",
                    "type": "boundary",
                    "wikidata": "Q6071089",
                    "wikipedia": "tr:Kâzım Karabekir, Bağcılar"
                }
            },
            "geometry": {
                "type": "MultiPolygon",
                "coordinates": [
                    [
                        [
                            [
                                28.8392999,
                                41.0304781
                            ],
                            [
                                28.8393375,
                                41.0301184
                            ],
                            [
                                28.839616,
                                41.029295
                            ],
                            [
                                28.8397339,
                                41.029065
                            ],
                            [
                                28.8400246,
                                41.0285957
                            ],
                            [
                                28.8402055,
                                41.0284807
                            ],
                            [
                                28.8403824,
                                41.0281219
                            ],
                            [
                                28.8406019,
                                41.027553
                            ],
                            [
                                28.8407706,
                                41.0272401
                            ],
                            [
                                28.8410389,
                                41.0268767
                            ],
                            [
                                28.8417809,
                                41.0259873
                            ],
                            [
                                28.8419902,
                                41.0256928
                            ],
                            [
                                28.8420533,
                                41.0255349
                            ],
                            [
                                28.8422647,
                                41.025268
                            ],
                            [
                                28.8427383,
                                41.0246684
                            ],
                            [
                                28.8430371,
                                41.0241578
                            ],
                            [
                                28.8433197,
                                41.0236363
                            ],
                            [
                                28.8435331,
                                41.0233588
                            ],
                            [
                                28.8439051,
                                41.022888
                            ],
                            [
                                28.8440413,
                                41.0226395
                            ],
                            [
                                28.8441856,
                                41.0223543
                            ],
                            [
                                28.8443489,
                                41.0219954
                            ],
                            [
                                28.8445289,
                                41.0216241
                            ],
                            [
                                28.8452308,
                                41.0224199
                            ],
                            [
                                28.8456631,
                                41.0228247
                            ],
                            [
                                28.8462511,
                                41.0233099
                            ],
                            [
                                28.84706,
                                41.0239595
                            ],
                            [
                                28.8471654,
                                41.0240397
                            ],
                            [
                                28.8474295,
                                41.0242114
                            ],
                            [
                                28.8475377,
                                41.0242509
                            ],
                            [
                                28.8475232,
                                41.0248494
                            ],
                            [
                                28.8473757,
                                41.0256912
                            ],
                            [
                                28.8472496,
                                41.026798
                            ],
                            [
                                28.847212,
                                41.0273565
                            ],
                            [
                                28.8471074,
                                41.027658
                            ],
                            [
                                28.8467802,
                                41.0282347
                            ],
                            [
                                28.8467373,
                                41.0285483
                            ],
                            [
                                28.8471611,
                                41.0294305
                            ],
                            [
                                28.8481803,
                                41.0304058
                            ],
                            [
                                28.8483386,
                                41.0306607
                            ],
                            [
                                28.8484056,
                                41.0309763
                            ],
                            [
                                28.8483761,
                                41.0313102
                            ],
                            [
                                28.8482496,
                                41.0318242
                            ],
                            [
                                28.8481442,
                                41.0321841
                            ],
                            [
                                28.8478204,
                                41.0321763
                            ],
                            [
                                28.8468334,
                                41.0320761
                            ],
                            [
                                28.8460785,
                                41.0318971
                            ],
                            [
                                28.8447136,
                                41.0315718
                            ],
                            [
                                28.8442792,
                                41.0315044
                            ],
                            [
                                28.8431885,
                                41.031423
                            ],
                            [
                                28.8427602,
                                41.0313138
                            ],
                            [
                                28.8422241,
                                41.0310511
                            ],
                            [
                                28.8414785,
                                41.0306932
                            ],
                            [
                                28.8410811,
                                41.0305189
                            ],
                            [
                                28.8404926,
                                41.0304492
                            ],
                            [
                                28.8398486,
                                41.0304515
                            ],
                            [
                                28.8392999,
                                41.0304781
                            ]
                        ]
                    ]
                ]
            }
        },
        {
            "type": "Feature",
            "properties": {
                "type": "relation",
                "id": 9424887,
                "tags": {
                    "admin_level": "8",
                    "boundary": "administrative",
                    "name": "Sancaktepe Mahallesi",
                    "type": "boundary",
                    "wikidata": "Q6069933",
                    "wikimedia_commons": "Category:Sancaktepe, Bağcılar",
                    "wikipedia": "tr:Sancaktepe, Bağcılar"
                }
            },
            "geometry": {
                "type": "MultiPolygon",
                "coordinates": [
                    [
                        [
                            [
                                28.8506263,
                                41.0432852
                            ],
                            [
                                28.8507411,
                                41.0430217
                            ],
                            [
                                28.8510118,
                                41.0425185
                            ],
                            [
                                28.851256,
                                41.0420607
                            ],
                            [
                                28.8515834,
                                41.0410584
                            ],
                            [
                                28.8517692,
                                41.0404404
                            ],
                            [
                                28.8519869,
                                41.0398291
                            ],
                            [
                                28.8521939,
                                41.0392819
                            ],
                            [
                                28.852362,
                                41.0389535
                            ],
                            [
                                28.8525761,
                                41.0381313
                            ],
                            [
                                28.852769,
                                41.0374746
                            ],
                            [
                                28.8528646,
                                41.0371823
                            ],
                            [
                                28.8531791,
                                41.0365852
                            ],
                            [
                                28.8537991,
                                41.0358687
                            ],
                            [
                                28.8542389,
                                41.0354054
                            ],
                            [
                                28.8549283,
                                41.0348793
                            ],
                            [
                                28.8553145,
                                41.0347013
                            ],
                            [
                                28.8567522,
                                41.0345657
                            ],
                            [
                                28.8582784,
                                41.0344353
                            ],
                            [
                                28.8583722,
                                41.0350291
                            ],
                            [
                                28.8585653,
                                41.0360245
                            ],
                            [
                                28.858737,
                                41.036943
                            ],
                            [
                                28.8589382,
                                41.0378777
                            ],
                            [
                                28.8590615,
                                41.0387112
                            ],
                            [
                                28.8593298,
                                41.0404612
                            ],
                            [
                                28.8583508,
                                41.0405461
                            ],
                            [
                                28.8578477,
                                41.0405808
                            ],
                            [
                                28.8574098,
                                41.0406724
                            ],
                            [
                                28.8563848,
                                41.0409929
                            ],
                            [
                                28.8552838,
                                41.0413768
                            ],
                            [
                                28.8547012,
                                41.0415882
                            ],
                            [
                                28.8539387,
                                41.0419112
                            ],
                            [
                                28.8535866,
                                41.0420474
                            ],
                            [
                                28.8532107,
                                41.0422175
                            ],
                            [
                                28.8526045,
                                41.0424918
                            ],
                            [
                                28.8518347,
                                41.0428268
                            ],
                            [
                                28.851318,
                                41.0430083
                            ],
                            [
                                28.8506263,
                                41.0432852
                            ]
                        ]
                    ]
                ]
            }
        },
        {
            "type": "Feature",
            "properties": {
                "type": "relation",
                "id": 9424888,
                "tags": {
                    "admin_level": "8",
                    "boundary": "administrative",
                    "name": "Çınar Mahallesi",
                    "type": "boundary",
                    "wikidata": "Q6086589",
                    "wikipedia": "tr:Çınar, Bağcılar"
                }
            },
            "geometry": {
                "type": "MultiPolygon",
                "coordinates": [
                    [
                        [
                            [
                                28.8582784,
                                41.0344353
                            ],
                            [
                                28.8598183,
                                41.0342361
                            ],
                            [
                                28.8607703,
                                41.0340552
                            ],
                            [
                                28.8618445,
                                41.0338236
                            ],
                            [
                                28.8622347,
                                41.0337255
                            ],
                            [
                                28.8629496,
                                41.0335406
                            ],
                            [
                                28.8632585,
                                41.0334789
                            ],
                            [
                                28.8635448,
                                41.0334243
                            ],
                            [
                                28.8637141,
                                41.0334127
                            ],
                            [
                                28.8639453,
                                41.0334779
                            ],
                            [
                                28.8640667,
                                41.0335395
                            ],
                            [
                                28.8644964,
                                41.033809
                            ],
                            [
                                28.8648466,
                                41.0340345
                            ],
                            [
                                28.8650568,
                                41.0341419
                            ],
                            [
                                28.8654771,
                                41.034311
                            ],
                            [
                                28.8661449,
                                41.0345012
                            ],
                            [
                                28.8668454,
                                41.0346597
                            ],
                            [
                                28.8673941,
                                41.0347654
                            ],
                            [
                                28.8676299,
                                41.0349468
                            ],
                            [
                                28.8678868,
                                41.0351124
                            ],
                            [
                                28.868244,
                                41.0353907
                            ],
                            [
                                28.8686433,
                                41.0357165
                            ],
                            [
                                28.869122,
                                41.0361198
                            ],
                            [
                                28.869617,
                                41.0364034
                            ],
                            [
                                28.8700327,
                                41.0366271
                            ],
                            [
                                28.8704693,
                                41.0369019
                            ],
                            [
                                28.8713451,
                                41.0374721
                            ],
                            [
                                28.8712411,
                                41.0380047
                            ],
                            [
                                28.8712413,
                                41.0382662
                            ],
                            [
                                28.8712227,
                                41.0384466
                            ],
                            [
                                28.870082,
                                41.0384672
                            ],
                            [
                                28.8696298,
                                41.0384657
                            ],
                            [
                                28.8687968,
                                41.0385033
                            ],
                            [
                                28.8683683,
                                41.0385773
                            ],
                            [
                                28.8681584,
                                41.0386214
                            ],
                            [
                                28.8676331,
                                41.0387814
                            ],
                            [
                                28.8663744,
                                41.0392505
                            ],
                            [
                                28.8659561,
                                41.039336
                            ],
                            [
                                28.8650537,
                                41.0394626
                            ],
                            [
                                28.8644997,
                                41.0395605
                            ],
                            [
                                28.8639076,
                                41.039691
                            ],
                            [
                                28.8616093,
                                41.0401794
                            ],
                            [
                                28.8615091,
                                41.0402083
                            ],
                            [
                                28.8611078,
                                41.040265
                            ],
                            [
                                28.8599145,
                                41.0403843
                            ],
                            [
                                28.8593298,
                                41.0404612
                            ],
                            [
                                28.8590615,
                                41.0387112
                            ],
                            [
                                28.8589382,
                                41.0378777
                            ],
                            [
                                28.858737,
                                41.036943
                            ],
                            [
                                28.8585653,
                                41.0360245
                            ],
                            [
                                28.8583722,
                                41.0350291
                            ],
                            [
                                28.8582784,
                                41.0344353
                            ]
                        ]
                    ]
                ]
            }
        },
        {
            "type": "Feature",
            "properties": {
                "type": "relation",
                "id": 9424901,
                "tags": {
                    "admin_level": "8",
                    "boundary": "administrative",
                    "name": "Barbaros Mahallesi",
                    "type": "boundary",
                    "wikidata": "Q6072587"
                }
            },
            "geometry": {
                "type": "MultiPolygon",
                "coordinates": [
                    [
                        [
                            [
                                28.8344573,
                                41.0310004
                            ],
                            [
                                28.8346943,
                                41.0306609
                            ],
                            [
                                28.8349437,
                                41.0301389
                            ],
                            [
                                28.8350215,
                                41.0299021
                            ],
                            [
                                28.8352441,
                                41.0289431
                            ],
                            [
                                28.8356008,
                                41.0274923
                            ],
                            [
                                28.8358154,
                                41.0267841
                            ],
                            [
                                28.8359281,
                                41.0264643
                            ],
                            [
                                28.8360541,
                                41.0261811
                            ],
                            [
                                28.8363063,
                                41.0257905
                            ],
                            [
                                28.8370305,
                                41.0248354
                            ],
                            [
                                28.8379871,
                                41.0236683
                            ],
                            [
                                28.8391601,
                                41.0222932
                            ],
                            [
                                28.8393177,
                                41.0220604
                            ],
                            [
                                28.8397369,
                                41.0222787
                            ],
                            [
                                28.8401044,
                                41.0220274
                            ],
                            [
                                28.8403691,
                                41.0218843
                            ],
                            [
                                28.8414869,
                                41.0214159
                            ],
                            [
                                28.8419606,
                                41.0213539
                            ],
                            [
                                28.8422664,
                                41.0213702
                            ],
                            [
                                28.8428892,
                                41.0213938
                            ],
                            [
                                28.8437573,
                                41.0214004
                            ],
                            [
                                28.8443264,
                                41.0214024
                            ],
                            [
                                28.8445289,
                                41.0216241
                            ],
                            [
                                28.8443489,
                                41.0219954
                            ],
                            [
                                28.8441856,
                                41.0223543
                            ],
                            [
                                28.8440413,
                                41.0226395
                            ],
                            [
                                28.8439051,
                                41.022888
                            ],
                            [
                                28.8435331,
                                41.0233588
                            ],
                            [
                                28.8433197,
                                41.0236363
                            ],
                            [
                                28.8430371,
                                41.0241578
                            ],
                            [
                                28.8427383,
                                41.0246684
                            ],
                            [
                                28.8422647,
                                41.025268
                            ],
                            [
                                28.8420533,
                                41.0255349
                            ],
                            [
                                28.8419902,
                                41.0256928
                            ],
                            [
                                28.8417809,
                                41.0259873
                            ],
                            [
                                28.8410389,
                                41.0268767
                            ],
                            [
                                28.8407706,
                                41.0272401
                            ],
                            [
                                28.8406019,
                                41.027553
                            ],
                            [
                                28.8403824,
                                41.0281219
                            ],
                            [
                                28.8402055,
                                41.0284807
                            ],
                            [
                                28.8400246,
                                41.0285957
                            ],
                            [
                                28.8397339,
                                41.029065
                            ],
                            [
                                28.839616,
                                41.029295
                            ],
                            [
                                28.8393375,
                                41.0301184
                            ],
                            [
                                28.8392999,
                                41.0304781
                            ],
                            [
                                28.8387475,
                                41.0306045
                            ],
                            [
                                28.8382779,
                                41.0306597
                            ],
                            [
                                28.8375441,
                                41.030787
                            ],
                            [
                                28.8372311,
                                41.0308759
                            ],
                            [
                                28.836422,
                                41.0309725
                            ],
                            [
                                28.8351902,
                                41.0309541
                            ],
                            [
                                28.8346332,
                                41.0309833
                            ],
                            [
                                28.8344573,
                                41.0310004
                            ]
                        ]
                    ]
                ]
            }
        },
        {
            "type": "Feature",
            "properties": {
                "type": "relation",
                "id": 9424902,
                "tags": {
                    "admin_level": "8",
                    "boundary": "administrative",
                    "name": "Hürriyet Mahallesi",
                    "type": "boundary",
                    "wikidata": "Q6070057"
                }
            },
            "geometry": {
                "type": "MultiPolygon",
                "coordinates": [
                    [
                        [
                            [
                                28.8265721,
                                41.0315422
                            ],
                            [
                                28.8288513,
                                41.0290809
                            ],
                            [
                                28.829205,
                                41.0282681
                            ],
                            [
                                28.8293189,
                                41.0277989
                            ],
                            [
                                28.8292904,
                                41.0269494
                            ],
                            [
                                28.8289408,
                                41.0253974
                            ],
                            [
                                28.8287741,
                                41.0248362
                            ],
                            [
                                28.828583,
                                41.0238578
                            ],
                            [
                                28.8283228,
                                41.0224346
                            ],
                            [
                                28.8281856,
                                41.0221209
                            ],
                            [
                                28.8302246,
                                41.0221338
                            ],
                            [
                                28.8313865,
                                41.0222836
                            ],
                            [
                                28.8324026,
                                41.022452
                            ],
                            [
                                28.8342091,
                                41.022761
                            ],
                            [
                                28.8346468,
                                41.0228827
                            ],
                            [
                                28.8351695,
                                41.0230622
                            ],
                            [
                                28.8351912,
                                41.0230284
                            ],
                            [
                                28.8361328,
                                41.0232375
                            ],
                            [
                                28.8371276,
                                41.0233822
                            ],
                            [
                                28.8379871,
                                41.0236683
                            ],
                            [
                                28.8370305,
                                41.0248354
                            ],
                            [
                                28.8363063,
                                41.0257905
                            ],
                            [
                                28.8360541,
                                41.0261811
                            ],
                            [
                                28.8359281,
                                41.0264643
                            ],
                            [
                                28.8358154,
                                41.0267841
                            ],
                            [
                                28.8356008,
                                41.0274923
                            ],
                            [
                                28.8352441,
                                41.0289431
                            ],
                            [
                                28.8350215,
                                41.0299021
                            ],
                            [
                                28.8349437,
                                41.0301389
                            ],
                            [
                                28.8346943,
                                41.0306609
                            ],
                            [
                                28.8344573,
                                41.0310004
                            ],
                            [
                                28.8335852,
                                41.031105
                            ],
                            [
                                28.8322803,
                                41.0310963
                            ],
                            [
                                28.8313421,
                                41.0310661
                            ],
                            [
                                28.831022,
                                41.031014
                            ],
                            [
                                28.8293061,
                                41.0309373
                            ],
                            [
                                28.8288877,
                                41.0310101
                            ],
                            [
                                28.8277397,
                                41.0315362
                            ],
                            [
                                28.8265721,
                                41.0315422
                            ]
                        ]
                    ]
                ]
            }
        }
    ]
}