{
    "type": "FeatureCollection",
    "features": [
        {
            "type": "Feature",
            "properties": {
                "type": "relation",
                "id": 6841016,
                "tags": {
                    "admin_level": "8",
                    "boundary": "administrative",
                    "name": "Bahçelievler Mahallesi",
                    "postal_code": "34180",
                    "type": "boundary",
                    "wikidata": "Q119788783",
                    "wikipedia": "tr:Bahçelievler, Bahçelievler"
                }
            },
            "geometry": {
                "type": "MultiPolygon",
                "coordinates": [
                    [
                        [
                            [
                                28.8512528,
                                40.9918542
                            ],
                            [
                                28.8527872,
                                40.9920809
                            ],
                            [
                                28.8541675,
                                40.992371
                            ],
                            [
                                28.8558686,
                                40.9927827
                            ],
                            [
                                28.8627011,
                                40.9948387
                            ],
                            [
                                28.8661593,
                                40.9958949
                            ],
                            [
                                28.8697343,
                                40.9971027
                            ],
                            [
                                28.8701844,
                                40.9972283
                            ],
                            [
                                28.8708848,
                                40.9974441
                            ],
                            [
                                28.8720331,
                                40.9977481
                            ],
                            [
                                28.8741061,
                                40.9982887
                            ],
                            [
                                28.8771466,
                                40.9991122
                            ],
                            [
                                28.8802118,
                                41.0000234
                            ],
                            [
                                28.8815512,
                                41.0004303
                            ],
                            [
                                28.8834558,
                                41.0009913
                            ],
                            [
                                28.8857606,
                                41.0016974
                            ],
                            [
                                28.8855014,
                                41.0021824
                            ],
                            [
                                28.8853272,
                                41.0025111
                            ],
                            [
                                28.8846773,
                                41.003597
                            ],
                            [
                                28.8827868,
                                41.0046671
                            ],
                            [
                                28.8820325,
                                41.0054376
                            ],
                            [
                                28.8815524,
                                41.0062641
                            ],
                            [
                                28.8814061,
                                41.0068869
                            ],
                            [
                                28.8812927,
                                41.0076657
                            ],
                            [
                                28.8811395,
                                41.0105592
                            ],
                            [
                                28.880928,
                                41.0117324
                            ],
                            [
                                28.8802794,
                                41.0145636
                            ],
                            [
                                28.8804122,
                                41.0151773
                            ],
                            [
                                28.8806741,
                                41.0161192
                            ],
                            [
                                28.8809852,
                                41.0165466
                            ],
                            [
                                28.8807073,
                                41.0164995
                            ],
                            [
                                28.8794126,
                                41.0163942
                            ],
                            [
                                28.8782646,
                                41.0146729
                            ],
                            [
                                28.8780832,
                                41.0143295
                            ],
                            [
                                28.8779865,
                                41.0133424
                            ],
                            [
                                28.8776822,
                                41.0126733
                            ],
                            [
                                28.8771234,
                                41.0117182
                            ],
                            [
                                28.875329,
                                41.009902
                            ],
                            [
                                28.8751857,
                                41.0086459
                            ],
                            [
                                28.8746724,
                                41.0081175
                            ],
                            [
                                28.8743962,
                                41.0079036
                            ],
                            [
                                28.8740568,
                                41.0076594
                            ],
                            [
                                28.8735638,
                                41.0074281
                            ],
                            [
                                28.8730562,
                                41.0072222
                            ],
                            [
                                28.8725783,
                                41.0070741
                            ],
                            [
                                28.871565,
                                41.006698
                            ],
                            [
                                28.8709769,
                                41.0064436
                            ],
                            [
                                28.8708623,
                                41.0063893
                            ],
                            [
                                28.8705938,
                                41.0062744
                            ],
                            [
                                28.8681542,
                                41.0094999
                            ],
                            [
                                28.8668962,
                                41.0108614
                            ],
                            [
                                28.86469,
                                41.0126779
                            ],
                            [
                                28.862885,
                                41.0120921
                            ],
                            [
                                28.8621479,
                                41.0118428
                            ],
                            [
                                28.8614987,
                                41.01145
                            ],
                            [
                                28.8610172,
                                41.011072
                            ],
                            [
                                28.8604666,
                                41.0106969
                            ],
                            [
                                28.8600077,
                                41.0103288
                            ],
                            [
                                28.8594485,
                                41.0098089
                            ],
                            [
                                28.8592135,
                                41.0094986
                            ],
                            [
                                28.8590333,
                                41.0090593
                            ],
                            [
                                28.8589999,
                                41.008644
                            ],
                            [
                                28.8589604,
                                41.0083477
                            ],
                            [
                                28.8589064,
                                41.0080357
                            ],
                            [
                                28.858906,
                                41.0078035
                            ],
                            [
                                28.8589505,
                                41.0076001
                            ],
                            [
                                28.8589114,
                                41.0070829
                            ],
                            [
                                28.8589657,
                                41.0067437
                            ],
                            [
                                28.8591063,
                                41.0065108
                            ],
                            [
                                28.8591231,
                                41.0063269
                            ],
                            [
                                28.8591278,
                                41.0061788
                            ],
                            [
                                28.8591429,
                                41.0060376
                            ],
                            [
                                28.8590893,
                                41.0055956
                            ],
                            [
                                28.8591056,
                                41.0050773
                            ],
                            [
                                28.8591991,
                                41.004588
                            ],
                            [
                                28.8592177,
                                41.0044211
                            ],
                            [
                                28.8593015,
                                41.004028
                            ],
                            [
                                28.8594437,
                                41.003307
                            ],
                            [
                                28.8597039,
                                41.0027271
                            ],
                            [
                                28.8599113,
                                41.0024019
                            ],
                            [
                                28.8604235,
                                41.001638
                            ],
                            [
                                28.8605292,
                                41.001503
                            ],
                            [
                                28.8595779,
                                41.001147
                            ],
                            [
                                28.857659,
                                41.0004199
                            ],
                            [
                                28.8568378,
                                41.0001039
                            ],
                            [
                                28.8576793,
                                40.9992754
                            ],
                            [
                                28.8582851,
                                40.9986802
                            ],
                            [
                                28.8569923,
                                40.9979407
                            ],
                            [
                                28.8562605,
                                40.9974958
                            ],
                            [
                                28.8551465,
                                40.9967901
                            ],
                            [
                                28.8546221,
                                40.9964955
                            ],
                            [
                                28.8545205,
                                40.9963789
                            ],
                            [
                                28.8544514,
                                40.9962746
                            ],
                            [
                                28.8544026,
                                40.9960015
                            ],
                            [
                                28.8543213,
                                40.9958082
                            ],
                            [
                                28.8540692,
                                40.9956241
                            ],
                            [
                                28.8535854,
                                40.9954001
                            ],
                            [
                                28.8528496,
                                40.9950687
                            ],
                            [
                                28.8524552,
                                40.9948692
                            ],
                            [
                                28.852317,
                                40.9947864
                            ],
                            [
                                28.8522601,
                                40.994636
                            ],
                            [
                                28.8522885,
                                40.9942985
                            ],
                            [
                                28.8523251,
                                40.9939456
                            ],
                            [
                                28.8522641,
                                40.9937738
                            ],
                            [
                                28.8521081,
                                40.9936139
                            ],
                            [
                                28.8518291,
                                40.9933687
                            ],
                            [
                                28.8512884,
                                40.9927944
                            ],
                            [
                                28.8512377,
                                40.9926055
                            ],
                            [
                                28.8512173,
                                40.9924008
                            ],
                            [
                                28.8512528,
                                40.9918542
                            ]
                        ]
                    ]
                ]
            }
        },
        {
            "type": "Feature",
            "properties": {
                "type": "relation",
                "id": 6841110,
                "tags": {
                    "admin_level": "8",
                    "boundary": "administrative",
                    "name": "Siyavuşpaşa Mahallesi",
                    "postal_code": "34182",
                    "type": "boundary",
                    "wikidata": "Q97228065"
                }
            },
            "geometry": {
                "type": "MultiPolygon",
                "coordinates": [
                    [
                        [
                            [
                                28.8494158,
                                41.006181
                            ],
                            [
                                28.849145,
                                41.0045986
                            ],
                            [
                                28.8491105,
                                41.0042086
                            ],
                            [
                                28.8490936,
                                41.0040171
                            ],
                            [
                                28.8490849,
                                41.0037439
                            ],
                            [
                                28.8490549,
                                41.0027992
                            ],
                            [
                                28.8490025,
                                41.0020644
                            ],
                            [
                                28.8506786,
                                41.0020249
                            ],
                            [
                                28.8520589,
                                41.0019831
                            ],
                            [
                                28.8521421,
                                41.0012483
                            ],
                            [
                                28.8522315,
                                41.0003833
                            ],
                            [
                                28.8522099,
                                40.9998485
                            ],
                            [
                                28.8521175,
                                40.9993671
                            ],
                            [
                                28.8519234,
                                40.9986974
                            ],
                            [
                                28.8517909,
                                40.9984184
                            ],
                            [
                                28.8515968,
                                40.9977836
                            ],
                            [
                                28.8514643,
                                40.9974371
                            ],
                            [
                                28.8513072,
                                40.9971952
                            ],
                            [
                                28.8509952,
                                40.9968975
                            ],
                            [
                                28.850624,
                                40.9966209
                            ],
                            [
                                28.8503881,
                                40.9964288
                            ],
                            [
                                28.8502994,
                                40.9961486
                            ],
                            [
                                28.8503344,
                                40.9960692
                            ],
                            [
                                28.8505282,
                                40.996034
                            ],
                            [
                                28.8509731,
                                40.9961139
                            ],
                            [
                                28.8513828,
                                40.9951458
                            ],
                            [
                                28.8517494,
                                40.9943421
                            ],
                            [
                                28.8521081,
                                40.9936139
                            ],
                            [
                                28.8522641,
                                40.9937738
                            ],
                            [
                                28.8523251,
                                40.9939456
                            ],
                            [
                                28.8522885,
                                40.9942985
                            ],
                            [
                                28.8522601,
                                40.994636
                            ],
                            [
                                28.852317,
                                40.9947864
                            ],
                            [
                                28.8524552,
                                40.9948692
                            ],
                            [
                                28.8528496,
                                40.9950687
                            ],
                            [
                                28.8535854,
                                40.9954001
                            ],
                            [
                                28.8540692,
                                40.9956241
                            ],
                            [
                                28.8543213,
                                40.9958082
                            ],
                            [
                                28.8544026,
                                40.9960015
                            ],
                            [
                                28.8544514,
                                40.9962746
                            ],
                            [
                                28.8545205,
                                40.9963789
                            ],
                            [
                                28.8546221,
                                40.9964955
                            ],
                            [
                                28.8551465,
                                40.9967901
                            ],
                            [
                                28.8562605,
                                40.9974958
                            ],
                            [
                                28.8569923,
                                40.9979407
                            ],
                            [
                                28.8582851,
                                40.9986802
                            ],
                            [
                                28.8576793,
                                40.9992754
                            ],
                            [
                                28.8568378,
                                41.0001039
                            ],
                            [
                                28.857659,
                                41.0004199
                            ],
                            [
                                28.8595779,
                                41.001147
                            ],
                            [
                                28.8605292,
                                41.001503
                            ],
                            [
                                28.8604235,
                                41.001638
                            ],
                            [
                                28.8599113,
                                41.0024019
                            ],
                            [
                                28.8597039,
                                41.0027271
                            ],
                            [
                                28.8594437,
                                41.003307
                            ],
                            [
                                28.8593015,
                                41.004028
                            ],
                            [
                                28.8592177,
                                41.0044211
                            ],
                            [
                                28.8591991,
                                41.004588
                            ],
                            [
                                28.8591056,
                                41.0050773
                            ],
                            [
                                28.8590893,
                                41.0055956
                            ],
                            [
                                28.8591429,
                                41.0060376
                            ],
                            [
                                28.8591278,
                                41.0061788
                            ],
                            [
                                28.8590645,
                                41.006196
                            ],
                            [
                                28.8576112,
                                41.006579
                            ],
                            [
                                28.8566345,
                                41.0068115
                            ],
                            [
                                28.8553343,
                                41.0070998
                            ],
                            [
                                28.8544192,
                                41.0074741
                            ],
                            [
                                28.8535658,
                                41.0078113
                            ],
                            [
                                28.8534795,
                                41.0077322
                            ],
                            [
                                28.8533255,
                                41.0075625
                            ],
                            [
                                28.8531992,
                                41.00733
                            ],
                            [
                                28.8530728,
                                41.0070417
                            ],
                            [
                                28.8529496,
                                41.0067534
                            ],
                            [
                                28.8528389,
                                41.006766
                            ],
                            [
                                28.85247,
                                41.006773
                            ],
                            [
                                28.8504059,
                                41.0068788
                            ],
                            [
                                28.8495559,
                                41.0069246
                            ],
                            [
                                28.8494158,
                                41.006181
                            ]
                        ]
                    ]
                ]
            }
        },
        {
            "type": "Feature",
            "properties": {
                "type": "relation",
                "id": 9437877,
                "tags": {
                    "admin_level": "8",
                    "boundary": "administrative",
                    "name": "Soğanlı Mahallesi",
                    "postal_code": "34183",
                    "type": "boundary",
                    "wikidata": "Q6104757",
                    "wikipedia": "tr:Soğanlı, Bahçelievler"
                }
            },
            "geometry": {
                "type": "MultiPolygon",
                "coordinates": [
                    [
                        [
                            [
                                28.847051,
                                41.0063301
                            ],
                            [
                                28.849029,
                                41.0062743
                            ],
                            [
                                28.8494158,
                                41.006181
                            ],
                            [
                                28.8495559,
                                41.0069246
                            ],
                            [
                                28.8504059,
                                41.0068788
                            ],
                            [
                                28.85247,
                                41.006773
                            ],
                            [
                                28.8528389,
                                41.006766
                            ],
                            [
                                28.8529496,
                                41.0067534
                            ],
                            [
                                28.8530728,
                                41.0070417
                            ],
                            [
                                28.8531992,
                                41.00733
                            ],
                            [
                                28.8533255,
                                41.0075625
                            ],
                            [
                                28.8534795,
                                41.0077322
                            ],
                            [
                                28.8535658,
                                41.0078113
                            ],
                            [
                                28.8544192,
                                41.0074741
                            ],
                            [
                                28.8553343,
                                41.0070998
                            ],
                            [
                                28.8566345,
                                41.0068115
                            ],
                            [
                                28.8576112,
                                41.006579
                            ],
                            [
                                28.8590645,
                                41.006196
                            ],
                            [
                                28.8591278,
                                41.0061788
                            ],
                            [
                                28.8591231,
                                41.0063269
                            ],
                            [
                                28.8591063,
                                41.0065108
                            ],
                            [
                                28.8589657,
                                41.0067437
                            ],
                            [
                                28.8589114,
                                41.0070829
                            ],
                            [
                                28.8589505,
                                41.0076001
                            ],
                            [
                                28.858906,
                                41.0078035
                            ],
                            [
                                28.8589064,
                                41.0080357
                            ],
                            [
                                28.8589604,
                                41.0083477
                            ],
                            [
                                28.8589999,
                                41.008644
                            ],
                            [
                                28.8590333,
                                41.0090593
                            ],
                            [
                                28.8592135,
                                41.0094986
                            ],
                            [
                                28.8594485,
                                41.0098089
                            ],
                            [
                                28.8600077,
                                41.0103288
                            ],
                            [
                                28.8604666,
                                41.0106969
                            ],
                            [
                                28.8610172,
                                41.011072
                            ],
                            [
                                28.8614987,
                                41.01145
                            ],
                            [
                                28.8621479,
                                41.0118428
                            ],
                            [
                                28.862885,
                                41.0120921
                            ],
                            [
                                28.86469,
                                41.0126779
                            ],
                            [
                                28.8641586,
                                41.0132254
                            ],
                            [
                                28.8638937,
                                41.0134819
                            ],
                            [
                                28.8636482,
                                41.0137255
                            ],
                            [
                                28.8633341,
                                41.0140372
                            ],
                            [
                                28.8631036,
                                41.0142587
                            ],
                            [
                                28.8630531,
                                41.0143072
                            ],
                            [
                                28.8627239,
                                41.0143634
                            ],
                            [
                                28.8620957,
                                41.0144756
                            ],
                            [
                                28.8606723,
                                41.0147161
                            ],
                            [
                                28.8590272,
                                41.0148555
                            ],
                            [
                                28.8576683,
                                41.0149707
                            ],
                            [
                                28.8576067,
                                41.0145325
                            ],
                            [
                                28.857317,
                                41.0142721
                            ],
                            [
                                28.8566084,
                                41.0143651
                            ],
                            [
                                28.8549755,
                                41.0144395
                            ],
                            [
                                28.8543592,
                                41.0145185
                            ],
                            [
                                28.853817,
                                41.0144953
                            ],
                            [
                                28.8524305,
                                41.0142163
                            ],
                            [
                                28.8521286,
                                41.0141187
                            ],
                            [
                                28.8514014,
                                41.0138304
                            ],
                            [
                                28.8504463,
                                41.013556
                            ],
                            [
                                28.8500951,
                                41.013556
                            ],
                            [
                                28.8493556,
                                41.0134398
                            ],
                            [
                                28.8477165,
                                41.0133654
                            ],
                            [
                                28.8473899,
                                41.0127284
                            ],
                            [
                                28.847242,
                                41.0119519
                            ],
                            [
                                28.8470633,
                                41.0112498
                            ],
                            [
                                28.8469278,
                                41.0105709
                            ],
                            [
                                28.8469709,
                                41.0102594
                            ],
                            [
                                28.8475316,
                                41.008776
                            ],
                            [
                                28.8475255,
                                41.0085668
                            ],
                            [
                                28.847279,
                                41.0078553
                            ],
                            [
                                28.8470572,
                                41.0069439
                            ],
                            [
                                28.847051,
                                41.0063301
                            ]
                        ]
                    ]
                ]
            }
        },
        {
            "type": "Feature",
            "properties": {
                "type": "relation",
                "id": 9437947,
                "tags": {
                    "admin_level": "8",
                    "boundary": "administrative",
                    "name": "Cumhuriyet Mahallesi",
                    "postal_code": "34186",
                    "type": "boundary",
                    "wikidata": "Q6099876"
                }
            },
            "geometry": {
                "type": "MultiPolygon",
                "coordinates": [
                    [
                        [
                            [
                                28.8477165,
                                41.0133654
                            ],
                            [
                                28.8493556,
                                41.0134398
                            ],
                            [
                                28.8500951,
                                41.013556
                            ],
                            [
                                28.8504463,
                                41.013556
                            ],
                            [
                                28.8514014,
                                41.0138304
                            ],
                            [
                                28.8521286,
                                41.0141187
                            ],
                            [
                                28.8524305,
                                41.0142163
                            ],
                            [
                                28.853817,
                                41.0144953
                            ],
                            [
                                28.8543592,
                                41.0145185
                            ],
                            [
                                28.8549755,
                                41.0144395
                            ],
                            [
                                28.8566084,
                                41.0143651
                            ],
                            [
                                28.857317,
                                41.0142721
                            ],
                            [
                                28.8576067,
                                41.0145325
                            ],
                            [
                                28.8576683,
                                41.0149707
                            ],
                            [
                                28.8590272,
                                41.0148555
                            ],
                            [
                                28.8606723,
                                41.0147161
                            ],
                            [
                                28.8620957,
                                41.0144756
                            ],
                            [
                                28.8627239,
                                41.0143634
                            ],
                            [
                                28.8630531,
                                41.0143072
                            ],
                            [
                                28.8625997,
                                41.014702
                            ],
                            [
                                28.8614904,
                                41.0157138
                            ],
                            [
                                28.8605043,
                                41.0169798
                            ],
                            [
                                28.8601491,
                                41.0175556
                            ],
                            [
                                28.8600445,
                                41.0177221
                            ],
                            [
                                28.8599839,
                                41.0179722
                            ],
                            [
                                28.8598295,
                                41.0181548
                            ],
                            [
                                28.8597269,
                                41.018429
                            ],
                            [
                                28.8594125,
                                41.0190217
                            ],
                            [
                                28.8590478,
                                41.0195895
                            ],
                            [
                                28.8588652,
                                41.0198379
                            ],
                            [
                                28.858435,
                                41.0202588
                            ],
                            [
                                28.8584013,
                                41.0200373
                            ],
                            [
                                28.8584705,
                                41.0191368
                            ],
                            [
                                28.8568665,
                                41.019476
                            ],
                            [
                                28.8565747,
                                41.0195337
                            ],
                            [
                                28.856313,
                                41.0196245
                            ],
                            [
                                28.8559187,
                                41.0197353
                            ],
                            [
                                28.8553828,
                                41.0199506
                            ],
                            [
                                28.8553145,
                                41.020051
                            ],
                            [
                                28.8551267,
                                41.0209849
                            ],
                            [
                                28.8545948,
                                41.0211241
                            ],
                            [
                                28.8543987,
                                41.021099
                            ],
                            [
                                28.8540926,
                                41.021099
                            ],
                            [
                                28.853939,
                                41.0211724
                            ],
                            [
                                28.8534729,
                                41.021202
                            ],
                            [
                                28.8524163,
                                41.0212344
                            ],
                            [
                                28.8517819,
                                41.0212093
                            ],
                            [
                                28.8508206,
                                41.0212329
                            ],
                            [
                                28.8506599,
                                41.0212483
                            ],
                            [
                                28.8499121,
                                41.0212722
                            ],
                            [
                                28.8492124,
                                41.0213606
                            ],
                            [
                                28.8484567,
                                41.0214301
                            ],
                            [
                                28.8485712,
                                41.020249
                            ],
                            [
                                28.8487321,
                                41.0186625
                            ],
                            [
                                28.8487912,
                                41.0173389
                            ],
                            [
                                28.8487268,
                                41.0168208
                            ],
                            [
                                28.8485766,
                                41.0154204
                            ],
                            [
                                28.8484156,
                                41.0140482
                            ],
                            [
                                28.8478953,
                                41.0135301
                            ],
                            [
                                28.8477165,
                                41.0133654
                            ]
                        ]
                    ]
                ]
            }
        },
        {
            "type": "Feature",
            "properties": {
                "type": "relation",
                "id": 9437957,
                "tags": {
                    "admin_level": "8",
                    "boundary": "administrative",
                    "name": "Kocasinan Merkez Mahallesi",
                    "type": "boundary",
                    "wikidata": "Q6034911"
                }
            },
            "geometry": {
                "type": "MultiPolygon",
                "coordinates": [
                    [
                        [
                            [
                                28.8271045,
                                41.0203317
                            ],
                            [
                                28.8273668,
                                41.0202615
                            ],
                            [
                                28.8283752,
                                41.0199156
                            ],
                            [
                                28.830862,
                                41.0187669
                            ],
                            [
                                28.8300654,
                                41.0175633
                            ],
                            [
                                28.8313592,
                                41.0172656
                            ],
                            [
                                28.831507,
                                41.017668
                            ],
                            [
                                28.8339199,
                                41.0171896
                            ],
                            [
                                28.8327127,
                                41.0167179
                            ],
                            [
                                28.8319794,
                                41.0162343
                            ],
                            [
                                28.8321273,
                                41.0160809
                            ],
                            [
                                28.8323122,
                                41.0159554
                            ],
                            [
                                28.8330516,
                                41.0158159
                            ],
                            [
                                28.8340376,
                                41.01543
                            ],
                            [
                                28.8356151,
                                41.0148395
                            ],
                            [
                                28.8357999,
                                41.0147
                            ],
                            [
                                28.835954,
                                41.0144489
                            ],
                            [
                                28.8365332,
                                41.0144582
                            ],
                            [
                                28.8377965,
                                41.0144954
                            ],
                            [
                                28.8390782,
                                41.0145652
                            ],
                            [
                                28.8392322,
                                41.0145094
                            ],
                            [
                                28.8390166,
                                41.0133795
                            ],
                            [
                                28.8389549,
                                41.0126495
                            ],
                            [
                                28.8389734,
                                41.0119242
                            ],
                            [
                                28.839109,
                                41.010599
                            ],
                            [
                                28.8390898,
                                41.0102499
                            ],
                            [
                                28.8390119,
                                41.0098026
                            ],
                            [
                                28.8389624,
                                41.0095342
                            ],
                            [
                                28.8388639,
                                41.0090256
                            ],
                            [
                                28.8395494,
                                41.0089766
                            ],
                            [
                                28.8404625,
                                41.0089072
                            ],
                            [
                                28.8414252,
                                41.0088912
                            ],
                            [
                                28.8413659,
                                41.0062316
                            ],
                            [
                                28.8413656,
                                41.0062163
                            ],
                            [
                                28.8413749,
                                41.0055837
                            ],
                            [
                                28.8413878,
                                41.0052533
                            ],
                            [
                                28.8414672,
                                41.0049493
                            ],
                            [
                                28.8416504,
                                41.0043819
                            ],
                            [
                                28.8417373,
                                41.0041258
                            ],
                            [
                                28.8418066,
                                41.0039176
                            ],
                            [
                                28.8456521,
                                41.005865
                            ],
                            [
                                28.8469073,
                                41.0063225
                            ],
                            [
                                28.847051,
                                41.0063301
                            ],
                            [
                                28.8470572,
                                41.0069439
                            ],
                            [
                                28.847279,
                                41.0078553
                            ],
                            [
                                28.8475255,
                                41.0085668
                            ],
                            [
                                28.8475316,
                                41.008776
                            ],
                            [
                                28.8469709,
                                41.0102594
                            ],
                            [
                                28.8469278,
                                41.0105709
                            ],
                            [
                                28.8470633,
                                41.0112498
                            ],
                            [
                                28.847242,
                                41.0119519
                            ],
                            [
                                28.8473899,
                                41.0127284
                            ],
                            [
                                28.8477165,
                                41.0133654
                            ],
                            [
                                28.8478953,
                                41.0135301
                            ],
                            [
                                28.8484156,
                                41.0140482
                            ],
                            [
                                28.8485766,
                                41.0154204
                            ],
                            [
                                28.8487268,
                                41.0168208
                            ],
                            [
                                28.8487912,
                                41.0173389
                            ],
                            [
                                28.8487321,
                                41.0186625
                            ],
                            [
                                28.8485712,
                                41.020249
                            ],
                            [
                                28.8484567,
                                41.0214301
                            ],
                            [
                                28.8483571,
                                41.0222437
                            ],
                            [
                                28.8482941,
                                41.022573
                            ],
                            [
                                28.847565,
                                41.0241525
                            ],
                            [
                                28.8475377,
                                41.0242509
                            ],
                            [
                                28.8474295,
                                41.0242114
                            ],
                            [
                                28.8471654,
                                41.0240397
                            ],
                            [
                                28.84706,
                                41.0239595
                            ],
                            [
                                28.8462511,
                                41.0233099
                            ],
                            [
                                28.8456631,
                                41.0228247
                            ],
                            [
                                28.8452308,
                                41.0224199
                            ],
                            [
                                28.8445289,
                                41.0216241
                            ],
                            [
                                28.8443264,
                                41.0214024
                            ],
                            [
                                28.8437573,
                                41.0214004
                            ],
                            [
                                28.8428892,
                                41.0213938
                            ],
                            [
                                28.8422664,
                                41.0213702
                            ],
                            [
                                28.8419606,
                                41.0213539
                            ],
                            [
                                28.8414869,
                                41.0214159
                            ],
                            [
                                28.8403691,
                                41.0218843
                            ],
                            [
                                28.8401044,
                                41.0220274
                            ],
                            [
                                28.8397369,
                                41.0222787
                            ],
                            [
                                28.8393177,
                                41.0220604
                            ],
                            [
                                28.8391601,
                                41.0222932
                            ],
                            [
                                28.8379871,
                                41.0236683
                            ],
                            [
                                28.8371276,
                                41.0233822
                            ],
                            [
                                28.8361328,
                                41.0232375
                            ],
                            [
                                28.8351912,
                                41.0230284
                            ],
                            [
                                28.8351695,
                                41.0230622
                            ],
                            [
                                28.8346468,
                                41.0228827
                            ],
                            [
                                28.8342091,
                                41.022761
                            ],
                            [
                                28.8324026,
                                41.022452
                            ],
                            [
                                28.8313865,
                                41.0222836
                            ],
                            [
                                28.8302246,
                                41.0221338
                            ],
                            [
                                28.8281856,
                                41.0221209
                            ],
                            [
                                28.827943,
                                41.0218934
                            ],
                            [
                                28.8274375,
                                41.0210778
                            ],
                            [
                                28.8271743,
                                41.0205617
                            ],
                            [
                                28.8271045,
                                41.0203317
                            ]
                        ]
                    ]
                ]
            }
        },
        {
            "type": "Feature",
            "properties": {
                "type": "relation",
                "id": 9437990,
                "tags": {
                    "admin_level": "8",
                    "boundary": "administrative",
                    "name": "Şirinevler Mahallesi",
                    "postal_code": "34188",
                    "type": "boundary",
                    "wikidata": "Q6064726",
                    "wikipedia": "tr:Şirinevler"
                }
            },
            "geometry": {
                "type": "MultiPolygon",
                "coordinates": [
                    [
                        [
                            [
                                28.8418066,
                                41.0039176
                            ],
                            [
                                28.8418951,
                                41.0036636
                            ],
                            [
                                28.84193,
                                41.0035513
                            ],
                            [
                                28.8420037,
                                41.0032497
                            ],
                            [
                                28.8420922,
                                41.0025658
                            ],
                            [
                                28.8423258,
                                41.0010754
                            ],
                            [
                                28.8425027,
                                40.9996544
                            ],
                            [
                                28.842708,
                                40.9976029
                            ],
                            [
                                28.8428708,
                                40.9952736
                            ],
                            [
                                28.8429982,
                                40.9940662
                            ],
                            [
                                28.8430195,
                                40.9934892
                            ],
                            [
                                28.84311,
                                40.9929639
                            ],
                            [
                                28.8432092,
                                40.9924537
                            ],
                            [
                                28.8432843,
                                40.9922452
                            ],
                            [
                                28.8433693,
                                40.9918301
                            ],
                            [
                                28.8439692,
                                40.9917977
                            ],
                            [
                                28.8488904,
                                40.9916649
                            ],
                            [
                                28.8497333,
                                40.9917085
                            ],
                            [
                                28.8512528,
                                40.9918542
                            ],
                            [
                                28.8512173,
                                40.9924008
                            ],
                            [
                                28.8512377,
                                40.9926055
                            ],
                            [
                                28.8512884,
                                40.9927944
                            ],
                            [
                                28.8518291,
                                40.9933687
                            ],
                            [
                                28.8521081,
                                40.9936139
                            ],
                            [
                                28.8517494,
                                40.9943421
                            ],
                            [
                                28.8513828,
                                40.9951458
                            ],
                            [
                                28.8509731,
                                40.9961139
                            ],
                            [
                                28.8505282,
                                40.996034
                            ],
                            [
                                28.8503344,
                                40.9960692
                            ],
                            [
                                28.8502994,
                                40.9961486
                            ],
                            [
                                28.8503881,
                                40.9964288
                            ],
                            [
                                28.850624,
                                40.9966209
                            ],
                            [
                                28.8509952,
                                40.9968975
                            ],
                            [
                                28.8513072,
                                40.9971952
                            ],
                            [
                                28.8514643,
                                40.9974371
                            ],
                            [
                                28.8515968,
                                40.9977836
                            ],
                            [
                                28.8517909,
                                40.9984184
                            ],
                            [
                                28.8519234,
                                40.9986974
                            ],
                            [
                                28.8521175,
                                40.9993671
                            ],
                            [
                                28.8522099,
                                40.9998485
                            ],
                            [
                                28.8522315,
                                41.0003833
                            ],
                            [
                                28.8521421,
                                41.0012483
                            ],
                            [
                                28.8520589,
                                41.0019831
                            ],
                            [
                                28.8506786,
                                41.0020249
                            ],
                            [
                                28.8490025,
                                41.0020644
                            ],
                            [
                                28.8490549,
                                41.0027992
                            ],
                            [
                                28.8490849,
                                41.0037439
                            ],
                            [
                                28.8490936,
                                41.0040171
                            ],
                            [
                                28.8491105,
                                41.0042086
                            ],
                            [
                                28.849145,
                                41.0045986
                            ],
                            [
                                28.8494158,
                                41.006181
                            ],
                            [
                                28.849029,
                                41.0062743
                            ],
                            [
                                28.847051,
                                41.0063301
                            ],
                            [
                                28.8469073,
                                41.0063225
                            ],
                            [
                                28.8456521,
                                41.005865
                            ],
                            [
                                28.8418066,
                                41.0039176
                            ]
                        ]
                    ]
                ]
            }
        },
        {
            "type": "Feature",
            "properties": {
                "type": "relation",
                "id": 9437991,
                "tags": {
                    "admin_level": "8",
                    "boundary": "administrative",
                    "name": "Hürriyet Mahallesi",
                    "type": "boundary",
                    "wikidata": "Q6035375",
                    "wikipedia": "tr:Hürriyet, Bahçelievler"
                }
            },
            "geometry": {
                "type": "MultiPolygon",
                "coordinates": [
                    [
                        [
                            [
                                28.8387014,
                                40.9921213
                            ],
                            [
                                28.8433693,
                                40.9918301
                            ],
                            [
                                28.8432843,
                                40.9922452
                            ],
                            [
                                28.8432092,
                                40.9924537
                            ],
                            [
                                28.84311,
                                40.9929639
                            ],
                            [
                                28.8430195,
                                40.9934892
                            ],
                            [
                                28.8429982,
                                40.9940662
                            ],
                            [
                                28.8428708,
                                40.9952736
                            ],
                            [
                                28.842708,
                                40.9976029
                            ],
                            [
                                28.8425027,
                                40.9996544
                            ],
                            [
                                28.8423258,
                                41.0010754
                            ],
                            [
                                28.8420922,
                                41.0025658
                            ],
                            [
                                28.8420037,
                                41.0032497
                            ],
                            [
                                28.84193,
                                41.0035513
                            ],
                            [
                                28.8418951,
                                41.0036636
                            ],
                            [
                                28.8418066,
                                41.0039176
                            ],
                            [
                                28.8417373,
                                41.0041258
                            ],
                            [
                                28.8416504,
                                41.0043819
                            ],
                            [
                                28.8414672,
                                41.0049493
                            ],
                            [
                                28.8413878,
                                41.0052533
                            ],
                            [
                                28.8413749,
                                41.0055837
                            ],
                            [
                                28.8413656,
                                41.0062163
                            ],
                            [
                                28.8413659,
                                41.0062316
                            ],
                            [
                                28.8414252,
                                41.0088912
                            ],
                            [
                                28.8404625,
                                41.0089072
                            ],
                            [
                                28.8395494,
                                41.0089766
                            ],
                            [
                                28.8388639,
                                41.0090256
                            ],
                            [
                                28.8387996,
                                41.0086769
                            ],
                            [
                                28.8387465,
                                41.0083671
                            ],
                            [
                                28.8387341,
                                41.0082763
                            ],
                            [
                                28.838675,
                                41.0078304
                            ],
                            [
                                28.838642,
                                41.0069917
                            ],
                            [
                                28.8386841,
                                41.0062376
                            ],
                            [
                                28.8387074,
                                41.0048878
                            ],
                            [
                                28.8387354,
                                41.0037424
                            ],
                            [
                                28.8387542,
                                41.0024597
                            ],
                            [
                                28.8387588,
                                41.0021459
                            ],
                            [
                                28.8387541,
                                41.0020174
                            ],
                            [
                                28.8387074,
                                41.0007396
                            ],
                            [
                                28.838628,
                                40.9998197
                            ],
                            [
                                28.8385253,
                                40.9985721
                            ],
                            [
                                28.8385206,
                                40.9978848
                            ],
                            [
                                28.8385564,
                                40.9962511
                            ],
                            [
                                28.8385384,
                                40.9957723
                            ],
                            [
                                28.8385387,
                                40.9953883
                            ],
                            [
                                28.8385738,
                                40.9947949
                            ],
                            [
                                28.8386154,
                                40.9942136
                            ],
                            [
                                28.8387001,
                                40.9938066
                            ],
                            [
                                28.8387186,
                                40.9935054
                            ],
                            [
                                28.8387494,
                                40.9929427
                            ],
                            [
                                28.8387478,
                                40.9925089
                            ],
                            [
                                28.8387014,
                                40.9921213
                            ]
                        ]
                    ]
                ]
            }
        },
        {
            "type": "Feature",
            "properties": {
                "type": "relation",
                "id": 9437992,
                "tags": {
                    "admin_level": "8",
                    "boundary": "administrative",
                    "name": "Zafer Mahallesi",
                    "type": "boundary",
                    "wikidata": "Q12812688",
                    "wikipedia": "tr:Zafer, Bahçelievler"
                }
            },
            "geometry": {
                "type": "MultiPolygon",
                "coordinates": [
                    [
                        [
                            [
                                28.8312311,
                                41.0093659
                            ],
                            [
                                28.8316092,
                                41.0091021
                            ],
                            [
                                28.8322841,
                                41.0085897
                            ],
                            [
                                28.8326947,
                                41.0081725
                            ],
                            [
                                28.832837,
                                41.0077676
                            ],
                            [
                                28.8329142,
                                41.0073012
                            ],
                            [
                                28.8330037,
                                41.0069055
                            ],
                            [
                                28.833085,
                                41.0064361
                            ],
                            [
                                28.8331094,
                                41.0058348
                            ],
                            [
                                28.8330321,
                                41.0049174
                            ],
                            [
                                28.8329793,
                                41.0041872
                            ],
                            [
                                28.8329996,
                                41.003724
                            ],
                            [
                                28.8330362,
                                41.0035368
                            ],
                            [
                                28.8330687,
                                41.0033803
                            ],
                            [
                                28.8331907,
                                41.0032576
                            ],
                            [
                                28.8337273,
                                41.0030674
                            ],
                            [
                                28.8338899,
                                41.0029539
                            ],
                            [
                                28.8341217,
                                41.0026808
                            ],
                            [
                                28.8341745,
                                41.0022574
                            ],
                            [
                                28.8342558,
                                41.0015026
                            ],
                            [
                                28.8342465,
                                41.0008435
                            ],
                            [
                                28.8342436,
                                41.0006405
                            ],
                            [
                                28.8342599,
                                41.0003091
                            ],
                            [
                                28.8343168,
                                40.9999317
                            ],
                            [
                                28.8343656,
                                40.999589
                            ],
                            [
                                28.8343981,
                                40.999361
                            ],
                            [
                                28.8344672,
                                40.9988762
                            ],
                            [
                                28.8346055,
                                40.9981368
                            ],
                            [
                                28.8346786,
                                40.9977041
                            ],
                            [
                                28.8347559,
                                40.99752
                            ],
                            [
                                28.834877,
                                40.9969109
                            ],
                            [
                                28.8349022,
                                40.9967069
                            ],
                            [
                                28.8349429,
                                40.996354
                            ],
                            [
                                28.8351055,
                                40.9955839
                            ],
                            [
                                28.8352246,
                                40.9947153
                            ],
                            [
                                28.835227,
                                40.9943279
                            ],
                            [
                                28.8352899,
                                40.9939123
                            ],
                            [
                                28.8353148,
                                40.993758
                            ],
                            [
                                28.8353477,
                                40.9936603
                            ],
                            [
                                28.8355075,
                                40.9932286
                            ],
                            [
                                28.8355624,
                                40.9930522
                            ],
                            [
                                28.8356559,
                                40.9924147
                            ],
                            [
                                28.8356755,
                                40.9922953
                            ],
                            [
                                28.8380648,
                                40.9921553
                            ],
                            [
                                28.8387014,
                                40.9921213
                            ],
                            [
                                28.8387478,
                                40.9925089
                            ],
                            [
                                28.8387494,
                                40.9929427
                            ],
                            [
                                28.8387186,
                                40.9935054
                            ],
                            [
                                28.8387001,
                                40.9938066
                            ],
                            [
                                28.8386154,
                                40.9942136
                            ],
                            [
                                28.8385738,
                                40.9947949
                            ],
                            [
                                28.8385387,
                                40.9953883
                            ],
                            [
                                28.8385384,
                                40.9957723
                            ],
                            [
                                28.8385564,
                                40.9962511
                            ],
                            [
                                28.8385206,
                                40.9978848
                            ],
                            [
                                28.8385253,
                                40.9985721
                            ],
                            [
                                28.838628,
                                40.9998197
                            ],
                            [
                                28.8387074,
                                41.0007396
                            ],
                            [
                                28.8387541,
                                41.0020174
                            ],
                            [
                                28.8387588,
                                41.0021459
                            ],
                            [
                                28.8387542,
                                41.0024597
                            ],
                            [
                                28.8387354,
                                41.0037424
                            ],
                            [
                                28.8387074,
                                41.0048878
                            ],
                            [
                                28.8386841,
                                41.0062376
                            ],
                            [
                                28.838642,
                                41.0069917
                            ],
                            [
                                28.838675,
                                41.0078304
                            ],
                            [
                                28.8387341,
                                41.0082763
                            ],
                            [
                                28.8387465,
                                41.0083671
                            ],
                            [
                                28.8387996,
                                41.0086769
                            ],
                            [
                                28.8388639,
                                41.0090256
                            ],
                            [
                                28.8389624,
                                41.0095342
                            ],
                            [
                                28.8390119,
                                41.0098026
                            ],
                            [
                                28.8390898,
                                41.0102499
                            ],
                            [
                                28.839109,
                                41.010599
                            ],
                            [
                                28.8389734,
                                41.0119242
                            ],
                            [
                                28.8389549,
                                41.0126495
                            ],
                            [
                                28.8390166,
                                41.0133795
                            ],
                            [
                                28.8392322,
                                41.0145094
                            ],
                            [
                                28.8390782,
                                41.0145652
                            ],
                            [
                                28.8377965,
                                41.0144954
                            ],
                            [
                                28.8365332,
                                41.0144582
                            ],
                            [
                                28.835954,
                                41.0144489
                            ],
                            [
                                28.8351498,
                                41.0144229
                            ],
                            [
                                28.8347616,
                                41.0144322
                            ],
                            [
                                28.8337418,
                                41.014488
                            ],
                            [
                                28.8325503,
                                41.0144746
                            ],
                            [
                                28.8305522,
                                41.0143478
                            ],
                            [
                                28.8305725,
                                41.0141699
                            ],
                            [
                                28.8307433,
                                41.0138018
                            ],
                            [
                                28.8309425,
                                41.013538
                            ],
                            [
                                28.8313937,
                                41.0131361
                            ],
                            [
                                28.8320564,
                                41.0125594
                            ],
                            [
                                28.8325605,
                                41.0119735
                            ],
                            [
                                28.8330565,
                                41.01136
                            ],
                            [
                                28.8327272,
                                41.011182
                            ],
                            [
                                28.8325971,
                                41.0110931
                            ],
                            [
                                28.8320605,
                                41.0105286
                            ],
                            [
                                28.8316702,
                                41.0099979
                            ],
                            [
                                28.8312311,
                                41.0093659
                            ]
                        ]
                    ]
                ]
            }
        },
        {
            "type": "Feature",
            "properties": {
                "type": "relation",
                "id": 9437993,
                "tags": {
                    "admin_level": "8",
                    "boundary": "administrative",
                    "name": "Yenibosna Merkez Mahallesi",
                    "postal_code": "34197",
                    "type": "boundary",
                    "wikidata": "Q12812591"
                }
            },
            "geometry": {
                "type": "MultiPolygon",
                "coordinates": [
                    [
                        [
                            [
                                28.8061208,
                                41.015537
                            ],
                            [
                                28.8066792,
                                41.0153578
                            ],
                            [
                                28.8078024,
                                41.0153578
                            ],
                            [
                                28.8082437,
                                41.0150551
                            ],
                            [
                                28.8085013,
                                41.0141824
                            ],
                            [
                                28.8089881,
                                41.0124996
                            ],
                            [
                                28.8091684,
                                41.0114388
                            ],
                            [
                                28.809315,
                                41.0091411
                            ],
                            [
                                28.8093177,
                                41.0083478
                            ],
                            [
                                28.8093236,
                                41.0078722
                            ],
                            [
                                28.8094068,
                                41.0074172
                            ],
                            [
                                28.8103288,
                                41.0055123
                            ],
                            [
                                28.8118544,
                                41.0023993
                            ],
                            [
                                28.8114129,
                                41.0013114
                            ],
                            [
                                28.8117338,
                                41.0005848
                            ],
                            [
                                28.8135125,
                                40.9993112
                            ],
                            [
                                28.8141053,
                                40.9986402
                            ],
                            [
                                28.8145435,
                                40.9979519
                            ],
                            [
                                28.8153743,
                                40.9968545
                            ],
                            [
                                28.8157577,
                                40.9963232
                            ],
                            [
                                28.8162176,
                                40.9955354
                            ],
                            [
                                28.8162106,
                                40.995445
                            ],
                            [
                                28.8193482,
                                40.9944115
                            ],
                            [
                                28.818879,
                                40.9935292
                            ],
                            [
                                28.8195788,
                                40.9933541
                            ],
                            [
                                28.8204422,
                                40.9932201
                            ],
                            [
                                28.8217097,
                                40.9930975
                            ],
                            [
                                28.8253125,
                                40.9929306
                            ],
                            [
                                28.8245441,
                                40.993578
                            ],
                            [
                                28.8236211,
                                40.9937794
                            ],
                            [
                                28.8234608,
                                40.9938144
                            ],
                            [
                                28.8233561,
                                40.9939119
                            ],
                            [
                                28.8233409,
                                40.9940262
                            ],
                            [
                                28.8232802,
                                40.9946641
                            ],
                            [
                                28.8231635,
                                40.996289
                            ],
                            [
                                28.8230934,
                                40.9968847
                            ],
                            [
                                28.822986,
                                40.9982417
                            ],
                            [
                                28.8229073,
                                40.9991956
                            ],
                            [
                                28.8226932,
                                41.000287
                            ],
                            [
                                28.8223237,
                                41.001004
                            ],
                            [
                                28.8219213,
                                41.0025733
                            ],
                            [
                                28.821599,
                                41.003983
                            ],
                            [
                                28.8215383,
                                41.0044588
                            ],
                            [
                                28.8215383,
                                41.0047125
                            ],
                            [
                                28.8215494,
                                41.0047909
                            ],
                            [
                                28.8216364,
                                41.0054033
                            ],
                            [
                                28.8218559,
                                41.0066508
                            ],
                            [
                                28.8219609,
                                41.0071348
                            ],
                            [
                                28.8219866,
                                41.0072534
                            ],
                            [
                                28.8223696,
                                41.0085855
                            ],
                            [
                                28.8224163,
                                41.0088957
                            ],
                            [
                                28.8226545,
                                41.0099705
                            ],
                            [
                                28.8227805,
                                41.0103757
                            ],
                            [
                                28.8228837,
                                41.0106266
                            ],
                            [
                                28.8243676,
                                41.0104027
                            ],
                            [
                                28.8252742,
                                41.0102984
                            ],
                            [
                                28.8260792,
                                41.0102554
                            ],
                            [
                                28.8266443,
                                41.0102585
                            ],
                            [
                                28.8272013,
                                41.0098413
                            ],
                            [
                                28.827433,
                                41.0093627
                            ],
                            [
                                28.8275102,
                                41.0088504
                            ],
                            [
                                28.8284941,
                                41.0087215
                            ],
                            [
                                28.8292462,
                                41.0084884
                            ],
                            [
                                28.8298194,
                                41.0082583
                            ],
                            [
                                28.8303967,
                                41.0082307
                            ],
                            [
                                28.8309027,
                                41.0081842
                            ],
                            [
                                28.8310266,
                                41.0086599
                            ],
                            [
                                28.8312311,
                                41.0093659
                            ],
                            [
                                28.8316702,
                                41.0099979
                            ],
                            [
                                28.8320605,
                                41.0105286
                            ],
                            [
                                28.8325971,
                                41.0110931
                            ],
                            [
                                28.8327272,
                                41.011182
                            ],
                            [
                                28.8330565,
                                41.01136
                            ],
                            [
                                28.8325605,
                                41.0119735
                            ],
                            [
                                28.8320564,
                                41.0125594
                            ],
                            [
                                28.8313937,
                                41.0131361
                            ],
                            [
                                28.8309425,
                                41.013538
                            ],
                            [
                                28.8307433,
                                41.0138018
                            ],
                            [
                                28.8305725,
                                41.0141699
                            ],
                            [
                                28.8305522,
                                41.0143478
                            ],
                            [
                                28.8325503,
                                41.0144746
                            ],
                            [
                                28.8337418,
                                41.014488
                            ],
                            [
                                28.8347616,
                                41.0144322
                            ],
                            [
                                28.8351498,
                                41.0144229
                            ],
                            [
                                28.835954,
                                41.0144489
                            ],
                            [
                                28.8357999,
                                41.0147
                            ],
                            [
                                28.8356151,
                                41.0148395
                            ],
                            [
                                28.8340376,
                                41.01543
                            ],
                            [
                                28.8330516,
                                41.0158159
                            ],
                            [
                                28.8323122,
                                41.0159554
                            ],
                            [
                                28.8321273,
                                41.0160809
                            ],
                            [
                                28.8319794,
                                41.0162343
                            ],
                            [
                                28.8327127,
                                41.0167179
                            ],
                            [
                                28.8339199,
                                41.0171896
                            ],
                            [
                                28.831507,
                                41.017668
                            ],
                            [
                                28.8313592,
                                41.0172656
                            ],
                            [
                                28.8300654,
                                41.0175633
                            ],
                            [
                                28.830862,
                                41.0187669
                            ],
                            [
                                28.8283752,
                                41.0199156
                            ],
                            [
                                28.8273668,
                                41.0202615
                            ],
                            [
                                28.8271045,
                                41.0203317
                            ],
                            [
                                28.8258441,
                                41.020377
                            ],
                            [
                                28.8254869,
                                41.0203631
                            ],
                            [
                                28.824036,
                                41.0199873
                            ],
                            [
                                28.82359,
                                41.0198566
                            ],
                            [
                                28.8228604,
                                41.0197781
                            ],
                            [
                                28.8224765,
                                41.0198726
                            ],
                            [
                                28.8218895,
                                41.0201273
                            ],
                            [
                                28.8211466,
                                41.0206592
                            ],
                            [
                                28.8202135,
                                41.0212587
                            ],
                            [
                                28.8188034,
                                41.0219587
                            ],
                            [
                                28.8179082,
                                41.0223796
                            ],
                            [
                                28.8170833,
                                41.0227005
                            ],
                            [
                                28.8159437,
                                41.023157
                            ],
                            [
                                28.8153903,
                                41.0234229
                            ],
                            [
                                28.8139891,
                                41.0243951
                            ],
                            [
                                28.8135334,
                                41.0247555
                            ],
                            [
                                28.8133205,
                                41.0249497
                            ],
                            [
                                28.8131452,
                                41.0251464
                            ],
                            [
                                28.8127862,
                                41.0253659
                            ],
                            [
                                28.8109631,
                                41.0271706
                            ],
                            [
                                28.8098168,
                                41.0274715
                            ],
                            [
                                28.8083935,
                                41.027953
                            ],
                            [
                                28.8081089,
                                41.0270156
                            ],
                            [
                                28.8079025,
                                41.0262786
                            ],
                            [
                                28.8080006,
                                41.0259828
                            ],
                            [
                                28.8081519,
                                41.0256689
                            ],
                            [
                                28.808531,
                                41.0249465
                            ],
                            [
                                28.8085127,
                                41.0247242
                            ],
                            [
                                28.8080168,
                                41.0236811
                            ],
                            [
                                28.8078752,
                                41.0231134
                            ],
                            [
                                28.8078003,
                                41.0225954
                            ],
                            [
                                28.8077292,
                                41.0223837
                            ],
                            [
                                28.8074682,
                                41.0221897
                            ],
                            [
                                28.8069199,
                                41.0218956
                            ],
                            [
                                28.8064171,
                                41.0203853
                            ],
                            [
                                28.8064063,
                                41.0200358
                            ],
                            [
                                28.8067995,
                                41.0191413
                            ],
                            [
                                28.8066792,
                                41.0180517
                            ],
                            [
                                28.8059571,
                                41.0169015
                            ],
                            [
                                28.8059897,
                                41.016576
                            ],
                            [
                                28.8059569,
                                41.0161334
                            ],
                            [
                                28.8060228,
                                41.0158742
                            ],
                            [
                                28.8062062,
                                41.0156123
                            ],
                            [
                                28.8061208,
                                41.015537
                            ]
                        ]
                    ]
                ]
            }
        },
        {
            "type": "Feature",
            "properties": {
                "type": "relation",
                "id": 9437994,
                "tags": {
                    "admin_level": "8",
                    "boundary": "administrative",
                    "name": "Çobançeşme Mahallesi",
                    "type": "boundary",
                    "wikidata": "Q6066022",
                    "wikipedia": "tr:Çobançeşme"
                }
            },
            "geometry": {
                "type": "MultiPolygon",
                "coordinates": [
                    [
                        [
                            [
                                28.8253125,
                                40.9929306
                            ],
                            [
                                28.8291818,
                                40.9927074
                            ],
                            [
                                28.8295324,
                                40.9936045
                            ],
                            [
                                28.8299713,
                                40.9946756
                            ],
                            [
                                28.8302686,
                                40.9946382
                            ],
                            [
                                28.8309941,
                                40.9946009
                            ],
                            [
                                28.8313764,
                                40.9946222
                            ],
                            [
                                28.831348,
                                40.9954931
                            ],
                            [
                                28.8312136,
                                40.9970584
                            ],
                            [
                                28.8311563,
                                40.9972675
                            ],
                            [
                                28.8310826,
                                40.9975953
                            ],
                            [
                                28.8309764,
                                40.9979319
                            ],
                            [
                                28.8307747,
                                40.9986023
                            ],
                            [
                                28.8307097,
                                40.9987831
                            ],
                            [
                                28.8305588,
                                40.9992033
                            ],
                            [
                                28.8304916,
                                40.9994491
                            ],
                            [
                                28.8304102,
                                40.999791
                            ],
                            [
                                28.83035,
                                41.0001409
                            ],
                            [
                                28.8303075,
                                41.0004694
                            ],
                            [
                                28.8302757,
                                41.0007686
                            ],
                            [
                                28.830258,
                                41.001049
                            ],
                            [
                                28.8302509,
                                41.0013856
                            ],
                            [
                                28.8302367,
                                41.0017435
                            ],
                            [
                                28.8302686,
                                41.002056
                            ],
                            [
                                28.8303571,
                                41.0023311
                            ],
                            [
                                28.8305659,
                                41.0028493
                            ],
                            [
                                28.8307428,
                                41.0033274
                            ],
                            [
                                28.8309764,
                                41.0040645
                            ],
                            [
                                28.8310224,
                                41.004393
                            ],
                            [
                                28.831072,
                                41.005221
                            ],
                            [
                                28.831095,
                                41.0059209
                            ],
                            [
                                28.8311043,
                                41.0064999
                            ],
                            [
                                28.8310796,
                                41.0067847
                            ],
                            [
                                28.8310226,
                                41.007266
                            ],
                            [
                                28.8309394,
                                41.0079182
                            ],
                            [
                                28.8309027,
                                41.0081842
                            ],
                            [
                                28.8303967,
                                41.0082307
                            ],
                            [
                                28.8298194,
                                41.0082583
                            ],
                            [
                                28.8292462,
                                41.0084884
                            ],
                            [
                                28.8284941,
                                41.0087215
                            ],
                            [
                                28.8275102,
                                41.0088504
                            ],
                            [
                                28.827433,
                                41.0093627
                            ],
                            [
                                28.8272013,
                                41.0098413
                            ],
                            [
                                28.8266443,
                                41.0102585
                            ],
                            [
                                28.8260792,
                                41.0102554
                            ],
                            [
                                28.8252742,
                                41.0102984
                            ],
                            [
                                28.8243676,
                                41.0104027
                            ],
                            [
                                28.8228837,
                                41.0106266
                            ],
                            [
                                28.8227805,
                                41.0103757
                            ],
                            [
                                28.8226545,
                                41.0099705
                            ],
                            [
                                28.8224163,
                                41.0088957
                            ],
                            [
                                28.8223696,
                                41.0085855
                            ],
                            [
                                28.8219866,
                                41.0072534
                            ],
                            [
                                28.8219609,
                                41.0071348
                            ],
                            [
                                28.8218559,
                                41.0066508
                            ],
                            [
                                28.8216364,
                                41.0054033
                            ],
                            [
                                28.8215494,
                                41.0047909
                            ],
                            [
                                28.8215383,
                                41.0047125
                            ],
                            [
                                28.8215383,
                                41.0044588
                            ],
                            [
                                28.821599,
                                41.003983
                            ],
                            [
                                28.8219213,
                                41.0025733
                            ],
                            [
                                28.8223237,
                                41.001004
                            ],
                            [
                                28.8226932,
                                41.000287
                            ],
                            [
                                28.8229073,
                                40.9991956
                            ],
                            [
                                28.822986,
                                40.9982417
                            ],
                            [
                                28.8230934,
                                40.9968847
                            ],
                            [
                                28.8231635,
                                40.996289
                            ],
                            [
                                28.8232802,
                                40.9946641
                            ],
                            [
                                28.8233409,
                                40.9940262
                            ],
                            [
                                28.8233561,
                                40.9939119
                            ],
                            [
                                28.8234608,
                                40.9938144
                            ],
                            [
                                28.8236211,
                                40.9937794
                            ],
                            [
                                28.8245441,
                                40.993578
                            ],
                            [
                                28.8253125,
                                40.9929306
                            ]
                        ]
                    ]
                ]
            }
        },
        {
            "type": "Feature",
            "properties": {
                "type": "relation",
                "id": 9437995,
                "tags": {
                    "admin_level": "8",
                    "boundary": "administrative",
                    "name": "Fevzi Çakmak Mahallesi",
                    "type": "boundary",
                    "wikidata": "Q6038224",
                    "wikipedia": "tr:Fevzi Çakmak, Bahçelievler"
                }
            },
            "geometry": {
                "type": "MultiPolygon",
                "coordinates": [
                    [
                        [
                            [
                                28.8291818,
                                40.9927074
                            ],
                            [
                                28.8345464,
                                40.9923771
                            ],
                            [
                                28.8354748,
                                40.9923098
                            ],
                            [
                                28.8356755,
                                40.9922953
                            ],
                            [
                                28.8356559,
                                40.9924147
                            ],
                            [
                                28.8355624,
                                40.9930522
                            ],
                            [
                                28.8355075,
                                40.9932286
                            ],
                            [
                                28.8353477,
                                40.9936603
                            ],
                            [
                                28.8353148,
                                40.993758
                            ],
                            [
                                28.8352899,
                                40.9939123
                            ],
                            [
                                28.835227,
                                40.9943279
                            ],
                            [
                                28.8352246,
                                40.9947153
                            ],
                            [
                                28.8351055,
                                40.9955839
                            ],
                            [
                                28.8349429,
                                40.996354
                            ],
                            [
                                28.8349022,
                                40.9967069
                            ],
                            [
                                28.834877,
                                40.9969109
                            ],
                            [
                                28.8347559,
                                40.99752
                            ],
                            [
                                28.8346786,
                                40.9977041
                            ],
                            [
                                28.8346055,
                                40.9981368
                            ],
                            [
                                28.8344672,
                                40.9988762
                            ],
                            [
                                28.8343981,
                                40.999361
                            ],
                            [
                                28.8343656,
                                40.999589
                            ],
                            [
                                28.8343168,
                                40.9999317
                            ],
                            [
                                28.8342599,
                                41.0003091
                            ],
                            [
                                28.8342436,
                                41.0006405
                            ],
                            [
                                28.8342465,
                                41.0008435
                            ],
                            [
                                28.8342558,
                                41.0015026
                            ],
                            [
                                28.8341745,
                                41.0022574
                            ],
                            [
                                28.8341217,
                                41.0026808
                            ],
                            [
                                28.8338899,
                                41.0029539
                            ],
                            [
                                28.8337273,
                                41.0030674
                            ],
                            [
                                28.8331907,
                                41.0032576
                            ],
                            [
                                28.8330687,
                                41.0033803
                            ],
                            [
                                28.8330362,
                                41.0035368
                            ],
                            [
                                28.8329996,
                                41.003724
                            ],
                            [
                                28.8329793,
                                41.0041872
                            ],
                            [
                                28.8330321,
                                41.0049174
                            ],
                            [
                                28.8331094,
                                41.0058348
                            ],
                            [
                                28.833085,
                                41.0064361
                            ],
                            [
                                28.8330037,
                                41.0069055
                            ],
                            [
                                28.8329142,
                                41.0073012
                            ],
                            [
                                28.832837,
                                41.0077676
                            ],
                            [
                                28.8326947,
                                41.0081725
                            ],
                            [
                                28.8322841,
                                41.0085897
                            ],
                            [
                                28.8316092,
                                41.0091021
                            ],
                            [
                                28.8312311,
                                41.0093659
                            ],
                            [
                                28.8310266,
                                41.0086599
                            ],
                            [
                                28.8309027,
                                41.0081842
                            ],
                            [
                                28.8309394,
                                41.0079182
                            ],
                            [
                                28.8310226,
                                41.007266
                            ],
                            [
                                28.8310796,
                                41.0067847
                            ],
                            [
                                28.8311043,
                                41.0064999
                            ],
                            [
                                28.831095,
                                41.0059209
                            ],
                            [
                                28.831072,
                                41.005221
                            ],
                            [
                                28.8310224,
                                41.004393
                            ],
                            [
                                28.8309764,
                                41.0040645
                            ],
                            [
                                28.8307428,
                                41.0033274
                            ],
                            [
                                28.8305659,
                                41.0028493
                            ],
                            [
                                28.8303571,
                                41.0023311
                            ],
                            [
                                28.8302686,
                                41.002056
                            ],
                            [
                                28.8302367,
                                41.0017435
                            ],
                            [
                                28.8302509,
                                41.0013856
                            ],
                            [
                                28.830258,
                                41.001049
                            ],
                            [
                                28.8302757,
                                41.0007686
                            ],
                            [
                                28.8303075,
                                41.0004694
                            ],
                            [
                                28.83035,
                                41.0001409
                            ],
                            [
                                28.8304102,
                                40.999791
                            ],
                            [
                                28.8304916,
                                40.9994491
                            ],
                            [
                                28.8305588,
                                40.9992033
                            ],
                            [
                                28.8307097,
                                40.9987831
                            ],
                            [
                                28.8307747,
                                40.9986023
                            ],
                            [
                                28.8309764,
                                40.9979319
                            ],
                            [
                                28.8310826,
                                40.9975953
                            ],
                            [
                                28.8311563,
                                40.9972675
                            ],
                            [
                                28.8312136,
                                40.9970584
                            ],
                            [
                                28.831348,
                                40.9954931
                            ],
                            [
                                28.8313764,
                                40.9946222
                            ],
                            [
                                28.8309941,
                                40.9946009
                            ],
                            [
                                28.8302686,
                                40.9946382
                            ],
                            [
                                28.8299713,
                                40.9946756
                            ],
                            [
                                28.8295324,
                                40.9936045
                            ],
                            [
                                28.8291818,
                                40.9927074
                            ]
                        ]
                    ]
                ]
            }
        }
    ]
}