{
    "type": "FeatureCollection",
    "features": [
        {
            "type": "Feature",
            "properties": {
                "type": "relation",
                "id": 7404512,
                "tags": {
                    "admin_level": "8",
                    "boundary": "administrative",
                    "name": "Basınköy Mahallesi",
                    "type": "boundary",
                    "wikidata": "Q12808749",
                    "wikipedia": "tr:Basınköy"
                }
            },
            "geometry": {
                "type": "MultiPolygon",
                "coordinates": [
                    [
                        [
                            [
                                28.773436,
                                40.9865223
                            ],
                            [
                                28.7734921,
                                40.986055
                            ],
                            [
                                28.7737066,
                                40.9858413
                            ],
                            [
                                28.7752893,
                                40.9840442
                            ],
                            [
                                28.7757386,
                                40.9824936
                            ],
                            [
                                28.7757221,
                                40.982007
                            ],
                            [
                                28.7757065,
                                40.9815488
                            ],
                            [
                                28.7750326,
                                40.9805796
                            ],
                            [
                                28.77484,
                                40.9790775
                            ],
                            [
                                28.77519,
                                40.9773627
                            ],
                            [
                                28.7751539,
                                40.9772787
                            ],
                            [
                                28.7751284,
                                40.9772028
                            ],
                            [
                                28.7749882,
                                40.9768682
                            ],
                            [
                                28.7750728,
                                40.9768023
                            ],
                            [
                                28.7752182,
                                40.9767097
                            ],
                            [
                                28.7754497,
                                40.9765249
                            ],
                            [
                                28.7757058,
                                40.9763375
                            ],
                            [
                                28.776155,
                                40.9760692
                            ],
                            [
                                28.7762656,
                                40.9760465
                            ],
                            [
                                28.776747,
                                40.9757678
                            ],
                            [
                                28.7770733,
                                40.9756121
                            ],
                            [
                                28.7774517,
                                40.975461
                            ],
                            [
                                28.7779667,
                                40.9752423
                            ],
                            [
                                28.7782027,
                                40.9750884
                            ],
                            [
                                28.7785568,
                                40.9749264
                            ],
                            [
                                28.7789538,
                                40.9747239
                            ],
                            [
                                28.779366,
                                40.9745096
                            ],
                            [
                                28.7795478,
                                40.9744169
                            ],
                            [
                                28.7795999,
                                40.9743382
                            ],
                            [
                                28.7797997,
                                40.9742318
                            ],
                            [
                                28.7799623,
                                40.9742005
                            ],
                            [
                                28.7802305,
                                40.9741325
                            ],
                            [
                                28.7808957,
                                40.9738571
                            ],
                            [
                                28.7814107,
                                40.9736708
                            ],
                            [
                                28.7815823,
                                40.9736222
                            ],
                            [
                                28.7818076,
                                40.9737032
                            ],
                            [
                                28.7819364,
                                40.9737032
                            ],
                            [
                                28.7824299,
                                40.9734926
                            ],
                            [
                                28.7827518,
                                40.9732658
                            ],
                            [
                                28.7829568,
                                40.9731782
                            ],
                            [
                                28.7830048,
                                40.97316
                            ],
                            [
                                28.7833848,
                                40.9729985
                            ],
                            [
                                28.7840929,
                                40.9726988
                            ],
                            [
                                28.7848439,
                                40.9723747
                            ],
                            [
                                28.7857237,
                                40.9720426
                            ],
                            [
                                28.786185,
                                40.9718806
                            ],
                            [
                                28.7868609,
                                40.9715323
                            ],
                            [
                                28.7873008,
                                40.9713541
                            ],
                            [
                                28.787687,
                                40.9711353
                            ],
                            [
                                28.7883415,
                                40.9708032
                            ],
                            [
                                28.7893395,
                                40.9722907
                            ],
                            [
                                28.7894475,
                                40.9725019
                            ],
                            [
                                28.7894658,
                                40.9727687
                            ],
                            [
                                28.7897305,
                                40.9735158
                            ],
                            [
                                28.7899337,
                                40.9738923
                            ],
                            [
                                28.79197,
                                40.9779478
                            ],
                            [
                                28.7924492,
                                40.9791308
                            ],
                            [
                                28.793503,
                                40.9811009
                            ],
                            [
                                28.7923819,
                                40.9811373
                            ],
                            [
                                28.7915128,
                                40.981194
                            ],
                            [
                                28.7911588,
                                40.9813074
                            ],
                            [
                                28.789823,
                                40.9818379
                            ],
                            [
                                28.7893242,
                                40.9821133
                            ],
                            [
                                28.7881601,
                                40.9827329
                            ],
                            [
                                28.78757,
                                40.9826802
                            ],
                            [
                                28.787055,
                                40.9822996
                            ],
                            [
                                28.7859875,
                                40.9814572
                            ],
                            [
                                28.7857675,
                                40.9814167
                            ],
                            [
                                28.7816584,
                                40.9830892
                            ],
                            [
                                28.7816906,
                                40.983393
                            ],
                            [
                                28.7795703,
                                40.9844274
                            ],
                            [
                                28.7785325,
                                40.9842507
                            ],
                            [
                                28.7782329,
                                40.9842659
                            ],
                            [
                                28.7780329,
                                40.9843781
                            ],
                            [
                                28.7775496,
                                40.984687
                            ],
                            [
                                28.7774194,
                                40.9854018
                            ],
                            [
                                28.7770655,
                                40.9859338
                            ],
                            [
                                28.7769953,
                                40.9860099
                            ],
                            [
                                28.7762754,
                                40.9862012
                            ],
                            [
                                28.7754112,
                                40.9863794
                            ],
                            [
                                28.7747745,
                                40.9864631
                            ],
                            [
                                28.773436,
                                40.9865223
                            ]
                        ]
                    ]
                ]
            }
        },
        {
            "type": "Feature",
            "properties": {
                "type": "relation",
                "id": 9439702,
                "tags": {
                    "admin_level": "8",
                    "boundary": "administrative",
                    "name": "Osmaniye Mahallesi",
                    "postal_code": "34146",
                    "type": "boundary",
                    "wikidata": "Q6088764",
                    "wikipedia": "tr:Osmaniye, Bakırköy"
                }
            },
            "geometry": {
                "type": "MultiPolygon",
                "coordinates": [
                    [
                        [
                            [
                                28.8741061,
                                40.9982887
                            ],
                            [
                                28.8740958,
                                40.997907
                            ],
                            [
                                28.8741359,
                                40.996553
                            ],
                            [
                                28.8741603,
                                40.9957061
                            ],
                            [
                                28.8741765,
                                40.9942056
                            ],
                            [
                                28.8741928,
                                40.9935766
                            ],
                            [
                                28.8741873,
                                40.9933305
                            ],
                            [
                                28.8755205,
                                40.9932578
                            ],
                            [
                                28.875636,
                                40.9932896
                            ],
                            [
                                28.8756503,
                                40.9927472
                            ],
                            [
                                28.8756273,
                                40.9925493
                            ],
                            [
                                28.8759322,
                                40.9924445
                            ],
                            [
                                28.8767508,
                                40.9921632
                            ],
                            [
                                28.877062,
                                40.9920093
                            ],
                            [
                                28.8771693,
                                40.9919041
                            ],
                            [
                                28.8772411,
                                40.9918148
                            ],
                            [
                                28.8773219,
                                40.9916041
                            ],
                            [
                                28.8773848,
                                40.991451
                            ],
                            [
                                28.8774372,
                                40.9913283
                            ],
                            [
                                28.8774521,
                                40.9912935
                            ],
                            [
                                28.8775306,
                                40.9911892
                            ],
                            [
                                28.8777315,
                                40.9909485
                            ],
                            [
                                28.8778662,
                                40.9907988
                            ],
                            [
                                28.8780349,
                                40.9906552
                            ],
                            [
                                28.878216,
                                40.9905401
                            ],
                            [
                                28.8783589,
                                40.990474
                            ],
                            [
                                28.878509,
                                40.9903981
                            ],
                            [
                                28.8786239,
                                40.9903366
                            ],
                            [
                                28.8788716,
                                40.9902843
                            ],
                            [
                                28.8790032,
                                40.9902584
                            ],
                            [
                                28.8791744,
                                40.9902687
                            ],
                            [
                                28.8793674,
                                40.9902751
                            ],
                            [
                                28.8794657,
                                40.9902901
                            ],
                            [
                                28.8800398,
                                40.9902823
                            ],
                            [
                                28.8805775,
                                40.9903042
                            ],
                            [
                                28.8806971,
                                40.9903137
                            ],
                            [
                                28.880826,
                                40.990314
                            ],
                            [
                                28.8811103,
                                40.9902651
                            ],
                            [
                                28.8812426,
                                40.9902008
                            ],
                            [
                                28.881348,
                                40.9901182
                            ],
                            [
                                28.881496,
                                40.9899343
                            ],
                            [
                                28.8816401,
                                40.9897553
                            ],
                            [
                                28.8818268,
                                40.9895361
                            ],
                            [
                                28.8821001,
                                40.9893475
                            ],
                            [
                                28.8829132,
                                40.9887864
                            ],
                            [
                                28.8834458,
                                40.9885869
                            ],
                            [
                                28.883641,
                                40.9884765
                            ],
                            [
                                28.8840068,
                                40.9882831
                            ],
                            [
                                28.8843118,
                                40.9882862
                            ],
                            [
                                28.884511,
                                40.9881481
                            ],
                            [
                                28.8845028,
                                40.9869697
                            ],
                            [
                                28.884576,
                                40.9838486
                            ],
                            [
                                28.8846088,
                                40.9825255
                            ],
                            [
                                28.8848151,
                                40.9825528
                            ],
                            [
                                28.8850107,
                                40.9825719
                            ],
                            [
                                28.885906,
                                40.9825778
                            ],
                            [
                                28.8880273,
                                40.9825465
                            ],
                            [
                                28.8887208,
                                40.9825619
                            ],
                            [
                                28.8894933,
                                40.9825833
                            ],
                            [
                                28.8899618,
                                40.9825923
                            ],
                            [
                                28.8903882,
                                40.9830236
                            ],
                            [
                                28.8906618,
                                40.9832787
                            ],
                            [
                                28.8908764,
                                40.983465
                            ],
                            [
                                28.8909354,
                                40.9835784
                            ],
                            [
                                28.8909676,
                                40.9837039
                            ],
                            [
                                28.8910695,
                                40.984283
                            ],
                            [
                                28.8911553,
                                40.9848499
                            ],
                            [
                                28.8913914,
                                40.9862551
                            ],
                            [
                                28.8916703,
                                40.9879113
                            ],
                            [
                                28.8918527,
                                40.9889884
                            ],
                            [
                                28.8918649,
                                40.9892066
                            ],
                            [
                                28.8916562,
                                40.9906024
                            ],
                            [
                                28.8923585,
                                40.9926416
                            ],
                            [
                                28.8928728,
                                40.9933486
                            ],
                            [
                                28.8932598,
                                40.9938806
                            ],
                            [
                                28.8939679,
                                40.9951155
                            ],
                            [
                                28.8941519,
                                40.9954469
                            ],
                            [
                                28.8942051,
                                40.9955698
                            ],
                            [
                                28.8940032,
                                40.9957917
                            ],
                            [
                                28.8937876,
                                40.9959939
                            ],
                            [
                                28.8934784,
                                40.996292
                            ],
                            [
                                28.8925074,
                                40.9972938
                            ],
                            [
                                28.8920313,
                                40.9979011
                            ],
                            [
                                28.8919011,
                                40.9983226
                            ],
                            [
                                28.8918405,
                                40.99971
                            ],
                            [
                                28.8918508,
                                40.9998184
                            ],
                            [
                                28.8918941,
                                40.9999243
                            ],
                            [
                                28.8924143,
                                41.0008156
                            ],
                            [
                                28.8930121,
                                41.0022987
                            ],
                            [
                                28.893049,
                                41.0024269
                            ],
                            [
                                28.8931474,
                                41.0026004
                            ],
                            [
                                28.8940501,
                                41.0036566
                            ],
                            [
                                28.8944989,
                                41.0042492
                            ],
                            [
                                28.8950346,
                                41.0050278
                            ],
                            [
                                28.8951528,
                                41.0050435
                            ],
                            [
                                28.8954052,
                                41.005188
                            ],
                            [
                                28.8955656,
                                41.0053753
                            ],
                            [
                                28.8956737,
                                41.0056175
                            ],
                            [
                                28.8956829,
                                41.0057998
                            ],
                            [
                                28.8956138,
                                41.0058312
                            ],
                            [
                                28.8957207,
                                41.0061236
                            ],
                            [
                                28.8959034,
                                41.0063276
                            ],
                            [
                                28.8959457,
                                41.0063806
                            ],
                            [
                                28.895958,
                                41.006444
                            ],
                            [
                                28.8959518,
                                41.0066949
                            ],
                            [
                                28.895734,
                                41.0065523
                            ],
                            [
                                28.8941378,
                                41.0054281
                            ],
                            [
                                28.8935462,
                                41.0050911
                            ],
                            [
                                28.8925822,
                                41.0043776
                            ],
                            [
                                28.8921107,
                                41.0040806
                            ],
                            [
                                28.8914969,
                                41.0037191
                            ],
                            [
                                28.8904885,
                                41.0031976
                            ],
                            [
                                28.8899459,
                                41.0029741
                            ],
                            [
                                28.8893626,
                                41.0027814
                            ],
                            [
                                28.8857606,
                                41.0016974
                            ],
                            [
                                28.8834558,
                                41.0009913
                            ],
                            [
                                28.8815512,
                                41.0004303
                            ],
                            [
                                28.8802118,
                                41.0000234
                            ],
                            [
                                28.8771466,
                                40.9991122
                            ],
                            [
                                28.8741061,
                                40.9982887
                            ]
                        ]
                    ]
                ]
            }
        },
        {
            "type": "Feature",
            "properties": {
                "type": "relation",
                "id": 9439829,
                "tags": {
                    "admin_level": "8",
                    "boundary": "administrative",
                    "name": "Kartaltepe Mahallesi",
                    "postal_code": "34145",
                    "type": "boundary",
                    "wikidata": "Q6077928",
                    "wikipedia": "tr:Kartaltepe, Bakırköy"
                }
            },
            "geometry": {
                "type": "MultiPolygon",
                "coordinates": [
                    [
                        [
                            [
                                28.8697343,
                                40.9971027
                            ],
                            [
                                28.869773,
                                40.9965332
                            ],
                            [
                                28.8698852,
                                40.9959321
                            ],
                            [
                                28.8698797,
                                40.9957501
                            ],
                            [
                                28.8699254,
                                40.9941587
                            ],
                            [
                                28.8699414,
                                40.9928596
                            ],
                            [
                                28.8699555,
                                40.9924396
                            ],
                            [
                                28.869964,
                                40.9923649
                            ],
                            [
                                28.8699801,
                                40.9922791
                            ],
                            [
                                28.8700059,
                                40.9921564
                            ],
                            [
                                28.8700605,
                                40.9918024
                            ],
                            [
                                28.8706764,
                                40.9905489
                            ],
                            [
                                28.8711646,
                                40.9896682
                            ],
                            [
                                28.8718244,
                                40.9885122
                            ],
                            [
                                28.8720551,
                                40.9879939
                            ],
                            [
                                28.8722214,
                                40.9874168
                            ],
                            [
                                28.8722777,
                                40.9867102
                            ],
                            [
                                28.8723072,
                                40.985951
                            ],
                            [
                                28.8723421,
                                40.984973
                            ],
                            [
                                28.8724091,
                                40.9842846
                            ],
                            [
                                28.872495,
                                40.9837926
                            ],
                            [
                                28.8726398,
                                40.9832742
                            ],
                            [
                                28.8729188,
                                40.9826587
                            ],
                            [
                                28.8732353,
                                40.982193
                            ],
                            [
                                28.8734096,
                                40.9819601
                            ],
                            [
                                28.8736644,
                                40.981466
                            ],
                            [
                                28.8738527,
                                40.9807761
                            ],
                            [
                                28.8739273,
                                40.9804476
                            ],
                            [
                                28.8773872,
                                40.981032
                            ],
                            [
                                28.8783932,
                                40.9811906
                            ],
                            [
                                28.8797852,
                                40.9813992
                            ],
                            [
                                28.8817056,
                                40.9816908
                            ],
                            [
                                28.8823064,
                                40.9817961
                            ],
                            [
                                28.8846158,
                                40.9822233
                            ],
                            [
                                28.8846088,
                                40.9825255
                            ],
                            [
                                28.884576,
                                40.9838486
                            ],
                            [
                                28.8845028,
                                40.9869697
                            ],
                            [
                                28.884511,
                                40.9881481
                            ],
                            [
                                28.8843118,
                                40.9882862
                            ],
                            [
                                28.8840068,
                                40.9882831
                            ],
                            [
                                28.883641,
                                40.9884765
                            ],
                            [
                                28.8834458,
                                40.9885869
                            ],
                            [
                                28.8829132,
                                40.9887864
                            ],
                            [
                                28.8821001,
                                40.9893475
                            ],
                            [
                                28.8818268,
                                40.9895361
                            ],
                            [
                                28.8816401,
                                40.9897553
                            ],
                            [
                                28.881496,
                                40.9899343
                            ],
                            [
                                28.881348,
                                40.9901182
                            ],
                            [
                                28.8812426,
                                40.9902008
                            ],
                            [
                                28.8811103,
                                40.9902651
                            ],
                            [
                                28.880826,
                                40.990314
                            ],
                            [
                                28.8806971,
                                40.9903137
                            ],
                            [
                                28.8805775,
                                40.9903042
                            ],
                            [
                                28.8800398,
                                40.9902823
                            ],
                            [
                                28.8794657,
                                40.9902901
                            ],
                            [
                                28.8793674,
                                40.9902751
                            ],
                            [
                                28.8791744,
                                40.9902687
                            ],
                            [
                                28.8790032,
                                40.9902584
                            ],
                            [
                                28.8788716,
                                40.9902843
                            ],
                            [
                                28.8786239,
                                40.9903366
                            ],
                            [
                                28.878509,
                                40.9903981
                            ],
                            [
                                28.8783589,
                                40.990474
                            ],
                            [
                                28.878216,
                                40.9905401
                            ],
                            [
                                28.8780349,
                                40.9906552
                            ],
                            [
                                28.8778662,
                                40.9907988
                            ],
                            [
                                28.8777315,
                                40.9909485
                            ],
                            [
                                28.8775306,
                                40.9911892
                            ],
                            [
                                28.8774521,
                                40.9912935
                            ],
                            [
                                28.8774372,
                                40.9913283
                            ],
                            [
                                28.8773848,
                                40.991451
                            ],
                            [
                                28.8773219,
                                40.9916041
                            ],
                            [
                                28.8772411,
                                40.9918148
                            ],
                            [
                                28.8771693,
                                40.9919041
                            ],
                            [
                                28.877062,
                                40.9920093
                            ],
                            [
                                28.8767508,
                                40.9921632
                            ],
                            [
                                28.8759322,
                                40.9924445
                            ],
                            [
                                28.8756273,
                                40.9925493
                            ],
                            [
                                28.8756503,
                                40.9927472
                            ],
                            [
                                28.875636,
                                40.9932896
                            ],
                            [
                                28.8755205,
                                40.9932578
                            ],
                            [
                                28.8741873,
                                40.9933305
                            ],
                            [
                                28.8741928,
                                40.9935766
                            ],
                            [
                                28.8741765,
                                40.9942056
                            ],
                            [
                                28.8741603,
                                40.9957061
                            ],
                            [
                                28.8741359,
                                40.996553
                            ],
                            [
                                28.8740958,
                                40.997907
                            ],
                            [
                                28.8741061,
                                40.9982887
                            ],
                            [
                                28.8720331,
                                40.9977481
                            ],
                            [
                                28.8708848,
                                40.9974441
                            ],
                            [
                                28.8701844,
                                40.9972283
                            ],
                            [
                                28.8697343,
                                40.9971027
                            ]
                        ]
                    ]
                ]
            }
        },
        {
            "type": "Feature",
            "properties": {
                "type": "relation",
                "id": 9439830,
                "tags": {
                    "admin_level": "8",
                    "boundary": "administrative",
                    "name": "Zuhuratbaba Mahallesi",
                    "postal_code": "34147",
                    "type": "boundary",
                    "wikidata": "Q6076497",
                    "wikipedia": "tr:Zuhuratbaba"
                }
            },
            "geometry": {
                "type": "MultiPolygon",
                "coordinates": [
                    [
                        [
                            [
                                28.8512528,
                                40.9918542
                            ],
                            [
                                28.8512923,
                                40.9915328
                            ],
                            [
                                28.8513408,
                                40.9912279
                            ],
                            [
                                28.8516321,
                                40.9904023
                            ],
                            [
                                28.8520827,
                                40.9887583
                            ],
                            [
                                28.8528038,
                                40.9864083
                            ],
                            [
                                28.8532832,
                                40.9863227
                            ],
                            [
                                28.8558085,
                                40.9858983
                            ],
                            [
                                28.8557144,
                                40.9861951
                            ],
                            [
                                28.8557895,
                                40.986349
                            ],
                            [
                                28.8563152,
                                40.9866648
                            ],
                            [
                                28.8564493,
                                40.9867863
                            ],
                            [
                                28.8574954,
                                40.9866851
                            ],
                            [
                                28.8594266,
                                40.9860857
                            ],
                            [
                                28.859786,
                                40.9860493
                            ],
                            [
                                28.8625111,
                                40.9849762
                            ],
                            [
                                28.8634982,
                                40.9847454
                            ],
                            [
                                28.8657405,
                                40.9838666
                            ],
                            [
                                28.8657298,
                                40.9837451
                            ],
                            [
                                28.8670172,
                                40.9831093
                            ],
                            [
                                28.8675269,
                                40.9828542
                            ],
                            [
                                28.8682749,
                                40.9826585
                            ],
                            [
                                28.8682407,
                                40.9823872
                            ],
                            [
                                28.8678966,
                                40.9818859
                            ],
                            [
                                28.8677968,
                                40.9816912
                            ],
                            [
                                28.8676552,
                                40.9811736
                            ],
                            [
                                28.8676635,
                                40.9805165
                            ],
                            [
                                28.8676323,
                                40.9803726
                            ],
                            [
                                28.8676017,
                                40.9801612
                            ],
                            [
                                28.8675849,
                                40.980054
                            ],
                            [
                                28.8677422,
                                40.9800309
                            ],
                            [
                                28.868073,
                                40.9800558
                            ],
                            [
                                28.8688334,
                                40.9801529
                            ],
                            [
                                28.8699649,
                                40.9802747
                            ],
                            [
                                28.8706366,
                                40.9803841
                            ],
                            [
                                28.8721309,
                                40.9806004
                            ],
                            [
                                28.8738527,
                                40.9807761
                            ],
                            [
                                28.8736644,
                                40.981466
                            ],
                            [
                                28.8734096,
                                40.9819601
                            ],
                            [
                                28.8732353,
                                40.982193
                            ],
                            [
                                28.8729188,
                                40.9826587
                            ],
                            [
                                28.8726398,
                                40.9832742
                            ],
                            [
                                28.872495,
                                40.9837926
                            ],
                            [
                                28.8724091,
                                40.9842846
                            ],
                            [
                                28.8723421,
                                40.984973
                            ],
                            [
                                28.8723072,
                                40.985951
                            ],
                            [
                                28.8722777,
                                40.9867102
                            ],
                            [
                                28.8722214,
                                40.9874168
                            ],
                            [
                                28.8720551,
                                40.9879939
                            ],
                            [
                                28.8718244,
                                40.9885122
                            ],
                            [
                                28.8711646,
                                40.9896682
                            ],
                            [
                                28.8706764,
                                40.9905489
                            ],
                            [
                                28.8700605,
                                40.9918024
                            ],
                            [
                                28.8700059,
                                40.9921564
                            ],
                            [
                                28.8699801,
                                40.9922791
                            ],
                            [
                                28.869964,
                                40.9923649
                            ],
                            [
                                28.8699555,
                                40.9924396
                            ],
                            [
                                28.8699414,
                                40.9928596
                            ],
                            [
                                28.8699254,
                                40.9941587
                            ],
                            [
                                28.8698797,
                                40.9957501
                            ],
                            [
                                28.8698852,
                                40.9959321
                            ],
                            [
                                28.869773,
                                40.9965332
                            ],
                            [
                                28.8697343,
                                40.9971027
                            ],
                            [
                                28.8661593,
                                40.9958949
                            ],
                            [
                                28.8627011,
                                40.9948387
                            ],
                            [
                                28.8558686,
                                40.9927827
                            ],
                            [
                                28.8541675,
                                40.992371
                            ],
                            [
                                28.8527872,
                                40.9920809
                            ],
                            [
                                28.8512528,
                                40.9918542
                            ]
                        ]
                    ]
                ]
            }
        },
        {
            "type": "Feature",
            "properties": {
                "type": "relation",
                "id": 9439859,
                "tags": {
                    "admin_level": "8",
                    "alt_name": "Yeni Mahalle",
                    "boundary": "administrative",
                    "name": "Yenimahalle Mahallesi",
                    "type": "boundary",
                    "wikidata": "Q6068139",
                    "wikipedia": "tr:Yenimahalle, Bakırköy"
                }
            },
            "geometry": {
                "type": "MultiPolygon",
                "coordinates": [
                    [
                        [
                            [
                                28.8773872,
                                40.981032
                            ],
                            [
                                28.8774799,
                                40.9802472
                            ],
                            [
                                28.8776809,
                                40.978639
                            ],
                            [
                                28.8801764,
                                40.978767
                            ],
                            [
                                28.8808395,
                                40.9788304
                            ],
                            [
                                28.8819977,
                                40.9789697
                            ],
                            [
                                28.8832352,
                                40.9792711
                            ],
                            [
                                28.8842043,
                                40.9797206
                            ],
                            [
                                28.8852153,
                                40.9801278
                            ],
                            [
                                28.8853361,
                                40.9806952
                            ],
                            [
                                28.8863011,
                                40.9812207
                            ],
                            [
                                28.8882841,
                                40.9819618
                            ],
                            [
                                28.8890753,
                                40.9821103
                            ],
                            [
                                28.8896527,
                                40.9822045
                            ],
                            [
                                28.8899143,
                                40.9822063
                            ],
                            [
                                28.8899236,
                                40.9824451
                            ],
                            [
                                28.8899618,
                                40.9825923
                            ],
                            [
                                28.8894933,
                                40.9825833
                            ],
                            [
                                28.8887208,
                                40.9825619
                            ],
                            [
                                28.8880273,
                                40.9825465
                            ],
                            [
                                28.885906,
                                40.9825778
                            ],
                            [
                                28.8850107,
                                40.9825719
                            ],
                            [
                                28.8848151,
                                40.9825528
                            ],
                            [
                                28.8846088,
                                40.9825255
                            ],
                            [
                                28.8846158,
                                40.9822233
                            ],
                            [
                                28.8823064,
                                40.9817961
                            ],
                            [
                                28.8817056,
                                40.9816908
                            ],
                            [
                                28.8797852,
                                40.9813992
                            ],
                            [
                                28.8783932,
                                40.9811906
                            ],
                            [
                                28.8773872,
                                40.981032
                            ]
                        ]
                    ]
                ]
            }
        },
        {
            "type": "Feature",
            "properties": {
                "type": "relation",
                "id": 9439860,
                "tags": {
                    "admin_level": "8",
                    "boundary": "administrative",
                    "name": "Cevizlik Mahallesi",
                    "type": "boundary",
                    "wikidata": "Q6069421",
                    "wikipedia": "tr:Cevizlik, Bakırköy"
                }
            },
            "geometry": {
                "type": "MultiPolygon",
                "coordinates": [
                    [
                        [
                            [
                                28.8739273,
                                40.9804476
                            ],
                            [
                                28.8744346,
                                40.9783844
                            ],
                            [
                                28.8748901,
                                40.9771152
                            ],
                            [
                                28.8749133,
                                40.9770596
                            ],
                            [
                                28.8750243,
                                40.9766041
                            ],
                            [
                                28.8752072,
                                40.9759457
                            ],
                            [
                                28.875321,
                                40.9753564
                            ],
                            [
                                28.8753314,
                                40.9753058
                            ],
                            [
                                28.8754588,
                                40.974683
                            ],
                            [
                                28.8755386,
                                40.9743865
                            ],
                            [
                                28.8756625,
                                40.9741087
                            ],
                            [
                                28.8764228,
                                40.9743328
                            ],
                            [
                                28.8765143,
                                40.9741286
                            ],
                            [
                                28.8766798,
                                40.9740563
                            ],
                            [
                                28.8767871,
                                40.9741041
                            ],
                            [
                                28.8767269,
                                40.9741415
                            ],
                            [
                                28.8768248,
                                40.9742093
                            ],
                            [
                                28.8772244,
                                40.9743372
                            ],
                            [
                                28.8778383,
                                40.9745337
                            ],
                            [
                                28.8779704,
                                40.974508
                            ],
                            [
                                28.8780339,
                                40.9744956
                            ],
                            [
                                28.8781505,
                                40.9747878
                            ],
                            [
                                28.8780351,
                                40.9752131
                            ],
                            [
                                28.8779754,
                                40.9755902
                            ],
                            [
                                28.8778233,
                                40.9770285
                            ],
                            [
                                28.8777387,
                                40.9778537
                            ],
                            [
                                28.8776809,
                                40.978639
                            ],
                            [
                                28.8774799,
                                40.9802472
                            ],
                            [
                                28.8773872,
                                40.981032
                            ],
                            [
                                28.8739273,
                                40.9804476
                            ]
                        ]
                    ]
                ]
            }
        },
        {
            "type": "Feature",
            "properties": {
                "type": "relation",
                "id": 9439861,
                "tags": {
                    "admin_level": "8",
                    "boundary": "administrative",
                    "name": "Sakızağacı Mahallesi",
                    "type": "boundary",
                    "wikidata": "Q6068839",
                    "wikipedia": "tr:Sakızağacı, Bakırköy"
                }
            },
            "geometry": {
                "type": "MultiPolygon",
                "coordinates": [
                    [
                        [
                            [
                                28.8776809,
                                40.978639
                            ],
                            [
                                28.8777387,
                                40.9778537
                            ],
                            [
                                28.8778233,
                                40.9770285
                            ],
                            [
                                28.8779754,
                                40.9755902
                            ],
                            [
                                28.8780351,
                                40.9752131
                            ],
                            [
                                28.8781505,
                                40.9747878
                            ],
                            [
                                28.8780339,
                                40.9744956
                            ],
                            [
                                28.8780576,
                                40.9743934
                            ],
                            [
                                28.8780921,
                                40.9742911
                            ],
                            [
                                28.8780871,
                                40.974098
                            ],
                            [
                                28.8778447,
                                40.9738237
                            ],
                            [
                                28.877886,
                                40.9737333
                            ],
                            [
                                28.877952,
                                40.9737014
                            ],
                            [
                                28.8784715,
                                40.9741559
                            ],
                            [
                                28.8787953,
                                40.9742422
                            ],
                            [
                                28.8796428,
                                40.9745014
                            ],
                            [
                                28.8800827,
                                40.9746958
                            ],
                            [
                                28.8803402,
                                40.974874
                            ],
                            [
                                28.8809196,
                                40.9753033
                            ],
                            [
                                28.881338,
                                40.9755706
                            ],
                            [
                                28.8817726,
                                40.9758379
                            ],
                            [
                                28.8826684,
                                40.9764069
                            ],
                            [
                                28.8832155,
                                40.9767614
                            ],
                            [
                                28.8833443,
                                40.9767898
                            ],
                            [
                                28.883634,
                                40.9767472
                            ],
                            [
                                28.8839773,
                                40.976729
                            ],
                            [
                                28.8843421,
                                40.9767452
                            ],
                            [
                                28.8846747,
                                40.9768181
                            ],
                            [
                                28.8849751,
                                40.9769133
                            ],
                            [
                                28.8855061,
                                40.9771644
                            ],
                            [
                                28.8858575,
                                40.9774073
                            ],
                            [
                                28.886056,
                                40.977543
                            ],
                            [
                                28.8862331,
                                40.977705
                            ],
                            [
                                28.8863081,
                                40.9778649
                            ],
                            [
                                28.8863806,
                                40.9780776
                            ],
                            [
                                28.8864127,
                                40.9781302
                            ],
                            [
                                28.8865415,
                                40.9781869
                            ],
                            [
                                28.8870238,
                                40.9784303
                            ],
                            [
                                28.8873671,
                                40.978649
                            ],
                            [
                                28.8877212,
                                40.9788758
                            ],
                            [
                                28.8881825,
                                40.9791269
                            ],
                            [
                                28.8887297,
                                40.9794023
                            ],
                            [
                                28.889073,
                                40.9795886
                            ],
                            [
                                28.8893064,
                                40.9797162
                            ],
                            [
                                28.8900681,
                                40.9798802
                            ],
                            [
                                28.8906689,
                                40.9799187
                            ],
                            [
                                28.8907988,
                                40.979475
                            ],
                            [
                                28.8908093,
                                40.9781977
                            ],
                            [
                                28.8906408,
                                40.9780948
                            ],
                            [
                                28.8906027,
                                40.9780252
                            ],
                            [
                                28.8905962,
                                40.9779714
                            ],
                            [
                                28.8906296,
                                40.9779099
                            ],
                            [
                                28.8907717,
                                40.9778581
                            ],
                            [
                                28.8909251,
                                40.9778954
                            ],
                            [
                                28.8909995,
                                40.9779985
                            ],
                            [
                                28.8910234,
                                40.9794112
                            ],
                            [
                                28.8909544,
                                40.9797122
                            ],
                            [
                                28.8908489,
                                40.980011
                            ],
                            [
                                28.8910323,
                                40.980025
                            ],
                            [
                                28.8904019,
                                40.9813033
                            ],
                            [
                                28.8902648,
                                40.9815052
                            ],
                            [
                                28.890101,
                                40.9817301
                            ],
                            [
                                28.8900643,
                                40.9817827
                            ],
                            [
                                28.889952,
                                40.9819437
                            ],
                            [
                                28.8899216,
                                40.9820151
                            ],
                            [
                                28.8899116,
                                40.9821453
                            ],
                            [
                                28.8899143,
                                40.9822063
                            ],
                            [
                                28.8896527,
                                40.9822045
                            ],
                            [
                                28.8890753,
                                40.9821103
                            ],
                            [
                                28.8882841,
                                40.9819618
                            ],
                            [
                                28.8863011,
                                40.9812207
                            ],
                            [
                                28.8853361,
                                40.9806952
                            ],
                            [
                                28.8852153,
                                40.9801278
                            ],
                            [
                                28.8842043,
                                40.9797206
                            ],
                            [
                                28.8832352,
                                40.9792711
                            ],
                            [
                                28.8819977,
                                40.9789697
                            ],
                            [
                                28.8808395,
                                40.9788304
                            ],
                            [
                                28.8801764,
                                40.978767
                            ],
                            [
                                28.8776809,
                                40.978639
                            ]
                        ]
                    ]
                ]
            }
        },
        {
            "type": "Feature",
            "properties": {
                "type": "relation",
                "id": 9439884,
                "tags": {
                    "admin_level": "8",
                    "boundary": "administrative",
                    "name": "Zeytinlik Mahallesi",
                    "postal_code": "34140",
                    "type": "boundary",
                    "wikidata": "Q6082990",
                    "wikipedia": "tr:Zeytinlik, Bakırköy"
                }
            },
            "geometry": {
                "type": "MultiPolygon",
                "coordinates": [
                    [
                        [
                            [
                                28.8675726,
                                40.9797787
                            ],
                            [
                                28.8675475,
                                40.9793258
                            ],
                            [
                                28.8675561,
                                40.9792061
                            ],
                            [
                                28.8675781,
                                40.9791077
                            ],
                            [
                                28.8676132,
                                40.9790255
                            ],
                            [
                                28.8676982,
                                40.978936
                            ],
                            [
                                28.8677736,
                                40.9788572
                            ],
                            [
                                28.86856,
                                40.9781139
                            ],
                            [
                                28.8689124,
                                40.9779803
                            ],
                            [
                                28.8691804,
                                40.9779874
                            ],
                            [
                                28.8706551,
                                40.9781061
                            ],
                            [
                                28.8723192,
                                40.9782196
                            ],
                            [
                                28.8723062,
                                40.9763904
                            ],
                            [
                                28.8721424,
                                40.9754019
                            ],
                            [
                                28.8734434,
                                40.9749968
                            ],
                            [
                                28.8735149,
                                40.9744776
                            ],
                            [
                                28.8736589,
                                40.9742387
                            ],
                            [
                                28.8735852,
                                40.9738803
                            ],
                            [
                                28.8737053,
                                40.9738082
                            ],
                            [
                                28.8737978,
                                40.9735732
                            ],
                            [
                                28.874072,
                                40.9731452
                            ],
                            [
                                28.8743462,
                                40.9726171
                            ],
                            [
                                28.8760007,
                                40.9726357
                            ],
                            [
                                28.876127,
                                40.9726334
                            ],
                            [
                                28.8762532,
                                40.9725688
                            ],
                            [
                                28.8774061,
                                40.9716679
                            ],
                            [
                                28.8775442,
                                40.9717715
                            ],
                            [
                                28.8775953,
                                40.9717352
                            ],
                            [
                                28.8774624,
                                40.9716236
                            ],
                            [
                                28.8774955,
                                40.9715951
                            ],
                            [
                                28.8784905,
                                40.9723512
                            ],
                            [
                                28.8779579,
                                40.9727522
                            ],
                            [
                                28.8781661,
                                40.9729031
                            ],
                            [
                                28.8780405,
                                40.9729984
                            ],
                            [
                                28.8784192,
                                40.9732831
                            ],
                            [
                                28.8783825,
                                40.973311
                            ],
                            [
                                28.8783495,
                                40.973336
                            ],
                            [
                                28.8779783,
                                40.9730569
                            ],
                            [
                                28.87751,
                                40.9734426
                            ],
                            [
                                28.8768858,
                                40.9734662
                            ],
                            [
                                28.8766798,
                                40.9740563
                            ],
                            [
                                28.8765143,
                                40.9741286
                            ],
                            [
                                28.8764228,
                                40.9743328
                            ],
                            [
                                28.8756625,
                                40.9741087
                            ],
                            [
                                28.8755386,
                                40.9743865
                            ],
                            [
                                28.8754588,
                                40.974683
                            ],
                            [
                                28.8753314,
                                40.9753058
                            ],
                            [
                                28.875321,
                                40.9753564
                            ],
                            [
                                28.8752072,
                                40.9759457
                            ],
                            [
                                28.8750243,
                                40.9766041
                            ],
                            [
                                28.8749133,
                                40.9770596
                            ],
                            [
                                28.8748901,
                                40.9771152
                            ],
                            [
                                28.8744346,
                                40.9783844
                            ],
                            [
                                28.8739273,
                                40.9804476
                            ],
                            [
                                28.8738527,
                                40.9807761
                            ],
                            [
                                28.8721309,
                                40.9806004
                            ],
                            [
                                28.8706366,
                                40.9803841
                            ],
                            [
                                28.8699649,
                                40.9802747
                            ],
                            [
                                28.8688334,
                                40.9801529
                            ],
                            [
                                28.868073,
                                40.9800558
                            ],
                            [
                                28.8677422,
                                40.9800309
                            ],
                            [
                                28.8675849,
                                40.980054
                            ],
                            [
                                28.8675726,
                                40.9797787
                            ]
                        ]
                    ]
                ]
            }
        },
        {
            "type": "Feature",
            "properties": {
                "type": "relation",
                "id": 9449359,
                "tags": {
                    "admin_level": "8",
                    "boundary": "administrative",
                    "name": "Ataköy 1. Kısım Mahallesi",
                    "type": "boundary",
                    "wikidata": "Q109393578",
                    "wikipedia": "tr:Ataköy 1. Kısım"
                }
            },
            "geometry": {
                "type": "MultiPolygon",
                "coordinates": [
                    [
                        [
                            [
                                28.8634019,
                                40.9798878
                            ],
                            [
                                28.8643368,
                                40.978785
                            ],
                            [
                                28.8659192,
                                40.9770212
                            ],
                            [
                                28.8662811,
                                40.9764712
                            ],
                            [
                                28.8663144,
                                40.9763296
                            ],
                            [
                                28.8663214,
                                40.9762196
                            ],
                            [
                                28.8663145,
                                40.9761332
                            ],
                            [
                                28.8662432,
                                40.9758045
                            ],
                            [
                                28.8661245,
                                40.975177
                            ],
                            [
                                28.8661098,
                                40.9750327
                            ],
                            [
                                28.8661266,
                                40.9748362
                            ],
                            [
                                28.8661656,
                                40.9744917
                            ],
                            [
                                28.8661017,
                                40.9741931
                            ],
                            [
                                28.865857,
                                40.9735571
                            ],
                            [
                                28.8658774,
                                40.9729425
                            ],
                            [
                                28.865821,
                                40.9709794
                            ],
                            [
                                28.8659053,
                                40.9692821
                            ],
                            [
                                28.8658679,
                                40.968232
                            ],
                            [
                                28.8659369,
                                40.9680339
                            ],
                            [
                                28.8660464,
                                40.9678358
                            ],
                            [
                                28.8663055,
                                40.9675607
                            ],
                            [
                                28.8666098,
                                40.9674105
                            ],
                            [
                                28.8670238,
                                40.9672726
                            ],
                            [
                                28.8752883,
                                40.9673694
                            ],
                            [
                                28.8754237,
                                40.967409
                            ],
                            [
                                28.875496,
                                40.9675209
                            ],
                            [
                                28.8754966,
                                40.9675844
                            ],
                            [
                                28.8754403,
                                40.9676726
                            ],
                            [
                                28.8753417,
                                40.9677278
                            ],
                            [
                                28.8752441,
                                40.9677379
                            ],
                            [
                                28.8751507,
                                40.9677204
                            ],
                            [
                                28.8750625,
                                40.9676692
                            ],
                            [
                                28.8750151,
                                40.9676058
                            ],
                            [
                                28.8750276,
                                40.9675372
                            ],
                            [
                                28.8750767,
                                40.967484
                            ],
                            [
                                28.8670857,
                                40.9674479
                            ],
                            [
                                28.8667492,
                                40.9675473
                            ],
                            [
                                28.8664672,
                                40.967686
                            ],
                            [
                                28.866253,
                                40.9679242
                            ],
                            [
                                28.8661215,
                                40.9682643
                            ],
                            [
                                28.8662014,
                                40.969507
                            ],
                            [
                                28.8680943,
                                40.9695179
                            ],
                            [
                                28.8687708,
                                40.9695218
                            ],
                            [
                                28.8687726,
                                40.969756
                            ],
                            [
                                28.8692789,
                                40.969766
                            ],
                            [
                                28.8704583,
                                40.9697894
                            ],
                            [
                                28.8716538,
                                40.9698131
                            ],
                            [
                                28.8727673,
                                40.9698351
                            ],
                            [
                                28.8729046,
                                40.9697449
                            ],
                            [
                                28.872948,
                                40.968697
                            ],
                            [
                                28.8746293,
                                40.9687564
                            ],
                            [
                                28.8748466,
                                40.9687463
                            ],
                            [
                                28.8751148,
                                40.9687705
                            ],
                            [
                                28.8753294,
                                40.9688394
                            ],
                            [
                                28.8755332,
                                40.968961
                            ],
                            [
                                28.8786744,
                                40.9713603
                            ],
                            [
                                28.8790905,
                                40.9717555
                            ],
                            [
                                28.8791963,
                                40.9718561
                            ],
                            [
                                28.8794558,
                                40.9721174
                            ],
                            [
                                28.8795784,
                                40.9722512
                            ],
                            [
                                28.8796404,
                                40.9723198
                            ],
                            [
                                28.8796786,
                                40.972385
                            ],
                            [
                                28.8796866,
                                40.9724377
                            ],
                            [
                                28.8796917,
                                40.9724708
                            ],
                            [
                                28.8796534,
                                40.972519
                            ],
                            [
                                28.8795889,
                                40.9725591
                            ],
                            [
                                28.8795135,
                                40.9725767
                            ],
                            [
                                28.8794342,
                                40.9725633
                            ],
                            [
                                28.8793881,
                                40.9725277
                            ],
                            [
                                28.8793402,
                                40.9724727
                            ],
                            [
                                28.8792771,
                                40.9723895
                            ],
                            [
                                28.879262,
                                40.9723075
                            ],
                            [
                                28.8788514,
                                40.9719021
                            ],
                            [
                                28.8783722,
                                40.971479
                            ],
                            [
                                28.8770997,
                                40.9704815
                            ],
                            [
                                28.8757675,
                                40.9694996
                            ],
                            [
                                28.8752188,
                                40.969114
                            ],
                            [
                                28.8749871,
                                40.9690569
                            ],
                            [
                                28.8747829,
                                40.9690382
                            ],
                            [
                                28.8745603,
                                40.9690745
                            ],
                            [
                                28.8743754,
                                40.9691816
                            ],
                            [
                                28.8730365,
                                40.9701712
                            ],
                            [
                                28.8734712,
                                40.9704764
                            ],
                            [
                                28.8738818,
                                40.9707917
                            ],
                            [
                                28.8742981,
                                40.9711031
                            ],
                            [
                                28.8746559,
                                40.9713581
                            ],
                            [
                                28.8749784,
                                40.9716127
                            ],
                            [
                                28.8753216,
                                40.9718688
                            ],
                            [
                                28.8757352,
                                40.9721823
                            ],
                            [
                                28.8762532,
                                40.9725688
                            ],
                            [
                                28.876127,
                                40.9726334
                            ],
                            [
                                28.8760007,
                                40.9726357
                            ],
                            [
                                28.8743462,
                                40.9726171
                            ],
                            [
                                28.874072,
                                40.9731452
                            ],
                            [
                                28.8737978,
                                40.9735732
                            ],
                            [
                                28.8737053,
                                40.9738082
                            ],
                            [
                                28.8735852,
                                40.9738803
                            ],
                            [
                                28.8736589,
                                40.9742387
                            ],
                            [
                                28.8735149,
                                40.9744776
                            ],
                            [
                                28.8734434,
                                40.9749968
                            ],
                            [
                                28.8721424,
                                40.9754019
                            ],
                            [
                                28.8723062,
                                40.9763904
                            ],
                            [
                                28.8723192,
                                40.9782196
                            ],
                            [
                                28.8706551,
                                40.9781061
                            ],
                            [
                                28.8691804,
                                40.9779874
                            ],
                            [
                                28.8689124,
                                40.9779803
                            ],
                            [
                                28.86856,
                                40.9781139
                            ],
                            [
                                28.8677736,
                                40.9788572
                            ],
                            [
                                28.8676982,
                                40.978936
                            ],
                            [
                                28.8676132,
                                40.9790255
                            ],
                            [
                                28.8675781,
                                40.9791077
                            ],
                            [
                                28.8675561,
                                40.9792061
                            ],
                            [
                                28.8675475,
                                40.9793258
                            ],
                            [
                                28.8675726,
                                40.9797787
                            ],
                            [
                                28.8634019,
                                40.9798878
                            ]
                        ]
                    ]
                ]
            }
        },
        {
            "type": "Feature",
            "properties": {
                "type": "relation",
                "id": 9449571,
                "tags": {
                    "admin_level": "8",
                    "boundary": "administrative",
                    "name": "Ataköy 3-4-11. Kısım Mahallesi",
                    "type": "boundary",
                    "wikidata": "Q109393581",
                    "wikipedia": "tr:Ataköy 3-4-11. Kısım"
                }
            },
            "geometry": {
                "type": "MultiPolygon",
                "coordinates": [
                    [
                        [
                            [
                                28.8528038,
                                40.9864083
                            ],
                            [
                                28.8530912,
                                40.9852793
                            ],
                            [
                                28.8536482,
                                40.9831754
                            ],
                            [
                                28.8541097,
                                40.9830858
                            ],
                            [
                                28.8544507,
                                40.9829977
                            ],
                            [
                                28.8546188,
                                40.9829096
                            ],
                            [
                                28.8548336,
                                40.9827086
                            ],
                            [
                                28.855506,
                                40.9820875
                            ],
                            [
                                28.8556275,
                                40.9819753
                            ],
                            [
                                28.8567576,
                                40.9808401
                            ],
                            [
                                28.8579532,
                                40.9808295
                            ],
                            [
                                28.8584084,
                                40.9803243
                            ],
                            [
                                28.8584744,
                                40.9802318
                            ],
                            [
                                28.8584904,
                                40.9801195
                            ],
                            [
                                28.8606327,
                                40.9800408
                            ],
                            [
                                28.862586,
                                40.979944
                            ],
                            [
                                28.8634019,
                                40.9798878
                            ],
                            [
                                28.8675726,
                                40.9797787
                            ],
                            [
                                28.8675849,
                                40.980054
                            ],
                            [
                                28.8676017,
                                40.9801612
                            ],
                            [
                                28.8676323,
                                40.9803726
                            ],
                            [
                                28.8676635,
                                40.9805165
                            ],
                            [
                                28.8676552,
                                40.9811736
                            ],
                            [
                                28.8677968,
                                40.9816912
                            ],
                            [
                                28.8678966,
                                40.9818859
                            ],
                            [
                                28.8682407,
                                40.9823872
                            ],
                            [
                                28.8682749,
                                40.9826585
                            ],
                            [
                                28.8675269,
                                40.9828542
                            ],
                            [
                                28.8670172,
                                40.9831093
                            ],
                            [
                                28.8657298,
                                40.9837451
                            ],
                            [
                                28.8657405,
                                40.9838666
                            ],
                            [
                                28.8634982,
                                40.9847454
                            ],
                            [
                                28.8625111,
                                40.9849762
                            ],
                            [
                                28.859786,
                                40.9860493
                            ],
                            [
                                28.8594266,
                                40.9860857
                            ],
                            [
                                28.8574954,
                                40.9866851
                            ],
                            [
                                28.8564493,
                                40.9867863
                            ],
                            [
                                28.8563152,
                                40.9866648
                            ],
                            [
                                28.8557895,
                                40.986349
                            ],
                            [
                                28.8557144,
                                40.9861951
                            ],
                            [
                                28.8558085,
                                40.9858983
                            ],
                            [
                                28.8532832,
                                40.9863227
                            ],
                            [
                                28.8528038,
                                40.9864083
                            ]
                        ]
                    ]
                ]
            }
        },
        {
            "type": "Feature",
            "properties": {
                "type": "relation",
                "id": 9449572,
                "tags": {
                    "admin_level": "8",
                    "boundary": "administrative",
                    "name": "Ataköy 2-5-6. Kısım Mahallesi",
                    "type": "boundary",
                    "wikidata": "Q109393580",
                    "wikipedia": "tr:Ataköy 2-5-6. Kısım"
                }
            },
            "geometry": {
                "type": "MultiPolygon",
                "coordinates": [
                    [
                        [
                            [
                                28.8440168,
                                40.976363
                            ],
                            [
                                28.844399,
                                40.9761419
                            ],
                            [
                                28.8454249,
                                40.9756346
                            ],
                            [
                                28.8458449,
                                40.9752515
                            ],
                            [
                                28.8461907,
                                40.9748246
                            ],
                            [
                                28.8467285,
                                40.9740773
                            ],
                            [
                                28.8471563,
                                40.9735245
                            ],
                            [
                                28.8472515,
                                40.9734187
                            ],
                            [
                                28.8475301,
                                40.9731262
                            ],
                            [
                                28.8489943,
                                40.9718904
                            ],
                            [
                                28.8491003,
                                40.9719671
                            ],
                            [
                                28.8516511,
                                40.9700027
                            ],
                            [
                                28.8517396,
                                40.96995
                            ],
                            [
                                28.8518362,
                                40.9699905
                            ],
                            [
                                28.8519273,
                                40.9700999
                            ],
                            [
                                28.8518738,
                                40.970193
                            ],
                            [
                                28.8517637,
                                40.9702376
                            ],
                            [
                                28.851635,
                                40.9702396
                            ],
                            [
                                28.8493893,
                                40.9720121
                            ],
                            [
                                28.8494248,
                                40.9724025
                            ],
                            [
                                28.8493958,
                                40.9725361
                            ],
                            [
                                28.8494094,
                                40.9727235
                            ],
                            [
                                28.8494617,
                                40.9728757
                            ],
                            [
                                28.8496443,
                                40.9731122
                            ],
                            [
                                28.8500107,
                                40.9733556
                            ],
                            [
                                28.8504637,
                                40.9736727
                            ],
                            [
                                28.8507542,
                                40.9738721
                            ],
                            [
                                28.8509671,
                                40.9739983
                            ],
                            [
                                28.8513695,
                                40.9741825
                            ],
                            [
                                28.8515572,
                                40.9742676
                            ],
                            [
                                28.851804,
                                40.9743392
                            ],
                            [
                                28.8519168,
                                40.9743865
                            ],
                            [
                                28.8520078,
                                40.9744296
                            ],
                            [
                                28.8522546,
                                40.9744782
                            ],
                            [
                                28.8523404,
                                40.974462
                            ],
                            [
                                28.8524048,
                                40.9744134
                            ],
                            [
                                28.8526623,
                                40.974462
                            ],
                            [
                                28.8527696,
                                40.974462
                            ],
                            [
                                28.8528661,
                                40.9744458
                            ],
                            [
                                28.853483,
                                40.9745592
                            ],
                            [
                                28.8537083,
                                40.9745552
                            ],
                            [
                                28.8539068,
                                40.9745147
                            ],
                            [
                                28.8540516,
                                40.9744175
                            ],
                            [
                                28.8543467,
                                40.9744458
                            ],
                            [
                                28.8545613,
                                40.9744337
                            ],
                            [
                                28.8547383,
                                40.9743729
                            ],
                            [
                                28.8550119,
                                40.9742352
                            ],
                            [
                                28.855197,
                                40.9741684
                            ],
                            [
                                28.855433,
                                40.9741259
                            ],
                            [
                                28.8557415,
                                40.9741016
                            ],
                            [
                                28.8568036,
                                40.9740894
                            ],
                            [
                                28.856983,
                                40.9741018
                            ],
                            [
                                28.8571303,
                                40.9741277
                            ],
                            [
                                28.8572026,
                                40.9741612
                            ],
                            [
                                28.8575976,
                                40.9741623
                            ],
                            [
                                28.8580643,
                                40.9741502
                            ],
                            [
                                28.8582306,
                                40.9741218
                            ],
                            [
                                28.8585095,
                                40.9740732
                            ],
                            [
                                28.8587498,
                                40.9740637
                            ],
                            [
                                28.8587468,
                                40.973794
                            ],
                            [
                                28.8587759,
                                40.9737313
                            ],
                            [
                                28.8588107,
                                40.9736818
                            ],
                            [
                                28.8589402,
                                40.9736861
                            ],
                            [
                                28.8589599,
                                40.9737057
                            ],
                            [
                                28.8589784,
                                40.9737446
                            ],
                            [
                                28.8589164,
                                40.9737804
                            ],
                            [
                                28.8588548,
                                40.9738106
                            ],
                            [
                                28.858869,
                                40.9740674
                            ],
                            [
                                28.85915,
                                40.9740832
                            ],
                            [
                                28.8594912,
                                40.9741137
                            ],
                            [
                                28.8596467,
                                40.974138
                            ],
                            [
                                28.8596682,
                                40.9742433
                            ],
                            [
                                28.8597433,
                                40.9742595
                            ],
                            [
                                28.8604943,
                                40.9742271
                            ],
                            [
                                28.8606445,
                                40.9741947
                            ],
                            [
                                28.8607575,
                                40.9742046
                            ],
                            [
                                28.8611917,
                                40.9741785
                            ],
                            [
                                28.8612561,
                                40.9742109
                            ],
                            [
                                28.8618217,
                                40.9741657
                            ],
                            [
                                28.8632273,
                                40.9739915
                            ],
                            [
                                28.8646381,
                                40.9738255
                            ],
                            [
                                28.8657074,
                                40.9736455
                            ],
                            [
                                28.865857,
                                40.9735571
                            ],
                            [
                                28.8661017,
                                40.9741931
                            ],
                            [
                                28.8661656,
                                40.9744917
                            ],
                            [
                                28.8661266,
                                40.9748362
                            ],
                            [
                                28.8661098,
                                40.9750327
                            ],
                            [
                                28.8661245,
                                40.975177
                            ],
                            [
                                28.8662432,
                                40.9758045
                            ],
                            [
                                28.8663145,
                                40.9761332
                            ],
                            [
                                28.8663214,
                                40.9762196
                            ],
                            [
                                28.8663144,
                                40.9763296
                            ],
                            [
                                28.8662811,
                                40.9764712
                            ],
                            [
                                28.8659192,
                                40.9770212
                            ],
                            [
                                28.8643368,
                                40.978785
                            ],
                            [
                                28.8634019,
                                40.9798878
                            ],
                            [
                                28.862586,
                                40.979944
                            ],
                            [
                                28.8606327,
                                40.9800408
                            ],
                            [
                                28.8584904,
                                40.9801195
                            ],
                            [
                                28.8584744,
                                40.9802318
                            ],
                            [
                                28.8584084,
                                40.9803243
                            ],
                            [
                                28.8579532,
                                40.9808295
                            ],
                            [
                                28.8567576,
                                40.9808401
                            ],
                            [
                                28.8556275,
                                40.9819753
                            ],
                            [
                                28.855506,
                                40.9820875
                            ],
                            [
                                28.8548336,
                                40.9827086
                            ],
                            [
                                28.8546188,
                                40.9829096
                            ],
                            [
                                28.8544507,
                                40.9829977
                            ],
                            [
                                28.8541097,
                                40.9830858
                            ],
                            [
                                28.8536482,
                                40.9831754
                            ],
                            [
                                28.8534526,
                                40.9829638
                            ],
                            [
                                28.8526773,
                                40.9823596
                            ],
                            [
                                28.8515501,
                                40.9815213
                            ],
                            [
                                28.8504106,
                                40.9806258
                            ],
                            [
                                28.8503732,
                                40.9804425
                            ],
                            [
                                28.8505477,
                                40.9798502
                            ],
                            [
                                28.8500293,
                                40.9797042
                            ],
                            [
                                28.8490455,
                                40.9794248
                            ],
                            [
                                28.8482272,
                                40.9791175
                            ],
                            [
                                28.8474139,
                                40.9787535
                            ],
                            [
                                28.8464675,
                                40.9782614
                            ],
                            [
                                28.8458146,
                                40.9778645
                            ],
                            [
                                28.8450292,
                                40.977277
                            ],
                            [
                                28.8440168,
                                40.976363
                            ]
                        ]
                    ]
                ]
            }
        },
        {
            "type": "Feature",
            "properties": {
                "type": "relation",
                "id": 9449682,
                "tags": {
                    "admin_level": "8",
                    "boundary": "administrative",
                    "name": "Ataköy 7-8-9-10. Kısım Mahallesi",
                    "type": "boundary",
                    "wikidata": "Q109393582",
                    "wikipedia": "tr:Ataköy 7-8-9-10. Kısım"
                }
            },
            "geometry": {
                "type": "MultiPolygon",
                "coordinates": [
                    [
                        [
                            [
                                28.8217097,
                                40.9930975
                            ],
                            [
                                28.821895,
                                40.9926668
                            ],
                            [
                                28.8219969,
                                40.9924925
                            ],
                            [
                                28.8221563,
                                40.9923314
                            ],
                            [
                                28.8224117,
                                40.9921635
                            ],
                            [
                                28.8227871,
                                40.9920286
                            ],
                            [
                                28.8239467,
                                40.991639
                            ],
                            [
                                28.8249252,
                                40.9913215
                            ],
                            [
                                28.8272683,
                                40.9905441
                            ],
                            [
                                28.8293197,
                                40.9897213
                            ],
                            [
                                28.8301694,
                                40.9894557
                            ],
                            [
                                28.8322725,
                                40.9888279
                            ],
                            [
                                28.8336557,
                                40.9883059
                            ],
                            [
                                28.8343673,
                                40.9880347
                            ],
                            [
                                28.8352912,
                                40.987624
                            ],
                            [
                                28.8363598,
                                40.9871885
                            ],
                            [
                                28.8370429,
                                40.9868347
                            ],
                            [
                                28.8377556,
                                40.9863977
                            ],
                            [
                                28.8381852,
                                40.9860311
                            ],
                            [
                                28.8389324,
                                40.9851815
                            ],
                            [
                                28.8396282,
                                40.9842155
                            ],
                            [
                                28.8400672,
                                40.9832637
                            ],
                            [
                                28.8406556,
                                40.9820368
                            ],
                            [
                                28.8407171,
                                40.9819151
                            ],
                            [
                                28.8412721,
                                40.980817
                            ],
                            [
                                28.8416737,
                                40.9799956
                            ],
                            [
                                28.8421209,
                                40.9790322
                            ],
                            [
                                28.8422425,
                                40.9787703
                            ],
                            [
                                28.8429876,
                                40.977386
                            ],
                            [
                                28.8432323,
                                40.9769036
                            ],
                            [
                                28.8436017,
                                40.9765723
                            ],
                            [
                                28.8440168,
                                40.976363
                            ],
                            [
                                28.8450292,
                                40.977277
                            ],
                            [
                                28.8458146,
                                40.9778645
                            ],
                            [
                                28.8464675,
                                40.9782614
                            ],
                            [
                                28.8474139,
                                40.9787535
                            ],
                            [
                                28.8482272,
                                40.9791175
                            ],
                            [
                                28.8490455,
                                40.9794248
                            ],
                            [
                                28.8500293,
                                40.9797042
                            ],
                            [
                                28.8505477,
                                40.9798502
                            ],
                            [
                                28.8503732,
                                40.9804425
                            ],
                            [
                                28.8504106,
                                40.9806258
                            ],
                            [
                                28.8515501,
                                40.9815213
                            ],
                            [
                                28.8526773,
                                40.9823596
                            ],
                            [
                                28.8534526,
                                40.9829638
                            ],
                            [
                                28.8536482,
                                40.9831754
                            ],
                            [
                                28.8530912,
                                40.9852793
                            ],
                            [
                                28.8528038,
                                40.9864083
                            ],
                            [
                                28.8520827,
                                40.9887583
                            ],
                            [
                                28.8516321,
                                40.9904023
                            ],
                            [
                                28.8513408,
                                40.9912279
                            ],
                            [
                                28.8512923,
                                40.9915328
                            ],
                            [
                                28.8512528,
                                40.9918542
                            ],
                            [
                                28.8497333,
                                40.9917085
                            ],
                            [
                                28.8488904,
                                40.9916649
                            ],
                            [
                                28.8439692,
                                40.9917977
                            ],
                            [
                                28.8433693,
                                40.9918301
                            ],
                            [
                                28.8387014,
                                40.9921213
                            ],
                            [
                                28.8380648,
                                40.9921553
                            ],
                            [
                                28.8356755,
                                40.9922953
                            ],
                            [
                                28.8354748,
                                40.9923098
                            ],
                            [
                                28.8345464,
                                40.9923771
                            ],
                            [
                                28.8291818,
                                40.9927074
                            ],
                            [
                                28.8253125,
                                40.9929306
                            ],
                            [
                                28.8217097,
                                40.9930975
                            ]
                        ]
                    ]
                ]
            }
        },
        {
            "type": "Feature",
            "properties": {
                "type": "relation",
                "id": 9449714,
                "tags": {
                    "admin_level": "8",
                    "alt_name": "Şevketiye Mahallesi",
                    "boundary": "administrative",
                    "name": "Yeşilköy Mahallesi",
                    "type": "boundary",
                    "wikidata": "Q1010949",
                    "wikipedia": "tr:Yeşilköy"
                }
            },
            "geometry": {
                "type": "MultiPolygon",
                "coordinates": [
                    [
                        [
                            [
                                28.7969098,
                                40.9974745
                            ],
                            [
                                28.7972415,
                                40.9972831
                            ],
                            [
                                28.7978112,
                                40.9947806
                            ],
                            [
                                28.7979233,
                                40.9947947
                            ],
                            [
                                28.7980727,
                                40.9940897
                            ],
                            [
                                28.79797,
                                40.9940756
                            ],
                            [
                                28.7982315,
                                40.9929547
                            ],
                            [
                                28.7978486,
                                40.9928067
                            ],
                            [
                                28.7979354,
                                40.9923816
                            ],
                            [
                                28.7979737,
                                40.9920159
                            ],
                            [
                                28.7981051,
                                40.9913864
                            ],
                            [
                                28.7985306,
                                40.9892772
                            ],
                            [
                                28.7984251,
                                40.9890299
                            ],
                            [
                                28.7984168,
                                40.9890176
                            ],
                            [
                                28.7981219,
                                40.9886594
                            ],
                            [
                                28.7973523,
                                40.9873792
                            ],
                            [
                                28.7971078,
                                40.986971
                            ],
                            [
                                28.7977691,
                                40.9868244
                            ],
                            [
                                28.7982722,
                                40.9866206
                            ],
                            [
                                28.7985791,
                                40.9864729
                            ],
                            [
                                28.7988214,
                                40.9863506
                            ],
                            [
                                28.7990171,
                                40.9862245
                            ],
                            [
                                28.7992922,
                                40.9860423
                            ],
                            [
                                28.7995152,
                                40.9858624
                            ],
                            [
                                28.7997254,
                                40.9856646
                            ],
                            [
                                28.7999009,
                                40.9854533
                            ],
                            [
                                28.8001658,
                                40.9851094
                            ],
                            [
                                28.8005108,
                                40.9846115
                            ],
                            [
                                28.8006083,
                                40.9844511
                            ],
                            [
                                28.8007163,
                                40.9842668
                            ],
                            [
                                28.8017781,
                                40.9823575
                            ],
                            [
                                28.8021631,
                                40.9816621
                            ],
                            [
                                28.8028225,
                                40.9804963
                            ],
                            [
                                28.8038984,
                                40.9785577
                            ],
                            [
                                28.8042475,
                                40.9779018
                            ],
                            [
                                28.8046574,
                                40.9769565
                            ],
                            [
                                28.8048193,
                                40.9765973
                            ],
                            [
                                28.8048948,
                                40.9764175
                            ],
                            [
                                28.8050099,
                                40.9760764
                            ],
                            [
                                28.8050812,
                                40.9757561
                            ],
                            [
                                28.805112,
                                40.9755375
                            ],
                            [
                                28.8051209,
                                40.9753184
                            ],
                            [
                                28.8050274,
                                40.9737674
                            ],
                            [
                                28.8050048,
                                40.9736315
                            ],
                            [
                                28.8049258,
                                40.9720423
                            ],
                            [
                                28.8048241,
                                40.9702558
                            ],
                            [
                                28.8048016,
                                40.9697432
                            ],
                            [
                                28.8047942,
                                40.9695554
                            ],
                            [
                                28.8047977,
                                40.9693525
                            ],
                            [
                                28.8048191,
                                40.9691325
                            ],
                            [
                                28.8048439,
                                40.9689907
                            ],
                            [
                                28.8049095,
                                40.9687025
                            ],
                            [
                                28.8055905,
                                40.9672768
                            ],
                            [
                                28.8057156,
                                40.967054
                            ],
                            [
                                28.8060318,
                                40.9664334
                            ],
                            [
                                28.80625,
                                40.9660407
                            ],
                            [
                                28.8064246,
                                40.9657707
                            ],
                            [
                                28.806539,
                                40.9656184
                            ],
                            [
                                28.8067423,
                                40.9653765
                            ],
                            [
                                28.80592,
                                40.9650489
                            ],
                            [
                                28.8050806,
                                40.9648884
                            ],
                            [
                                28.8044577,
                                40.9647348
                            ],
                            [
                                28.8037332,
                                40.9646357
                            ],
                            [
                                28.8028949,
                                40.9646128
                            ],
                            [
                                28.8023483,
                                40.9625035
                            ],
                            [
                                28.8029572,
                                40.9623021
                            ],
                            [
                                28.8035934,
                                40.9620966
                            ],
                            [
                                28.8040682,
                                40.9618983
                            ],
                            [
                                28.8044488,
                                40.9616965
                            ],
                            [
                                28.804816,
                                40.9615102
                            ],
                            [
                                28.8052054,
                                40.9612862
                            ],
                            [
                                28.8055233,
                                40.961052
                            ],
                            [
                                28.8057507,
                                40.960827
                            ],
                            [
                                28.8060769,
                                40.9605145
                            ],
                            [
                                28.8063754,
                                40.9601254
                            ],
                            [
                                28.8065731,
                                40.9599248
                            ],
                            [
                                28.806789,
                                40.9597697
                            ],
                            [
                                28.8071884,
                                40.9595321
                            ],
                            [
                                28.8078737,
                                40.9591821
                            ],
                            [
                                28.8085265,
                                40.9588327
                            ],
                            [
                                28.8088685,
                                40.9586011
                            ],
                            [
                                28.8090641,
                                40.9584194
                            ],
                            [
                                28.8091563,
                                40.9582862
                            ],
                            [
                                28.8092309,
                                40.9580595
                            ],
                            [
                                28.8092349,
                                40.9576815
                            ],
                            [
                                28.8091789,
                                40.9569353
                            ],
                            [
                                28.8092218,
                                40.9568299
                            ],
                            [
                                28.809533,
                                40.9566517
                            ],
                            [
                                28.8102196,
                                40.9563033
                            ],
                            [
                                28.81052,
                                40.9560926
                            ],
                            [
                                28.8107024,
                                40.9560035
                            ],
                            [
                                28.8108526,
                                40.9560278
                            ],
                            [
                                28.8109063,
                                40.956125
                            ],
                            [
                                28.8108312,
                                40.9561979
                            ],
                            [
                                28.8104556,
                                40.9563843
                            ],
                            [
                                28.8103376,
                                40.956522
                            ],
                            [
                                28.8103376,
                                40.9566274
                            ],
                            [
                                28.8103913,
                                40.9567327
                            ],
                            [
                                28.8105629,
                                40.9568866
                            ],
                            [
                                28.8107024,
                                40.9569677
                            ],
                            [
                                28.8109492,
                                40.9570568
                            ],
                            [
                                28.8113032,
                                40.9570811
                            ],
                            [
                                28.8117968,
                                40.9570568
                            ],
                            [
                                28.8122474,
                                40.9569758
                            ],
                            [
                                28.8126658,
                                40.9568623
                            ],
                            [
                                28.8129877,
                                40.9566841
                            ],
                            [
                                28.813213,
                                40.9564815
                            ],
                            [
                                28.8133095,
                                40.956279
                            ],
                            [
                                28.8132988,
                                40.9560845
                            ],
                            [
                                28.8132237,
                                40.9559224
                            ],
                            [
                                28.8131164,
                                40.9558738
                            ],
                            [
                                28.8129555,
                                40.9558657
                            ],
                            [
                                28.8128696,
                                40.9559143
                            ],
                            [
                                28.8127945,
                                40.9559711
                            ],
                            [
                                28.8126872,
                                40.955963
                            ],
                            [
                                28.8126014,
                                40.9559062
                            ],
                            [
                                28.8126014,
                                40.955809
                            ],
                            [
                                28.8127087,
                                40.9557361
                            ],
                            [
                                28.8134812,
                                40.9555497
                            ],
                            [
                                28.8141893,
                                40.9553715
                            ],
                            [
                                28.8143717,
                                40.9553391
                            ],
                            [
                                28.8145004,
                                40.9553877
                            ],
                            [
                                28.8145326,
                                40.9554768
                            ],
                            [
                                28.814479,
                                40.9555497
                            ],
                            [
                                28.8143717,
                                40.9555821
                            ],
                            [
                                28.8142751,
                                40.9555416
                            ],
                            [
                                28.8142322,
                                40.9556307
                            ],
                            [
                                28.8142644,
                                40.9557442
                            ],
                            [
                                28.8143502,
                                40.9558576
                            ],
                            [
                                28.8145433,
                                40.9559467
                            ],
                            [
                                28.8147472,
                                40.9559792
                            ],
                            [
                                28.8150047,
                                40.9560116
                            ],
                            [
                                28.8152836,
                                40.9559954
                            ],
                            [
                                28.8155518,
                                40.9558981
                            ],
                            [
                                28.8157235,
                                40.9557928
                            ],
                            [
                                28.8158523,
                                40.955647
                            ],
                            [
                                28.8158737,
                                40.9555092
                            ],
                            [
                                28.8158308,
                                40.9553472
                            ],
                            [
                                28.8157879,
                                40.9552904
                            ],
                            [
                                28.8155626,
                                40.9553147
                            ],
                            [
                                28.8155304,
                                40.9551851
                            ],
                            [
                                28.815584,
                                40.955096
                            ],
                            [
                                28.8160561,
                                40.9549825
                            ],
                            [
                                28.8163136,
                                40.9549825
                            ],
                            [
                                28.816496,
                                40.9550555
                            ],
                            [
                                28.8166247,
                                40.9551851
                            ],
                            [
                                28.8167642,
                                40.9552904
                            ],
                            [
                                28.8169144,
                                40.9553228
                            ],
                            [
                                28.8172041,
                                40.9552661
                            ],
                            [
                                28.8176011,
                                40.9552337
                            ],
                            [
                                28.817998,
                                40.9552661
                            ],
                            [
                                28.8183628,
                                40.9553066
                            ],
                            [
                                28.8186739,
                                40.9553066
                            ],
                            [
                                28.8190173,
                                40.9552661
                            ],
                            [
                                28.8217317,
                                40.9548043
                            ],
                            [
                                28.822547,
                                40.9546422
                            ],
                            [
                                28.8228796,
                                40.9545936
                            ],
                            [
                                28.8232015,
                                40.954545
                            ],
                            [
                                28.8234173,
                                40.9545294
                            ],
                            [
                                28.8235782,
                                40.9545213
                            ],
                            [
                                28.8237391,
                                40.9545375
                            ],
                            [
                                28.8244043,
                                40.9547644
                            ],
                            [
                                28.8248979,
                                40.9549507
                            ],
                            [
                                28.8250588,
                                40.9549832
                            ],
                            [
                                28.8251983,
                                40.9549913
                            ],
                            [
                                28.8252948,
                                40.9550399
                            ],
                            [
                                28.8253592,
                                40.955129
                            ],
                            [
                                28.825327,
                                40.9552424
                            ],
                            [
                                28.8252304,
                                40.9553154
                            ],
                            [
                                28.8251124,
                                40.9553235
                            ],
                            [
                                28.8249837,
                                40.9553073
                            ],
                            [
                                28.8248764,
                                40.9552505
                            ],
                            [
                                28.8248055,
                                40.955207
                            ],
                            [
                                28.8236379,
                                40.9547733
                            ],
                            [
                                28.8234553,
                                40.9548068
                            ],
                            [
                                28.8233406,
                                40.9548544
                            ],
                            [
                                28.8226585,
                                40.9550094
                            ],
                            [
                                28.8226877,
                                40.9551371
                            ],
                            [
                                28.8225053,
                                40.95521
                            ],
                            [
                                28.8223444,
                                40.9552181
                            ],
                            [
                                28.8221513,
                                40.9552424
                            ],
                            [
                                28.8222934,
                                40.9557332
                            ],
                            [
                                28.8224006,
                                40.9561038
                            ],
                            [
                                28.8226555,
                                40.9569845
                            ],
                            [
                                28.8237606,
                                40.9572924
                            ],
                            [
                                28.8238035,
                                40.9572033
                            ],
                            [
                                28.8239323,
                                40.9572357
                            ],
                            [
                                28.8244043,
                                40.956312
                            ],
                            [
                                28.8244688,
                                40.9562151
                            ],
                            [
                                28.8244873,
                                40.956151
                            ],
                            [
                                28.8245177,
                                40.9560078
                            ],
                            [
                                28.8245588,
                                40.9559661
                            ],
                            [
                                28.8246268,
                                40.9559738
                            ],
                            [
                                28.8246566,
                                40.956144
                            ],
                            [
                                28.8246041,
                                40.956341
                            ],
                            [
                                28.8243185,
                                40.9568711
                            ],
                            [
                                28.8246082,
                                40.9570007
                            ],
                            [
                                28.8248451,
                                40.9570895
                            ],
                            [
                                28.825209,
                                40.9571708
                            ],
                            [
                                28.8255309,
                                40.9571789
                            ],
                            [
                                28.8259171,
                                40.9571465
                            ],
                            [
                                28.826283,
                                40.9570883
                            ],
                            [
                                28.8266091,
                                40.9569672
                            ],
                            [
                                28.8268233,
                                40.9568404
                            ],
                            [
                                28.8269945,
                                40.9566954
                            ],
                            [
                                28.8270865,
                                40.9565632
                            ],
                            [
                                28.8271724,
                                40.9564011
                            ],
                            [
                                28.8271938,
                                40.9562391
                            ],
                            [
                                28.8271402,
                                40.956077
                            ],
                            [
                                28.8269149,
                                40.9557529
                            ],
                            [
                                28.8264213,
                                40.9559069
                            ],
                            [
                                28.8263248,
                                40.9559798
                            ],
                            [
                                28.8262175,
                                40.9559879
                            ],
                            [
                                28.8261209,
                                40.9559231
                            ],
                            [
                                28.8260995,
                                40.9558582
                            ],
                            [
                                28.8261853,
                                40.9557853
                            ],
                            [
                                28.8262711,
                                40.9557853
                            ],
                            [
                                28.8264321,
                                40.9557367
                            ],
                            [
                                28.8277449,
                                40.9552777
                            ],
                            [
                                28.8279493,
                                40.9552557
                            ],
                            [
                                28.8279973,
                                40.9552985
                            ],
                            [
                                28.8279973,
                                40.9553472
                            ],
                            [
                                28.8279436,
                                40.9553958
                            ],
                            [
                                28.8277398,
                                40.9554444
                            ],
                            [
                                28.8276218,
                                40.9554849
                            ],
                            [
                                28.8276003,
                                40.9555983
                            ],
                            [
                                28.8276432,
                                40.9557442
                            ],
                            [
                                28.8277613,
                                40.9558495
                            ],
                            [
                                28.8279488,
                                40.9559588
                            ],
                            [
                                28.8281959,
                                40.9560284
                            ],
                            [
                                28.8284413,
                                40.956043
                            ],
                            [
                                28.828802,
                                40.9560098
                            ],
                            [
                                28.8291,
                                40.9559071
                            ],
                            [
                                28.8293374,
                                40.9558018
                            ],
                            [
                                28.8295046,
                                40.9556809
                            ],
                            [
                                28.82966,
                                40.9555281
                            ],
                            [
                                28.8297559,
                                40.9553333
                            ],
                            [
                                28.8297525,
                                40.9551622
                            ],
                            [
                                28.8296701,
                                40.9550186
                            ],
                            [
                                28.8295377,
                                40.9549772
                            ],
                            [
                                28.8293572,
                                40.9550147
                            ],
                            [
                                28.8291993,
                                40.9550542
                            ],
                            [
                                28.8290916,
                                40.9550068
                            ],
                            [
                                28.8290169,
                                40.954914
                            ],
                            [
                                28.8290383,
                                40.9548679
                            ],
                            [
                                28.8291238,
                                40.9548286
                            ],
                            [
                                28.8298427,
                                40.9546665
                            ],
                            [
                                28.8300143,
                                40.9546665
                            ],
                            [
                                28.8301645,
                                40.9547232
                            ],
                            [
                                28.8302503,
                                40.9547881
                            ],
                            [
                                28.8314949,
                                40.9553309
                            ],
                            [
                                28.8329647,
                                40.9560278
                            ],
                            [
                                28.8343717,
                                40.9566442
                            ],
                            [
                                28.8345871,
                                40.9567119
                            ],
                            [
                                28.8346559,
                                40.9567174
                            ],
                            [
                                28.8353205,
                                40.9562879
                            ],
                            [
                                28.8354604,
                                40.9561813
                            ],
                            [
                                28.835584,
                                40.9561418
                            ],
                            [
                                28.8356915,
                                40.9561542
                            ],
                            [
                                28.8357635,
                                40.9562281
                            ],
                            [
                                28.8357512,
                                40.9562848
                            ],
                            [
                                28.8356893,
                                40.9563311
                            ],
                            [
                                28.8355757,
                                40.95636
                            ],
                            [
                                28.8347961,
                                40.9568335
                            ],
                            [
                                28.8348678,
                                40.956992
                            ],
                            [
                                28.834994,
                                40.9572275
                            ],
                            [
                                28.8351656,
                                40.9573815
                            ],
                            [
                                28.8354017,
                                40.957503
                            ],
                            [
                                28.8356806,
                                40.9576083
                            ],
                            [
                                28.8359488,
                                40.9576651
                            ],
                            [
                                28.8363136,
                                40.9577218
                            ],
                            [
                                28.8367428,
                                40.957738
                            ],
                            [
                                28.8370539,
                                40.957738
                            ],
                            [
                                28.8373543,
                                40.9576975
                            ],
                            [
                                28.8375949,
                                40.957642
                            ],
                            [
                                28.8378049,
                                40.9575759
                            ],
                            [
                                28.8379766,
                                40.9575273
                            ],
                            [
                                28.8381375,
                                40.9573896
                            ],
                            [
                                28.8382126,
                                40.9572356
                            ],
                            [
                                28.8382448,
                                40.9570898
                            ],
                            [
                                28.8382126,
                                40.9569683
                            ],
                            [
                                28.8381161,
                                40.9569439
                            ],
                            [
                                28.8378693,
                                40.9568953
                            ],
                            [
                                28.8377191,
                                40.9568791
                            ],
                            [
                                28.8376547,
                                40.9568224
                            ],
                            [
                                28.8376547,
                                40.9567333
                            ],
                            [
                                28.8377405,
                                40.9566847
                            ],
                            [
                                28.8387598,
                                40.9569602
                            ],
                            [
                                28.8388671,
                                40.9570331
                            ],
                            [
                                28.8389529,
                                40.9571546
                            ],
                            [
                                28.8390108,
                                40.9573347
                            ],
                            [
                                28.8391018,
                                40.9577834
                            ],
                            [
                                28.8392084,
                                40.9581315
                            ],
                            [
                                28.8393283,
                                40.9583308
                            ],
                            [
                                28.8391992,
                                40.9584233
                            ],
                            [
                                28.8391274,
                                40.9587618
                            ],
                            [
                                28.8388435,
                                40.9587533
                            ],
                            [
                                28.8384153,
                                40.9591889
                            ],
                            [
                                28.8378703,
                                40.9597369
                            ],
                            [
                                28.8372332,
                                40.960397
                            ],
                            [
                                28.8359025,
                                40.9618108
                            ],
                            [
                                28.8345753,
                                40.9632406
                            ],
                            [
                                28.8344814,
                                40.9633285
                            ],
                            [
                                28.8344278,
                                40.9634257
                            ],
                            [
                                28.8340881,
                                40.9639388
                            ],
                            [
                                28.8339536,
                                40.9642862
                            ],
                            [
                                28.8339182,
                                40.9643343
                            ],
                            [
                                28.8337341,
                                40.9646336
                            ],
                            [
                                28.8337681,
                                40.965327
                            ],
                            [
                                28.8338,
                                40.9667084
                            ],
                            [
                                28.8338281,
                                40.9670363
                            ],
                            [
                                28.8338498,
                                40.9672029
                            ],
                            [
                                28.8339739,
                                40.9675808
                            ],
                            [
                                28.8339822,
                                40.9677765
                            ],
                            [
                                28.8341182,
                                40.9681797
                            ],
                            [
                                28.834212,
                                40.9684839
                            ],
                            [
                                28.8346606,
                                40.9697194
                            ],
                            [
                                28.8349717,
                                40.9707725
                            ],
                            [
                                28.8352506,
                                40.9714368
                            ],
                            [
                                28.835594,
                                40.9718904
                            ],
                            [
                                28.8360338,
                                40.9723684
                            ],
                            [
                                28.8367527,
                                40.9730812
                            ],
                            [
                                28.8373428,
                                40.9737941
                            ],
                            [
                                28.8378148,
                                40.9744907
                            ],
                            [
                                28.8382118,
                                40.9755194
                            ],
                            [
                                28.8385444,
                                40.976216
                            ],
                            [
                                28.8388019,
                                40.9766048
                            ],
                            [
                                28.8394993,
                                40.9773014
                            ],
                            [
                                28.8400679,
                                40.9778522
                            ],
                            [
                                28.8404327,
                                40.9782734
                            ],
                            [
                                28.8406687,
                                40.9786217
                            ],
                            [
                                28.8421209,
                                40.9790322
                            ],
                            [
                                28.8416737,
                                40.9799956
                            ],
                            [
                                28.8412721,
                                40.980817
                            ],
                            [
                                28.8407171,
                                40.9819151
                            ],
                            [
                                28.8406556,
                                40.9820368
                            ],
                            [
                                28.8400672,
                                40.9832637
                            ],
                            [
                                28.8396282,
                                40.9842155
                            ],
                            [
                                28.8389324,
                                40.9851815
                            ],
                            [
                                28.8381852,
                                40.9860311
                            ],
                            [
                                28.8377556,
                                40.9863977
                            ],
                            [
                                28.8370429,
                                40.9868347
                            ],
                            [
                                28.8363598,
                                40.9871885
                            ],
                            [
                                28.8352912,
                                40.987624
                            ],
                            [
                                28.8343673,
                                40.9880347
                            ],
                            [
                                28.8336557,
                                40.9883059
                            ],
                            [
                                28.8322725,
                                40.9888279
                            ],
                            [
                                28.8301694,
                                40.9894557
                            ],
                            [
                                28.8293197,
                                40.9897213
                            ],
                            [
                                28.8272683,
                                40.9905441
                            ],
                            [
                                28.8249252,
                                40.9913215
                            ],
                            [
                                28.8239467,
                                40.991639
                            ],
                            [
                                28.8227871,
                                40.9920286
                            ],
                            [
                                28.8224117,
                                40.9921635
                            ],
                            [
                                28.8221563,
                                40.9923314
                            ],
                            [
                                28.8219969,
                                40.9924925
                            ],
                            [
                                28.821895,
                                40.9926668
                            ],
                            [
                                28.8217097,
                                40.9930975
                            ],
                            [
                                28.8204422,
                                40.9932201
                            ],
                            [
                                28.8195788,
                                40.9933541
                            ],
                            [
                                28.818879,
                                40.9935292
                            ],
                            [
                                28.8186472,
                                40.9935855
                            ],
                            [
                                28.8179458,
                                40.9937892
                            ],
                            [
                                28.8166243,
                                40.994227
                            ],
                            [
                                28.8165539,
                                40.9942614
                            ],
                            [
                                28.8159633,
                                40.9945503
                            ],
                            [
                                28.8152088,
                                40.9950399
                            ],
                            [
                                28.8147958,
                                40.9954484
                            ],
                            [
                                28.8144272,
                                40.9958195
                            ],
                            [
                                28.8131521,
                                40.9974866
                            ],
                            [
                                28.812698,
                                40.9979555
                            ],
                            [
                                28.8125093,
                                40.9981477
                            ],
                            [
                                28.8115721,
                                40.9988737
                            ],
                            [
                                28.8103968,
                                40.9995644
                            ],
                            [
                                28.8095612,
                                40.9998656
                            ],
                            [
                                28.8086045,
                                41.0001843
                            ],
                            [
                                28.8074067,
                                41.0004635
                            ],
                            [
                                28.806196,
                                41.0006487
                            ],
                            [
                                28.8054176,
                                41.0007006
                            ],
                            [
                                28.8047962,
                                41.0006971
                            ],
                            [
                                28.8039385,
                                41.0006301
                            ],
                            [
                                28.8031143,
                                41.0005109
                            ],
                            [
                                28.8022122,
                                41.0002957
                            ],
                            [
                                28.8011239,
                                40.9999604
                            ],
                            [
                                28.8004356,
                                40.9996997
                            ],
                            [
                                28.7993449,
                                40.9990791
                            ],
                            [
                                28.7988341,
                                40.9987845
                            ],
                            [
                                28.7975893,
                                40.9980244
                            ],
                            [
                                28.7969098,
                                40.9974745
                            ]
                        ]
                    ]
                ]
            }
        },
        {
            "type": "Feature",
            "properties": {
                "type": "relation",
                "id": 9449760,
                "tags": {
                    "admin_level": "8",
                    "boundary": "administrative",
                    "name": "Yeşilyurt Mahallesi",
                    "type": "boundary",
                    "wikidata": "Q8053388",
                    "wikipedia": "tr:Yeşilyurt, Bakırköy"
                }
            },
            "geometry": {
                "type": "MultiPolygon",
                "coordinates": [
                    [
                        [
                            [
                                28.8393283,
                                40.9583308
                            ],
                            [
                                28.8394142,
                                40.9583862
                            ],
                            [
                                28.8397576,
                                40.9586859
                            ],
                            [
                                28.8400957,
                                40.9590166
                            ],
                            [
                                28.8401331,
                                40.9590586
                            ],
                            [
                                28.8403798,
                                40.9593422
                            ],
                            [
                                28.8406588,
                                40.9597149
                            ],
                            [
                                28.8410021,
                                40.9602254
                            ],
                            [
                                28.841442,
                                40.960914
                            ],
                            [
                                28.8416244,
                                40.9609788
                            ],
                            [
                                28.8417639,
                                40.9610193
                            ],
                            [
                                28.8418819,
                                40.9611247
                            ],
                            [
                                28.8420106,
                                40.9611166
                            ],
                            [
                                28.8432291,
                                40.9629631
                            ],
                            [
                                28.8431857,
                                40.9629814
                            ],
                            [
                                28.8435202,
                                40.9634822
                            ],
                            [
                                28.8434483,
                                40.9635228
                            ],
                            [
                                28.8437003,
                                40.9638574
                            ],
                            [
                                28.8437754,
                                40.963986
                            ],
                            [
                                28.8437483,
                                40.9641385
                            ],
                            [
                                28.8436806,
                                40.964241
                            ],
                            [
                                28.8439204,
                                40.9647056
                            ],
                            [
                                28.8440174,
                                40.9648314
                            ],
                            [
                                28.844261,
                                40.9651471
                            ],
                            [
                                28.8444152,
                                40.9654196
                            ],
                            [
                                28.8443703,
                                40.9654687
                            ],
                            [
                                28.8444703,
                                40.9656029
                            ],
                            [
                                28.844709,
                                40.9659695
                            ],
                            [
                                28.8449749,
                                40.9661451
                            ],
                            [
                                28.8451481,
                                40.9663385
                            ],
                            [
                                28.845374,
                                40.9666606
                            ],
                            [
                                28.8462502,
                                40.9668623
                            ],
                            [
                                28.8462427,
                                40.9669228
                            ],
                            [
                                28.8457631,
                                40.9668282
                            ],
                            [
                                28.8457416,
                                40.9669416
                            ],
                            [
                                28.8455377,
                                40.9671664
                            ],
                            [
                                28.8454733,
                                40.9673568
                            ],
                            [
                                28.8454868,
                                40.967452
                            ],
                            [
                                28.8454145,
                                40.9675597
                            ],
                            [
                                28.8451924,
                                40.9676578
                            ],
                            [
                                28.845071,
                                40.9678004
                            ],
                            [
                                28.8452105,
                                40.9687461
                            ],
                            [
                                28.8453848,
                                40.9689851
                            ],
                            [
                                28.845592,
                                40.9691738
                            ],
                            [
                                28.8458459,
                                40.9694303
                            ],
                            [
                                28.8460942,
                                40.9696876
                            ],
                            [
                                28.8462225,
                                40.9698742
                            ],
                            [
                                28.8463446,
                                40.9700587
                            ],
                            [
                                28.8465636,
                                40.970359
                            ],
                            [
                                28.8468662,
                                40.9706546
                            ],
                            [
                                28.8471258,
                                40.9707848
                            ],
                            [
                                28.8474525,
                                40.9709626
                            ],
                            [
                                28.8476058,
                                40.9710713
                            ],
                            [
                                28.8479052,
                                40.9712395
                            ],
                            [
                                28.8486203,
                                40.9714573
                            ],
                            [
                                28.8489141,
                                40.9714694
                            ],
                            [
                                28.8495187,
                                40.9709727
                            ],
                            [
                                28.8498326,
                                40.970752
                            ],
                            [
                                28.8510556,
                                40.9697596
                            ],
                            [
                                28.85101,
                                40.9696989
                            ],
                            [
                                28.8510771,
                                40.9695936
                            ],
                            [
                                28.8511442,
                                40.9695368
                            ],
                            [
                                28.8512568,
                                40.9695044
                            ],
                            [
                                28.851407,
                                40.969551
                            ],
                            [
                                28.8514526,
                                40.9696726
                            ],
                            [
                                28.8513963,
                                40.9697657
                            ],
                            [
                                28.848875,
                                40.9717909
                            ],
                            [
                                28.8489852,
                                40.9718838
                            ],
                            [
                                28.8489943,
                                40.9718904
                            ],
                            [
                                28.8475301,
                                40.9731262
                            ],
                            [
                                28.8472515,
                                40.9734187
                            ],
                            [
                                28.8471563,
                                40.9735245
                            ],
                            [
                                28.8467285,
                                40.9740773
                            ],
                            [
                                28.8461907,
                                40.9748246
                            ],
                            [
                                28.8458449,
                                40.9752515
                            ],
                            [
                                28.8454249,
                                40.9756346
                            ],
                            [
                                28.844399,
                                40.9761419
                            ],
                            [
                                28.8440168,
                                40.976363
                            ],
                            [
                                28.8436017,
                                40.9765723
                            ],
                            [
                                28.8432323,
                                40.9769036
                            ],
                            [
                                28.8429876,
                                40.977386
                            ],
                            [
                                28.8422425,
                                40.9787703
                            ],
                            [
                                28.8421209,
                                40.9790322
                            ],
                            [
                                28.8406687,
                                40.9786217
                            ],
                            [
                                28.8404327,
                                40.9782734
                            ],
                            [
                                28.8400679,
                                40.9778522
                            ],
                            [
                                28.8394993,
                                40.9773014
                            ],
                            [
                                28.8388019,
                                40.9766048
                            ],
                            [
                                28.8385444,
                                40.976216
                            ],
                            [
                                28.8382118,
                                40.9755194
                            ],
                            [
                                28.8378148,
                                40.9744907
                            ],
                            [
                                28.8373428,
                                40.9737941
                            ],
                            [
                                28.8367527,
                                40.9730812
                            ],
                            [
                                28.8360338,
                                40.9723684
                            ],
                            [
                                28.835594,
                                40.9718904
                            ],
                            [
                                28.8352506,
                                40.9714368
                            ],
                            [
                                28.8349717,
                                40.9707725
                            ],
                            [
                                28.8346606,
                                40.9697194
                            ],
                            [
                                28.834212,
                                40.9684839
                            ],
                            [
                                28.8341182,
                                40.9681797
                            ],
                            [
                                28.8339822,
                                40.9677765
                            ],
                            [
                                28.8339739,
                                40.9675808
                            ],
                            [
                                28.8338498,
                                40.9672029
                            ],
                            [
                                28.8338281,
                                40.9670363
                            ],
                            [
                                28.8338,
                                40.9667084
                            ],
                            [
                                28.8337681,
                                40.965327
                            ],
                            [
                                28.8337341,
                                40.9646336
                            ],
                            [
                                28.8339182,
                                40.9643343
                            ],
                            [
                                28.8339536,
                                40.9642862
                            ],
                            [
                                28.8340881,
                                40.9639388
                            ],
                            [
                                28.8344278,
                                40.9634257
                            ],
                            [
                                28.8344814,
                                40.9633285
                            ],
                            [
                                28.8345753,
                                40.9632406
                            ],
                            [
                                28.8359025,
                                40.9618108
                            ],
                            [
                                28.8372332,
                                40.960397
                            ],
                            [
                                28.8378703,
                                40.9597369
                            ],
                            [
                                28.8384153,
                                40.9591889
                            ],
                            [
                                28.8388435,
                                40.9587533
                            ],
                            [
                                28.8391274,
                                40.9587618
                            ],
                            [
                                28.8391992,
                                40.9584233
                            ],
                            [
                                28.8393283,
                                40.9583308
                            ]
                        ]
                    ]
                ]
            }
        },
        {
            "type": "Feature",
            "properties": {
                "type": "relation",
                "id": 9451432,
                "tags": {
                    "admin_level": "8",
                    "alt_name": "Şenlik Mahallesi",
                    "boundary": "administrative",
                    "name": "Şenlikköy Mahallesi",
                    "type": "boundary",
                    "wikidata": "Q121433290",
                    "wikipedia": "tr:Şenlikköy"
                }
            },
            "geometry": {
                "type": "MultiPolygon",
                "coordinates": [
                    [
                        [
                            [
                                28.7795703,
                                40.9844274
                            ],
                            [
                                28.7816906,
                                40.983393
                            ],
                            [
                                28.7816584,
                                40.9830892
                            ],
                            [
                                28.7857675,
                                40.9814167
                            ],
                            [
                                28.7859875,
                                40.9814572
                            ],
                            [
                                28.787055,
                                40.9822996
                            ],
                            [
                                28.78757,
                                40.9826802
                            ],
                            [
                                28.7881601,
                                40.9827329
                            ],
                            [
                                28.7893242,
                                40.9821133
                            ],
                            [
                                28.789823,
                                40.9818379
                            ],
                            [
                                28.7911588,
                                40.9813074
                            ],
                            [
                                28.7915128,
                                40.981194
                            ],
                            [
                                28.7923819,
                                40.9811373
                            ],
                            [
                                28.793503,
                                40.9811009
                            ],
                            [
                                28.7924492,
                                40.9791308
                            ],
                            [
                                28.79197,
                                40.9779478
                            ],
                            [
                                28.7899337,
                                40.9738923
                            ],
                            [
                                28.7897305,
                                40.9735158
                            ],
                            [
                                28.7894658,
                                40.9727687
                            ],
                            [
                                28.7894475,
                                40.9725019
                            ],
                            [
                                28.7893395,
                                40.9722907
                            ],
                            [
                                28.7883415,
                                40.9708032
                            ],
                            [
                                28.789232,
                                40.9703496
                            ],
                            [
                                28.7897899,
                                40.9701065
                            ],
                            [
                                28.7900099,
                                40.9699795
                            ],
                            [
                                28.7903543,
                                40.969803
                            ],
                            [
                                28.7912217,
                                40.969403
                            ],
                            [
                                28.7918301,
                                40.9690824
                            ],
                            [
                                28.7923252,
                                40.9688195
                            ],
                            [
                                28.7930193,
                                40.968454
                            ],
                            [
                                28.7939053,
                                40.9680015
                            ],
                            [
                                28.7940971,
                                40.967755
                            ],
                            [
                                28.7944742,
                                40.9672687
                            ],
                            [
                                28.7950892,
                                40.9667333
                            ],
                            [
                                28.7960682,
                                40.9659195
                            ],
                            [
                                28.796904,
                                40.9651772
                            ],
                            [
                                28.7972146,
                                40.9649062
                            ],
                            [
                                28.7974895,
                                40.9647636
                            ],
                            [
                                28.7977701,
                                40.9646301
                            ],
                            [
                                28.7979935,
                                40.9644849
                            ],
                            [
                                28.7981314,
                                40.9643466
                            ],
                            [
                                28.7982177,
                                40.9642014
                            ],
                            [
                                28.7982743,
                                40.9640754
                            ],
                            [
                                28.7984266,
                                40.9639091
                            ],
                            [
                                28.7986201,
                                40.9637742
                            ],
                            [
                                28.7990487,
                                40.9635662
                            ],
                            [
                                28.7995921,
                                40.9633436
                            ],
                            [
                                28.8000465,
                                40.9631704
                            ],
                            [
                                28.8005328,
                                40.9630453
                            ],
                            [
                                28.8011974,
                                40.9629116
                            ],
                            [
                                28.8014334,
                                40.9628395
                            ],
                            [
                                28.8020171,
                                40.962613
                            ],
                            [
                                28.8023483,
                                40.9625035
                            ],
                            [
                                28.8028949,
                                40.9646128
                            ],
                            [
                                28.8037332,
                                40.9646357
                            ],
                            [
                                28.8044577,
                                40.9647348
                            ],
                            [
                                28.8050806,
                                40.9648884
                            ],
                            [
                                28.80592,
                                40.9650489
                            ],
                            [
                                28.8067423,
                                40.9653765
                            ],
                            [
                                28.806539,
                                40.9656184
                            ],
                            [
                                28.8064246,
                                40.9657707
                            ],
                            [
                                28.80625,
                                40.9660407
                            ],
                            [
                                28.8060318,
                                40.9664334
                            ],
                            [
                                28.8057156,
                                40.967054
                            ],
                            [
                                28.8055905,
                                40.9672768
                            ],
                            [
                                28.8049095,
                                40.9687025
                            ],
                            [
                                28.8048439,
                                40.9689907
                            ],
                            [
                                28.8048191,
                                40.9691325
                            ],
                            [
                                28.8047977,
                                40.9693525
                            ],
                            [
                                28.8047942,
                                40.9695554
                            ],
                            [
                                28.8048016,
                                40.9697432
                            ],
                            [
                                28.8048241,
                                40.9702558
                            ],
                            [
                                28.8049258,
                                40.9720423
                            ],
                            [
                                28.8050048,
                                40.9736315
                            ],
                            [
                                28.8050274,
                                40.9737674
                            ],
                            [
                                28.8051209,
                                40.9753184
                            ],
                            [
                                28.805112,
                                40.9755375
                            ],
                            [
                                28.8050812,
                                40.9757561
                            ],
                            [
                                28.8050099,
                                40.9760764
                            ],
                            [
                                28.8048948,
                                40.9764175
                            ],
                            [
                                28.8048193,
                                40.9765973
                            ],
                            [
                                28.8046574,
                                40.9769565
                            ],
                            [
                                28.8042475,
                                40.9779018
                            ],
                            [
                                28.8038984,
                                40.9785577
                            ],
                            [
                                28.8028225,
                                40.9804963
                            ],
                            [
                                28.8021631,
                                40.9816621
                            ],
                            [
                                28.8017781,
                                40.9823575
                            ],
                            [
                                28.8007163,
                                40.9842668
                            ],
                            [
                                28.8006083,
                                40.9844511
                            ],
                            [
                                28.8005108,
                                40.9846115
                            ],
                            [
                                28.8001658,
                                40.9851094
                            ],
                            [
                                28.7999009,
                                40.9854533
                            ],
                            [
                                28.7997254,
                                40.9856646
                            ],
                            [
                                28.7995152,
                                40.9858624
                            ],
                            [
                                28.7992922,
                                40.9860423
                            ],
                            [
                                28.7990171,
                                40.9862245
                            ],
                            [
                                28.7988214,
                                40.9863506
                            ],
                            [
                                28.7985791,
                                40.9864729
                            ],
                            [
                                28.7982722,
                                40.9866206
                            ],
                            [
                                28.7977691,
                                40.9868244
                            ],
                            [
                                28.7971078,
                                40.986971
                            ],
                            [
                                28.7973523,
                                40.9873792
                            ],
                            [
                                28.7981219,
                                40.9886594
                            ],
                            [
                                28.7984168,
                                40.9890176
                            ],
                            [
                                28.7945518,
                                40.9881167
                            ],
                            [
                                28.7936903,
                                40.9884265
                            ],
                            [
                                28.792782,
                                40.9888913
                            ],
                            [
                                28.7923865,
                                40.9891783
                            ],
                            [
                                28.791047,
                                40.9880173
                            ],
                            [
                                28.7907329,
                                40.9877878
                            ],
                            [
                                28.7901878,
                                40.9874648
                            ],
                            [
                                28.7895213,
                                40.9871113
                            ],
                            [
                                28.7885011,
                                40.9866443
                            ],
                            [
                                28.7879893,
                                40.986476
                            ],
                            [
                                28.7865547,
                                40.9860778
                            ],
                            [
                                28.785844,
                                40.9859073
                            ],
                            [
                                28.7845642,
                                40.9856431
                            ],
                            [
                                28.7834439,
                                40.9854688
                            ],
                            [
                                28.7816978,
                                40.9849682
                            ],
                            [
                                28.7795703,
                                40.9844274
                            ]
                        ]
                    ]
                ]
            }
        }
    ]
}