{
    "type": "FeatureCollection",
    "features": [
        {
            "type": "Feature",
            "properties": {
                "type": "relation",
                "id": 9446484,
                "tags": {
                    "admin_level": "8",
                    "boundary": "administrative",
                    "name": "Şamlar Mahallesi",
                    "postal_code": "34494",
                    "type": "boundary",
                    "wikidata": "Q4818545"
                }
            },
            "geometry": {
                "type": "MultiPolygon",
                "coordinates": [
                    [
                        [
                            [
                                28.6737539,
                                41.1118255
                            ],
                            [
                                28.6744559,
                                41.111814
                            ],
                            [
                                28.6754,
                                41.1115311
                            ],
                            [
                                28.6761709,
                                41.1112169
                            ],
                            [
                                28.6769771,
                                41.1108036
                            ],
                            [
                                28.677578,
                                41.1104237
                            ],
                            [
                                28.6780636,
                                41.1102436
                            ],
                            [
                                28.6789244,
                                41.1101019
                            ],
                            [
                                28.6792591,
                                41.110038
                            ],
                            [
                                28.6797144,
                                41.110038
                            ],
                            [
                                28.6801697,
                                41.110038
                            ],
                            [
                                28.6807877,
                                41.1101238
                            ],
                            [
                                28.6812268,
                                41.1102218
                            ],
                            [
                                28.6816333,
                                41.1103566
                            ],
                            [
                                28.6819748,
                                41.1105404
                            ],
                            [
                                28.682609,
                                41.1107241
                            ],
                            [
                                28.6830644,
                                41.1108099
                            ],
                            [
                                28.6833245,
                                41.1108344
                            ],
                            [
                                28.683536,
                                41.1108712
                            ],
                            [
                                28.6836986,
                                41.1108712
                            ],
                            [
                                28.6838937,
                                41.1107486
                            ],
                            [
                                28.6841376,
                                41.1105526
                            ],
                            [
                                28.6845279,
                                41.1102708
                            ],
                            [
                                28.6847881,
                                41.1101115
                            ],
                            [
                                28.6851459,
                                41.1099155
                            ],
                            [
                                28.6854874,
                                41.1096459
                            ],
                            [
                                28.6857801,
                                41.1094254
                            ],
                            [
                                28.6861053,
                                41.1092416
                            ],
                            [
                                28.6865281,
                                41.1091313
                            ],
                            [
                                28.6868371,
                                41.10907
                            ],
                            [
                                28.6872437,
                                41.108825
                            ],
                            [
                                28.6876339,
                                41.1085554
                            ],
                            [
                                28.6878128,
                                41.1083104
                            ],
                            [
                                28.6878128,
                                41.1081756
                            ],
                            [
                                28.6878779,
                                41.1076365
                            ],
                            [
                                28.6879104,
                                41.1073669
                            ],
                            [
                                28.6880405,
                                41.1071586
                            ],
                            [
                                28.6883007,
                                41.1067665
                            ],
                            [
                                28.6884633,
                                41.1064969
                            ],
                            [
                                28.6885413,
                                41.1063606
                            ],
                            [
                                28.6893034,
                                41.1060842
                            ],
                            [
                                28.6907422,
                                41.1055087
                            ],
                            [
                                28.6914396,
                                41.1051853
                            ],
                            [
                                28.6925455,
                                41.1045327
                            ],
                            [
                                28.6950929,
                                41.1029934
                            ],
                            [
                                28.695302,
                                41.1031076
                            ],
                            [
                                28.696568,
                                41.1033664
                            ],
                            [
                                28.697319,
                                41.1033502
                            ],
                            [
                                28.6999368,
                                41.1029298
                            ],
                            [
                                28.7002587,
                                41.1031238
                            ],
                            [
                                28.7012672,
                                41.1030753
                            ],
                            [
                                28.7030482,
                                41.1033664
                            ],
                            [
                                28.7036919,
                                41.1036574
                            ],
                            [
                                28.7045502,
                                41.1035119
                            ],
                            [
                                28.7047219,
                                41.1038352
                            ],
                            [
                                28.7051081,
                                41.1044982
                            ],
                            [
                                28.7064171,
                                41.1045143
                            ],
                            [
                                28.7079191,
                                41.1044012
                            ],
                            [
                                28.7083462,
                                41.1043842
                            ],
                            [
                                28.7101936,
                                41.1043446
                            ],
                            [
                                28.7108375,
                                41.1042792
                            ],
                            [
                                28.7107655,
                                41.1044968
                            ],
                            [
                                28.7105682,
                                41.1050932
                            ],
                            [
                                28.7105465,
                                41.1051589
                            ],
                            [
                                28.7113738,
                                41.1057108
                            ],
                            [
                                28.7121033,
                                41.1063575
                            ],
                            [
                                28.7132306,
                                41.1071589
                            ],
                            [
                                28.7133711,
                                41.1073961
                            ],
                            [
                                28.7140188,
                                41.107079
                            ],
                            [
                                28.714449,
                                41.1068244
                            ],
                            [
                                28.7147046,
                                41.1066912
                            ],
                            [
                                28.7148231,
                                41.1066106
                            ],
                            [
                                28.7150733,
                                41.1064401
                            ],
                            [
                                28.7153241,
                                41.1062391
                            ],
                            [
                                28.7153568,
                                41.1061873
                            ],
                            [
                                28.7153936,
                                41.1061061
                            ],
                            [
                                28.7154311,
                                41.1060634
                            ],
                            [
                                28.7154496,
                                41.1060205
                            ],
                            [
                                28.7154774,
                                41.105958
                            ],
                            [
                                28.7155165,
                                41.1059193
                            ],
                            [
                                28.7157325,
                                41.1057886
                            ],
                            [
                                28.7158695,
                                41.1057193
                            ],
                            [
                                28.7160621,
                                41.1057292
                            ],
                            [
                                28.720903,
                                41.1063582
                            ],
                            [
                                28.7211856,
                                41.1063669
                            ],
                            [
                                28.7214261,
                                41.1063742
                            ],
                            [
                                28.7214234,
                                41.1064463
                            ],
                            [
                                28.721581,
                                41.1064543
                            ],
                            [
                                28.7215547,
                                41.1066347
                            ],
                            [
                                28.7215555,
                                41.1066809
                            ],
                            [
                                28.7215608,
                                41.1067362
                            ],
                            [
                                28.7215907,
                                41.1067794
                            ],
                            [
                                28.7216438,
                                41.1068111
                            ],
                            [
                                28.7217047,
                                41.1068358
                            ],
                            [
                                28.7218184,
                                41.1069339
                            ],
                            [
                                28.721835,
                                41.1069502
                            ],
                            [
                                28.7218103,
                                41.1073749
                            ],
                            [
                                28.7218208,
                                41.107387
                            ],
                            [
                                28.7219525,
                                41.107486
                            ],
                            [
                                28.7219551,
                                41.107498
                            ],
                            [
                                28.7219379,
                                41.1077372
                            ],
                            [
                                28.7219398,
                                41.1077932
                            ],
                            [
                                28.7219654,
                                41.1078671
                            ],
                            [
                                28.7220346,
                                41.1079768
                            ],
                            [
                                28.7221122,
                                41.1080504
                            ],
                            [
                                28.7222171,
                                41.1081436
                            ],
                            [
                                28.7222851,
                                41.1081775
                            ],
                            [
                                28.7223704,
                                41.1082078
                            ],
                            [
                                28.7224157,
                                41.1082334
                            ],
                            [
                                28.7226096,
                                41.1084924
                            ],
                            [
                                28.7227129,
                                41.1085994
                            ],
                            [
                                28.7227955,
                                41.1086833
                            ],
                            [
                                28.7228734,
                                41.1087656
                            ],
                            [
                                28.7229675,
                                41.1088799
                            ],
                            [
                                28.7230684,
                                41.1090135
                            ],
                            [
                                28.7231431,
                                41.1091007
                            ],
                            [
                                28.723253,
                                41.1092084
                            ],
                            [
                                28.7233471,
                                41.109328
                            ],
                            [
                                28.7245,
                                41.1105
                            ],
                            [
                                28.7275,
                                41.11175
                            ],
                            [
                                28.7287555,
                                41.1121516
                            ],
                            [
                                28.7310472,
                                41.1128758
                            ],
                            [
                                28.7317939,
                                41.1127336
                            ],
                            [
                                28.7322317,
                                41.1133414
                            ],
                            [
                                28.7325,
                                41.1135
                            ],
                            [
                                28.7321115,
                                41.1144084
                            ],
                            [
                                28.7321458,
                                41.1146735
                            ],
                            [
                                28.7319313,
                                41.1145959
                            ],
                            [
                                28.7318798,
                                41.1147382
                            ],
                            [
                                28.7322317,
                                41.1152038
                            ],
                            [
                                28.7323947,
                                41.1151908
                            ],
                            [
                                28.7325,
                                41.1155
                            ],
                            [
                                28.7323813,
                                41.115678
                            ],
                            [
                                28.7326282,
                                41.1157263
                            ],
                            [
                                28.7324187,
                                41.1172061
                            ],
                            [
                                28.7331325,
                                41.1170922
                            ],
                            [
                                28.7342314,
                                41.1169457
                            ],
                            [
                                28.7347673,
                                41.1168959
                            ],
                            [
                                28.7352275,
                                41.1166317
                            ],
                            [
                                28.7360058,
                                41.1167898
                            ],
                            [
                                28.7369053,
                                41.1170518
                            ],
                            [
                                28.7373184,
                                41.1170927
                            ],
                            [
                                28.7371206,
                                41.1173066
                            ],
                            [
                                28.7371556,
                                41.1175913
                            ],
                            [
                                28.7375491,
                                41.1178963
                            ],
                            [
                                28.7378286,
                                41.1179282
                            ],
                            [
                                28.7383206,
                                41.1180118
                            ],
                            [
                                28.7389267,
                                41.1180422
                            ],
                            [
                                28.7398814,
                                41.118006
                            ],
                            [
                                28.7402608,
                                41.1183271
                            ],
                            [
                                28.7403157,
                                41.1186798
                            ],
                            [
                                28.7402614,
                                41.1188822
                            ],
                            [
                                28.7401369,
                                41.1191676
                            ],
                            [
                                28.7401352,
                                41.1196885
                            ],
                            [
                                28.7404789,
                                41.1198237
                            ],
                            [
                                28.7409,
                                41.1195438
                            ],
                            [
                                28.7411609,
                                41.1191443
                            ],
                            [
                                28.7412734,
                                41.1187965
                            ],
                            [
                                28.7417646,
                                41.1187599
                            ],
                            [
                                28.7423571,
                                41.1189769
                            ],
                            [
                                28.7426777,
                                41.1191073
                            ],
                            [
                                28.7431945,
                                41.1190011
                            ],
                            [
                                28.7431106,
                                41.1194336
                            ],
                            [
                                28.7434399,
                                41.1197982
                            ],
                            [
                                28.7438035,
                                41.1201101
                            ],
                            [
                                28.7445004,
                                41.1204088
                            ],
                            [
                                28.7451008,
                                41.1206311
                            ],
                            [
                                28.7453511,
                                41.1209532
                            ],
                            [
                                28.7460378,
                                41.1209947
                            ],
                            [
                                28.7472618,
                                41.1212883
                            ],
                            [
                                28.7475095,
                                41.1199644
                            ],
                            [
                                28.7474936,
                                41.1198987
                            ],
                            [
                                28.747919,
                                41.1197361
                            ],
                            [
                                28.7485842,
                                41.1194451
                            ],
                            [
                                28.7491206,
                                41.1192431
                            ],
                            [
                                28.7496356,
                                41.1189198
                            ],
                            [
                                28.7499215,
                                41.1188059
                            ],
                            [
                                28.7501954,
                                41.1188014
                            ],
                            [
                                28.7504615,
                                41.118886
                            ],
                            [
                                28.7505368,
                                41.119092
                            ],
                            [
                                28.7501788,
                                41.1196906
                            ],
                            [
                                28.7500405,
                                41.120099
                            ],
                            [
                                28.7500191,
                                41.1206971
                            ],
                            [
                                28.7505555,
                                41.1208426
                            ],
                            [
                                28.7511778,
                                41.1209881
                            ],
                            [
                                28.7514567,
                                41.121279
                            ],
                            [
                                28.7520146,
                                41.1219903
                            ],
                            [
                                28.7525081,
                                41.1223297
                            ],
                            [
                                28.7530017,
                                41.1226368
                            ],
                            [
                                28.7536239,
                                41.122847
                            ],
                            [
                                28.7543964,
                                41.1230248
                            ],
                            [
                                28.7557707,
                                41.123262
                            ],
                            [
                                28.7572854,
                                41.1234554
                            ],
                            [
                                28.7576697,
                                41.1235044
                            ],
                            [
                                28.7579934,
                                41.1235541
                            ],
                            [
                                28.7582491,
                                41.1235933
                            ],
                            [
                                28.7586782,
                                41.1238439
                            ],
                            [
                                28.7591396,
                                41.1242803
                            ],
                            [
                                28.7591843,
                                41.1243691
                            ],
                            [
                                28.7591506,
                                41.1244581
                            ],
                            [
                                28.7590286,
                                41.1245629
                            ],
                            [
                                28.7589157,
                                41.1248295
                            ],
                            [
                                28.7597208,
                                41.1250137
                            ],
                            [
                                28.7602323,
                                41.1251066
                            ],
                            [
                                28.7607411,
                                41.125611
                            ],
                            [
                                28.7613762,
                                41.1266371
                            ],
                            [
                                28.7613721,
                                41.1270859
                            ],
                            [
                                28.7614893,
                                41.1271502
                            ],
                            [
                                28.7614637,
                                41.1273384
                            ],
                            [
                                28.7613355,
                                41.1274559
                            ],
                            [
                                28.7608644,
                                41.1279271
                            ],
                            [
                                28.760749,
                                41.1282283
                            ],
                            [
                                28.7608988,
                                41.1283714
                            ],
                            [
                                28.7611881,
                                41.1284732
                            ],
                            [
                                28.7613811,
                                41.1286439
                            ],
                            [
                                28.761431,
                                41.1288409
                            ],
                            [
                                28.761446,
                                41.128935
                            ],
                            [
                                28.7614474,
                                41.13001
                            ],
                            [
                                28.761406,
                                41.1300905
                            ],
                            [
                                28.7613426,
                                41.1301433
                            ],
                            [
                                28.7612899,
                                41.1301787
                            ],
                            [
                                28.7611114,
                                41.130274
                            ],
                            [
                                28.7610412,
                                41.130406
                            ],
                            [
                                28.7610642,
                                41.1305957
                            ],
                            [
                                28.761228,
                                41.1305496
                            ],
                            [
                                28.7617966,
                                41.1308097
                            ],
                            [
                                28.7621904,
                                41.1312455
                            ],
                            [
                                28.7624052,
                                41.1314079
                            ],
                            [
                                28.7625167,
                                41.1316448
                            ],
                            [
                                28.7625172,
                                41.1320889
                            ],
                            [
                                28.7626095,
                                41.1320956
                            ],
                            [
                                28.7627548,
                                41.1321743
                            ],
                            [
                                28.7629,
                                41.1337656
                            ],
                            [
                                28.7630598,
                                41.1337686
                            ],
                            [
                                28.7634246,
                                41.1337218
                            ],
                            [
                                28.763493,
                                41.133637
                            ],
                            [
                                28.7639385,
                                41.1335741
                            ],
                            [
                                28.7639712,
                                41.1339651
                            ],
                            [
                                28.763957,
                                41.134032
                            ],
                            [
                                28.7639578,
                                41.1341015
                            ],
                            [
                                28.7640054,
                                41.1341838
                            ],
                            [
                                28.7640687,
                                41.134253
                            ],
                            [
                                28.7644319,
                                41.1347089
                            ],
                            [
                                28.7645785,
                                41.1348935
                            ],
                            [
                                28.7647954,
                                41.1351036
                            ],
                            [
                                28.7648907,
                                41.1351917
                            ],
                            [
                                28.765023,
                                41.1353447
                            ],
                            [
                                28.7651462,
                                41.1354629
                            ],
                            [
                                28.7652346,
                                41.135562
                            ],
                            [
                                28.7661722,
                                41.1363377
                            ],
                            [
                                28.7663575,
                                41.1363923
                            ],
                            [
                                28.7666456,
                                41.1365964
                            ],
                            [
                                28.766811,
                                41.1366883
                            ],
                            [
                                28.7668951,
                                41.1368292
                            ],
                            [
                                28.7669496,
                                41.1369415
                            ],
                            [
                                28.7670505,
                                41.1370805
                            ],
                            [
                                28.7673052,
                                41.1372878
                            ],
                            [
                                28.7675303,
                                41.1374835
                            ],
                            [
                                28.7677554,
                                41.1376884
                            ],
                            [
                                28.7680723,
                                41.1380079
                            ],
                            [
                                28.7684478,
                                41.138642
                            ],
                            [
                                28.7667775,
                                41.1381283
                            ],
                            [
                                28.765887,
                                41.1378698
                            ],
                            [
                                28.7652647,
                                41.1375546
                            ],
                            [
                                28.7645244,
                                41.1371991
                            ],
                            [
                                28.7641168,
                                41.1370537
                            ],
                            [
                                28.7636661,
                                41.1368678
                            ],
                            [
                                28.7634087,
                                41.136682
                            ],
                            [
                                28.7629151,
                                41.1361971
                            ],
                            [
                                28.7624645,
                                41.1358578
                            ],
                            [
                                28.7620783,
                                41.1355992
                            ],
                            [
                                28.7617457,
                                41.1352194
                            ],
                            [
                                28.7613809,
                                41.1347496
                            ],
                            [
                                28.7607372,
                                41.1340881
                            ],
                            [
                                28.7597501,
                                41.1331104
                            ],
                            [
                                28.7588704,
                                41.1324477
                            ],
                            [
                                28.7581622,
                                41.132173
                            ],
                            [
                                28.7569499,
                                41.1318417
                            ],
                            [
                                28.7557268,
                                41.1314619
                            ],
                            [
                                28.7546217,
                                41.1312598
                            ],
                            [
                                28.7540424,
                                41.1321164
                            ],
                            [
                                28.7521326,
                                41.1322376
                            ],
                            [
                                28.751167,
                                41.1322134
                            ],
                            [
                                28.7508988,
                                41.1321891
                            ],
                            [
                                28.7507486,
                                41.1321407
                            ],
                            [
                                28.7505877,
                                41.131971
                            ],
                            [
                                28.7504804,
                                41.1318901
                            ],
                            [
                                28.75018,
                                41.1316962
                            ],
                            [
                                28.7499869,
                                41.1317932
                            ],
                            [
                                28.7495041,
                                41.1321083
                            ],
                            [
                                28.7490535,
                                41.1323831
                            ],
                            [
                                28.7487745,
                                41.1325366
                            ],
                            [
                                28.7484956,
                                41.1326982
                            ],
                            [
                                28.748045,
                                41.1331023
                            ],
                            [
                                28.7470043,
                                41.1340558
                            ],
                            [
                                28.7464464,
                                41.1340396
                            ],
                            [
                                28.746146,
                                41.1340316
                            ],
                            [
                                28.7459636,
                                41.1337407
                            ],
                            [
                                28.7457168,
                                41.1335548
                            ],
                            [
                                28.7446225,
                                41.1332962
                            ],
                            [
                                28.7444508,
                                41.1333609
                            ],
                            [
                                28.7441397,
                                41.133377
                            ],
                            [
                                28.7434852,
                                41.1332801
                            ],
                            [
                                28.7419778,
                                41.1330821
                            ],
                            [
                                28.741731,
                                41.1329851
                            ],
                            [
                                28.7413126,
                                41.1328154
                            ],
                            [
                                28.74098,
                                41.1327063
                            ],
                            [
                                28.7406367,
                                41.1326619
                            ],
                            [
                                28.7403095,
                                41.1327992
                            ],
                            [
                                28.7393331,
                                41.1333205
                            ],
                            [
                                28.7385499,
                                41.1337366
                            ],
                            [
                                28.738094,
                                41.1339507
                            ],
                            [
                                28.7380242,
                                41.1340396
                            ],
                            [
                                28.7379384,
                                41.1341245
                            ],
                            [
                                28.7378579,
                                41.1342538
                            ],
                            [
                                28.7377506,
                                41.1344639
                            ],
                            [
                                28.737844,
                                41.1354938
                            ],
                            [
                                28.7378257,
                                41.1358254
                            ],
                            [
                                28.7380329,
                                41.1361179
                            ],
                            [
                                28.7367904,
                                41.1365769
                            ],
                            [
                                28.7364779,
                                41.1365068
                            ],
                            [
                                28.7358488,
                                41.1363656
                            ],
                            [
                                28.7351381,
                                41.1358853
                            ],
                            [
                                28.7338656,
                                41.1310063
                            ],
                            [
                                28.7335186,
                                41.1253426
                            ],
                            [
                                28.7331957,
                                41.124819
                            ],
                            [
                                28.7329976,
                                41.1244526
                            ],
                            [
                                28.7271563,
                                41.1143623
                            ],
                            [
                                28.7217194,
                                41.1118349
                            ],
                            [
                                28.7167452,
                                41.1117477
                            ],
                            [
                                28.6916798,
                                41.124209
                            ],
                            [
                                28.6893294,
                                41.1253774
                            ],
                            [
                                28.6857997,
                                41.1243068
                            ],
                            [
                                28.6837213,
                                41.1236765
                            ],
                            [
                                28.6817965,
                                41.1222822
                            ],
                            [
                                28.6817631,
                                41.1222454
                            ],
                            [
                                28.6790572,
                                41.1192706
                            ],
                            [
                                28.6783909,
                                41.117932
                            ],
                            [
                                28.6771323,
                                41.116928
                            ],
                            [
                                28.6770583,
                                41.1158125
                            ],
                            [
                                28.6751334,
                                41.1149759
                            ],
                            [
                                28.6738748,
                                41.1134699
                            ],
                            [
                                28.6737539,
                                41.1118255
                            ]
                        ]
                    ]
                ]
            }
        },
        {
            "type": "Feature",
            "properties": {
                "type": "relation",
                "id": 9461411,
                "tags": {
                    "admin_level": "8",
                    "alt_name": "Başakşehir 5. Etap Mahallesi",
                    "boundary": "administrative",
                    "name": "Başak Mahallesi",
                    "postal_code": "34480",
                    "type": "boundary",
                    "wikidata": "Q6038129",
                    "wikipedia": "tr:Başak, Başakşehir"
                }
            },
            "geometry": {
                "type": "MultiPolygon",
                "coordinates": [
                    [
                        [
                            [
                                28.7931175,
                                41.1393844
                            ],
                            [
                                28.794313,
                                41.1390494
                            ],
                            [
                                28.7950882,
                                41.1373982
                            ],
                            [
                                28.7952434,
                                41.1371757
                            ],
                            [
                                28.7970337,
                                41.1355698
                            ],
                            [
                                28.7986575,
                                41.1341026
                            ],
                            [
                                28.7995802,
                                41.133307
                            ],
                            [
                                28.8001632,
                                41.1328442
                            ],
                            [
                                28.800421,
                                41.1327305
                            ],
                            [
                                28.8009013,
                                41.1326388
                            ],
                            [
                                28.8012745,
                                41.1325252
                            ],
                            [
                                28.8015502,
                                41.1323575
                            ],
                            [
                                28.8017698,
                                41.1321566
                            ],
                            [
                                28.8019462,
                                41.1317154
                            ],
                            [
                                28.80212,
                                41.1313575
                            ],
                            [
                                28.8022896,
                                41.1311456
                            ],
                            [
                                28.8031285,
                                41.1304549
                            ],
                            [
                                28.8038603,
                                41.1298014
                            ],
                            [
                                28.8043979,
                                41.1291447
                            ],
                            [
                                28.8051229,
                                41.1282404
                            ],
                            [
                                28.8058858,
                                41.1274788
                            ],
                            [
                                28.8070521,
                                41.1264659
                            ],
                            [
                                28.8072748,
                                41.1262512
                            ],
                            [
                                28.80725,
                                41.1258969
                            ],
                            [
                                28.8068458,
                                41.1256779
                            ],
                            [
                                28.8066262,
                                41.125323
                            ],
                            [
                                28.8063611,
                                41.1243908
                            ],
                            [
                                28.805979,
                                41.1212111
                            ],
                            [
                                28.8057264,
                                41.1207794
                            ],
                            [
                                28.8050485,
                                41.1203013
                            ],
                            [
                                28.8044262,
                                41.1199949
                            ],
                            [
                                28.8027809,
                                41.1195539
                            ],
                            [
                                28.8019983,
                                41.1193775
                            ],
                            [
                                28.8011664,
                                41.1190107
                            ],
                            [
                                28.7993979,
                                41.1176831
                            ],
                            [
                                28.7992438,
                                41.1174138
                            ],
                            [
                                28.7983257,
                                41.115529
                            ],
                            [
                                28.797728,
                                41.1140573
                            ],
                            [
                                28.7963538,
                                41.1105428
                            ],
                            [
                                28.7951029,
                                41.1075575
                            ],
                            [
                                28.7944251,
                                41.1057977
                            ],
                            [
                                28.7940087,
                                41.1046308
                            ],
                            [
                                28.7963886,
                                41.1033874
                            ],
                            [
                                28.7964576,
                                41.1025311
                            ],
                            [
                                28.7964047,
                                41.1024249
                            ],
                            [
                                28.7969666,
                                41.0987288
                            ],
                            [
                                28.7970025,
                                41.0986912
                            ],
                            [
                                28.7970608,
                                41.0986876
                            ],
                            [
                                28.8010696,
                                41.099029
                            ],
                            [
                                28.801847,
                                41.0945322
                            ],
                            [
                                28.7994189,
                                41.0943052
                            ],
                            [
                                28.7993881,
                                41.0932753
                            ],
                            [
                                28.8018931,
                                41.0934713
                            ],
                            [
                                28.8023924,
                                41.0906848
                            ],
                            [
                                28.8028521,
                                41.0904833
                            ],
                            [
                                28.8031085,
                                41.0904722
                            ],
                            [
                                28.8031829,
                                41.0904104
                            ],
                            [
                                28.8035981,
                                41.0895887
                            ],
                            [
                                28.8047555,
                                41.0876011
                            ],
                            [
                                28.8049298,
                                41.0873561
                            ],
                            [
                                28.8050805,
                                41.0872489
                            ],
                            [
                                28.8052438,
                                41.0871112
                            ],
                            [
                                28.8056405,
                                41.0868767
                            ],
                            [
                                28.8061389,
                                41.0865524
                            ],
                            [
                                28.8063734,
                                41.0863077
                            ],
                            [
                                28.8067863,
                                41.0854531
                            ],
                            [
                                28.8081916,
                                41.0848484
                            ],
                            [
                                28.8089084,
                                41.0845592
                            ],
                            [
                                28.8094914,
                                41.0843422
                            ],
                            [
                                28.8097026,
                                41.0842349
                            ],
                            [
                                28.8100822,
                                41.0839938
                            ],
                            [
                                28.8102426,
                                41.0822663
                            ],
                            [
                                28.8115193,
                                41.0802743
                            ],
                            [
                                28.8119306,
                                41.0793842
                            ],
                            [
                                28.8127144,
                                41.0776965
                            ],
                            [
                                28.8139871,
                                41.0752784
                            ],
                            [
                                28.8138419,
                                41.0739847
                            ],
                            [
                                28.8139466,
                                41.0737199
                            ],
                            [
                                28.8148155,
                                41.0715969
                            ],
                            [
                                28.8148622,
                                41.071367
                            ],
                            [
                                28.8148079,
                                41.0711787
                            ],
                            [
                                28.8147203,
                                41.070828
                            ],
                            [
                                28.8144827,
                                41.0704507
                            ],
                            [
                                28.8140805,
                                41.0699758
                            ],
                            [
                                28.8147196,
                                41.0698164
                            ],
                            [
                                28.8152798,
                                41.0697872
                            ],
                            [
                                28.8155536,
                                41.0698114
                            ],
                            [
                                28.8158458,
                                41.0698774
                            ],
                            [
                                28.8162198,
                                41.0700485
                            ],
                            [
                                28.816722,
                                41.0704332
                            ],
                            [
                                28.8170116,
                                41.0705739
                            ],
                            [
                                28.8173945,
                                41.0707024
                            ],
                            [
                                28.8176467,
                                41.0707359
                            ],
                            [
                                28.8179036,
                                41.0707376
                            ],
                            [
                                28.8197836,
                                41.0707463
                            ],
                            [
                                28.8208609,
                                41.0704951
                            ],
                            [
                                28.8228848,
                                41.0701445
                            ],
                            [
                                28.8236705,
                                41.0699453
                            ],
                            [
                                28.8271608,
                                41.0698441
                            ],
                            [
                                28.8288115,
                                41.0696877
                            ],
                            [
                                28.8289758,
                                41.069672
                            ],
                            [
                                28.829116,
                                41.0696325
                            ],
                            [
                                28.8293229,
                                41.0695465
                            ],
                            [
                                28.8298477,
                                41.0693117
                            ],
                            [
                                28.832182,
                                41.068383
                            ],
                            [
                                28.8329658,
                                41.068044
                            ],
                            [
                                28.8331613,
                                41.0682703
                            ],
                            [
                                28.8335065,
                                41.0685835
                            ],
                            [
                                28.8337984,
                                41.068887
                            ],
                            [
                                28.8344275,
                                41.0694761
                            ],
                            [
                                28.8350111,
                                41.0700147
                            ],
                            [
                                28.8351975,
                                41.0701761
                            ],
                            [
                                28.8353656,
                                41.0703361
                            ],
                            [
                                28.8357078,
                                41.0706393
                            ],
                            [
                                28.8359106,
                                41.0708322
                            ],
                            [
                                28.8364766,
                                41.0713755
                            ],
                            [
                                28.8367408,
                                41.0716086
                            ],
                            [
                                28.8371005,
                                41.071992
                            ],
                            [
                                28.8373345,
                                41.0723141
                            ],
                            [
                                28.8375038,
                                41.0726892
                            ],
                            [
                                28.8377476,
                                41.0734132
                            ],
                            [
                                28.8378903,
                                41.0738198
                            ],
                            [
                                28.8381043,
                                41.0744017
                            ],
                            [
                                28.8384336,
                                41.0752956
                            ],
                            [
                                28.8386336,
                                41.075758
                            ],
                            [
                                28.8388047,
                                41.0761642
                            ],
                            [
                                28.8390332,
                                41.0766698
                            ],
                            [
                                28.8393696,
                                41.077348
                            ],
                            [
                                28.839597,
                                41.0777721
                            ],
                            [
                                28.8398673,
                                41.0782334
                            ],
                            [
                                28.8412823,
                                41.0804288
                            ],
                            [
                                28.8428449,
                                41.0828771
                            ],
                            [
                                28.8430211,
                                41.083191
                            ],
                            [
                                28.8431809,
                                41.0835267
                            ],
                            [
                                28.8433141,
                                41.0838828
                            ],
                            [
                                28.8438851,
                                41.0859922
                            ],
                            [
                                28.8443229,
                                41.0876212
                            ],
                            [
                                28.844614,
                                41.0887143
                            ],
                            [
                                28.8449288,
                                41.0898368
                            ],
                            [
                                28.8450796,
                                41.0903195
                            ],
                            [
                                28.8461444,
                                41.0934124
                            ],
                            [
                                28.8465732,
                                41.0944394
                            ],
                            [
                                28.846744,
                                41.0948613
                            ],
                            [
                                28.8469328,
                                41.0951931
                            ],
                            [
                                28.8470606,
                                41.0953606
                            ],
                            [
                                28.8472255,
                                41.0955516
                            ],
                            [
                                28.8476736,
                                41.0960338
                            ],
                            [
                                28.8478294,
                                41.0962126
                            ],
                            [
                                28.848373,
                                41.0968358
                            ],
                            [
                                28.8486914,
                                41.0972043
                            ],
                            [
                                28.8488101,
                                41.0973661
                            ],
                            [
                                28.8490414,
                                41.0977431
                            ],
                            [
                                28.8496715,
                                41.0993269
                            ],
                            [
                                28.8499199,
                                41.099964
                            ],
                            [
                                28.8500423,
                                41.1002751
                            ],
                            [
                                28.8502606,
                                41.1008307
                            ],
                            [
                                28.8504745,
                                41.1014002
                            ],
                            [
                                28.8505372,
                                41.1015807
                            ],
                            [
                                28.8505746,
                                41.1017542
                            ],
                            [
                                28.8506049,
                                41.1020025
                            ],
                            [
                                28.8506046,
                                41.1021421
                            ],
                            [
                                28.8505952,
                                41.10229
                            ],
                            [
                                28.8505615,
                                41.1024758
                            ],
                            [
                                28.850271,
                                41.1039694
                            ],
                            [
                                28.8501275,
                                41.1047711
                            ],
                            [
                                28.8501056,
                                41.1049107
                            ],
                            [
                                28.8500968,
                                41.1050688
                            ],
                            [
                                28.8500952,
                                41.1052001
                            ],
                            [
                                28.8501032,
                                41.1053314
                            ],
                            [
                                28.8501128,
                                41.1055313
                            ],
                            [
                                28.8501464,
                                41.1059498
                            ],
                            [
                                28.8498493,
                                41.1074275
                            ],
                            [
                                28.8482577,
                                41.1102503
                            ],
                            [
                                28.8476584,
                                41.1111308
                            ],
                            [
                                28.8470995,
                                41.1114463
                            ],
                            [
                                28.8460092,
                                41.1118905
                            ],
                            [
                                28.8455773,
                                41.1121539
                            ],
                            [
                                28.8454242,
                                41.1123267
                            ],
                            [
                                28.8450761,
                                41.1128866
                            ],
                            [
                                28.845039,
                                41.1139906
                            ],
                            [
                                28.8450316,
                                41.1148403
                            ],
                            [
                                28.8450544,
                                41.1150836
                            ],
                            [
                                28.8450938,
                                41.1152601
                            ],
                            [
                                28.8452008,
                                41.1155681
                            ],
                            [
                                28.8455233,
                                41.1161981
                            ],
                            [
                                28.8456393,
                                41.1165368
                            ],
                            [
                                28.8457145,
                                41.116867
                            ],
                            [
                                28.8457376,
                                41.1170558
                            ],
                            [
                                28.8457566,
                                41.1174262
                            ],
                            [
                                28.8457214,
                                41.1177474
                            ],
                            [
                                28.8456593,
                                41.1180665
                            ],
                            [
                                28.8455364,
                                41.1184288
                            ],
                            [
                                28.8454204,
                                41.1186752
                            ],
                            [
                                28.8452424,
                                41.1189913
                            ],
                            [
                                28.845005,
                                41.1192999
                            ],
                            [
                                28.8446595,
                                41.1196559
                            ],
                            [
                                28.8441865,
                                41.1200454
                            ],
                            [
                                28.8369783,
                                41.1250255
                            ],
                            [
                                28.8353189,
                                41.1261309
                            ],
                            [
                                28.8348548,
                                41.1263986
                            ],
                            [
                                28.8320619,
                                41.127869
                            ],
                            [
                                28.8306525,
                                41.1286903
                            ],
                            [
                                28.8301719,
                                41.1289735
                            ],
                            [
                                28.8295091,
                                41.1293901
                            ],
                            [
                                28.8294471,
                                41.1294282
                            ],
                            [
                                28.8287654,
                                41.1298714
                            ],
                            [
                                28.8277787,
                                41.1305552
                            ],
                            [
                                28.8274092,
                                41.1308881
                            ],
                            [
                                28.8272718,
                                41.1310161
                            ],
                            [
                                28.827126,
                                41.1311721
                            ],
                            [
                                28.8259085,
                                41.1326387
                            ],
                            [
                                28.8247329,
                                41.1341685
                            ],
                            [
                                28.8243892,
                                41.1345855
                            ],
                            [
                                28.823972,
                                41.1351129
                            ],
                            [
                                28.8238482,
                                41.1352322
                            ],
                            [
                                28.8236712,
                                41.1354017
                            ],
                            [
                                28.823457,
                                41.1355526
                            ],
                            [
                                28.8232246,
                                41.135659
                            ],
                            [
                                28.8229852,
                                41.1357299
                            ],
                            [
                                28.8226689,
                                41.1358181
                            ],
                            [
                                28.8220988,
                                41.1359624
                            ],
                            [
                                28.8217758,
                                41.1360342
                            ],
                            [
                                28.821192,
                                41.1361791
                            ],
                            [
                                28.8207569,
                                41.1362734
                            ],
                            [
                                28.8202998,
                                41.13636
                            ],
                            [
                                28.81998,
                                41.1363906
                            ],
                            [
                                28.8196696,
                                41.1364139
                            ],
                            [
                                28.8193889,
                                41.1364276
                            ],
                            [
                                28.8190268,
                                41.136432
                            ],
                            [
                                28.8183309,
                                41.1364157
                            ],
                            [
                                28.8164619,
                                41.1363645
                            ],
                            [
                                28.8157495,
                                41.1363478
                            ],
                            [
                                28.8151854,
                                41.1363266
                            ],
                            [
                                28.8142735,
                                41.136267
                            ],
                            [
                                28.8135302,
                                41.1362317
                            ],
                            [
                                28.8128084,
                                41.1361884
                            ],
                            [
                                28.8119498,
                                41.1361838
                            ],
                            [
                                28.8116203,
                                41.136188
                            ],
                            [
                                28.8114106,
                                41.1362032
                            ],
                            [
                                28.8111171,
                                41.1362308
                            ],
                            [
                                28.8108118,
                                41.1362713
                            ],
                            [
                                28.810539,
                                41.1363106
                            ],
                            [
                                28.810191,
                                41.1363643
                            ],
                            [
                                28.8097996,
                                41.136453
                            ],
                            [
                                28.8094773,
                                41.1365387
                            ],
                            [
                                28.8091988,
                                41.1366217
                            ],
                            [
                                28.808953,
                                41.1367051
                            ],
                            [
                                28.8086302,
                                41.1368289
                            ],
                            [
                                28.8083221,
                                41.1369698
                            ],
                            [
                                28.808115,
                                41.1370748
                            ],
                            [
                                28.807823,
                                41.1372258
                            ],
                            [
                                28.8075117,
                                41.1373967
                            ],
                            [
                                28.8073079,
                                41.1375218
                            ],
                            [
                                28.8070324,
                                41.1377018
                            ],
                            [
                                28.8065826,
                                41.1379958
                            ],
                            [
                                28.8058089,
                                41.1385109
                            ],
                            [
                                28.8051882,
                                41.1389347
                            ],
                            [
                                28.8044449,
                                41.1394381
                            ],
                            [
                                28.8037288,
                                41.1399166
                            ],
                            [
                                28.8026529,
                                41.1406329
                            ],
                            [
                                28.7992813,
                                41.1428778
                            ],
                            [
                                28.7983124,
                                41.1434483
                            ],
                            [
                                28.7973695,
                                41.1439776
                            ],
                            [
                                28.7966248,
                                41.1443766
                            ],
                            [
                                28.7955654,
                                41.1449592
                            ],
                            [
                                28.7938939,
                                41.1441262
                            ],
                            [
                                28.7932038,
                                41.1438663
                            ],
                            [
                                28.7935985,
                                41.1403229
                            ],
                            [
                                28.7931175,
                                41.1393844
                            ]
                        ]
                    ]
                ]
            }
        },
        {
            "type": "Feature",
            "properties": {
                "type": "relation",
                "id": 9461512,
                "tags": {
                    "admin_level": "8",
                    "boundary": "administrative",
                    "name": "Ziya Gökalp Mahallesi",
                    "type": "boundary",
                    "wikidata": "Q6090735"
                }
            },
            "geometry": {
                "type": "MultiPolygon",
                "coordinates": [
                    [
                        [
                            [
                                28.7568892,
                                41.0610883
                            ],
                            [
                                28.7573571,
                                41.0611177
                            ],
                            [
                                28.7579055,
                                41.0611763
                            ],
                            [
                                28.7584165,
                                41.0612543
                            ],
                            [
                                28.7590957,
                                41.0613645
                            ],
                            [
                                28.7601001,
                                41.0615481
                            ],
                            [
                                28.7609957,
                                41.0617297
                            ],
                            [
                                28.7620563,
                                41.0619629
                            ],
                            [
                                28.7632272,
                                41.0621425
                            ],
                            [
                                28.763677,
                                41.0621965
                            ],
                            [
                                28.7648943,
                                41.0623398
                            ],
                            [
                                28.7654271,
                                41.0623707
                            ],
                            [
                                28.7668527,
                                41.0624335
                            ],
                            [
                                28.7676641,
                                41.0624279
                            ],
                            [
                                28.7688234,
                                41.0624029
                            ],
                            [
                                28.7695548,
                                41.062378
                            ],
                            [
                                28.7722095,
                                41.0622115
                            ],
                            [
                                28.7727736,
                                41.0621994
                            ],
                            [
                                28.7733132,
                                41.0621859
                            ],
                            [
                                28.7751539,
                                41.0622109
                            ],
                            [
                                28.776268,
                                41.0622457
                            ],
                            [
                                28.777552,
                                41.0623085
                            ],
                            [
                                28.7793987,
                                41.0624676
                            ],
                            [
                                28.7801771,
                                41.062552
                            ],
                            [
                                28.7816124,
                                41.0627384
                            ],
                            [
                                28.7832274,
                                41.0630059
                            ],
                            [
                                28.7835215,
                                41.0630586
                            ],
                            [
                                28.7846617,
                                41.063283
                            ],
                            [
                                28.7865991,
                                41.0636395
                            ],
                            [
                                28.7873807,
                                41.0637789
                            ],
                            [
                                28.7877312,
                                41.0638252
                            ],
                            [
                                28.788922,
                                41.0639636
                            ],
                            [
                                28.7903992,
                                41.0640838
                            ],
                            [
                                28.7910315,
                                41.0641013
                            ],
                            [
                                28.7926429,
                                41.0640817
                            ],
                            [
                                28.7941735,
                                41.0639922
                            ],
                            [
                                28.7950494,
                                41.0638825
                            ],
                            [
                                28.7961651,
                                41.0637123
                            ],
                            [
                                28.7969525,
                                41.0636072
                            ],
                            [
                                28.7975179,
                                41.06347
                            ],
                            [
                                28.798745,
                                41.0631791
                            ],
                            [
                                28.8004591,
                                41.0627273
                            ],
                            [
                                28.8022644,
                                41.062228
                            ],
                            [
                                28.8037726,
                                41.0618774
                            ],
                            [
                                28.8050655,
                                41.0616206
                            ],
                            [
                                28.8065064,
                                41.0614461
                            ],
                            [
                                28.8079822,
                                41.0612942
                            ],
                            [
                                28.8083914,
                                41.0612701
                            ],
                            [
                                28.8090465,
                                41.0612409
                            ],
                            [
                                28.8097667,
                                41.0612304
                            ],
                            [
                                28.8103122,
                                41.0612226
                            ],
                            [
                                28.8116321,
                                41.0612891
                            ],
                            [
                                28.8116515,
                                41.0615387
                            ],
                            [
                                28.8125092,
                                41.0627189
                            ],
                            [
                                28.8128847,
                                41.0632812
                            ],
                            [
                                28.8132494,
                                41.0638193
                            ],
                            [
                                28.8133197,
                                41.0640784
                            ],
                            [
                                28.8135471,
                                41.0644087
                            ],
                            [
                                28.813525,
                                41.0646991
                            ],
                            [
                                28.8135781,
                                41.0647797
                            ],
                            [
                                28.8137786,
                                41.065182
                            ],
                            [
                                28.8136104,
                                41.0672995
                            ],
                            [
                                28.8136031,
                                41.0673976
                            ],
                            [
                                28.8106128,
                                41.0675067
                            ],
                            [
                                28.8100335,
                                41.0675714
                            ],
                            [
                                28.8100549,
                                41.0664066
                            ],
                            [
                                28.8099047,
                                41.0657433
                            ],
                            [
                                28.8093253,
                                41.0654197
                            ],
                            [
                                28.8063642,
                                41.0648535
                            ],
                            [
                                28.8048407,
                                41.0647402
                            ],
                            [
                                28.8041326,
                                41.064902
                            ],
                            [
                                28.8039475,
                                41.0647018
                            ],
                            [
                                28.8038402,
                                41.0644106
                            ],
                            [
                                28.8035015,
                                41.063578
                            ],
                            [
                                28.8032054,
                                41.0630118
                            ],
                            [
                                28.8008186,
                                41.0635531
                            ],
                            [
                                28.8007999,
                                41.0634641
                            ],
                            [
                                28.7982781,
                                41.0638726
                            ],
                            [
                                28.7959992,
                                41.0643233
                            ],
                            [
                                28.7879107,
                                41.0644923
                            ],
                            [
                                28.7869767,
                                41.0645486
                            ],
                            [
                                28.7846604,
                                41.0645205
                            ],
                            [
                                28.7833154,
                                41.0643233
                            ],
                            [
                                28.7832781,
                                41.0642106
                            ],
                            [
                                28.782699,
                                41.0640838
                            ],
                            [
                                28.7825801,
                                41.0639342
                            ],
                            [
                                28.7817955,
                                41.0641857
                            ],
                            [
                                28.7809637,
                                41.0643488
                            ],
                            [
                                28.7810005,
                                41.0656176
                            ],
                            [
                                28.7801902,
                                41.0675163
                            ],
                            [
                                28.7807126,
                                41.0678014
                            ],
                            [
                                28.7809455,
                                41.0678795
                            ],
                            [
                                28.7823054,
                                41.0673574
                            ],
                            [
                                28.7837082,
                                41.0675842
                            ],
                            [
                                28.7844162,
                                41.0683903
                            ],
                            [
                                28.7843376,
                                41.0689818
                            ],
                            [
                                28.7840447,
                                41.0691885
                            ],
                            [
                                28.7828842,
                                41.0691375
                            ],
                            [
                                28.7809976,
                                41.0690921
                            ],
                            [
                                28.7797494,
                                41.0690715
                            ],
                            [
                                28.7794121,
                                41.0690562
                            ],
                            [
                                28.7793263,
                                41.0694217
                            ],
                            [
                                28.7793253,
                                41.069702
                            ],
                            [
                                28.7793268,
                                41.0701019
                            ],
                            [
                                28.7793245,
                                41.0707795
                            ],
                            [
                                28.7793267,
                                41.0713298
                            ],
                            [
                                28.7793485,
                                41.0717945
                            ],
                            [
                                28.7795256,
                                41.0721132
                            ],
                            [
                                28.7796648,
                                41.0722277
                            ],
                            [
                                28.7799873,
                                41.0727379
                            ],
                            [
                                28.7801499,
                                41.072934
                            ],
                            [
                                28.7823852,
                                41.0740573
                            ],
                            [
                                28.7825441,
                                41.0741593
                            ],
                            [
                                28.7828321,
                                41.0740466
                            ],
                            [
                                28.7842754,
                                41.0739335
                            ],
                            [
                                28.7845259,
                                41.074272
                            ],
                            [
                                28.7850878,
                                41.074082
                            ],
                            [
                                28.786212,
                                41.0738392
                            ],
                            [
                                28.7859717,
                                41.0731424
                            ],
                            [
                                28.78583,
                                41.0727477
                            ],
                            [
                                28.7857127,
                                41.0722916
                            ],
                            [
                                28.7856474,
                                41.0719851
                            ],
                            [
                                28.7856299,
                                41.0716544
                            ],
                            [
                                28.7856137,
                                41.0712695
                            ],
                            [
                                28.7857718,
                                41.0704448
                            ],
                            [
                                28.7861202,
                                41.0691234
                            ],
                            [
                                28.7864711,
                                41.0675448
                            ],
                            [
                                28.7866872,
                                41.0664316
                            ],
                            [
                                28.7893123,
                                41.0666546
                            ],
                            [
                                28.789492,
                                41.066699
                            ],
                            [
                                28.7897687,
                                41.066735
                            ],
                            [
                                28.790021,
                                41.0667357
                            ],
                            [
                                28.7902696,
                                41.0666881
                            ],
                            [
                                28.7907081,
                                41.0667303
                            ],
                            [
                                28.7931015,
                                41.0668971
                            ],
                            [
                                28.7935736,
                                41.0669825
                            ],
                            [
                                28.7933313,
                                41.0675273
                            ],
                            [
                                28.7933497,
                                41.067595
                            ],
                            [
                                28.7923956,
                                41.0699322
                            ],
                            [
                                28.7925668,
                                41.070725
                            ],
                            [
                                28.7919243,
                                41.0711577
                            ],
                            [
                                28.7911621,
                                41.0720188
                            ],
                            [
                                28.7934646,
                                41.0731133
                            ],
                            [
                                28.7934656,
                                41.0732829
                            ],
                            [
                                28.7934685,
                                41.073391
                            ],
                            [
                                28.7935245,
                                41.0735289
                            ],
                            [
                                28.7935321,
                                41.0737039
                            ],
                            [
                                28.7935497,
                                41.074209
                            ],
                            [
                                28.7935091,
                                41.0747361
                            ],
                            [
                                28.7933139,
                                41.0756004
                            ],
                            [
                                28.7933522,
                                41.0767464
                            ],
                            [
                                28.7933576,
                                41.0773835
                            ],
                            [
                                28.793379,
                                41.0786405
                            ],
                            [
                                28.7928981,
                                41.0788749
                            ],
                            [
                                28.7912568,
                                41.079376
                            ],
                            [
                                28.7905331,
                                41.0792841
                            ],
                            [
                                28.7898095,
                                41.0790328
                            ],
                            [
                                28.7891997,
                                41.0787202
                            ],
                            [
                                28.7880756,
                                41.0781146
                            ],
                            [
                                28.7875121,
                                41.0778462
                            ],
                            [
                                28.7868922,
                                41.077623
                            ],
                            [
                                28.7864358,
                                41.0775012
                            ],
                            [
                                28.7863475,
                                41.0784585
                            ],
                            [
                                28.7857359,
                                41.0805773
                            ],
                            [
                                28.7857278,
                                41.0808899
                            ],
                            [
                                28.7857115,
                                41.0820973
                            ],
                            [
                                28.7855814,
                                41.0827224
                            ],
                            [
                                28.7847114,
                                41.0847939
                            ],
                            [
                                28.7845894,
                                41.0852168
                            ],
                            [
                                28.7846301,
                                41.0855355
                            ],
                            [
                                28.7852968,
                                41.0867918
                            ],
                            [
                                28.7861506,
                                41.0882994
                            ],
                            [
                                28.7870856,
                                41.0896231
                            ],
                            [
                                28.7878912,
                                41.0911874
                            ],
                            [
                                28.7864953,
                                41.0916957
                            ],
                            [
                                28.7833785,
                                41.0893609
                            ],
                            [
                                28.7831237,
                                41.0889606
                            ],
                            [
                                28.7830621,
                                41.0886756
                            ],
                            [
                                28.7832095,
                                41.08811
                            ],
                            [
                                28.7822252,
                                41.0879114
                            ],
                            [
                                28.7809485,
                                41.0872969
                            ],
                            [
                                28.7773758,
                                41.0868925
                            ],
                            [
                                28.7746856,
                                41.0875172
                            ],
                            [
                                28.7753158,
                                41.0889869
                            ],
                            [
                                28.7743073,
                                41.0928197
                            ],
                            [
                                28.7728053,
                                41.0929976
                            ],
                            [
                                28.7703376,
                                41.0940325
                            ],
                            [
                                28.7701016,
                                41.0931108
                            ],
                            [
                                28.7661749,
                                41.0960377
                            ],
                            [
                                28.7647372,
                                41.0952292
                            ],
                            [
                                28.764587,
                                41.0944691
                            ],
                            [
                                28.7629347,
                                41.0931108
                            ],
                            [
                                28.7618619,
                                41.0897632
                            ],
                            [
                                28.7606602,
                                41.0889546
                            ],
                            [
                                28.7585788,
                                41.0885988
                            ],
                            [
                                28.7581711,
                                41.0875476
                            ],
                            [
                                28.7583643,
                                41.0862861
                            ],
                            [
                                28.7593299,
                                41.0848143
                            ],
                            [
                                28.7590221,
                                41.084038
                            ],
                            [
                                28.7588504,
                                41.0820162
                            ],
                            [
                                28.7596229,
                                41.080237
                            ],
                            [
                                28.7595585,
                                41.0798974
                            ],
                            [
                                28.7586787,
                                41.0771476
                            ],
                            [
                                28.7588075,
                                41.0761609
                            ],
                            [
                                28.7594512,
                                41.0748022
                            ],
                            [
                                28.7594727,
                                41.0742684
                            ],
                            [
                                28.7589684,
                                41.0727781
                            ],
                            [
                                28.7589738,
                                41.0717914
                            ],
                            [
                                28.7589821,
                                41.0714635
                            ],
                            [
                                28.7588075,
                                41.0700948
                            ],
                            [
                                28.7583998,
                                41.0687036
                            ],
                            [
                                28.7583783,
                                41.0677329
                            ],
                            [
                                28.7580779,
                                41.0671505
                            ],
                            [
                                28.7581209,
                                41.0665357
                            ],
                            [
                                28.7578634,
                                41.065921
                            ],
                            [
                                28.7579921,
                                41.0649826
                            ],
                            [
                                28.7577346,
                                41.0645135
                            ],
                            [
                                28.7576059,
                                41.0638825
                            ],
                            [
                                28.757048,
                                41.062297
                            ],
                            [
                                28.7568491,
                                41.0620179
                            ],
                            [
                                28.7568892,
                                41.0610883
                            ]
                        ]
                    ]
                ]
            }
        },
        {
            "type": "Feature",
            "properties": {
                "type": "relation",
                "id": 9461575,
                "tags": {
                    "admin_level": "8",
                    "alt_name": "Başakşehir 2. Etap Mahallesi",
                    "boundary": "administrative",
                    "name": "Başakşehir Mahallesi",
                    "postal_code": "34480",
                    "type": "boundary",
                    "wikidata": "Q6076039",
                    "wikipedia": "tr:Başakşehir, Başakşehir"
                }
            },
            "geometry": {
                "type": "MultiPolygon",
                "coordinates": [
                    [
                        [
                            [
                                28.7661749,
                                41.0960377
                            ],
                            [
                                28.7701016,
                                41.0931108
                            ],
                            [
                                28.7703376,
                                41.0940325
                            ],
                            [
                                28.7728053,
                                41.0929976
                            ],
                            [
                                28.7743073,
                                41.0928197
                            ],
                            [
                                28.7753158,
                                41.0889869
                            ],
                            [
                                28.7746856,
                                41.0875172
                            ],
                            [
                                28.7773758,
                                41.0868925
                            ],
                            [
                                28.7809485,
                                41.0872969
                            ],
                            [
                                28.7822252,
                                41.0879114
                            ],
                            [
                                28.7832095,
                                41.08811
                            ],
                            [
                                28.7830621,
                                41.0886756
                            ],
                            [
                                28.7831237,
                                41.0889606
                            ],
                            [
                                28.7833785,
                                41.0893609
                            ],
                            [
                                28.7864953,
                                41.0916957
                            ],
                            [
                                28.7878912,
                                41.0911874
                            ],
                            [
                                28.7905242,
                                41.095699
                            ],
                            [
                                28.7916462,
                                41.098726
                            ],
                            [
                                28.7925244,
                                41.1004845
                            ],
                            [
                                28.7931667,
                                41.1016976
                            ],
                            [
                                28.7933945,
                                41.1025009
                            ],
                            [
                                28.7940087,
                                41.1046308
                            ],
                            [
                                28.7944251,
                                41.1057977
                            ],
                            [
                                28.7951029,
                                41.1075575
                            ],
                            [
                                28.7963538,
                                41.1105428
                            ],
                            [
                                28.797728,
                                41.1140573
                            ],
                            [
                                28.7983257,
                                41.115529
                            ],
                            [
                                28.7992438,
                                41.1174138
                            ],
                            [
                                28.7993979,
                                41.1176831
                            ],
                            [
                                28.8011664,
                                41.1190107
                            ],
                            [
                                28.8019983,
                                41.1193775
                            ],
                            [
                                28.8027809,
                                41.1195539
                            ],
                            [
                                28.8044262,
                                41.1199949
                            ],
                            [
                                28.8050485,
                                41.1203013
                            ],
                            [
                                28.8057264,
                                41.1207794
                            ],
                            [
                                28.805979,
                                41.1212111
                            ],
                            [
                                28.8063611,
                                41.1243908
                            ],
                            [
                                28.8066262,
                                41.125323
                            ],
                            [
                                28.8068458,
                                41.1256779
                            ],
                            [
                                28.80725,
                                41.1258969
                            ],
                            [
                                28.8072748,
                                41.1262512
                            ],
                            [
                                28.8070521,
                                41.1264659
                            ],
                            [
                                28.8058858,
                                41.1274788
                            ],
                            [
                                28.8051229,
                                41.1282404
                            ],
                            [
                                28.8043979,
                                41.1291447
                            ],
                            [
                                28.8038603,
                                41.1298014
                            ],
                            [
                                28.8031285,
                                41.1304549
                            ],
                            [
                                28.8022896,
                                41.1311456
                            ],
                            [
                                28.80212,
                                41.1313575
                            ],
                            [
                                28.8019462,
                                41.1317154
                            ],
                            [
                                28.8017698,
                                41.1321566
                            ],
                            [
                                28.8015502,
                                41.1323575
                            ],
                            [
                                28.8012745,
                                41.1325252
                            ],
                            [
                                28.8009013,
                                41.1326388
                            ],
                            [
                                28.800421,
                                41.1327305
                            ],
                            [
                                28.8001632,
                                41.1328442
                            ],
                            [
                                28.7995802,
                                41.133307
                            ],
                            [
                                28.7986575,
                                41.1341026
                            ],
                            [
                                28.7970337,
                                41.1355698
                            ],
                            [
                                28.7952434,
                                41.1371757
                            ],
                            [
                                28.7950882,
                                41.1373982
                            ],
                            [
                                28.794313,
                                41.1390494
                            ],
                            [
                                28.7931175,
                                41.1393844
                            ],
                            [
                                28.7926156,
                                41.1378751
                            ],
                            [
                                28.7920774,
                                41.1373941
                            ],
                            [
                                28.7916178,
                                41.1369421
                            ],
                            [
                                28.7912935,
                                41.1365813
                            ],
                            [
                                28.7909731,
                                41.1359965
                            ],
                            [
                                28.7908868,
                                41.1352168
                            ],
                            [
                                28.7912073,
                                41.133249
                            ],
                            [
                                28.7912935,
                                41.1321722
                            ],
                            [
                                28.7912196,
                                41.1315967
                            ],
                            [
                                28.7909115,
                                41.13026
                            ],
                            [
                                28.7904185,
                                41.1291832
                            ],
                            [
                                28.7894696,
                                41.1279857
                            ],
                            [
                                28.7885699,
                                41.1272059
                            ],
                            [
                                28.7869061,
                                41.1262404
                            ],
                            [
                                28.7861297,
                                41.1255256
                            ],
                            [
                                28.785742,
                                41.1247379
                            ],
                            [
                                28.785723,
                                41.1246994
                            ],
                            [
                                28.7847124,
                                41.1220907
                            ],
                            [
                                28.7841825,
                                41.1211994
                            ],
                            [
                                28.7820627,
                                41.1192404
                            ],
                            [
                                28.7792405,
                                41.1167057
                            ],
                            [
                                28.7789836,
                                41.1160272
                            ],
                            [
                                28.7781436,
                                41.1138089
                            ],
                            [
                                28.7722896,
                                41.1084511
                            ],
                            [
                                28.7727703,
                                41.1042909
                            ],
                            [
                                28.7730044,
                                41.1013192
                            ],
                            [
                                28.7722953,
                                41.0997553
                            ],
                            [
                                28.771716,
                                41.0997715
                            ],
                            [
                                28.7669953,
                                41.0972813
                            ],
                            [
                                28.7661749,
                                41.0960377
                            ]
                        ]
                    ]
                ]
            }
        },
        {
            "type": "Feature",
            "properties": {
                "type": "relation",
                "id": 9461576,
                "tags": {
                    "admin_level": "8",
                    "boundary": "administrative",
                    "name": "Güvercintepe Mahallesi",
                    "type": "boundary",
                    "wikidata": "Q6685650",
                    "wikimedia_commons": "Category:Güvercintepe",
                    "wikipedia": "tr:Güvercintepe"
                }
            },
            "geometry": {
                "type": "MultiPolygon",
                "coordinates": [
                    [
                        [
                            [
                                28.7383943,
                                41.1066029
                            ],
                            [
                                28.7382999,
                                41.1064154
                            ],
                            [
                                28.7382055,
                                41.1062278
                            ],
                            [
                                28.7381368,
                                41.1057428
                            ],
                            [
                                28.7382827,
                                41.1049279
                            ],
                            [
                                28.7385231,
                                41.1033498
                            ],
                            [
                                28.738772,
                                41.1020886
                            ],
                            [
                                28.7392629,
                                41.1010845
                            ],
                            [
                                28.7393628,
                                41.1008895
                            ],
                            [
                                28.7394028,
                                41.1006931
                            ],
                            [
                                28.7393624,
                                41.1005144
                            ],
                            [
                                28.7389397,
                                41.099507
                            ],
                            [
                                28.7389197,
                                41.0994695
                            ],
                            [
                                28.7388835,
                                41.0993075
                            ],
                            [
                                28.7389242,
                                41.0987078
                            ],
                            [
                                28.7389608,
                                41.0981691
                            ],
                            [
                                28.7390057,
                                41.0980271
                            ],
                            [
                                28.7391677,
                                41.0975142
                            ],
                            [
                                28.7392183,
                                41.0973541
                            ],
                            [
                                28.7392603,
                                41.0972651
                            ],
                            [
                                28.7394095,
                                41.0969489
                            ],
                            [
                                28.7395444,
                                41.096663
                            ],
                            [
                                28.7396037,
                                41.0965372
                            ],
                            [
                                28.7396303,
                                41.0964809
                            ],
                            [
                                28.7396341,
                                41.0964448
                            ],
                            [
                                28.7396708,
                                41.0962373
                            ],
                            [
                                28.7396798,
                                41.0960072
                            ],
                            [
                                28.7396904,
                                41.0959052
                            ],
                            [
                                28.7396884,
                                41.0958975
                            ],
                            [
                                28.7395273,
                                41.0952843
                            ],
                            [
                                28.7394174,
                                41.0949985
                            ],
                            [
                                28.7394035,
                                41.0949622
                            ],
                            [
                                28.7393891,
                                41.0949247
                            ],
                            [
                                28.7394021,
                                41.0948996
                            ],
                            [
                                28.7392904,
                                41.0946678
                            ],
                            [
                                28.7392225,
                                41.0944912
                            ],
                            [
                                28.7391762,
                                41.0943965
                            ],
                            [
                                28.7391526,
                                41.0943476
                            ],
                            [
                                28.7390986,
                                41.0942587
                            ],
                            [
                                28.7390796,
                                41.0942252
                            ],
                            [
                                28.7390745,
                                41.0942161
                            ],
                            [
                                28.7390403,
                                41.0941558
                            ],
                            [
                                28.738976,
                                41.094059
                            ],
                            [
                                28.7388535,
                                41.0938865
                            ],
                            [
                                28.7388307,
                                41.0938516
                            ],
                            [
                                28.738807,
                                41.0938154
                            ],
                            [
                                28.738732,
                                41.0937196
                            ],
                            [
                                28.7387231,
                                41.0937148
                            ],
                            [
                                28.7386224,
                                41.0935942
                            ],
                            [
                                28.738511,
                                41.0934759
                            ],
                            [
                                28.738349,
                                41.0933028
                            ],
                            [
                                28.7383315,
                                41.0932842
                            ],
                            [
                                28.7381939,
                                41.0931378
                            ],
                            [
                                28.7381425,
                                41.0930706
                            ],
                            [
                                28.7380972,
                                41.0930144
                            ],
                            [
                                28.7380511,
                                41.0929507
                            ],
                            [
                                28.7378057,
                                41.0925318
                            ],
                            [
                                28.7377471,
                                41.0924306
                            ],
                            [
                                28.7376991,
                                41.0923476
                            ],
                            [
                                28.737536,
                                41.0916166
                            ],
                            [
                                28.737581,
                                41.091513
                            ],
                            [
                                28.7376238,
                                41.0914147
                            ],
                            [
                                28.7376991,
                                41.0912414
                            ],
                            [
                                28.7377563,
                                41.0911865
                            ],
                            [
                                28.739271,
                                41.0897306
                            ],
                            [
                                28.7394758,
                                41.0895337
                            ],
                            [
                                28.7397044,
                                41.08934
                            ],
                            [
                                28.7401192,
                                41.0890409
                            ],
                            [
                                28.7401397,
                                41.0890261
                            ],
                            [
                                28.7402198,
                                41.088979
                            ],
                            [
                                28.7403409,
                                41.0889079
                            ],
                            [
                                28.740624,
                                41.0888003
                            ],
                            [
                                28.7407727,
                                41.0887709
                            ],
                            [
                                28.7408849,
                                41.0887345
                            ],
                            [
                                28.741,
                                41.0887183
                            ],
                            [
                                28.7410805,
                                41.0887062
                            ],
                            [
                                28.7413892,
                                41.0886294
                            ],
                            [
                                28.7416896,
                                41.0885486
                            ],
                            [
                                28.7418679,
                                41.0884857
                            ],
                            [
                                28.7418934,
                                41.0884677
                            ],
                            [
                                28.7420329,
                                41.0883383
                            ],
                            [
                                28.7421401,
                                41.088118
                            ],
                            [
                                28.7421831,
                                41.0879825
                            ],
                            [
                                28.742203,
                                41.087865
                            ],
                            [
                                28.7421938,
                                41.0877561
                            ],
                            [
                                28.7421742,
                                41.0875365
                            ],
                            [
                                28.7421426,
                                41.0871818
                            ],
                            [
                                28.7420222,
                                41.0858315
                            ],
                            [
                                28.7420209,
                                41.0858025
                            ],
                            [
                                28.7419836,
                                41.0849613
                            ],
                            [
                                28.7419336,
                                41.0845218
                            ],
                            [
                                28.7418831,
                                41.0840744
                            ],
                            [
                                28.7418261,
                                41.0836157
                            ],
                            [
                                28.741739,
                                41.0831191
                            ],
                            [
                                28.7416314,
                                41.0826825
                            ],
                            [
                                28.7415709,
                                41.0823892
                            ],
                            [
                                28.7415427,
                                41.0822526
                            ],
                            [
                                28.7413988,
                                41.0818474
                            ],
                            [
                                28.7410864,
                                41.0811811
                            ],
                            [
                                28.7408945,
                                41.0806705
                            ],
                            [
                                28.740724,
                                41.0800979
                            ],
                            [
                                28.7404021,
                                41.0788605
                            ],
                            [
                                28.7403313,
                                41.07846
                            ],
                            [
                                28.7403193,
                                41.078395
                            ],
                            [
                                28.7401661,
                                41.0776474
                            ],
                            [
                                28.7399408,
                                41.0768871
                            ],
                            [
                                28.7398228,
                                41.0764504
                            ],
                            [
                                28.7397798,
                                41.0762563
                            ],
                            [
                                28.739812,
                                41.0761269
                            ],
                            [
                                28.7399086,
                                41.0759651
                            ],
                            [
                                28.7401124,
                                41.0757953
                            ],
                            [
                                28.7402734,
                                41.075674
                            ],
                            [
                                28.7404665,
                                41.0755688
                            ],
                            [
                                28.7406104,
                                41.0755086
                            ],
                            [
                                28.7408212,
                                41.0754203
                            ],
                            [
                                28.7410153,
                                41.075339
                            ],
                            [
                                28.7410459,
                                41.0753262
                            ],
                            [
                                28.7416489,
                                41.0750598
                            ],
                            [
                                28.7416789,
                                41.0750512
                            ],
                            [
                                28.7420544,
                                41.074849
                            ],
                            [
                                28.7422797,
                                41.0747034
                            ],
                            [
                                28.7424084,
                                41.0745659
                            ],
                            [
                                28.7437963,
                                41.0739243
                            ],
                            [
                                28.7447083,
                                41.073714
                            ],
                            [
                                28.7458134,
                                41.0735522
                            ],
                            [
                                28.746711,
                                41.0734285
                            ],
                            [
                                28.7479183,
                                41.0732057
                            ],
                            [
                                28.7494336,
                                41.0729986
                            ],
                            [
                                28.7500034,
                                41.0728929
                            ],
                            [
                                28.7514493,
                                41.072678
                            ],
                            [
                                28.7563639,
                                41.0718156
                            ],
                            [
                                28.7574567,
                                41.0716607
                            ],
                            [
                                28.7584187,
                                41.0715481
                            ],
                            [
                                28.7587206,
                                41.0714923
                            ],
                            [
                                28.7589821,
                                41.0714635
                            ],
                            [
                                28.7589738,
                                41.0717914
                            ],
                            [
                                28.7589684,
                                41.0727781
                            ],
                            [
                                28.7594727,
                                41.0742684
                            ],
                            [
                                28.7594512,
                                41.0748022
                            ],
                            [
                                28.7588075,
                                41.0761609
                            ],
                            [
                                28.7586787,
                                41.0771476
                            ],
                            [
                                28.7595585,
                                41.0798974
                            ],
                            [
                                28.7596229,
                                41.080237
                            ],
                            [
                                28.7588504,
                                41.0820162
                            ],
                            [
                                28.7590221,
                                41.084038
                            ],
                            [
                                28.7593299,
                                41.0848143
                            ],
                            [
                                28.7583643,
                                41.0862861
                            ],
                            [
                                28.7581711,
                                41.0875476
                            ],
                            [
                                28.7585788,
                                41.0885988
                            ],
                            [
                                28.7606602,
                                41.0889546
                            ],
                            [
                                28.7618619,
                                41.0897632
                            ],
                            [
                                28.7629347,
                                41.0931108
                            ],
                            [
                                28.764587,
                                41.0944691
                            ],
                            [
                                28.7647372,
                                41.0952292
                            ],
                            [
                                28.7645137,
                                41.0952976
                            ],
                            [
                                28.7642348,
                                41.095055
                            ],
                            [
                                28.7639129,
                                41.0950793
                            ],
                            [
                                28.7635481,
                                41.0948771
                            ],
                            [
                                28.7634194,
                                41.0946184
                            ],
                            [
                                28.7629902,
                                41.0946265
                            ],
                            [
                                28.7621963,
                                41.0943354
                            ],
                            [
                                28.7615096,
                                41.0940686
                            ],
                            [
                                28.7611878,
                                41.0941252
                            ],
                            [
                                28.7606728,
                                41.0942869
                            ],
                            [
                                28.7606084,
                                41.0945537
                            ],
                            [
                                28.7606621,
                                41.0946992
                            ],
                            [
                                28.7608904,
                                41.095101
                            ],
                            [
                                28.7606077,
                                41.0959781
                            ],
                            [
                                28.7604475,
                                41.0960495
                            ],
                            [
                                28.7606833,
                                41.09653
                            ],
                            [
                                28.7605656,
                                41.0965832
                            ],
                            [
                                28.7604717,
                                41.096664
                            ],
                            [
                                28.760461,
                                41.0967145
                            ],
                            [
                                28.7606246,
                                41.0969955
                            ],
                            [
                                28.7607831,
                                41.0972882
                            ],
                            [
                                28.7610403,
                                41.0977717
                            ],
                            [
                                28.7613876,
                                41.0984719
                            ],
                            [
                                28.7607023,
                                41.0986853
                            ],
                            [
                                28.7605441,
                                41.0989541
                            ],
                            [
                                28.7604421,
                                41.0991946
                            ],
                            [
                                28.7602812,
                                41.099417
                            ],
                            [
                                28.7602758,
                                41.0996555
                            ],
                            [
                                28.7603348,
                                41.1000355
                            ],
                            [
                                28.7603688,
                                41.1004185
                            ],
                            [
                                28.7596965,
                                41.1011754
                            ],
                            [
                                28.7593639,
                                41.1015231
                            ],
                            [
                                28.7587523,
                                41.1017899
                            ],
                            [
                                28.7581408,
                                41.1020405
                            ],
                            [
                                28.7570035,
                                41.1024205
                            ],
                            [
                                28.7561774,
                                41.1026387
                            ],
                            [
                                28.7556624,
                                41.102857
                            ],
                            [
                                28.7555706,
                                41.1031764
                            ],
                            [
                                28.7544072,
                                41.1029702
                            ],
                            [
                                28.7538922,
                                41.1025579
                            ],
                            [
                                28.7536669,
                                41.1029621
                            ],
                            [
                                28.7534094,
                                41.1030996
                            ],
                            [
                                28.7526262,
                                41.1033906
                            ],
                            [
                                28.7519824,
                                41.1034229
                            ],
                            [
                                28.7510383,
                                41.1035119
                            ],
                            [
                                28.7503946,
                                41.1035523
                            ],
                            [
                                28.7500405,
                                41.1034714
                            ],
                            [
                                28.7493539,
                                41.1034876
                            ],
                            [
                                28.7488282,
                                41.1035927
                            ],
                            [
                                28.7482273,
                                41.1036574
                            ],
                            [
                                28.7476802,
                                41.1038757
                            ],
                            [
                                28.7473369,
                                41.1040859
                            ],
                            [
                                28.7470364,
                                41.104288
                            ],
                            [
                                28.7467253,
                                41.1043122
                            ],
                            [
                                28.7465644,
                                41.1046679
                            ],
                            [
                                28.7466609,
                                41.1050802
                            ],
                            [
                                28.7467039,
                                41.1054198
                            ],
                            [
                                28.7459799,
                                41.1056382
                            ],
                            [
                                28.7456878,
                                41.1058725
                            ],
                            [
                                28.7448478,
                                41.1060907
                            ],
                            [
                                28.7444079,
                                41.1059614
                            ],
                            [
                                28.7439895,
                                41.1059937
                            ],
                            [
                                28.7438178,
                                41.1060827
                            ],
                            [
                                28.7438607,
                                41.1064707
                            ],
                            [
                                28.7438714,
                                41.106689
                            ],
                            [
                                28.7433699,
                                41.1069314
                            ],
                            [
                                28.7432862,
                                41.1069829
                            ],
                            [
                                28.7431526,
                                41.1070649
                            ],
                            [
                                28.7431223,
                                41.1071247
                            ],
                            [
                                28.7430239,
                                41.1073195
                            ],
                            [
                                28.7426832,
                                41.1075579
                            ],
                            [
                                28.7425132,
                                41.1076514
                            ],
                            [
                                28.7423372,
                                41.107748
                            ],
                            [
                                28.7422407,
                                41.107659
                            ],
                            [
                                28.7421895,
                                41.1076598
                            ],
                            [
                                28.7417042,
                                41.1076671
                            ],
                            [
                                28.7415326,
                                41.1073923
                            ],
                            [
                                28.7412214,
                                41.1075054
                            ],
                            [
                                28.7408781,
                                41.1077318
                            ],
                            [
                                28.740567,
                                41.1078207
                            ],
                            [
                                28.7402129,
                                41.1079258
                            ],
                            [
                                28.7401163,
                                41.1081764
                            ],
                            [
                                28.7394082,
                                41.1082653
                            ],
                            [
                                28.7388664,
                                41.108058
                            ],
                            [
                                28.7387847,
                                41.1078285
                            ],
                            [
                                28.7386776,
                                41.1075277
                            ],
                            [
                                28.7383943,
                                41.1066029
                            ]
                        ]
                    ]
                ]
            }
        },
        {
            "type": "Feature",
            "properties": {
                "type": "relation",
                "id": 9461611,
                "tags": {
                    "admin_level": "8",
                    "alt_name": "Organize Sanayi Bölgesi Mahallesi",
                    "boundary": "administrative",
                    "name": "İkitelli OSB Mahallesi",
                    "note": "In some map it is not distinguished from Ziya Gökalp Mahallesi",
                    "type": "boundary",
                    "wikidata": "Q109393585",
                    "wikipedia": "tr:İkitelli OSB, Başakşehir"
                }
            },
            "geometry": {
                "type": "MultiPolygon",
                "coordinates": [
                    [
                        [
                            [
                                28.7878912,
                                41.0911874
                            ],
                            [
                                28.7870856,
                                41.0896231
                            ],
                            [
                                28.7861506,
                                41.0882994
                            ],
                            [
                                28.7852968,
                                41.0867918
                            ],
                            [
                                28.7846301,
                                41.0855355
                            ],
                            [
                                28.7845894,
                                41.0852168
                            ],
                            [
                                28.7847114,
                                41.0847939
                            ],
                            [
                                28.7855814,
                                41.0827224
                            ],
                            [
                                28.7857115,
                                41.0820973
                            ],
                            [
                                28.7857278,
                                41.0808899
                            ],
                            [
                                28.7857359,
                                41.0805773
                            ],
                            [
                                28.7863475,
                                41.0784585
                            ],
                            [
                                28.7864358,
                                41.0775012
                            ],
                            [
                                28.7868922,
                                41.077623
                            ],
                            [
                                28.7875121,
                                41.0778462
                            ],
                            [
                                28.7880756,
                                41.0781146
                            ],
                            [
                                28.7891997,
                                41.0787202
                            ],
                            [
                                28.7898095,
                                41.0790328
                            ],
                            [
                                28.7905331,
                                41.0792841
                            ],
                            [
                                28.7912568,
                                41.079376
                            ],
                            [
                                28.7928981,
                                41.0788749
                            ],
                            [
                                28.793379,
                                41.0786405
                            ],
                            [
                                28.7933576,
                                41.0773835
                            ],
                            [
                                28.7933522,
                                41.0767464
                            ],
                            [
                                28.7933139,
                                41.0756004
                            ],
                            [
                                28.7935091,
                                41.0747361
                            ],
                            [
                                28.7935497,
                                41.074209
                            ],
                            [
                                28.7935321,
                                41.0737039
                            ],
                            [
                                28.7935245,
                                41.0735289
                            ],
                            [
                                28.7934685,
                                41.073391
                            ],
                            [
                                28.7934656,
                                41.0732829
                            ],
                            [
                                28.7934646,
                                41.0731133
                            ],
                            [
                                28.7911621,
                                41.0720188
                            ],
                            [
                                28.7919243,
                                41.0711577
                            ],
                            [
                                28.7925668,
                                41.070725
                            ],
                            [
                                28.7923956,
                                41.0699322
                            ],
                            [
                                28.7933497,
                                41.067595
                            ],
                            [
                                28.7933313,
                                41.0675273
                            ],
                            [
                                28.7935736,
                                41.0669825
                            ],
                            [
                                28.7931015,
                                41.0668971
                            ],
                            [
                                28.7907081,
                                41.0667303
                            ],
                            [
                                28.7902696,
                                41.0666881
                            ],
                            [
                                28.790021,
                                41.0667357
                            ],
                            [
                                28.7897687,
                                41.066735
                            ],
                            [
                                28.789492,
                                41.066699
                            ],
                            [
                                28.7893123,
                                41.0666546
                            ],
                            [
                                28.7866872,
                                41.0664316
                            ],
                            [
                                28.7864711,
                                41.0675448
                            ],
                            [
                                28.7861202,
                                41.0691234
                            ],
                            [
                                28.7857718,
                                41.0704448
                            ],
                            [
                                28.7856137,
                                41.0712695
                            ],
                            [
                                28.7856299,
                                41.0716544
                            ],
                            [
                                28.7856474,
                                41.0719851
                            ],
                            [
                                28.7857127,
                                41.0722916
                            ],
                            [
                                28.78583,
                                41.0727477
                            ],
                            [
                                28.7859717,
                                41.0731424
                            ],
                            [
                                28.786212,
                                41.0738392
                            ],
                            [
                                28.7850878,
                                41.074082
                            ],
                            [
                                28.7845259,
                                41.074272
                            ],
                            [
                                28.7842754,
                                41.0739335
                            ],
                            [
                                28.7828321,
                                41.0740466
                            ],
                            [
                                28.7825441,
                                41.0741593
                            ],
                            [
                                28.7823852,
                                41.0740573
                            ],
                            [
                                28.7801499,
                                41.072934
                            ],
                            [
                                28.7799873,
                                41.0727379
                            ],
                            [
                                28.7796648,
                                41.0722277
                            ],
                            [
                                28.7795256,
                                41.0721132
                            ],
                            [
                                28.7793485,
                                41.0717945
                            ],
                            [
                                28.7793267,
                                41.0713298
                            ],
                            [
                                28.7793245,
                                41.0707795
                            ],
                            [
                                28.7793268,
                                41.0701019
                            ],
                            [
                                28.7793253,
                                41.069702
                            ],
                            [
                                28.7793263,
                                41.0694217
                            ],
                            [
                                28.7794121,
                                41.0690562
                            ],
                            [
                                28.7797494,
                                41.0690715
                            ],
                            [
                                28.7809976,
                                41.0690921
                            ],
                            [
                                28.7828842,
                                41.0691375
                            ],
                            [
                                28.7840447,
                                41.0691885
                            ],
                            [
                                28.7843376,
                                41.0689818
                            ],
                            [
                                28.7844162,
                                41.0683903
                            ],
                            [
                                28.7837082,
                                41.0675842
                            ],
                            [
                                28.7823054,
                                41.0673574
                            ],
                            [
                                28.7809455,
                                41.0678795
                            ],
                            [
                                28.7807126,
                                41.0678014
                            ],
                            [
                                28.7801902,
                                41.0675163
                            ],
                            [
                                28.7810005,
                                41.0656176
                            ],
                            [
                                28.7809637,
                                41.0643488
                            ],
                            [
                                28.7817955,
                                41.0641857
                            ],
                            [
                                28.7825801,
                                41.0639342
                            ],
                            [
                                28.782699,
                                41.0640838
                            ],
                            [
                                28.7832781,
                                41.0642106
                            ],
                            [
                                28.7833154,
                                41.0643233
                            ],
                            [
                                28.7846604,
                                41.0645205
                            ],
                            [
                                28.7869767,
                                41.0645486
                            ],
                            [
                                28.7879107,
                                41.0644923
                            ],
                            [
                                28.7959992,
                                41.0643233
                            ],
                            [
                                28.7982781,
                                41.0638726
                            ],
                            [
                                28.8007999,
                                41.0634641
                            ],
                            [
                                28.8008186,
                                41.0635531
                            ],
                            [
                                28.8032054,
                                41.0630118
                            ],
                            [
                                28.8035015,
                                41.063578
                            ],
                            [
                                28.8038402,
                                41.0644106
                            ],
                            [
                                28.8039475,
                                41.0647018
                            ],
                            [
                                28.8041326,
                                41.064902
                            ],
                            [
                                28.8048407,
                                41.0647402
                            ],
                            [
                                28.8063642,
                                41.0648535
                            ],
                            [
                                28.8093253,
                                41.0654197
                            ],
                            [
                                28.8099047,
                                41.0657433
                            ],
                            [
                                28.8100549,
                                41.0664066
                            ],
                            [
                                28.8100335,
                                41.0675714
                            ],
                            [
                                28.8106128,
                                41.0675067
                            ],
                            [
                                28.8136031,
                                41.0673976
                            ],
                            [
                                28.8135066,
                                41.0677769
                            ],
                            [
                                28.8134629,
                                41.0681949
                            ],
                            [
                                28.813435,
                                41.0685732
                            ],
                            [
                                28.8134417,
                                41.0686882
                            ],
                            [
                                28.8134627,
                                41.068809
                            ],
                            [
                                28.813527,
                                41.0689616
                            ],
                            [
                                28.8138514,
                                41.0695286
                            ],
                            [
                                28.8140805,
                                41.0699758
                            ],
                            [
                                28.8144827,
                                41.0704507
                            ],
                            [
                                28.8147203,
                                41.070828
                            ],
                            [
                                28.8148079,
                                41.0711787
                            ],
                            [
                                28.8148622,
                                41.071367
                            ],
                            [
                                28.8148155,
                                41.0715969
                            ],
                            [
                                28.8139466,
                                41.0737199
                            ],
                            [
                                28.8138419,
                                41.0739847
                            ],
                            [
                                28.8139871,
                                41.0752784
                            ],
                            [
                                28.8127144,
                                41.0776965
                            ],
                            [
                                28.8119306,
                                41.0793842
                            ],
                            [
                                28.8115193,
                                41.0802743
                            ],
                            [
                                28.8102426,
                                41.0822663
                            ],
                            [
                                28.8100822,
                                41.0839938
                            ],
                            [
                                28.8097026,
                                41.0842349
                            ],
                            [
                                28.8094914,
                                41.0843422
                            ],
                            [
                                28.8089084,
                                41.0845592
                            ],
                            [
                                28.8081916,
                                41.0848484
                            ],
                            [
                                28.8067863,
                                41.0854531
                            ],
                            [
                                28.8063734,
                                41.0863077
                            ],
                            [
                                28.8061389,
                                41.0865524
                            ],
                            [
                                28.8056405,
                                41.0868767
                            ],
                            [
                                28.8052438,
                                41.0871112
                            ],
                            [
                                28.8050805,
                                41.0872489
                            ],
                            [
                                28.8049298,
                                41.0873561
                            ],
                            [
                                28.8047555,
                                41.0876011
                            ],
                            [
                                28.8035981,
                                41.0895887
                            ],
                            [
                                28.8031829,
                                41.0904104
                            ],
                            [
                                28.8031085,
                                41.0904722
                            ],
                            [
                                28.8028521,
                                41.0904833
                            ],
                            [
                                28.8023924,
                                41.0906848
                            ],
                            [
                                28.8018931,
                                41.0934713
                            ],
                            [
                                28.7993881,
                                41.0932753
                            ],
                            [
                                28.7994189,
                                41.0943052
                            ],
                            [
                                28.801847,
                                41.0945322
                            ],
                            [
                                28.8010696,
                                41.099029
                            ],
                            [
                                28.7970608,
                                41.0986876
                            ],
                            [
                                28.7970025,
                                41.0986912
                            ],
                            [
                                28.7969666,
                                41.0987288
                            ],
                            [
                                28.7964047,
                                41.1024249
                            ],
                            [
                                28.7964576,
                                41.1025311
                            ],
                            [
                                28.7963886,
                                41.1033874
                            ],
                            [
                                28.7940087,
                                41.1046308
                            ],
                            [
                                28.7933945,
                                41.1025009
                            ],
                            [
                                28.7931667,
                                41.1016976
                            ],
                            [
                                28.7925244,
                                41.1004845
                            ],
                            [
                                28.7916462,
                                41.098726
                            ],
                            [
                                28.7905242,
                                41.095699
                            ],
                            [
                                28.7878912,
                                41.0911874
                            ]
                        ]
                    ]
                ]
            }
        },
        {
            "type": "Feature",
            "properties": {
                "type": "relation",
                "id": 9475439,
                "tags": {
                    "admin_level": "8",
                    "boundary": "administrative",
                    "name": "Altınşehir Mahallesi",
                    "type": "boundary",
                    "wikidata": "Q6038424",
                    "wikipedia": "tr:Altınşehir, Başakşehir"
                }
            },
            "geometry": {
                "type": "MultiPolygon",
                "coordinates": [
                    [
                        [
                            [
                                28.7424084,
                                41.0745659
                            ],
                            [
                                28.7425264,
                                41.0743799
                            ],
                            [
                                28.7426015,
                                41.0741939
                            ],
                            [
                                28.7426874,
                                41.0739674
                            ],
                            [
                                28.7431702,
                                41.0730858
                            ],
                            [
                                28.7432681,
                                41.0728886
                            ],
                            [
                                28.7433028,
                                41.0728186
                            ],
                            [
                                28.7436104,
                                41.0721989
                            ],
                            [
                                28.7439537,
                                41.0713739
                            ],
                            [
                                28.7443829,
                                41.0702982
                            ],
                            [
                                28.7446296,
                                41.0696268
                            ],
                            [
                                28.7447369,
                                41.0691091
                            ],
                            [
                                28.7448013,
                                41.0685429
                            ],
                            [
                                28.7448764,
                                41.0681547
                            ],
                            [
                                28.745048,
                                41.0677826
                            ],
                            [
                                28.745327,
                                41.0673862
                            ],
                            [
                                28.7456381,
                                41.066998
                            ],
                            [
                                28.7456836,
                                41.0669098
                            ],
                            [
                                28.7457132,
                                41.0668524
                            ],
                            [
                                28.7457132,
                                41.0666825
                            ],
                            [
                                28.745708,
                                41.0666381
                            ],
                            [
                                28.7457038,
                                41.0666021
                            ],
                            [
                                28.7456489,
                                41.0661325
                            ],
                            [
                                28.7456475,
                                41.0661151
                            ],
                            [
                                28.7456347,
                                41.0659567
                            ],
                            [
                                28.7456274,
                                41.0658655
                            ],
                            [
                                28.7456703,
                                41.0656471
                            ],
                            [
                                28.7457991,
                                41.0653963
                            ],
                            [
                                28.7460128,
                                41.065092
                            ],
                            [
                                28.7460544,
                                41.0650298
                            ],
                            [
                                28.7465496,
                                41.0642886
                            ],
                            [
                                28.7465823,
                                41.0642396
                            ],
                            [
                                28.7466329,
                                41.0641415
                            ],
                            [
                                28.7467968,
                                41.0636572
                            ],
                            [
                                28.7468594,
                                41.0631864
                            ],
                            [
                                28.7470742,
                                41.0618155
                            ],
                            [
                                28.7474143,
                                41.0617691
                            ],
                            [
                                28.7492755,
                                41.0613939
                            ],
                            [
                                28.7498596,
                                41.0613016
                            ],
                            [
                                28.7506966,
                                41.0611807
                            ],
                            [
                                28.7522754,
                                41.0610216
                            ],
                            [
                                28.7528897,
                                41.0609862
                            ],
                            [
                                28.7533102,
                                41.0609756
                            ],
                            [
                                28.7538647,
                                41.0609776
                            ],
                            [
                                28.7543855,
                                41.0609928
                            ],
                            [
                                28.7559249,
                                41.0610294
                            ],
                            [
                                28.7568892,
                                41.0610883
                            ],
                            [
                                28.7568491,
                                41.0620179
                            ],
                            [
                                28.757048,
                                41.062297
                            ],
                            [
                                28.7576059,
                                41.0638825
                            ],
                            [
                                28.7577346,
                                41.0645135
                            ],
                            [
                                28.7579921,
                                41.0649826
                            ],
                            [
                                28.7578634,
                                41.065921
                            ],
                            [
                                28.7581209,
                                41.0665357
                            ],
                            [
                                28.7580779,
                                41.0671505
                            ],
                            [
                                28.7583783,
                                41.0677329
                            ],
                            [
                                28.7583998,
                                41.0687036
                            ],
                            [
                                28.7588075,
                                41.0700948
                            ],
                            [
                                28.7589821,
                                41.0714635
                            ],
                            [
                                28.7587206,
                                41.0714923
                            ],
                            [
                                28.7584187,
                                41.0715481
                            ],
                            [
                                28.7574567,
                                41.0716607
                            ],
                            [
                                28.7563639,
                                41.0718156
                            ],
                            [
                                28.7514493,
                                41.072678
                            ],
                            [
                                28.7500034,
                                41.0728929
                            ],
                            [
                                28.7494336,
                                41.0729986
                            ],
                            [
                                28.7479183,
                                41.0732057
                            ],
                            [
                                28.746711,
                                41.0734285
                            ],
                            [
                                28.7458134,
                                41.0735522
                            ],
                            [
                                28.7447083,
                                41.073714
                            ],
                            [
                                28.7437963,
                                41.0739243
                            ],
                            [
                                28.7424084,
                                41.0745659
                            ]
                        ]
                    ]
                ]
            }
        },
        {
            "type": "Feature",
            "properties": {
                "type": "relation",
                "id": 9475447,
                "tags": {
                    "admin_level": "8",
                    "boundary": "administrative",
                    "name": "Kayabaşı Mahallesi",
                    "name:uz": "Kayabashi mahallasi",
                    "type": "boundary",
                    "wikidata": "Q6080679",
                    "wikimedia_commons": "Category:Kayabaşı, Başakşehir",
                    "wikipedia": "tr:Kayabaşı, Başakşehir"
                }
            },
            "geometry": {
                "type": "MultiPolygon",
                "coordinates": [
                    [
                        [
                            [
                                28.7223704,
                                41.1082078
                            ],
                            [
                                28.7235832,
                                41.1069396
                            ],
                            [
                                28.7243128,
                                41.1070285
                            ],
                            [
                                28.7244737,
                                41.1074084
                            ],
                            [
                                28.7247634,
                                41.1076267
                            ],
                            [
                                28.7253427,
                                41.1079177
                            ],
                            [
                                28.7265229,
                                41.1086291
                            ],
                            [
                                28.7271559,
                                41.1091465
                            ],
                            [
                                28.7275636,
                                41.1092839
                            ],
                            [
                                28.7281644,
                                41.1093162
                            ],
                            [
                                28.7287009,
                                41.1093486
                            ],
                            [
                                28.7293339,
                                41.1093728
                            ],
                            [
                                28.7302136,
                                41.1091869
                            ],
                            [
                                28.731464,
                                41.1085785
                            ],
                            [
                                28.7316728,
                                41.108136
                            ],
                            [
                                28.7327242,
                                41.1074893
                            ],
                            [
                                28.7337863,
                                41.1071336
                            ],
                            [
                                28.7338266,
                                41.1068931
                            ],
                            [
                                28.734017,
                                41.1068143
                            ],
                            [
                                28.7347895,
                                41.1070224
                            ],
                            [
                                28.7345937,
                                41.1068062
                            ],
                            [
                                28.7339044,
                                41.1066667
                            ],
                            [
                                28.7337434,
                                41.1065414
                            ],
                            [
                                28.7338829,
                                41.1064505
                            ],
                            [
                                28.7342262,
                                41.1063818
                            ],
                            [
                                28.7341887,
                                41.1062686
                            ],
                            [
                                28.734709,
                                41.1064586
                            ],
                            [
                                28.7355459,
                                41.1063616
                            ],
                            [
                                28.7357658,
                                41.1067334
                            ],
                            [
                                28.7360984,
                                41.1065758
                            ],
                            [
                                28.7365168,
                                41.1064141
                            ],
                            [
                                28.7367636,
                                41.1063656
                            ],
                            [
                                28.7368548,
                                41.1061595
                            ],
                            [
                                28.737123,
                                41.1062484
                            ],
                            [
                                28.7371498,
                                41.106503
                            ],
                            [
                                28.7372518,
                                41.1068547
                            ],
                            [
                                28.7375414,
                                41.1065232
                            ],
                            [
                                28.7383943,
                                41.1066029
                            ],
                            [
                                28.7386776,
                                41.1075277
                            ],
                            [
                                28.7387847,
                                41.1078285
                            ],
                            [
                                28.7388664,
                                41.108058
                            ],
                            [
                                28.7394082,
                                41.1082653
                            ],
                            [
                                28.7401163,
                                41.1081764
                            ],
                            [
                                28.7402129,
                                41.1079258
                            ],
                            [
                                28.740567,
                                41.1078207
                            ],
                            [
                                28.7408781,
                                41.1077318
                            ],
                            [
                                28.7412214,
                                41.1075054
                            ],
                            [
                                28.7415326,
                                41.1073923
                            ],
                            [
                                28.7417042,
                                41.1076671
                            ],
                            [
                                28.7421895,
                                41.1076598
                            ],
                            [
                                28.7422407,
                                41.107659
                            ],
                            [
                                28.7423372,
                                41.107748
                            ],
                            [
                                28.7425132,
                                41.1076514
                            ],
                            [
                                28.7426832,
                                41.1075579
                            ],
                            [
                                28.7430239,
                                41.1073195
                            ],
                            [
                                28.7431223,
                                41.1071247
                            ],
                            [
                                28.7431526,
                                41.1070649
                            ],
                            [
                                28.7432862,
                                41.1069829
                            ],
                            [
                                28.7433699,
                                41.1069314
                            ],
                            [
                                28.7438714,
                                41.106689
                            ],
                            [
                                28.7438607,
                                41.1064707
                            ],
                            [
                                28.7438178,
                                41.1060827
                            ],
                            [
                                28.7439895,
                                41.1059937
                            ],
                            [
                                28.7444079,
                                41.1059614
                            ],
                            [
                                28.7448478,
                                41.1060907
                            ],
                            [
                                28.7456878,
                                41.1058725
                            ],
                            [
                                28.7459799,
                                41.1056382
                            ],
                            [
                                28.7467039,
                                41.1054198
                            ],
                            [
                                28.7466609,
                                41.1050802
                            ],
                            [
                                28.7465644,
                                41.1046679
                            ],
                            [
                                28.7467253,
                                41.1043122
                            ],
                            [
                                28.7470364,
                                41.104288
                            ],
                            [
                                28.7473369,
                                41.1040859
                            ],
                            [
                                28.7476802,
                                41.1038757
                            ],
                            [
                                28.7482273,
                                41.1036574
                            ],
                            [
                                28.7488282,
                                41.1035927
                            ],
                            [
                                28.7493539,
                                41.1034876
                            ],
                            [
                                28.7500405,
                                41.1034714
                            ],
                            [
                                28.7503946,
                                41.1035523
                            ],
                            [
                                28.7510383,
                                41.1035119
                            ],
                            [
                                28.7519824,
                                41.1034229
                            ],
                            [
                                28.7526262,
                                41.1033906
                            ],
                            [
                                28.7534094,
                                41.1030996
                            ],
                            [
                                28.7536669,
                                41.1029621
                            ],
                            [
                                28.7538922,
                                41.1025579
                            ],
                            [
                                28.7544072,
                                41.1029702
                            ],
                            [
                                28.7555706,
                                41.1031764
                            ],
                            [
                                28.7556624,
                                41.102857
                            ],
                            [
                                28.7561774,
                                41.1026387
                            ],
                            [
                                28.7570035,
                                41.1024205
                            ],
                            [
                                28.7581408,
                                41.1020405
                            ],
                            [
                                28.7587523,
                                41.1017899
                            ],
                            [
                                28.7593639,
                                41.1015231
                            ],
                            [
                                28.7596965,
                                41.1011754
                            ],
                            [
                                28.7603688,
                                41.1004185
                            ],
                            [
                                28.7603348,
                                41.1000355
                            ],
                            [
                                28.7602758,
                                41.0996555
                            ],
                            [
                                28.7602812,
                                41.099417
                            ],
                            [
                                28.7604421,
                                41.0991946
                            ],
                            [
                                28.7605441,
                                41.0989541
                            ],
                            [
                                28.7607023,
                                41.0986853
                            ],
                            [
                                28.7613876,
                                41.0984719
                            ],
                            [
                                28.7610403,
                                41.0977717
                            ],
                            [
                                28.7607831,
                                41.0972882
                            ],
                            [
                                28.7606246,
                                41.0969955
                            ],
                            [
                                28.760461,
                                41.0967145
                            ],
                            [
                                28.7604717,
                                41.096664
                            ],
                            [
                                28.7605656,
                                41.0965832
                            ],
                            [
                                28.7606833,
                                41.09653
                            ],
                            [
                                28.7604475,
                                41.0960495
                            ],
                            [
                                28.7606077,
                                41.0959781
                            ],
                            [
                                28.7608904,
                                41.095101
                            ],
                            [
                                28.7606621,
                                41.0946992
                            ],
                            [
                                28.7606084,
                                41.0945537
                            ],
                            [
                                28.7606728,
                                41.0942869
                            ],
                            [
                                28.7611878,
                                41.0941252
                            ],
                            [
                                28.7615096,
                                41.0940686
                            ],
                            [
                                28.7621963,
                                41.0943354
                            ],
                            [
                                28.7629902,
                                41.0946265
                            ],
                            [
                                28.7634194,
                                41.0946184
                            ],
                            [
                                28.7635481,
                                41.0948771
                            ],
                            [
                                28.7639129,
                                41.0950793
                            ],
                            [
                                28.7642348,
                                41.095055
                            ],
                            [
                                28.7645137,
                                41.0952976
                            ],
                            [
                                28.7647372,
                                41.0952292
                            ],
                            [
                                28.7661749,
                                41.0960377
                            ],
                            [
                                28.7669953,
                                41.0972813
                            ],
                            [
                                28.771716,
                                41.0997715
                            ],
                            [
                                28.7722953,
                                41.0997553
                            ],
                            [
                                28.7730044,
                                41.1013192
                            ],
                            [
                                28.7727703,
                                41.1042909
                            ],
                            [
                                28.7722896,
                                41.1084511
                            ],
                            [
                                28.7781436,
                                41.1138089
                            ],
                            [
                                28.7789836,
                                41.1160272
                            ],
                            [
                                28.7792405,
                                41.1167057
                            ],
                            [
                                28.7820627,
                                41.1192404
                            ],
                            [
                                28.7841825,
                                41.1211994
                            ],
                            [
                                28.7847124,
                                41.1220907
                            ],
                            [
                                28.785723,
                                41.1246994
                            ],
                            [
                                28.785742,
                                41.1247379
                            ],
                            [
                                28.7861297,
                                41.1255256
                            ],
                            [
                                28.7869061,
                                41.1262404
                            ],
                            [
                                28.7885699,
                                41.1272059
                            ],
                            [
                                28.7894696,
                                41.1279857
                            ],
                            [
                                28.7904185,
                                41.1291832
                            ],
                            [
                                28.7909115,
                                41.13026
                            ],
                            [
                                28.7912196,
                                41.1315967
                            ],
                            [
                                28.7912935,
                                41.1321722
                            ],
                            [
                                28.7912073,
                                41.133249
                            ],
                            [
                                28.7908868,
                                41.1352168
                            ],
                            [
                                28.7909731,
                                41.1359965
                            ],
                            [
                                28.7912935,
                                41.1365813
                            ],
                            [
                                28.7916178,
                                41.1369421
                            ],
                            [
                                28.7920774,
                                41.1373941
                            ],
                            [
                                28.7926156,
                                41.1378751
                            ],
                            [
                                28.7931175,
                                41.1393844
                            ],
                            [
                                28.7935985,
                                41.1403229
                            ],
                            [
                                28.7932038,
                                41.1438663
                            ],
                            [
                                28.7938939,
                                41.1441262
                            ],
                            [
                                28.7955654,
                                41.1449592
                            ],
                            [
                                28.7953487,
                                41.1450808
                            ],
                            [
                                28.7949521,
                                41.145289
                            ],
                            [
                                28.7946322,
                                41.145469
                            ],
                            [
                                28.7939484,
                                41.1458509
                            ],
                            [
                                28.7934012,
                                41.1461781
                            ],
                            [
                                28.7930829,
                                41.1463652
                            ],
                            [
                                28.7928887,
                                41.1464939
                            ],
                            [
                                28.7926673,
                                41.1466363
                            ],
                            [
                                28.7925367,
                                41.1467293
                            ],
                            [
                                28.7921594,
                                41.1469972
                            ],
                            [
                                28.7898287,
                                41.148761
                            ],
                            [
                                28.7888467,
                                41.1484459
                            ],
                            [
                                28.7883532,
                                41.1484378
                            ],
                            [
                                28.7876987,
                                41.1485994
                            ],
                            [
                                28.7872052,
                                41.1487286
                            ],
                            [
                                28.786701,
                                41.1489225
                            ],
                            [
                                28.7862718,
                                41.1491326
                            ],
                            [
                                28.7858319,
                                41.1492699
                            ],
                            [
                                28.7855744,
                                41.1492295
                            ],
                            [
                                28.7846517,
                                41.1492942
                            ],
                            [
                                28.7838256,
                                41.1494396
                            ],
                            [
                                28.7826991,
                                41.1494234
                            ],
                            [
                                28.7814599,
                                41.1493693
                            ],
                            [
                                28.7810698,
                                41.1491486
                            ],
                            [
                                28.7805136,
                                41.1487482
                            ],
                            [
                                28.7800997,
                                41.1483761
                            ],
                            [
                                28.7793673,
                                41.1477022
                            ],
                            [
                                28.7784714,
                                41.1467895
                            ],
                            [
                                28.778371,
                                41.146688
                            ],
                            [
                                28.7781844,
                                41.1464777
                            ],
                            [
                                28.7778988,
                                41.1461809
                            ],
                            [
                                28.776342,
                                41.1445775
                            ],
                            [
                                28.7751896,
                                41.1433776
                            ],
                            [
                                28.7750388,
                                41.1431996
                            ],
                            [
                                28.7749606,
                                41.1430898
                            ],
                            [
                                28.774889,
                                41.1429935
                            ],
                            [
                                28.7748451,
                                41.1429152
                            ],
                            [
                                28.774811,
                                41.1428514
                            ],
                            [
                                28.7746318,
                                41.1425389
                            ],
                            [
                                28.7743844,
                                41.1421775
                            ],
                            [
                                28.7740516,
                                41.1416996
                            ],
                            [
                                28.7736674,
                                41.1412912
                            ],
                            [
                                28.7718678,
                                41.1398785
                            ],
                            [
                                28.7713561,
                                41.1396498
                            ],
                            [
                                28.7710664,
                                41.1395187
                            ],
                            [
                                28.7690359,
                                41.1387968
                            ],
                            [
                                28.7684478,
                                41.138642
                            ],
                            [
                                28.7680723,
                                41.1380079
                            ],
                            [
                                28.7677554,
                                41.1376884
                            ],
                            [
                                28.7675303,
                                41.1374835
                            ],
                            [
                                28.7673052,
                                41.1372878
                            ],
                            [
                                28.7670505,
                                41.1370805
                            ],
                            [
                                28.7669496,
                                41.1369415
                            ],
                            [
                                28.7668951,
                                41.1368292
                            ],
                            [
                                28.766811,
                                41.1366883
                            ],
                            [
                                28.7666456,
                                41.1365964
                            ],
                            [
                                28.7663575,
                                41.1363923
                            ],
                            [
                                28.7661722,
                                41.1363377
                            ],
                            [
                                28.7652346,
                                41.135562
                            ],
                            [
                                28.7651462,
                                41.1354629
                            ],
                            [
                                28.765023,
                                41.1353447
                            ],
                            [
                                28.7648907,
                                41.1351917
                            ],
                            [
                                28.7647954,
                                41.1351036
                            ],
                            [
                                28.7645785,
                                41.1348935
                            ],
                            [
                                28.7644319,
                                41.1347089
                            ],
                            [
                                28.7640687,
                                41.134253
                            ],
                            [
                                28.7640054,
                                41.1341838
                            ],
                            [
                                28.7639578,
                                41.1341015
                            ],
                            [
                                28.763957,
                                41.134032
                            ],
                            [
                                28.7639712,
                                41.1339651
                            ],
                            [
                                28.7639385,
                                41.1335741
                            ],
                            [
                                28.763493,
                                41.133637
                            ],
                            [
                                28.7634246,
                                41.1337218
                            ],
                            [
                                28.7630598,
                                41.1337686
                            ],
                            [
                                28.7629,
                                41.1337656
                            ],
                            [
                                28.7627548,
                                41.1321743
                            ],
                            [
                                28.7626095,
                                41.1320956
                            ],
                            [
                                28.7625172,
                                41.1320889
                            ],
                            [
                                28.7625167,
                                41.1316448
                            ],
                            [
                                28.7624052,
                                41.1314079
                            ],
                            [
                                28.7621904,
                                41.1312455
                            ],
                            [
                                28.7617966,
                                41.1308097
                            ],
                            [
                                28.761228,
                                41.1305496
                            ],
                            [
                                28.7610642,
                                41.1305957
                            ],
                            [
                                28.7610412,
                                41.130406
                            ],
                            [
                                28.7611114,
                                41.130274
                            ],
                            [
                                28.7612899,
                                41.1301787
                            ],
                            [
                                28.7613426,
                                41.1301433
                            ],
                            [
                                28.761406,
                                41.1300905
                            ],
                            [
                                28.7614474,
                                41.13001
                            ],
                            [
                                28.761446,
                                41.128935
                            ],
                            [
                                28.761431,
                                41.1288409
                            ],
                            [
                                28.7613811,
                                41.1286439
                            ],
                            [
                                28.7611881,
                                41.1284732
                            ],
                            [
                                28.7608988,
                                41.1283714
                            ],
                            [
                                28.760749,
                                41.1282283
                            ],
                            [
                                28.7608644,
                                41.1279271
                            ],
                            [
                                28.7613355,
                                41.1274559
                            ],
                            [
                                28.7614637,
                                41.1273384
                            ],
                            [
                                28.7614893,
                                41.1271502
                            ],
                            [
                                28.7613721,
                                41.1270859
                            ],
                            [
                                28.7613762,
                                41.1266371
                            ],
                            [
                                28.7607411,
                                41.125611
                            ],
                            [
                                28.7602323,
                                41.1251066
                            ],
                            [
                                28.7597208,
                                41.1250137
                            ],
                            [
                                28.7589157,
                                41.1248295
                            ],
                            [
                                28.7590286,
                                41.1245629
                            ],
                            [
                                28.7591506,
                                41.1244581
                            ],
                            [
                                28.7591843,
                                41.1243691
                            ],
                            [
                                28.7591396,
                                41.1242803
                            ],
                            [
                                28.7586782,
                                41.1238439
                            ],
                            [
                                28.7582491,
                                41.1235933
                            ],
                            [
                                28.7579934,
                                41.1235541
                            ],
                            [
                                28.7576697,
                                41.1235044
                            ],
                            [
                                28.7572854,
                                41.1234554
                            ],
                            [
                                28.7557707,
                                41.123262
                            ],
                            [
                                28.7543964,
                                41.1230248
                            ],
                            [
                                28.7536239,
                                41.122847
                            ],
                            [
                                28.7530017,
                                41.1226368
                            ],
                            [
                                28.7525081,
                                41.1223297
                            ],
                            [
                                28.7520146,
                                41.1219903
                            ],
                            [
                                28.7514567,
                                41.121279
                            ],
                            [
                                28.7511778,
                                41.1209881
                            ],
                            [
                                28.7505555,
                                41.1208426
                            ],
                            [
                                28.7500191,
                                41.1206971
                            ],
                            [
                                28.7500405,
                                41.120099
                            ],
                            [
                                28.7501788,
                                41.1196906
                            ],
                            [
                                28.7505368,
                                41.119092
                            ],
                            [
                                28.7504615,
                                41.118886
                            ],
                            [
                                28.7501954,
                                41.1188014
                            ],
                            [
                                28.7499215,
                                41.1188059
                            ],
                            [
                                28.7496356,
                                41.1189198
                            ],
                            [
                                28.7491206,
                                41.1192431
                            ],
                            [
                                28.7485842,
                                41.1194451
                            ],
                            [
                                28.747919,
                                41.1197361
                            ],
                            [
                                28.7474936,
                                41.1198987
                            ],
                            [
                                28.7475095,
                                41.1199644
                            ],
                            [
                                28.7472618,
                                41.1212883
                            ],
                            [
                                28.7460378,
                                41.1209947
                            ],
                            [
                                28.7453511,
                                41.1209532
                            ],
                            [
                                28.7451008,
                                41.1206311
                            ],
                            [
                                28.7445004,
                                41.1204088
                            ],
                            [
                                28.7438035,
                                41.1201101
                            ],
                            [
                                28.7434399,
                                41.1197982
                            ],
                            [
                                28.7431106,
                                41.1194336
                            ],
                            [
                                28.7431945,
                                41.1190011
                            ],
                            [
                                28.7426777,
                                41.1191073
                            ],
                            [
                                28.7423571,
                                41.1189769
                            ],
                            [
                                28.7417646,
                                41.1187599
                            ],
                            [
                                28.7412734,
                                41.1187965
                            ],
                            [
                                28.7411609,
                                41.1191443
                            ],
                            [
                                28.7409,
                                41.1195438
                            ],
                            [
                                28.7404789,
                                41.1198237
                            ],
                            [
                                28.7401352,
                                41.1196885
                            ],
                            [
                                28.7401369,
                                41.1191676
                            ],
                            [
                                28.7402614,
                                41.1188822
                            ],
                            [
                                28.7403157,
                                41.1186798
                            ],
                            [
                                28.7402608,
                                41.1183271
                            ],
                            [
                                28.7398814,
                                41.118006
                            ],
                            [
                                28.7389267,
                                41.1180422
                            ],
                            [
                                28.7383206,
                                41.1180118
                            ],
                            [
                                28.7378286,
                                41.1179282
                            ],
                            [
                                28.7375491,
                                41.1178963
                            ],
                            [
                                28.7371556,
                                41.1175913
                            ],
                            [
                                28.7371206,
                                41.1173066
                            ],
                            [
                                28.7373184,
                                41.1170927
                            ],
                            [
                                28.7369053,
                                41.1170518
                            ],
                            [
                                28.7360058,
                                41.1167898
                            ],
                            [
                                28.7352275,
                                41.1166317
                            ],
                            [
                                28.7347673,
                                41.1168959
                            ],
                            [
                                28.7342314,
                                41.1169457
                            ],
                            [
                                28.7331325,
                                41.1170922
                            ],
                            [
                                28.7324187,
                                41.1172061
                            ],
                            [
                                28.7326282,
                                41.1157263
                            ],
                            [
                                28.7323813,
                                41.115678
                            ],
                            [
                                28.7325,
                                41.1155
                            ],
                            [
                                28.7323947,
                                41.1151908
                            ],
                            [
                                28.7322317,
                                41.1152038
                            ],
                            [
                                28.7318798,
                                41.1147382
                            ],
                            [
                                28.7319313,
                                41.1145959
                            ],
                            [
                                28.7321458,
                                41.1146735
                            ],
                            [
                                28.7321115,
                                41.1144084
                            ],
                            [
                                28.7325,
                                41.1135
                            ],
                            [
                                28.7322317,
                                41.1133414
                            ],
                            [
                                28.7317939,
                                41.1127336
                            ],
                            [
                                28.7310472,
                                41.1128758
                            ],
                            [
                                28.7287555,
                                41.1121516
                            ],
                            [
                                28.7275,
                                41.11175
                            ],
                            [
                                28.7245,
                                41.1105
                            ],
                            [
                                28.7233471,
                                41.109328
                            ],
                            [
                                28.723253,
                                41.1092084
                            ],
                            [
                                28.7231431,
                                41.1091007
                            ],
                            [
                                28.7230684,
                                41.1090135
                            ],
                            [
                                28.7229675,
                                41.1088799
                            ],
                            [
                                28.7228734,
                                41.1087656
                            ],
                            [
                                28.7227955,
                                41.1086833
                            ],
                            [
                                28.7227129,
                                41.1085994
                            ],
                            [
                                28.7226096,
                                41.1084924
                            ],
                            [
                                28.7224157,
                                41.1082334
                            ],
                            [
                                28.7223704,
                                41.1082078
                            ]
                        ]
                    ]
                ]
            }
        },
        {
            "type": "Feature",
            "properties": {
                "type": "relation",
                "id": 9475448,
                "tags": {
                    "admin_level": "8",
                    "boundary": "administrative",
                    "name": "Şahintepe Mahallesi",
                    "type": "boundary",
                    "wikidata": "Q6099505",
                    "wikipedia": "tr:Şahintepe, Başakşehir"
                }
            },
            "geometry": {
                "type": "MultiPolygon",
                "coordinates": [
                    [
                        [
                            [
                                28.6950929,
                                41.1029934
                            ],
                            [
                                28.6977928,
                                41.1011469
                            ],
                            [
                                28.6983812,
                                41.1005367
                            ],
                            [
                                28.700366,
                                41.0976746
                            ],
                            [
                                28.7023539,
                                41.0951526
                            ],
                            [
                                28.703134,
                                41.0939392
                            ],
                            [
                                28.7045717,
                                41.0926132
                            ],
                            [
                                28.7053871,
                                41.0915863
                            ],
                            [
                                28.7057879,
                                41.0909231
                            ],
                            [
                                28.706193,
                                41.0903167
                            ],
                            [
                                28.7062669,
                                41.0897912
                            ],
                            [
                                28.7061703,
                                41.0891766
                            ],
                            [
                                28.7060308,
                                41.0888532
                            ],
                            [
                                28.7058713,
                                41.0884931
                            ],
                            [
                                28.7057841,
                                41.0882305
                            ],
                            [
                                28.7058055,
                                41.0879637
                            ],
                            [
                                28.7060952,
                                41.0876807
                            ],
                            [
                                28.7063419,
                                41.0875514
                            ],
                            [
                                28.7073612,
                                41.0871308
                            ],
                            [
                                28.7085176,
                                41.0865369
                            ],
                            [
                                28.7087345,
                                41.0863706
                            ],
                            [
                                28.7091557,
                                41.0857307
                            ],
                            [
                                28.7103922,
                                41.0841285
                            ],
                            [
                                28.7108159,
                                41.0838233
                            ],
                            [
                                28.712393,
                                41.0831804
                            ],
                            [
                                28.713128,
                                41.0828812
                            ],
                            [
                                28.7137404,
                                41.0825559
                            ],
                            [
                                28.7147695,
                                41.08147
                            ],
                            [
                                28.715482,
                                41.0804833
                            ],
                            [
                                28.7168938,
                                41.0793714
                            ],
                            [
                                28.7182691,
                                41.0782288
                            ],
                            [
                                28.720783,
                                41.0758411
                            ],
                            [
                                28.7220275,
                                41.0746279
                            ],
                            [
                                28.7231544,
                                41.0735486
                            ],
                            [
                                28.7245113,
                                41.0726261
                            ],
                            [
                                28.7251818,
                                41.0722076
                            ],
                            [
                                28.7256449,
                                41.0718568
                            ],
                            [
                                28.7261152,
                                41.0715261
                            ],
                            [
                                28.7265229,
                                41.0711258
                            ],
                            [
                                28.7272232,
                                41.0701318
                            ],
                            [
                                28.7281859,
                                41.0685576
                            ],
                            [
                                28.7287436,
                                41.0673732
                            ],
                            [
                                28.7288789,
                                41.0670213
                            ],
                            [
                                28.7291354,
                                41.0667619
                            ],
                            [
                                28.7301493,
                                41.0662766
                            ],
                            [
                                28.7308627,
                                41.0660137
                            ],
                            [
                                28.7313302,
                                41.0658976
                            ],
                            [
                                28.7316781,
                                41.0657508
                            ],
                            [
                                28.7320858,
                                41.065403
                            ],
                            [
                                28.7323521,
                                41.0651566
                            ],
                            [
                                28.7328798,
                                41.065132
                            ],
                            [
                                28.7323594,
                                41.0645334
                            ],
                            [
                                28.7319571,
                                41.0641208
                            ],
                            [
                                28.7331989,
                                41.0634954
                            ],
                            [
                                28.7347627,
                                41.0628184
                            ],
                            [
                                28.7359321,
                                41.0621875
                            ],
                            [
                                28.7369032,
                                41.0627568
                            ],
                            [
                                28.737359,
                                41.0628953
                            ],
                            [
                                28.7377614,
                                41.062964
                            ],
                            [
                                28.7381369,
                                41.0629357
                            ],
                            [
                                28.7387806,
                                41.0627578
                            ],
                            [
                                28.739419,
                                41.0627294
                            ],
                            [
                                28.7399501,
                                41.062778
                            ],
                            [
                                28.7405923,
                                41.0630645
                            ],
                            [
                                28.7415111,
                                41.063413
                            ],
                            [
                                28.7421709,
                                41.0635141
                            ],
                            [
                                28.742852,
                                41.0636251
                            ],
                            [
                                28.7430185,
                                41.063409
                            ],
                            [
                                28.7430184,
                                41.0630199
                            ],
                            [
                                28.7430796,
                                41.0628043
                            ],
                            [
                                28.7446352,
                                41.0620872
                            ],
                            [
                                28.7453055,
                                41.0620482
                            ],
                            [
                                28.7460306,
                                41.061974
                            ],
                            [
                                28.7462903,
                                41.0619421
                            ],
                            [
                                28.7470742,
                                41.0618155
                            ],
                            [
                                28.7468594,
                                41.0631864
                            ],
                            [
                                28.7467968,
                                41.0636572
                            ],
                            [
                                28.7466329,
                                41.0641415
                            ],
                            [
                                28.7465823,
                                41.0642396
                            ],
                            [
                                28.7465496,
                                41.0642886
                            ],
                            [
                                28.7460544,
                                41.0650298
                            ],
                            [
                                28.7460128,
                                41.065092
                            ],
                            [
                                28.7457991,
                                41.0653963
                            ],
                            [
                                28.7456703,
                                41.0656471
                            ],
                            [
                                28.7456274,
                                41.0658655
                            ],
                            [
                                28.7456347,
                                41.0659567
                            ],
                            [
                                28.7456475,
                                41.0661151
                            ],
                            [
                                28.7456489,
                                41.0661325
                            ],
                            [
                                28.7457038,
                                41.0666021
                            ],
                            [
                                28.745708,
                                41.0666381
                            ],
                            [
                                28.7457132,
                                41.0666825
                            ],
                            [
                                28.7457132,
                                41.0668524
                            ],
                            [
                                28.7456836,
                                41.0669098
                            ],
                            [
                                28.7456381,
                                41.066998
                            ],
                            [
                                28.745327,
                                41.0673862
                            ],
                            [
                                28.745048,
                                41.0677826
                            ],
                            [
                                28.7448764,
                                41.0681547
                            ],
                            [
                                28.7448013,
                                41.0685429
                            ],
                            [
                                28.7447369,
                                41.0691091
                            ],
                            [
                                28.7446296,
                                41.0696268
                            ],
                            [
                                28.7443829,
                                41.0702982
                            ],
                            [
                                28.7439537,
                                41.0713739
                            ],
                            [
                                28.7436104,
                                41.0721989
                            ],
                            [
                                28.7433028,
                                41.0728186
                            ],
                            [
                                28.7432681,
                                41.0728886
                            ],
                            [
                                28.7431702,
                                41.0730858
                            ],
                            [
                                28.7426874,
                                41.0739674
                            ],
                            [
                                28.7426015,
                                41.0741939
                            ],
                            [
                                28.7425264,
                                41.0743799
                            ],
                            [
                                28.7424084,
                                41.0745659
                            ],
                            [
                                28.7422797,
                                41.0747034
                            ],
                            [
                                28.7420544,
                                41.074849
                            ],
                            [
                                28.7416789,
                                41.0750512
                            ],
                            [
                                28.7416489,
                                41.0750598
                            ],
                            [
                                28.7410459,
                                41.0753262
                            ],
                            [
                                28.7410153,
                                41.075339
                            ],
                            [
                                28.7408212,
                                41.0754203
                            ],
                            [
                                28.7406104,
                                41.0755086
                            ],
                            [
                                28.7404665,
                                41.0755688
                            ],
                            [
                                28.7402734,
                                41.075674
                            ],
                            [
                                28.7401124,
                                41.0757953
                            ],
                            [
                                28.7399086,
                                41.0759651
                            ],
                            [
                                28.739812,
                                41.0761269
                            ],
                            [
                                28.7397798,
                                41.0762563
                            ],
                            [
                                28.7398228,
                                41.0764504
                            ],
                            [
                                28.7399408,
                                41.0768871
                            ],
                            [
                                28.7401661,
                                41.0776474
                            ],
                            [
                                28.7403193,
                                41.078395
                            ],
                            [
                                28.7403313,
                                41.07846
                            ],
                            [
                                28.7404021,
                                41.0788605
                            ],
                            [
                                28.740724,
                                41.0800979
                            ],
                            [
                                28.7408945,
                                41.0806705
                            ],
                            [
                                28.7410864,
                                41.0811811
                            ],
                            [
                                28.7413988,
                                41.0818474
                            ],
                            [
                                28.7415427,
                                41.0822526
                            ],
                            [
                                28.7415709,
                                41.0823892
                            ],
                            [
                                28.7416314,
                                41.0826825
                            ],
                            [
                                28.741739,
                                41.0831191
                            ],
                            [
                                28.7418261,
                                41.0836157
                            ],
                            [
                                28.7418831,
                                41.0840744
                            ],
                            [
                                28.7419336,
                                41.0845218
                            ],
                            [
                                28.7419836,
                                41.0849613
                            ],
                            [
                                28.7420209,
                                41.0858025
                            ],
                            [
                                28.7420222,
                                41.0858315
                            ],
                            [
                                28.7421426,
                                41.0871818
                            ],
                            [
                                28.7421742,
                                41.0875365
                            ],
                            [
                                28.7421938,
                                41.0877561
                            ],
                            [
                                28.742203,
                                41.087865
                            ],
                            [
                                28.7421831,
                                41.0879825
                            ],
                            [
                                28.7421401,
                                41.088118
                            ],
                            [
                                28.7420329,
                                41.0883383
                            ],
                            [
                                28.7418934,
                                41.0884677
                            ],
                            [
                                28.7418679,
                                41.0884857
                            ],
                            [
                                28.7416896,
                                41.0885486
                            ],
                            [
                                28.7413892,
                                41.0886294
                            ],
                            [
                                28.7410805,
                                41.0887062
                            ],
                            [
                                28.741,
                                41.0887183
                            ],
                            [
                                28.7408849,
                                41.0887345
                            ],
                            [
                                28.7407727,
                                41.0887709
                            ],
                            [
                                28.740624,
                                41.0888003
                            ],
                            [
                                28.7403409,
                                41.0889079
                            ],
                            [
                                28.7402198,
                                41.088979
                            ],
                            [
                                28.7401397,
                                41.0890261
                            ],
                            [
                                28.7401192,
                                41.0890409
                            ],
                            [
                                28.7397044,
                                41.08934
                            ],
                            [
                                28.7394758,
                                41.0895337
                            ],
                            [
                                28.739271,
                                41.0897306
                            ],
                            [
                                28.7377563,
                                41.0911865
                            ],
                            [
                                28.7376991,
                                41.0912414
                            ],
                            [
                                28.7376238,
                                41.0914147
                            ],
                            [
                                28.737581,
                                41.091513
                            ],
                            [
                                28.737536,
                                41.0916166
                            ],
                            [
                                28.7376991,
                                41.0923476
                            ],
                            [
                                28.7377471,
                                41.0924306
                            ],
                            [
                                28.7378057,
                                41.0925318
                            ],
                            [
                                28.7380511,
                                41.0929507
                            ],
                            [
                                28.7380972,
                                41.0930144
                            ],
                            [
                                28.7381425,
                                41.0930706
                            ],
                            [
                                28.7381939,
                                41.0931378
                            ],
                            [
                                28.7383315,
                                41.0932842
                            ],
                            [
                                28.738349,
                                41.0933028
                            ],
                            [
                                28.738511,
                                41.0934759
                            ],
                            [
                                28.7386224,
                                41.0935942
                            ],
                            [
                                28.7387231,
                                41.0937148
                            ],
                            [
                                28.738732,
                                41.0937196
                            ],
                            [
                                28.738807,
                                41.0938154
                            ],
                            [
                                28.7388307,
                                41.0938516
                            ],
                            [
                                28.7388535,
                                41.0938865
                            ],
                            [
                                28.738976,
                                41.094059
                            ],
                            [
                                28.7390403,
                                41.0941558
                            ],
                            [
                                28.7390745,
                                41.0942161
                            ],
                            [
                                28.7390796,
                                41.0942252
                            ],
                            [
                                28.7390986,
                                41.0942587
                            ],
                            [
                                28.7391526,
                                41.0943476
                            ],
                            [
                                28.7391762,
                                41.0943965
                            ],
                            [
                                28.7392225,
                                41.0944912
                            ],
                            [
                                28.7392904,
                                41.0946678
                            ],
                            [
                                28.7394021,
                                41.0948996
                            ],
                            [
                                28.7393891,
                                41.0949247
                            ],
                            [
                                28.7394035,
                                41.0949622
                            ],
                            [
                                28.7394174,
                                41.0949985
                            ],
                            [
                                28.7395273,
                                41.0952843
                            ],
                            [
                                28.7396884,
                                41.0958975
                            ],
                            [
                                28.7396904,
                                41.0959052
                            ],
                            [
                                28.7396798,
                                41.0960072
                            ],
                            [
                                28.7396708,
                                41.0962373
                            ],
                            [
                                28.7396341,
                                41.0964448
                            ],
                            [
                                28.7396303,
                                41.0964809
                            ],
                            [
                                28.7396037,
                                41.0965372
                            ],
                            [
                                28.7395444,
                                41.096663
                            ],
                            [
                                28.7394095,
                                41.0969489
                            ],
                            [
                                28.7392603,
                                41.0972651
                            ],
                            [
                                28.7392183,
                                41.0973541
                            ],
                            [
                                28.7391677,
                                41.0975142
                            ],
                            [
                                28.7390057,
                                41.0980271
                            ],
                            [
                                28.7389608,
                                41.0981691
                            ],
                            [
                                28.7389242,
                                41.0987078
                            ],
                            [
                                28.7388835,
                                41.0993075
                            ],
                            [
                                28.7389197,
                                41.0994695
                            ],
                            [
                                28.7389397,
                                41.099507
                            ],
                            [
                                28.7393624,
                                41.1005144
                            ],
                            [
                                28.7394028,
                                41.1006931
                            ],
                            [
                                28.7393628,
                                41.1008895
                            ],
                            [
                                28.7392629,
                                41.1010845
                            ],
                            [
                                28.738772,
                                41.1020886
                            ],
                            [
                                28.7385231,
                                41.1033498
                            ],
                            [
                                28.7382827,
                                41.1049279
                            ],
                            [
                                28.7381368,
                                41.1057428
                            ],
                            [
                                28.7382055,
                                41.1062278
                            ],
                            [
                                28.7382999,
                                41.1064154
                            ],
                            [
                                28.7383943,
                                41.1066029
                            ],
                            [
                                28.7375414,
                                41.1065232
                            ],
                            [
                                28.7372518,
                                41.1068547
                            ],
                            [
                                28.7371498,
                                41.106503
                            ],
                            [
                                28.737123,
                                41.1062484
                            ],
                            [
                                28.7368548,
                                41.1061595
                            ],
                            [
                                28.7367636,
                                41.1063656
                            ],
                            [
                                28.7365168,
                                41.1064141
                            ],
                            [
                                28.7360984,
                                41.1065758
                            ],
                            [
                                28.7357658,
                                41.1067334
                            ],
                            [
                                28.7355459,
                                41.1063616
                            ],
                            [
                                28.734709,
                                41.1064586
                            ],
                            [
                                28.7341887,
                                41.1062686
                            ],
                            [
                                28.7342262,
                                41.1063818
                            ],
                            [
                                28.7338829,
                                41.1064505
                            ],
                            [
                                28.7337434,
                                41.1065414
                            ],
                            [
                                28.7339044,
                                41.1066667
                            ],
                            [
                                28.7345937,
                                41.1068062
                            ],
                            [
                                28.7347895,
                                41.1070224
                            ],
                            [
                                28.734017,
                                41.1068143
                            ],
                            [
                                28.7338266,
                                41.1068931
                            ],
                            [
                                28.7337863,
                                41.1071336
                            ],
                            [
                                28.7327242,
                                41.1074893
                            ],
                            [
                                28.7316728,
                                41.108136
                            ],
                            [
                                28.731464,
                                41.1085785
                            ],
                            [
                                28.7302136,
                                41.1091869
                            ],
                            [
                                28.7293339,
                                41.1093728
                            ],
                            [
                                28.7287009,
                                41.1093486
                            ],
                            [
                                28.7281644,
                                41.1093162
                            ],
                            [
                                28.7275636,
                                41.1092839
                            ],
                            [
                                28.7271559,
                                41.1091465
                            ],
                            [
                                28.7265229,
                                41.1086291
                            ],
                            [
                                28.7253427,
                                41.1079177
                            ],
                            [
                                28.7247634,
                                41.1076267
                            ],
                            [
                                28.7244737,
                                41.1074084
                            ],
                            [
                                28.7243128,
                                41.1070285
                            ],
                            [
                                28.7235832,
                                41.1069396
                            ],
                            [
                                28.7223704,
                                41.1082078
                            ],
                            [
                                28.7222851,
                                41.1081775
                            ],
                            [
                                28.7222171,
                                41.1081436
                            ],
                            [
                                28.7221122,
                                41.1080504
                            ],
                            [
                                28.7220346,
                                41.1079768
                            ],
                            [
                                28.7219654,
                                41.1078671
                            ],
                            [
                                28.7219398,
                                41.1077932
                            ],
                            [
                                28.7219379,
                                41.1077372
                            ],
                            [
                                28.7219551,
                                41.107498
                            ],
                            [
                                28.7219525,
                                41.107486
                            ],
                            [
                                28.7218208,
                                41.107387
                            ],
                            [
                                28.7218103,
                                41.1073749
                            ],
                            [
                                28.721835,
                                41.1069502
                            ],
                            [
                                28.7218184,
                                41.1069339
                            ],
                            [
                                28.7217047,
                                41.1068358
                            ],
                            [
                                28.7216438,
                                41.1068111
                            ],
                            [
                                28.7215907,
                                41.1067794
                            ],
                            [
                                28.7215608,
                                41.1067362
                            ],
                            [
                                28.7215555,
                                41.1066809
                            ],
                            [
                                28.7215547,
                                41.1066347
                            ],
                            [
                                28.721581,
                                41.1064543
                            ],
                            [
                                28.7214234,
                                41.1064463
                            ],
                            [
                                28.7214261,
                                41.1063742
                            ],
                            [
                                28.7211856,
                                41.1063669
                            ],
                            [
                                28.720903,
                                41.1063582
                            ],
                            [
                                28.7160621,
                                41.1057292
                            ],
                            [
                                28.7158695,
                                41.1057193
                            ],
                            [
                                28.7157325,
                                41.1057886
                            ],
                            [
                                28.7155165,
                                41.1059193
                            ],
                            [
                                28.7154774,
                                41.105958
                            ],
                            [
                                28.7154496,
                                41.1060205
                            ],
                            [
                                28.7154311,
                                41.1060634
                            ],
                            [
                                28.7153936,
                                41.1061061
                            ],
                            [
                                28.7153568,
                                41.1061873
                            ],
                            [
                                28.7153241,
                                41.1062391
                            ],
                            [
                                28.7150733,
                                41.1064401
                            ],
                            [
                                28.7148231,
                                41.1066106
                            ],
                            [
                                28.7147046,
                                41.1066912
                            ],
                            [
                                28.714449,
                                41.1068244
                            ],
                            [
                                28.7140188,
                                41.107079
                            ],
                            [
                                28.7133711,
                                41.1073961
                            ],
                            [
                                28.7132306,
                                41.1071589
                            ],
                            [
                                28.7121033,
                                41.1063575
                            ],
                            [
                                28.7113738,
                                41.1057108
                            ],
                            [
                                28.7105465,
                                41.1051589
                            ],
                            [
                                28.7105682,
                                41.1050932
                            ],
                            [
                                28.7107655,
                                41.1044968
                            ],
                            [
                                28.7108375,
                                41.1042792
                            ],
                            [
                                28.7101936,
                                41.1043446
                            ],
                            [
                                28.7083462,
                                41.1043842
                            ],
                            [
                                28.7079191,
                                41.1044012
                            ],
                            [
                                28.7064171,
                                41.1045143
                            ],
                            [
                                28.7051081,
                                41.1044982
                            ],
                            [
                                28.7047219,
                                41.1038352
                            ],
                            [
                                28.7045502,
                                41.1035119
                            ],
                            [
                                28.7036919,
                                41.1036574
                            ],
                            [
                                28.7030482,
                                41.1033664
                            ],
                            [
                                28.7012672,
                                41.1030753
                            ],
                            [
                                28.7002587,
                                41.1031238
                            ],
                            [
                                28.6999368,
                                41.1029298
                            ],
                            [
                                28.697319,
                                41.1033502
                            ],
                            [
                                28.696568,
                                41.1033664
                            ],
                            [
                                28.695302,
                                41.1031076
                            ],
                            [
                                28.6950929,
                                41.1029934
                            ]
                        ]
                    ]
                ]
            }
        },
        {
            "type": "Feature",
            "properties": {
                "type": "relation",
                "id": 9475457,
                "tags": {
                    "admin_level": "8",
                    "boundary": "administrative",
                    "name": "Bahçeşehir 2. Kısım Mahallesi",
                    "type": "boundary",
                    "wikidata": "Q109393584",
                    "wikipedia": "tr:Bahçeşehir 2. Kısım"
                }
            },
            "geometry": {
                "type": "MultiPolygon",
                "coordinates": [
                    [
                        [
                            [
                                28.6395951,
                                41.0981109
                            ],
                            [
                                28.6444108,
                                41.0951847
                            ],
                            [
                                28.6447337,
                                41.0947201
                            ],
                            [
                                28.6448532,
                                41.0944064
                            ],
                            [
                                28.6456254,
                                41.0922363
                            ],
                            [
                                28.6458793,
                                41.0916954
                            ],
                            [
                                28.6461141,
                                41.0914205
                            ],
                            [
                                28.6466522,
                                41.0908879
                            ],
                            [
                                28.6485635,
                                41.089033
                            ],
                            [
                                28.649723,
                                41.0879375
                            ],
                            [
                                28.6506395,
                                41.0870717
                            ],
                            [
                                28.6511806,
                                41.0865487
                            ],
                            [
                                28.6515214,
                                41.0861906
                            ],
                            [
                                28.6517817,
                                41.0856838
                            ],
                            [
                                28.6522225,
                                41.084382
                            ],
                            [
                                28.6523349,
                                41.0839786
                            ],
                            [
                                28.6527047,
                                41.0829405
                            ],
                            [
                                28.6527919,
                                41.0827095
                            ],
                            [
                                28.6528301,
                                41.0825475
                            ],
                            [
                                28.6528521,
                                41.0823461
                            ],
                            [
                                28.652833,
                                41.0818505
                            ],
                            [
                                28.6527877,
                                41.0812383
                            ],
                            [
                                28.6527811,
                                41.0809222
                            ],
                            [
                                28.6528143,
                                41.0806654
                            ],
                            [
                                28.6528862,
                                41.0804257
                            ],
                            [
                                28.6530594,
                                41.0800073
                            ],
                            [
                                28.6533882,
                                41.0794072
                            ],
                            [
                                28.6539071,
                                41.0784679
                            ],
                            [
                                28.6545772,
                                41.0772289
                            ],
                            [
                                28.6548148,
                                41.0767964
                            ],
                            [
                                28.655072,
                                41.0763648
                            ],
                            [
                                28.6552036,
                                41.0761748
                            ],
                            [
                                28.6553079,
                                41.0760529
                            ],
                            [
                                28.6554499,
                                41.075935
                            ],
                            [
                                28.6556276,
                                41.0758304
                            ],
                            [
                                28.6557873,
                                41.0757352
                            ],
                            [
                                28.6566517,
                                41.0751586
                            ],
                            [
                                28.6586216,
                                41.0738623
                            ],
                            [
                                28.6603237,
                                41.072766
                            ],
                            [
                                28.6613728,
                                41.0720965
                            ],
                            [
                                28.6623137,
                                41.0714946
                            ],
                            [
                                28.6642434,
                                41.0702848
                            ],
                            [
                                28.6664952,
                                41.0689358
                            ],
                            [
                                28.6702953,
                                41.0662129
                            ],
                            [
                                28.6705421,
                                41.0660476
                            ],
                            [
                                28.6717179,
                                41.0651614
                            ],
                            [
                                28.6720066,
                                41.0649549
                            ],
                            [
                                28.6726351,
                                41.0645715
                            ],
                            [
                                28.6738014,
                                41.0641697
                            ],
                            [
                                28.6751713,
                                41.063779
                            ],
                            [
                                28.6777226,
                                41.063279
                            ],
                            [
                                28.678956,
                                41.0630386
                            ],
                            [
                                28.6795848,
                                41.0628992
                            ],
                            [
                                28.6802073,
                                41.0627648
                            ],
                            [
                                28.6807374,
                                41.0626405
                            ],
                            [
                                28.6812804,
                                41.0625949
                            ],
                            [
                                28.6823812,
                                41.0625678
                            ],
                            [
                                28.682601,
                                41.0625538
                            ],
                            [
                                28.6826998,
                                41.0625262
                            ],
                            [
                                28.6834702,
                                41.0621494
                            ],
                            [
                                28.6844464,
                                41.0618818
                            ],
                            [
                                28.6859752,
                                41.0613954
                            ],
                            [
                                28.6863026,
                                41.0612437
                            ],
                            [
                                28.687071,
                                41.0603984
                            ],
                            [
                                28.6872964,
                                41.0602118
                            ],
                            [
                                28.6883063,
                                41.0596558
                            ],
                            [
                                28.6894934,
                                41.0591765
                            ],
                            [
                                28.6903953,
                                41.0588508
                            ],
                            [
                                28.6904611,
                                41.058994
                            ],
                            [
                                28.689596,
                                41.0592686
                            ],
                            [
                                28.6892496,
                                41.0594804
                            ],
                            [
                                28.6890283,
                                41.0596443
                            ],
                            [
                                28.6888231,
                                41.0598971
                            ],
                            [
                                28.6887333,
                                41.0600821
                            ],
                            [
                                28.6885697,
                                41.0608951
                            ],
                            [
                                28.6885133,
                                41.0612814
                            ],
                            [
                                28.6883014,
                                41.0616717
                            ],
                            [
                                28.6881378,
                                41.0619286
                            ],
                            [
                                28.687934,
                                41.0621268
                            ],
                            [
                                28.6877435,
                                41.062325
                            ],
                            [
                                28.6874619,
                                41.0625252
                            ],
                            [
                                28.6870086,
                                41.0627618
                            ],
                            [
                                28.6867028,
                                41.0628953
                            ],
                            [
                                28.6862656,
                                41.0631764
                            ],
                            [
                                28.6859599,
                                41.0633827
                            ],
                            [
                                28.6855629,
                                41.0637143
                            ],
                            [
                                28.6853939,
                                41.0639186
                            ],
                            [
                                28.685268,
                                41.0641344
                            ],
                            [
                                28.6852169,
                                41.0643291
                            ],
                            [
                                28.685115,
                                41.0647275
                            ],
                            [
                                28.6848575,
                                41.0656719
                            ],
                            [
                                28.6846161,
                                41.0666386
                            ],
                            [
                                28.6844578,
                                41.0672371
                            ],
                            [
                                28.6843935,
                                41.0675182
                            ],
                            [
                                28.6841226,
                                41.0684363
                            ],
                            [
                                28.6840019,
                                41.0690248
                            ],
                            [
                                28.6840287,
                                41.0692108
                            ],
                            [
                                28.684077,
                                41.0693766
                            ],
                            [
                                28.6841413,
                                41.0695626
                            ],
                            [
                                28.6843237,
                                41.0696607
                            ],
                            [
                                28.6846,
                                41.0698073
                            ],
                            [
                                28.6848132,
                                41.069872
                            ],
                            [
                                28.6852022,
                                41.0699135
                            ],
                            [
                                28.6859089,
                                41.0699287
                            ],
                            [
                                28.6864239,
                                41.0699964
                            ],
                            [
                                28.6868665,
                                41.0700935
                            ],
                            [
                                28.6870864,
                                41.070143
                            ],
                            [
                                28.687415,
                                41.0702866
                            ],
                            [
                                28.6876805,
                                41.0704392
                            ],
                            [
                                28.6878857,
                                41.0705717
                            ],
                            [
                                28.6882478,
                                41.0708689
                            ],
                            [
                                28.6888486,
                                41.0715059
                            ],
                            [
                                28.6894038,
                                41.0720903
                            ],
                            [
                                28.6896318,
                                41.072335
                            ],
                            [
                                28.6899188,
                                41.0725816
                            ],
                            [
                                28.6902863,
                                41.0726989
                            ],
                            [
                                28.6905974,
                                41.0727414
                            ],
                            [
                                28.6910923,
                                41.0727808
                            ],
                            [
                                28.691766,
                                41.072823
                            ],
                            [
                                28.691139,
                                41.0735689
                            ],
                            [
                                28.6901345,
                                41.0746255
                            ],
                            [
                                28.6898251,
                                41.0749033
                            ],
                            [
                                28.6886966,
                                41.0757533
                            ],
                            [
                                28.6881715,
                                41.0761025
                            ],
                            [
                                28.6876927,
                                41.076545
                            ],
                            [
                                28.6869976,
                                41.0772436
                            ],
                            [
                                28.686905,
                                41.0773833
                            ],
                            [
                                28.6868432,
                                41.0775346
                            ],
                            [
                                28.6866887,
                                41.0776744
                            ],
                            [
                                28.6863953,
                                41.0779072
                            ],
                            [
                                28.6858547,
                                41.0784544
                            ],
                            [
                                28.6857771,
                                41.0784351
                            ],
                            [
                                28.6849788,
                                41.0792643
                            ],
                            [
                                28.6848013,
                                41.0794248
                            ],
                            [
                                28.6846417,
                                41.0794381
                            ],
                            [
                                28.6843755,
                                41.0794248
                            ],
                            [
                                28.6840207,
                                41.0794381
                            ],
                            [
                                28.683861,
                                41.0794515
                            ],
                            [
                                28.6833647,
                                41.0796997
                            ],
                            [
                                28.6828852,
                                41.0800801
                            ],
                            [
                                28.682342,
                                41.0804505
                            ],
                            [
                                28.6819449,
                                41.0807621
                            ],
                            [
                                28.6817143,
                                41.0808424
                            ],
                            [
                                28.6814304,
                                41.0810296
                            ],
                            [
                                28.6811643,
                                41.0810831
                            ],
                            [
                                28.6808449,
                                41.0812569
                            ],
                            [
                                28.6796385,
                                41.0823535
                            ],
                            [
                                28.6793014,
                                41.0824605
                            ],
                            [
                                28.6792304,
                                41.0826477
                            ],
                            [
                                28.6791019,
                                41.0830432
                            ],
                            [
                                28.6789572,
                                41.0832897
                            ],
                            [
                                28.678578,
                                41.083587
                            ],
                            [
                                28.6775615,
                                41.0840598
                            ],
                            [
                                28.6772988,
                                41.0841029
                            ],
                            [
                                28.677068,
                                41.0841892
                            ],
                            [
                                28.6765315,
                                41.084545
                            ],
                            [
                                28.6762955,
                                41.0847552
                            ],
                            [
                                28.6760165,
                                41.0852081
                            ],
                            [
                                28.6759736,
                                41.0856771
                            ],
                            [
                                28.6760165,
                                41.0858874
                            ],
                            [
                                28.6759093,
                                41.0862432
                            ],
                            [
                                28.675802,
                                41.0863726
                            ],
                            [
                                28.6756089,
                                41.0863402
                            ],
                            [
                                28.6754372,
                                41.0863241
                            ],
                            [
                                28.6750724,
                                41.0866475
                            ],
                            [
                                28.6751368,
                                41.0868254
                            ],
                            [
                                28.6748364,
                                41.0868739
                            ],
                            [
                                28.674772,
                                41.0869871
                            ],
                            [
                                28.6745574,
                                41.0870518
                            ],
                            [
                                28.6734845,
                                41.0882486
                            ],
                            [
                                28.6734202,
                                41.0886206
                            ],
                            [
                                28.6730554,
                                41.0889602
                            ],
                            [
                                28.6724546,
                                41.0890572
                            ],
                            [
                                28.6723902,
                                41.0892513
                            ],
                            [
                                28.6720254,
                                41.0892513
                            ],
                            [
                                28.6718108,
                                41.0894616
                            ],
                            [
                                28.6717679,
                                41.0900923
                            ],
                            [
                                28.671489,
                                41.0902863
                            ],
                            [
                                28.6716821,
                                41.0904157
                            ],
                            [
                                28.6717036,
                                41.0906421
                            ],
                            [
                                28.6716177,
                                41.0909332
                            ],
                            [
                                28.6713388,
                                41.0911435
                            ],
                            [
                                28.6709955,
                                41.0912728
                            ],
                            [
                                28.6709525,
                                41.091661
                            ],
                            [
                                28.6706307,
                                41.0918388
                            ],
                            [
                                28.670459,
                                41.0921784
                            ],
                            [
                                28.670459,
                                41.0925019
                            ],
                            [
                                28.6707165,
                                41.0926798
                            ],
                            [
                                28.6707165,
                                41.0933428
                            ],
                            [
                                28.6706521,
                                41.0935207
                            ],
                            [
                                28.6703303,
                                41.0936339
                            ],
                            [
                                28.6700942,
                                41.0936177
                            ],
                            [
                                28.6696436,
                                41.094216
                            ],
                            [
                                28.6693861,
                                41.0943939
                            ],
                            [
                                28.6684205,
                                41.0947659
                            ],
                            [
                                28.6683562,
                                41.0950731
                            ],
                            [
                                28.6685278,
                                41.0951863
                            ],
                            [
                                28.6687209,
                                41.0955744
                            ],
                            [
                                28.6680128,
                                41.0961404
                            ],
                            [
                                28.6673691,
                                41.0964961
                            ],
                            [
                                28.6672404,
                                41.096771
                            ],
                            [
                                28.6670687,
                                41.096771
                            ],
                            [
                                28.6668327,
                                41.0965932
                            ],
                            [
                                28.6665752,
                                41.0966578
                            ],
                            [
                                28.6665108,
                                41.0969166
                            ],
                            [
                                28.6662962,
                                41.0970783
                            ],
                            [
                                28.6660602,
                                41.0970783
                            ],
                            [
                                28.6659314,
                                41.0985174
                            ],
                            [
                                28.6642363,
                                41.1003931
                            ],
                            [
                                28.6637642,
                                41.1005387
                            ],
                            [
                                28.6635496,
                                41.100765
                            ],
                            [
                                28.6633136,
                                41.1007489
                            ],
                            [
                                28.6629917,
                                41.1007327
                            ],
                            [
                                28.6627342,
                                41.1008297
                            ],
                            [
                                28.662627,
                                41.1009752
                            ],
                            [
                                28.6624553,
                                41.1013633
                            ],
                            [
                                28.6622949,
                                41.1024971
                            ],
                            [
                                28.6615111,
                                41.1016439
                            ],
                            [
                                28.6597343,
                                41.1008071
                            ],
                            [
                                28.6589939,
                                41.0993008
                            ],
                            [
                                28.6573652,
                                41.0987429
                            ],
                            [
                                28.6561066,
                                41.1001376
                            ],
                            [
                                28.652701,
                                41.0997471
                            ],
                            [
                                28.6480369,
                                41.1014765
                            ],
                            [
                                28.6456678,
                                41.1014765
                            ],
                            [
                                28.6430789,
                                41.1035755
                            ],
                            [
                                28.6412257,
                                41.1007426
                            ],
                            [
                                28.6395951,
                                41.0981109
                            ]
                        ]
                    ]
                ]
            }
        },
        {
            "type": "Feature",
            "properties": {
                "type": "relation",
                "id": 9475458,
                "tags": {
                    "admin_level": "8",
                    "boundary": "administrative",
                    "name": "Bahçeşehir 1. Kısım Mahallesi",
                    "type": "boundary",
                    "wikidata": "Q109393583",
                    "wikipedia": "tr:Bahçeşehir 1. Kısım"
                }
            },
            "geometry": {
                "type": "MultiPolygon",
                "coordinates": [
                    [
                        [
                            [
                                28.6622949,
                                41.1024971
                            ],
                            [
                                28.6624553,
                                41.1013633
                            ],
                            [
                                28.662627,
                                41.1009752
                            ],
                            [
                                28.6627342,
                                41.1008297
                            ],
                            [
                                28.6629917,
                                41.1007327
                            ],
                            [
                                28.6633136,
                                41.1007489
                            ],
                            [
                                28.6635496,
                                41.100765
                            ],
                            [
                                28.6637642,
                                41.1005387
                            ],
                            [
                                28.6642363,
                                41.1003931
                            ],
                            [
                                28.6659314,
                                41.0985174
                            ],
                            [
                                28.6660602,
                                41.0970783
                            ],
                            [
                                28.6662962,
                                41.0970783
                            ],
                            [
                                28.6665108,
                                41.0969166
                            ],
                            [
                                28.6665752,
                                41.0966578
                            ],
                            [
                                28.6668327,
                                41.0965932
                            ],
                            [
                                28.6670687,
                                41.096771
                            ],
                            [
                                28.6672404,
                                41.096771
                            ],
                            [
                                28.6673691,
                                41.0964961
                            ],
                            [
                                28.6680128,
                                41.0961404
                            ],
                            [
                                28.6687209,
                                41.0955744
                            ],
                            [
                                28.6685278,
                                41.0951863
                            ],
                            [
                                28.6683562,
                                41.0950731
                            ],
                            [
                                28.6684205,
                                41.0947659
                            ],
                            [
                                28.6693861,
                                41.0943939
                            ],
                            [
                                28.6696436,
                                41.094216
                            ],
                            [
                                28.6700942,
                                41.0936177
                            ],
                            [
                                28.6703303,
                                41.0936339
                            ],
                            [
                                28.6706521,
                                41.0935207
                            ],
                            [
                                28.6707165,
                                41.0933428
                            ],
                            [
                                28.6707165,
                                41.0926798
                            ],
                            [
                                28.670459,
                                41.0925019
                            ],
                            [
                                28.670459,
                                41.0921784
                            ],
                            [
                                28.6706307,
                                41.0918388
                            ],
                            [
                                28.6709525,
                                41.091661
                            ],
                            [
                                28.6709955,
                                41.0912728
                            ],
                            [
                                28.6713388,
                                41.0911435
                            ],
                            [
                                28.6716177,
                                41.0909332
                            ],
                            [
                                28.6717036,
                                41.0906421
                            ],
                            [
                                28.6716821,
                                41.0904157
                            ],
                            [
                                28.671489,
                                41.0902863
                            ],
                            [
                                28.6717679,
                                41.0900923
                            ],
                            [
                                28.6718108,
                                41.0894616
                            ],
                            [
                                28.6720254,
                                41.0892513
                            ],
                            [
                                28.6723902,
                                41.0892513
                            ],
                            [
                                28.6724546,
                                41.0890572
                            ],
                            [
                                28.6730554,
                                41.0889602
                            ],
                            [
                                28.6734202,
                                41.0886206
                            ],
                            [
                                28.6734845,
                                41.0882486
                            ],
                            [
                                28.6745574,
                                41.0870518
                            ],
                            [
                                28.674772,
                                41.0869871
                            ],
                            [
                                28.6748364,
                                41.0868739
                            ],
                            [
                                28.6751368,
                                41.0868254
                            ],
                            [
                                28.6750724,
                                41.0866475
                            ],
                            [
                                28.6754372,
                                41.0863241
                            ],
                            [
                                28.6756089,
                                41.0863402
                            ],
                            [
                                28.675802,
                                41.0863726
                            ],
                            [
                                28.6759093,
                                41.0862432
                            ],
                            [
                                28.6760165,
                                41.0858874
                            ],
                            [
                                28.6759736,
                                41.0856771
                            ],
                            [
                                28.6760165,
                                41.0852081
                            ],
                            [
                                28.6762955,
                                41.0847552
                            ],
                            [
                                28.6765315,
                                41.084545
                            ],
                            [
                                28.677068,
                                41.0841892
                            ],
                            [
                                28.6772988,
                                41.0841029
                            ],
                            [
                                28.6775615,
                                41.0840598
                            ],
                            [
                                28.678578,
                                41.083587
                            ],
                            [
                                28.6789572,
                                41.0832897
                            ],
                            [
                                28.6791019,
                                41.0830432
                            ],
                            [
                                28.6792304,
                                41.0826477
                            ],
                            [
                                28.6793014,
                                41.0824605
                            ],
                            [
                                28.6796385,
                                41.0823535
                            ],
                            [
                                28.6808449,
                                41.0812569
                            ],
                            [
                                28.6811643,
                                41.0810831
                            ],
                            [
                                28.6814304,
                                41.0810296
                            ],
                            [
                                28.6817143,
                                41.0808424
                            ],
                            [
                                28.6819449,
                                41.0807621
                            ],
                            [
                                28.682342,
                                41.0804505
                            ],
                            [
                                28.6828852,
                                41.0800801
                            ],
                            [
                                28.6833647,
                                41.0796997
                            ],
                            [
                                28.683861,
                                41.0794515
                            ],
                            [
                                28.6840207,
                                41.0794381
                            ],
                            [
                                28.6843755,
                                41.0794248
                            ],
                            [
                                28.6846417,
                                41.0794381
                            ],
                            [
                                28.6848013,
                                41.0794248
                            ],
                            [
                                28.6849788,
                                41.0792643
                            ],
                            [
                                28.6857771,
                                41.0784351
                            ],
                            [
                                28.6858547,
                                41.0784544
                            ],
                            [
                                28.6863953,
                                41.0779072
                            ],
                            [
                                28.6866887,
                                41.0776744
                            ],
                            [
                                28.6868432,
                                41.0775346
                            ],
                            [
                                28.686905,
                                41.0773833
                            ],
                            [
                                28.6869976,
                                41.0772436
                            ],
                            [
                                28.6876927,
                                41.076545
                            ],
                            [
                                28.6881715,
                                41.0761025
                            ],
                            [
                                28.6886966,
                                41.0757533
                            ],
                            [
                                28.6898251,
                                41.0749033
                            ],
                            [
                                28.6901345,
                                41.0746255
                            ],
                            [
                                28.691139,
                                41.0735689
                            ],
                            [
                                28.691766,
                                41.072823
                            ],
                            [
                                28.6910923,
                                41.0727808
                            ],
                            [
                                28.6905974,
                                41.0727414
                            ],
                            [
                                28.6902863,
                                41.0726989
                            ],
                            [
                                28.6899188,
                                41.0725816
                            ],
                            [
                                28.6896318,
                                41.072335
                            ],
                            [
                                28.6894038,
                                41.0720903
                            ],
                            [
                                28.6888486,
                                41.0715059
                            ],
                            [
                                28.6882478,
                                41.0708689
                            ],
                            [
                                28.6878857,
                                41.0705717
                            ],
                            [
                                28.6876805,
                                41.0704392
                            ],
                            [
                                28.687415,
                                41.0702866
                            ],
                            [
                                28.6870864,
                                41.070143
                            ],
                            [
                                28.6868665,
                                41.0700935
                            ],
                            [
                                28.6864239,
                                41.0699964
                            ],
                            [
                                28.6859089,
                                41.0699287
                            ],
                            [
                                28.6852022,
                                41.0699135
                            ],
                            [
                                28.6848132,
                                41.069872
                            ],
                            [
                                28.6846,
                                41.0698073
                            ],
                            [
                                28.6843237,
                                41.0696607
                            ],
                            [
                                28.6841413,
                                41.0695626
                            ],
                            [
                                28.684077,
                                41.0693766
                            ],
                            [
                                28.6840287,
                                41.0692108
                            ],
                            [
                                28.6840019,
                                41.0690248
                            ],
                            [
                                28.6841226,
                                41.0684363
                            ],
                            [
                                28.6843935,
                                41.0675182
                            ],
                            [
                                28.6844578,
                                41.0672371
                            ],
                            [
                                28.6846161,
                                41.0666386
                            ],
                            [
                                28.6848575,
                                41.0656719
                            ],
                            [
                                28.685115,
                                41.0647275
                            ],
                            [
                                28.6852169,
                                41.0643291
                            ],
                            [
                                28.685268,
                                41.0641344
                            ],
                            [
                                28.6853939,
                                41.0639186
                            ],
                            [
                                28.6855629,
                                41.0637143
                            ],
                            [
                                28.6859599,
                                41.0633827
                            ],
                            [
                                28.6862656,
                                41.0631764
                            ],
                            [
                                28.6867028,
                                41.0628953
                            ],
                            [
                                28.6870086,
                                41.0627618
                            ],
                            [
                                28.6874619,
                                41.0625252
                            ],
                            [
                                28.6877435,
                                41.062325
                            ],
                            [
                                28.687934,
                                41.0621268
                            ],
                            [
                                28.6881378,
                                41.0619286
                            ],
                            [
                                28.6883014,
                                41.0616717
                            ],
                            [
                                28.6885133,
                                41.0612814
                            ],
                            [
                                28.6885697,
                                41.0608951
                            ],
                            [
                                28.6887333,
                                41.0600821
                            ],
                            [
                                28.6888231,
                                41.0598971
                            ],
                            [
                                28.6890283,
                                41.0596443
                            ],
                            [
                                28.6892496,
                                41.0594804
                            ],
                            [
                                28.689596,
                                41.0592686
                            ],
                            [
                                28.6904611,
                                41.058994
                            ],
                            [
                                28.6909366,
                                41.0588628
                            ],
                            [
                                28.6911405,
                                41.0587187
                            ],
                            [
                                28.6912008,
                                41.0584726
                            ],
                            [
                                28.6915591,
                                41.0578521
                            ],
                            [
                                28.6918378,
                                41.0579297
                            ],
                            [
                                28.6926172,
                                41.0581366
                            ],
                            [
                                28.6930576,
                                41.0582487
                            ],
                            [
                                28.6939839,
                                41.0584725
                            ],
                            [
                                28.6950003,
                                41.0586728
                            ],
                            [
                                28.6957606,
                                41.0587594
                            ],
                            [
                                28.6964337,
                                41.058827
                            ],
                            [
                                28.6972112,
                                41.0589163
                            ],
                            [
                                28.698296,
                                41.0590103
                            ],
                            [
                                28.6989248,
                                41.0590229
                            ],
                            [
                                28.6996182,
                                41.0590417
                            ],
                            [
                                28.7002237,
                                41.059046
                            ],
                            [
                                28.7003677,
                                41.0599037
                            ],
                            [
                                28.7010686,
                                41.0599517
                            ],
                            [
                                28.7004626,
                                41.0614918
                            ],
                            [
                                28.700248,
                                41.0623816
                            ],
                            [
                                28.6993195,
                                41.0645083
                            ],
                            [
                                28.7000441,
                                41.0653342
                            ],
                            [
                                28.7001836,
                                41.0655041
                            ],
                            [
                                28.7003167,
                                41.0659134
                            ],
                            [
                                28.7002212,
                                41.0683311
                            ],
                            [
                                28.700145,
                                41.0707344
                            ],
                            [
                                28.7000597,
                                41.0717772
                            ],
                            [
                                28.6996686,
                                41.0729133
                            ],
                            [
                                28.6991267,
                                41.0744788
                            ],
                            [
                                28.6985682,
                                41.0759975
                            ],
                            [
                                28.698467,
                                41.0761323
                            ],
                            [
                                28.6971074,
                                41.0769277
                            ],
                            [
                                28.6960456,
                                41.0784305
                            ],
                            [
                                28.6953568,
                                41.0794521
                            ],
                            [
                                28.6947977,
                                41.0804349
                            ],
                            [
                                28.6943416,
                                41.0813277
                            ],
                            [
                                28.6938643,
                                41.0821736
                            ],
                            [
                                28.6937263,
                                41.0826428
                            ],
                            [
                                28.6935955,
                                41.0838269
                            ],
                            [
                                28.6930889,
                                41.0855055
                            ],
                            [
                                28.6922973,
                                41.0881286
                            ],
                            [
                                28.6920508,
                                41.0893377
                            ],
                            [
                                28.6922895,
                                41.0898367
                            ],
                            [
                                28.6922443,
                                41.0901065
                            ],
                            [
                                28.6920297,
                                41.0904623
                            ],
                            [
                                28.6915362,
                                41.0907777
                            ],
                            [
                                28.6911768,
                                41.0916914
                            ],
                            [
                                28.6910427,
                                41.0919744
                            ],
                            [
                                28.6909783,
                                41.0922816
                            ],
                            [
                                28.6909836,
                                41.0924595
                            ],
                            [
                                28.691045,
                                41.0926383
                            ],
                            [
                                28.6912572,
                                41.0931711
                            ],
                            [
                                28.6914865,
                                41.0937651
                            ],
                            [
                                28.6922156,
                                41.0952259
                            ],
                            [
                                28.6925447,
                                41.0961061
                            ],
                            [
                                28.6926785,
                                41.0971311
                            ],
                            [
                                28.6927271,
                                41.0977636
                            ],
                            [
                                28.6927271,
                                41.0984912
                            ],
                            [
                                28.6924803,
                                41.1004235
                            ],
                            [
                                28.6919677,
                                41.1015001
                            ],
                            [
                                28.6920082,
                                41.1021294
                            ],
                            [
                                28.6917078,
                                41.1034634
                            ],
                            [
                                28.6913405,
                                41.1042056
                            ],
                            [
                                28.6906338,
                                41.1050029
                            ],
                            [
                                28.6898839,
                                41.1057027
                            ],
                            [
                                28.6893034,
                                41.1060842
                            ],
                            [
                                28.6885413,
                                41.1063606
                            ],
                            [
                                28.6884633,
                                41.1064969
                            ],
                            [
                                28.6883007,
                                41.1067665
                            ],
                            [
                                28.6880405,
                                41.1071586
                            ],
                            [
                                28.6879104,
                                41.1073669
                            ],
                            [
                                28.6878779,
                                41.1076365
                            ],
                            [
                                28.6878128,
                                41.1081756
                            ],
                            [
                                28.6878128,
                                41.1083104
                            ],
                            [
                                28.6876339,
                                41.1085554
                            ],
                            [
                                28.6872437,
                                41.108825
                            ],
                            [
                                28.6868371,
                                41.10907
                            ],
                            [
                                28.6865281,
                                41.1091313
                            ],
                            [
                                28.6861053,
                                41.1092416
                            ],
                            [
                                28.6857801,
                                41.1094254
                            ],
                            [
                                28.6854874,
                                41.1096459
                            ],
                            [
                                28.6851459,
                                41.1099155
                            ],
                            [
                                28.6847881,
                                41.1101115
                            ],
                            [
                                28.6845279,
                                41.1102708
                            ],
                            [
                                28.6841376,
                                41.1105526
                            ],
                            [
                                28.6838937,
                                41.1107486
                            ],
                            [
                                28.6836986,
                                41.1108712
                            ],
                            [
                                28.683536,
                                41.1108712
                            ],
                            [
                                28.6833245,
                                41.1108344
                            ],
                            [
                                28.6830644,
                                41.1108099
                            ],
                            [
                                28.682609,
                                41.1107241
                            ],
                            [
                                28.6819748,
                                41.1105404
                            ],
                            [
                                28.6816333,
                                41.1103566
                            ],
                            [
                                28.6812268,
                                41.1102218
                            ],
                            [
                                28.6807877,
                                41.1101238
                            ],
                            [
                                28.6801697,
                                41.110038
                            ],
                            [
                                28.6797144,
                                41.110038
                            ],
                            [
                                28.6792591,
                                41.110038
                            ],
                            [
                                28.6789244,
                                41.1101019
                            ],
                            [
                                28.6780636,
                                41.1102436
                            ],
                            [
                                28.6760958,
                                41.1095653
                            ],
                            [
                                28.6715797,
                                41.1081708
                            ],
                            [
                                28.6682482,
                                41.106832
                            ],
                            [
                                28.6652128,
                                41.1044332
                            ],
                            [
                                28.66351,
                                41.1038196
                            ],
                            [
                                28.6622949,
                                41.1024971
                            ]
                        ]
                    ]
                ]
            }
        }
    ]
}