{
    "type": "FeatureCollection",
    "features": [
        {
            "type": "Feature",
            "properties": {
                "type": "relation",
                "id": 9296001,
                "tags": {
                    "admin_level": "8",
                    "boundary": "administrative",
                    "name": "Vişnezade Mahallesi",
                    "network": "TR34-Mahalle",
                    "type": "boundary",
                    "wikidata": "Q6068748",
                    "wikipedia": "tr:Vişnezade"
                }
            },
            "geometry": {
                "type": "MultiPolygon",
                "coordinates": [
                    [
                        [
                            [
                                28.9928759,
                                41.0391941
                            ],
                            [
                                28.9931925,
                                41.0390912
                            ],
                            [
                                28.9932932,
                                41.0389623
                            ],
                            [
                                28.9933851,
                                41.0388695
                            ],
                            [
                                28.9936591,
                                41.0386084
                            ],
                            [
                                28.993911,
                                41.0384169
                            ],
                            [
                                28.9944023,
                                41.0380391
                            ],
                            [
                                28.9945845,
                                41.0378928
                            ],
                            [
                                28.9946822,
                                41.0377973
                            ],
                            [
                                28.9947788,
                                41.037712
                            ],
                            [
                                28.9953529,
                                41.0371773
                            ],
                            [
                                28.9957843,
                                41.0367733
                            ],
                            [
                                28.9965491,
                                41.0371426
                            ],
                            [
                                28.9967089,
                                41.0374368
                            ],
                            [
                                28.9967829,
                                41.0374971
                            ],
                            [
                                29.0024377,
                                41.0391138
                            ],
                            [
                                29.0028094,
                                41.0392218
                            ],
                            [
                                29.0034768,
                                41.0394047
                            ],
                            [
                                29.003943,
                                41.0395346
                            ],
                            [
                                29.0046394,
                                41.0397289
                            ],
                            [
                                29.0051108,
                                41.0398592
                            ],
                            [
                                29.0051664,
                                41.0398724
                            ],
                            [
                                29.0051526,
                                41.0399005
                            ],
                            [
                                29.0053088,
                                41.0399767
                            ],
                            [
                                29.0053887,
                                41.0400306
                            ],
                            [
                                29.0053625,
                                41.040134
                            ],
                            [
                                29.0053192,
                                41.0401241
                            ],
                            [
                                29.0052795,
                                41.0401186
                            ],
                            [
                                29.0052354,
                                41.0401276
                            ],
                            [
                                29.0051753,
                                41.040149
                            ],
                            [
                                29.0051465,
                                41.0401723
                            ],
                            [
                                29.0051343,
                                41.0401821
                            ],
                            [
                                29.0048991,
                                41.04038
                            ],
                            [
                                29.0045413,
                                41.0409998
                            ],
                            [
                                29.0043379,
                                41.0413522
                            ],
                            [
                                29.0042189,
                                41.0416281
                            ],
                            [
                                29.003636,
                                41.0415001
                            ],
                            [
                                29.002987,
                                41.0419727
                            ],
                            [
                                29.0028596,
                                41.0422557
                            ],
                            [
                                29.0020385,
                                41.0436864
                            ],
                            [
                                29.0018191,
                                41.0438893
                            ],
                            [
                                29.0006936,
                                41.0443964
                            ],
                            [
                                29.0006032,
                                41.0445011
                            ],
                            [
                                29.0002831,
                                41.0448716
                            ],
                            [
                                29.0002619,
                                41.0455923
                            ],
                            [
                                28.9993063,
                                41.0465265
                            ],
                            [
                                28.9982445,
                                41.0468842
                            ],
                            [
                                28.9969077,
                                41.0473789
                            ],
                            [
                                28.996136,
                                41.0464233
                            ],
                            [
                                28.9961064,
                                41.0463867
                            ],
                            [
                                28.9960378,
                                41.0458353
                            ],
                            [
                                28.9959777,
                                41.0456893
                            ],
                            [
                                28.9959457,
                                41.0456115
                            ],
                            [
                                28.995409,
                                41.0455331
                            ],
                            [
                                28.9951301,
                                41.0454643
                            ],
                            [
                                28.9959801,
                                41.0443141
                            ],
                            [
                                28.9952509,
                                41.0439911
                            ],
                            [
                                28.9953875,
                                41.043846
                            ],
                            [
                                28.9954857,
                                41.0435873
                            ],
                            [
                                28.9954251,
                                41.0434495
                            ],
                            [
                                28.9955509,
                                41.0430721
                            ],
                            [
                                28.9952463,
                                41.0430485
                            ],
                            [
                                28.9944971,
                                41.0426848
                            ],
                            [
                                28.994261,
                                41.0426646
                            ],
                            [
                                28.994222,
                                41.0427114
                            ],
                            [
                                28.9932298,
                                41.0422569
                            ],
                            [
                                28.993113,
                                41.042086
                            ],
                            [
                                28.9930658,
                                41.0418652
                            ],
                            [
                                28.9932259,
                                41.0415167
                            ],
                            [
                                28.9932731,
                                41.0412306
                            ],
                            [
                                28.993276,
                                41.0410453
                            ],
                            [
                                28.993262,
                                41.0408033
                            ],
                            [
                                28.9932232,
                                41.0406729
                            ],
                            [
                                28.9922655,
                                41.0398121
                            ],
                            [
                                28.9919919,
                                41.0396786
                            ],
                            [
                                28.9919114,
                                41.0393428
                            ],
                            [
                                28.9928759,
                                41.0391941
                            ]
                        ]
                    ]
                ]
            }
        },
        {
            "type": "Feature",
            "properties": {
                "type": "relation",
                "id": 9327636,
                "tags": {
                    "admin_level": "8",
                    "boundary": "administrative",
                    "name": "Muradiye Mahallesi",
                    "type": "boundary",
                    "wikidata": "Q6071773",
                    "wikipedia": "tr:Muradiye, Beşiktaş"
                }
            },
            "geometry": {
                "type": "MultiPolygon",
                "coordinates": [
                    [
                        [
                            [
                                28.9969077,
                                41.0473789
                            ],
                            [
                                28.9982445,
                                41.0468842
                            ],
                            [
                                28.9993063,
                                41.0465265
                            ],
                            [
                                29.0002619,
                                41.0455923
                            ],
                            [
                                29.0002752,
                                41.0457899
                            ],
                            [
                                29.0003193,
                                41.0462893
                            ],
                            [
                                29.0000438,
                                41.0476717
                            ],
                            [
                                29.0006928,
                                41.0488854
                            ],
                            [
                                29.0007601,
                                41.0490403
                            ],
                            [
                                29.0008202,
                                41.0491714
                            ],
                            [
                                29.0002316,
                                41.0494574
                            ],
                            [
                                28.9997103,
                                41.0496462
                            ],
                            [
                                28.9987083,
                                41.0498794
                            ],
                            [
                                28.998374,
                                41.0499111
                            ],
                            [
                                28.9982304,
                                41.0497948
                            ],
                            [
                                28.9982238,
                                41.049693
                            ],
                            [
                                28.9976025,
                                41.0485879
                            ],
                            [
                                28.9972938,
                                41.047999
                            ],
                            [
                                28.9969077,
                                41.0473789
                            ]
                        ]
                    ]
                ]
            }
        },
        {
            "type": "Feature",
            "properties": {
                "type": "relation",
                "id": 9327651,
                "tags": {
                    "admin_level": "8",
                    "boundary": "administrative",
                    "name": "Türkali Mahallesi",
                    "type": "boundary",
                    "wikidata": "Q6066337",
                    "wikipedia": "tr:Türkali, Beşiktaş"
                }
            },
            "geometry": {
                "type": "MultiPolygon",
                "coordinates": [
                    [
                        [
                            [
                                29.0002619,
                                41.0455923
                            ],
                            [
                                29.0002831,
                                41.0448716
                            ],
                            [
                                29.0006032,
                                41.0445011
                            ],
                            [
                                29.0008081,
                                41.0445342
                            ],
                            [
                                29.0019778,
                                41.0445703
                            ],
                            [
                                29.0023423,
                                41.0445316
                            ],
                            [
                                29.0029263,
                                41.0445302
                            ],
                            [
                                29.0030024,
                                41.0444075
                            ],
                            [
                                29.0045331,
                                41.0448572
                            ],
                            [
                                29.0045756,
                                41.0446437
                            ],
                            [
                                29.0046145,
                                41.0445796
                            ],
                            [
                                29.0048354,
                                41.0448865
                            ],
                            [
                                29.0049843,
                                41.0450934
                            ],
                            [
                                29.0053188,
                                41.0454378
                            ],
                            [
                                29.0053564,
                                41.0455235
                            ],
                            [
                                29.0054988,
                                41.0456107
                            ],
                            [
                                29.0055969,
                                41.0458202
                            ],
                            [
                                29.0056482,
                                41.0460905
                            ],
                            [
                                29.0056634,
                                41.046227
                            ],
                            [
                                29.0056786,
                                41.0464956
                            ],
                            [
                                29.0057091,
                                41.0467356
                            ],
                            [
                                29.0050331,
                                41.0467743
                            ],
                            [
                                29.0047641,
                                41.0468144
                            ],
                            [
                                29.0043713,
                                41.0468838
                            ],
                            [
                                29.0043023,
                                41.0469652
                            ],
                            [
                                29.0042262,
                                41.047144
                            ],
                            [
                                29.0039501,
                                41.0470306
                            ],
                            [
                                29.0035537,
                                41.0469438
                            ],
                            [
                                29.0033361,
                                41.0468557
                            ],
                            [
                                29.0032051,
                                41.0476058
                            ],
                            [
                                29.0031857,
                                41.0480288
                            ],
                            [
                                29.0032246,
                                41.0488829
                            ],
                            [
                                29.0032193,
                                41.0490046
                            ],
                            [
                                29.0031874,
                                41.0491485
                            ],
                            [
                                29.0032069,
                                41.0493634
                            ],
                            [
                                29.0033768,
                                41.0496983
                            ],
                            [
                                29.0036015,
                                41.0498732
                            ],
                            [
                                29.0038158,
                                41.0500007
                            ],
                            [
                                29.0038065,
                                41.050086
                            ],
                            [
                                29.0036694,
                                41.0507403
                            ],
                            [
                                29.0035997,
                                41.0509434
                            ],
                            [
                                29.0031445,
                                41.0509785
                            ],
                            [
                                29.0027261,
                                41.0510918
                            ],
                            [
                                29.0014493,
                                41.0522366
                            ],
                            [
                                29.0009934,
                                41.0521112
                            ],
                            [
                                29.00027,
                                41.0520433
                            ],
                            [
                                29.0010478,
                                41.0502624
                            ],
                            [
                                29.0009826,
                                41.0497851
                            ],
                            [
                                29.0008202,
                                41.0491714
                            ],
                            [
                                29.0007601,
                                41.0490403
                            ],
                            [
                                29.0006928,
                                41.0488854
                            ],
                            [
                                29.0000438,
                                41.0476717
                            ],
                            [
                                29.0003193,
                                41.0462893
                            ],
                            [
                                29.0002752,
                                41.0457899
                            ],
                            [
                                29.0002619,
                                41.0455923
                            ]
                        ]
                    ]
                ]
            }
        },
        {
            "type": "Feature",
            "properties": {
                "type": "relation",
                "id": 9327671,
                "tags": {
                    "admin_level": "8",
                    "boundary": "administrative",
                    "name": "Sinanpaşa Mahallesi",
                    "type": "boundary",
                    "wikidata": "Q6081972",
                    "wikipedia": "tr:Sinanpaşa, Beşiktaş"
                }
            },
            "geometry": {
                "type": "MultiPolygon",
                "coordinates": [
                    [
                        [
                            [
                                29.0006032,
                                41.0445011
                            ],
                            [
                                29.0006936,
                                41.0443964
                            ],
                            [
                                29.0018191,
                                41.0438893
                            ],
                            [
                                29.0020385,
                                41.0436864
                            ],
                            [
                                29.0028596,
                                41.0422557
                            ],
                            [
                                29.002987,
                                41.0419727
                            ],
                            [
                                29.003636,
                                41.0415001
                            ],
                            [
                                29.0042189,
                                41.0416281
                            ],
                            [
                                29.0043379,
                                41.0413522
                            ],
                            [
                                29.0045413,
                                41.0409998
                            ],
                            [
                                29.0048991,
                                41.04038
                            ],
                            [
                                29.0051343,
                                41.0401821
                            ],
                            [
                                29.0051465,
                                41.0401723
                            ],
                            [
                                29.0051753,
                                41.040149
                            ],
                            [
                                29.0052354,
                                41.0401276
                            ],
                            [
                                29.0052795,
                                41.0401186
                            ],
                            [
                                29.0053192,
                                41.0401241
                            ],
                            [
                                29.0053625,
                                41.040134
                            ],
                            [
                                29.0053887,
                                41.0400306
                            ],
                            [
                                29.0054036,
                                41.0400185
                            ],
                            [
                                29.005381,
                                41.0400011
                            ],
                            [
                                29.0054808,
                                41.0399271
                            ],
                            [
                                29.005501,
                                41.0399427
                            ],
                            [
                                29.0055722,
                                41.0398899
                            ],
                            [
                                29.0057053,
                                41.0399916
                            ],
                            [
                                29.0057803,
                                41.0400496
                            ],
                            [
                                29.0055941,
                                41.0401876
                            ],
                            [
                                29.0055551,
                                41.0402187
                            ],
                            [
                                29.0056534,
                                41.0402852
                            ],
                            [
                                29.0060069,
                                41.0405712
                            ],
                            [
                                29.0061336,
                                41.0404932
                            ],
                            [
                                29.0063215,
                                41.0406884
                            ],
                            [
                                29.0062383,
                                41.0407511
                            ],
                            [
                                29.0063153,
                                41.0408092
                            ],
                            [
                                29.0064333,
                                41.0407144
                            ],
                            [
                                29.0066393,
                                41.0408698
                            ],
                            [
                                29.0071999,
                                41.040969
                            ],
                            [
                                29.0072475,
                                41.0407981
                            ],
                            [
                                29.0074193,
                                41.0408253
                            ],
                            [
                                29.0075844,
                                41.0408515
                            ],
                            [
                                29.0074739,
                                41.0412477
                            ],
                            [
                                29.0077801,
                                41.0413118
                            ],
                            [
                                29.0079942,
                                41.0413569
                            ],
                            [
                                29.0080414,
                                41.0412285
                            ],
                            [
                                29.0081243,
                                41.0412458
                            ],
                            [
                                29.0082745,
                                41.0412749
                            ],
                            [
                                29.0081829,
                                41.0424358
                            ],
                            [
                                29.00659,
                                41.0420792
                            ],
                            [
                                29.006665,
                                41.0423456
                            ],
                            [
                                29.0069288,
                                41.0428413
                            ],
                            [
                                29.0063166,
                                41.0432231
                            ],
                            [
                                29.0061644,
                                41.0433565
                            ],
                            [
                                29.0062989,
                                41.043877
                            ],
                            [
                                29.0063674,
                                41.0439795
                            ],
                            [
                                29.0064774,
                                41.0442094
                            ],
                            [
                                29.0065329,
                                41.044537
                            ],
                            [
                                29.0064744,
                                41.0447868
                            ],
                            [
                                29.0063557,
                                41.0448798
                            ],
                            [
                                29.0061478,
                                41.0449995
                            ],
                            [
                                29.0059317,
                                41.0450272
                            ],
                            [
                                29.0056485,
                                41.0449416
                            ],
                            [
                                29.0056736,
                                41.0447305
                            ],
                            [
                                29.005385,
                                41.0446431
                            ],
                            [
                                29.0050679,
                                41.0447903
                            ],
                            [
                                29.0048354,
                                41.0448865
                            ],
                            [
                                29.0046145,
                                41.0445796
                            ],
                            [
                                29.0045756,
                                41.0446437
                            ],
                            [
                                29.0045331,
                                41.0448572
                            ],
                            [
                                29.0030024,
                                41.0444075
                            ],
                            [
                                29.0029263,
                                41.0445302
                            ],
                            [
                                29.0023423,
                                41.0445316
                            ],
                            [
                                29.0019778,
                                41.0445703
                            ],
                            [
                                29.0008081,
                                41.0445342
                            ],
                            [
                                29.0006032,
                                41.0445011
                            ]
                        ]
                    ]
                ]
            }
        },
        {
            "type": "Feature",
            "properties": {
                "type": "relation",
                "id": 9327672,
                "tags": {
                    "admin_level": "8",
                    "boundary": "administrative",
                    "name": "Cihannüma Mahallesi",
                    "type": "boundary",
                    "wikidata": "Q6070605",
                    "wikipedia": "tr:Cihannüma, Beşiktaş"
                }
            },
            "geometry": {
                "type": "MultiPolygon",
                "coordinates": [
                    [
                        [
                            [
                                29.0048354,
                                41.0448865
                            ],
                            [
                                29.0050679,
                                41.0447903
                            ],
                            [
                                29.005385,
                                41.0446431
                            ],
                            [
                                29.0056736,
                                41.0447305
                            ],
                            [
                                29.0056485,
                                41.0449416
                            ],
                            [
                                29.0059317,
                                41.0450272
                            ],
                            [
                                29.0061478,
                                41.0449995
                            ],
                            [
                                29.0063557,
                                41.0448798
                            ],
                            [
                                29.0064744,
                                41.0447868
                            ],
                            [
                                29.0065329,
                                41.044537
                            ],
                            [
                                29.0064774,
                                41.0442094
                            ],
                            [
                                29.0063674,
                                41.0439795
                            ],
                            [
                                29.0062989,
                                41.043877
                            ],
                            [
                                29.0061644,
                                41.0433565
                            ],
                            [
                                29.0063166,
                                41.0432231
                            ],
                            [
                                29.0069288,
                                41.0428413
                            ],
                            [
                                29.006665,
                                41.0423456
                            ],
                            [
                                29.00659,
                                41.0420792
                            ],
                            [
                                29.0081829,
                                41.0424358
                            ],
                            [
                                29.007709,
                                41.0435642
                            ],
                            [
                                29.0085934,
                                41.0435644
                            ],
                            [
                                29.0088811,
                                41.0441528
                            ],
                            [
                                29.0101902,
                                41.0458882
                            ],
                            [
                                29.010239,
                                41.0462623
                            ],
                            [
                                29.010426,
                                41.0469859
                            ],
                            [
                                29.0105235,
                                41.0471453
                            ],
                            [
                                29.0107756,
                                41.0481448
                            ],
                            [
                                29.0107105,
                                41.0487764
                            ],
                            [
                                29.0105805,
                                41.0487887
                            ],
                            [
                                29.0105154,
                                41.0491076
                            ],
                            [
                                29.0105398,
                                41.0498986
                            ],
                            [
                                29.0104175,
                                41.0499388
                            ],
                            [
                                29.0088958,
                                41.0500559
                            ],
                            [
                                29.0082616,
                                41.0500483
                            ],
                            [
                                29.0077006,
                                41.0502966
                            ],
                            [
                                29.0073181,
                                41.0506522
                            ],
                            [
                                29.0070204,
                                41.0502849
                            ],
                            [
                                29.0066282,
                                41.0498182
                            ],
                            [
                                29.0064414,
                                41.0495241
                            ],
                            [
                                29.0062849,
                                41.049253
                            ],
                            [
                                29.0061612,
                                41.0488673
                            ],
                            [
                                29.0059767,
                                41.0482387
                            ],
                            [
                                29.0057479,
                                41.0475061
                            ],
                            [
                                29.0057091,
                                41.0467356
                            ],
                            [
                                29.0056786,
                                41.0464956
                            ],
                            [
                                29.0056634,
                                41.046227
                            ],
                            [
                                29.0056482,
                                41.0460905
                            ],
                            [
                                29.0055969,
                                41.0458202
                            ],
                            [
                                29.0054988,
                                41.0456107
                            ],
                            [
                                29.0053564,
                                41.0455235
                            ],
                            [
                                29.0053188,
                                41.0454378
                            ],
                            [
                                29.0049843,
                                41.0450934
                            ],
                            [
                                29.0048354,
                                41.0448865
                            ]
                        ]
                    ]
                ]
            }
        },
        {
            "type": "Feature",
            "properties": {
                "type": "relation",
                "id": 9327673,
                "tags": {
                    "admin_level": "8",
                    "boundary": "administrative",
                    "name": "Abbasağa Mahallesi",
                    "type": "boundary",
                    "wikidata": "Q6070443",
                    "wikipedia": "tr:Abbasağa"
                }
            },
            "geometry": {
                "type": "MultiPolygon",
                "coordinates": [
                    [
                        [
                            [
                                29.0035997,
                                41.0509434
                            ],
                            [
                                29.0036694,
                                41.0507403
                            ],
                            [
                                29.0038065,
                                41.050086
                            ],
                            [
                                29.0038158,
                                41.0500007
                            ],
                            [
                                29.0036015,
                                41.0498732
                            ],
                            [
                                29.0033768,
                                41.0496983
                            ],
                            [
                                29.0032069,
                                41.0493634
                            ],
                            [
                                29.0031874,
                                41.0491485
                            ],
                            [
                                29.0032193,
                                41.0490046
                            ],
                            [
                                29.0032246,
                                41.0488829
                            ],
                            [
                                29.0031857,
                                41.0480288
                            ],
                            [
                                29.0032051,
                                41.0476058
                            ],
                            [
                                29.0033361,
                                41.0468557
                            ],
                            [
                                29.0035537,
                                41.0469438
                            ],
                            [
                                29.0039501,
                                41.0470306
                            ],
                            [
                                29.0042262,
                                41.047144
                            ],
                            [
                                29.0043023,
                                41.0469652
                            ],
                            [
                                29.0043713,
                                41.0468838
                            ],
                            [
                                29.0047641,
                                41.0468144
                            ],
                            [
                                29.0050331,
                                41.0467743
                            ],
                            [
                                29.0057091,
                                41.0467356
                            ],
                            [
                                29.0057479,
                                41.0475061
                            ],
                            [
                                29.0059767,
                                41.0482387
                            ],
                            [
                                29.0061612,
                                41.0488673
                            ],
                            [
                                29.0062849,
                                41.049253
                            ],
                            [
                                29.0064414,
                                41.0495241
                            ],
                            [
                                29.0066282,
                                41.0498182
                            ],
                            [
                                29.0070204,
                                41.0502849
                            ],
                            [
                                29.0073181,
                                41.0506522
                            ],
                            [
                                29.0074768,
                                41.0507611
                            ],
                            [
                                29.0080439,
                                41.0510438
                            ],
                            [
                                29.008001,
                                41.0511482
                            ],
                            [
                                29.0071909,
                                41.0516671
                            ],
                            [
                                29.0069831,
                                41.051764
                            ],
                            [
                                29.0066585,
                                41.0518327
                            ],
                            [
                                29.0065651,
                                41.0519101
                            ],
                            [
                                29.0064929,
                                41.0523227
                            ],
                            [
                                29.0063026,
                                41.0524166
                            ],
                            [
                                29.0060563,
                                41.052433
                            ],
                            [
                                29.0056008,
                                41.0522782
                            ],
                            [
                                29.0052949,
                                41.0520017
                            ],
                            [
                                29.0045598,
                                41.051392
                            ],
                            [
                                29.0039767,
                                41.0511316
                            ],
                            [
                                29.0035997,
                                41.0509434
                            ]
                        ]
                    ]
                ]
            }
        },
        {
            "type": "Feature",
            "properties": {
                "type": "relation",
                "id": 9335346,
                "tags": {
                    "admin_level": "8",
                    "boundary": "administrative",
                    "name": "Gayrettepe Mahallesi",
                    "type": "boundary",
                    "wikidata": "Q6078425",
                    "wikipedia": "tr:Gayrettepe"
                }
            },
            "geometry": {
                "type": "MultiPolygon",
                "coordinates": [
                    [
                        [
                            [
                                29.0010525,
                                41.0577396
                            ],
                            [
                                29.001796,
                                41.0582031
                            ],
                            [
                                29.0020647,
                                41.0582943
                            ],
                            [
                                29.0024287,
                                41.0582677
                            ],
                            [
                                29.0028087,
                                41.0581927
                            ],
                            [
                                29.0035839,
                                41.0583547
                            ],
                            [
                                29.0038641,
                                41.0585378
                            ],
                            [
                                29.0048542,
                                41.0591223
                            ],
                            [
                                29.0069455,
                                41.0611151
                            ],
                            [
                                29.0073666,
                                41.0605872
                            ],
                            [
                                29.007899,
                                41.0596012
                            ],
                            [
                                29.0080192,
                                41.0592227
                            ],
                            [
                                29.0080949,
                                41.0590534
                            ],
                            [
                                29.0085061,
                                41.0586293
                            ],
                            [
                                29.0091301,
                                41.0579946
                            ],
                            [
                                29.0092824,
                                41.057646
                            ],
                            [
                                29.0100857,
                                41.0574963
                            ],
                            [
                                29.010305,
                                41.0582108
                            ],
                            [
                                29.0105515,
                                41.0588899
                            ],
                            [
                                29.0108294,
                                41.0598866
                            ],
                            [
                                29.0109014,
                                41.0601048
                            ],
                            [
                                29.0116056,
                                41.0622871
                            ],
                            [
                                29.0116901,
                                41.0627445
                            ],
                            [
                                29.0113064,
                                41.0631904
                            ],
                            [
                                29.0110819,
                                41.0633003
                            ],
                            [
                                29.010999,
                                41.063373
                            ],
                            [
                                29.0099603,
                                41.0643905
                            ],
                            [
                                29.0093082,
                                41.065047
                            ],
                            [
                                29.0090024,
                                41.065318
                            ],
                            [
                                29.0085382,
                                41.0656546
                            ],
                            [
                                29.0079537,
                                41.066042
                            ],
                            [
                                29.0076154,
                                41.066305
                            ],
                            [
                                29.0073766,
                                41.0664389
                            ],
                            [
                                29.0072071,
                                41.0664668
                            ],
                            [
                                29.0071466,
                                41.0664115
                            ],
                            [
                                29.0070921,
                                41.0662991
                            ],
                            [
                                29.0068345,
                                41.0663289
                            ],
                            [
                                29.0060723,
                                41.0663829
                            ],
                            [
                                29.0052943,
                                41.0664563
                            ],
                            [
                                29.0044695,
                                41.0665395
                            ],
                            [
                                29.0039787,
                                41.0666022
                            ],
                            [
                                29.0037518,
                                41.0666271
                            ],
                            [
                                29.0031966,
                                41.066595
                            ],
                            [
                                29.0031552,
                                41.0661471
                            ],
                            [
                                29.0031085,
                                41.0657512
                            ],
                            [
                                29.0030104,
                                41.0654758
                            ],
                            [
                                29.0028317,
                                41.0651066
                            ],
                            [
                                29.0025477,
                                41.0645762
                            ],
                            [
                                29.0024364,
                                41.0644323
                            ],
                            [
                                29.0025008,
                                41.06423
                            ],
                            [
                                29.0022305,
                                41.0634427
                            ],
                            [
                                29.0018865,
                                41.0633442
                            ],
                            [
                                29.0017204,
                                41.0631974
                            ],
                            [
                                29.0015439,
                                41.0624322
                            ],
                            [
                                29.0014011,
                                41.0617021
                            ],
                            [
                                29.0013823,
                                41.061334
                            ],
                            [
                                29.0013986,
                                41.0607156
                            ],
                            [
                                29.0013206,
                                41.0602277
                            ],
                            [
                                29.0012779,
                                41.0596096
                            ],
                            [
                                29.0012229,
                                41.0585948
                            ],
                            [
                                29.0011597,
                                41.0581547
                            ],
                            [
                                29.0010525,
                                41.0577396
                            ]
                        ]
                    ]
                ]
            }
        },
        {
            "type": "Feature",
            "properties": {
                "type": "relation",
                "id": 9335348,
                "tags": {
                    "admin_level": "8",
                    "boundary": "administrative",
                    "name": "Balmumcu Mahallesi",
                    "type": "boundary",
                    "wikidata": "Q6093871",
                    "wikipedia": "tr:Balmumcu"
                }
            },
            "geometry": {
                "type": "MultiPolygon",
                "coordinates": [
                    [
                        [
                            [
                                29.0098317,
                                41.0566827
                            ],
                            [
                                29.0103447,
                                41.0565318
                            ],
                            [
                                29.0135419,
                                41.0572519
                            ],
                            [
                                29.0138208,
                                41.0571224
                            ],
                            [
                                29.0142929,
                                41.0565966
                            ],
                            [
                                29.0172338,
                                41.05561
                            ],
                            [
                                29.0175296,
                                41.0554194
                            ],
                            [
                                29.0176898,
                                41.0552289
                            ],
                            [
                                29.0190393,
                                41.0546992
                            ],
                            [
                                29.0193351,
                                41.054662
                            ],
                            [
                                29.0202533,
                                41.0543693
                            ],
                            [
                                29.0205552,
                                41.0543739
                            ],
                            [
                                29.0212515,
                                41.0546016
                            ],
                            [
                                29.0216767,
                                41.0545645
                            ],
                            [
                                29.0218431,
                                41.0544576
                            ],
                            [
                                29.02241,
                                41.053979
                            ],
                            [
                                29.0230508,
                                41.0538256
                            ],
                            [
                                29.0229831,
                                41.0552429
                            ],
                            [
                                29.0219168,
                                41.0558845
                            ],
                            [
                                29.0213165,
                                41.0562151
                            ],
                            [
                                29.0203118,
                                41.056762
                            ],
                            [
                                29.0195839,
                                41.0571775
                            ],
                            [
                                29.0180405,
                                41.058073
                            ],
                            [
                                29.0175978,
                                41.0584032
                            ],
                            [
                                29.0171722,
                                41.0588068
                            ],
                            [
                                29.0167963,
                                41.0592017
                            ],
                            [
                                29.0165395,
                                41.0596112
                            ],
                            [
                                29.0162787,
                                41.0600846
                            ],
                            [
                                29.0160067,
                                41.0608121
                            ],
                            [
                                29.0157452,
                                41.061805
                            ],
                            [
                                29.0153062,
                                41.0635867
                            ],
                            [
                                29.0148112,
                                41.064629
                            ],
                            [
                                29.0142026,
                                41.0653983
                            ],
                            [
                                29.0146905,
                                41.0657968
                            ],
                            [
                                29.0148224,
                                41.0659709
                            ],
                            [
                                29.0148981,
                                41.0661172
                            ],
                            [
                                29.0149374,
                                41.066266
                            ],
                            [
                                29.0149346,
                                41.0664076
                            ],
                            [
                                29.0149237,
                                41.0665152
                            ],
                            [
                                29.0148885,
                                41.0666682
                            ],
                            [
                                29.0148113,
                                41.0668307
                            ],
                            [
                                29.0147265,
                                41.066935
                            ],
                            [
                                29.0146122,
                                41.0670562
                            ],
                            [
                                29.0145346,
                                41.0671185
                            ],
                            [
                                29.0143898,
                                41.0672262
                            ],
                            [
                                29.0141132,
                                41.0673815
                            ],
                            [
                                29.0140319,
                                41.0676941
                            ],
                            [
                                29.0144761,
                                41.0689954
                            ],
                            [
                                29.0137203,
                                41.0675184
                            ],
                            [
                                29.0134304,
                                41.0668937
                            ],
                            [
                                29.0129461,
                                41.0659182
                            ],
                            [
                                29.0128044,
                                41.0656327
                            ],
                            [
                                29.0123968,
                                41.0647485
                            ],
                            [
                                29.0121531,
                                41.0640531
                            ],
                            [
                                29.0117426,
                                41.0628797
                            ],
                            [
                                29.0116901,
                                41.0627445
                            ],
                            [
                                29.0116056,
                                41.0622871
                            ],
                            [
                                29.0109014,
                                41.0601048
                            ],
                            [
                                29.0108294,
                                41.0598866
                            ],
                            [
                                29.0105515,
                                41.0588899
                            ],
                            [
                                29.010305,
                                41.0582108
                            ],
                            [
                                29.0100857,
                                41.0574963
                            ],
                            [
                                29.0098317,
                                41.0566827
                            ]
                        ]
                    ]
                ]
            }
        },
        {
            "type": "Feature",
            "properties": {
                "type": "relation",
                "id": 9335349,
                "tags": {
                    "admin_level": "8",
                    "boundary": "administrative",
                    "name": "Dikilitaş Mahallesi",
                    "type": "boundary",
                    "wikidata": "Q6069543",
                    "wikipedia": "tr:Dikilitaş, Beşiktaş"
                }
            },
            "geometry": {
                "type": "MultiPolygon",
                "coordinates": [
                    [
                        [
                            [
                                28.9987099,
                                41.0555261
                            ],
                            [
                                28.9989855,
                                41.0551461
                            ],
                            [
                                28.999325,
                                41.0544575
                            ],
                            [
                                28.9995933,
                                41.053972
                            ],
                            [
                                28.9996791,
                                41.053794
                            ],
                            [
                                28.9998053,
                                41.0536163
                            ],
                            [
                                29.0001297,
                                41.0533248
                            ],
                            [
                                29.0005267,
                                41.0530012
                            ],
                            [
                                29.0014493,
                                41.0522366
                            ],
                            [
                                29.0027261,
                                41.0510918
                            ],
                            [
                                29.0031445,
                                41.0509785
                            ],
                            [
                                29.0035997,
                                41.0509434
                            ],
                            [
                                29.0039767,
                                41.0511316
                            ],
                            [
                                29.0045598,
                                41.051392
                            ],
                            [
                                29.0052949,
                                41.0520017
                            ],
                            [
                                29.0056008,
                                41.0522782
                            ],
                            [
                                29.0060563,
                                41.052433
                            ],
                            [
                                29.0063026,
                                41.0524166
                            ],
                            [
                                29.0064929,
                                41.0523227
                            ],
                            [
                                29.0065651,
                                41.0519101
                            ],
                            [
                                29.0066585,
                                41.0518327
                            ],
                            [
                                29.0069831,
                                41.051764
                            ],
                            [
                                29.0071909,
                                41.0516671
                            ],
                            [
                                29.008001,
                                41.0511482
                            ],
                            [
                                29.0080439,
                                41.0510438
                            ],
                            [
                                29.0086997,
                                41.0512263
                            ],
                            [
                                29.0096608,
                                41.0559674
                            ],
                            [
                                29.0098317,
                                41.0566827
                            ],
                            [
                                29.0100857,
                                41.0574963
                            ],
                            [
                                29.0092824,
                                41.057646
                            ],
                            [
                                29.0091301,
                                41.0579946
                            ],
                            [
                                29.0085061,
                                41.0586293
                            ],
                            [
                                29.0080949,
                                41.0590534
                            ],
                            [
                                29.0080192,
                                41.0592227
                            ],
                            [
                                29.007899,
                                41.0596012
                            ],
                            [
                                29.0073666,
                                41.0605872
                            ],
                            [
                                29.0069455,
                                41.0611151
                            ],
                            [
                                29.0048542,
                                41.0591223
                            ],
                            [
                                29.0038641,
                                41.0585378
                            ],
                            [
                                29.0035839,
                                41.0583547
                            ],
                            [
                                29.0028087,
                                41.0581927
                            ],
                            [
                                29.0024287,
                                41.0582677
                            ],
                            [
                                29.0020647,
                                41.0582943
                            ],
                            [
                                29.001796,
                                41.0582031
                            ],
                            [
                                29.0010525,
                                41.0577396
                            ],
                            [
                                28.9987099,
                                41.0555261
                            ]
                        ]
                    ]
                ]
            }
        },
        {
            "type": "Feature",
            "properties": {
                "type": "relation",
                "id": 9335350,
                "tags": {
                    "admin_level": "8",
                    "boundary": "administrative",
                    "name": "Yıldız Mahallesi",
                    "type": "boundary",
                    "wikidata": "Q3100907",
                    "wikimedia_commons": "Category:Yıldız",
                    "wikipedia": "tr:Yıldız, Beşiktaş"
                }
            },
            "geometry": {
                "type": "MultiPolygon",
                "coordinates": [
                    [
                        [
                            [
                                29.0073181,
                                41.0506522
                            ],
                            [
                                29.0077006,
                                41.0502966
                            ],
                            [
                                29.0082616,
                                41.0500483
                            ],
                            [
                                29.0088958,
                                41.0500559
                            ],
                            [
                                29.0104175,
                                41.0499388
                            ],
                            [
                                29.0105398,
                                41.0498986
                            ],
                            [
                                29.0105154,
                                41.0491076
                            ],
                            [
                                29.0105805,
                                41.0487887
                            ],
                            [
                                29.0107105,
                                41.0487764
                            ],
                            [
                                29.0107756,
                                41.0481448
                            ],
                            [
                                29.0105235,
                                41.0471453
                            ],
                            [
                                29.010426,
                                41.0469859
                            ],
                            [
                                29.010239,
                                41.0462623
                            ],
                            [
                                29.0101902,
                                41.0458882
                            ],
                            [
                                29.0088811,
                                41.0441528
                            ],
                            [
                                29.0085934,
                                41.0435644
                            ],
                            [
                                29.007709,
                                41.0435642
                            ],
                            [
                                29.0081829,
                                41.0424358
                            ],
                            [
                                29.0082745,
                                41.0412749
                            ],
                            [
                                29.0083314,
                                41.0410779
                            ],
                            [
                                29.0090409,
                                41.0412136
                            ],
                            [
                                29.0090691,
                                41.0411584
                            ],
                            [
                                29.0096968,
                                41.0412245
                            ],
                            [
                                29.0100562,
                                41.041298
                            ],
                            [
                                29.0106168,
                                41.041472
                            ],
                            [
                                29.010598,
                                41.0415165
                            ],
                            [
                                29.0104639,
                                41.0414922
                            ],
                            [
                                29.0104023,
                                41.0416404
                            ],
                            [
                                29.0104759,
                                41.0416661
                            ],
                            [
                                29.0108552,
                                41.0417961
                            ],
                            [
                                29.0109662,
                                41.0416033
                            ],
                            [
                                29.012833,
                                41.0421967
                            ],
                            [
                                29.0127687,
                                41.0423049
                            ],
                            [
                                29.0129404,
                                41.042291
                            ],
                            [
                                29.0129457,
                                41.0422708
                            ],
                            [
                                29.0129913,
                                41.0422668
                            ],
                            [
                                29.0129967,
                                41.0422931
                            ],
                            [
                                29.0130718,
                                41.0422748
                            ],
                            [
                                29.0169074,
                                41.0434987
                            ],
                            [
                                29.0168671,
                                41.0436181
                            ],
                            [
                                29.0181482,
                                41.0440435
                            ],
                            [
                                29.0180342,
                                41.0442735
                            ],
                            [
                                29.0181267,
                                41.0443921
                            ],
                            [
                                29.0180127,
                                41.0445989
                            ],
                            [
                                29.0181482,
                                41.0446523
                            ],
                            [
                                29.0182807,
                                41.0444571
                            ],
                            [
                                29.0183911,
                                41.0445143
                            ],
                            [
                                29.0184376,
                                41.0444728
                            ],
                            [
                                29.0185003,
                                41.0445078
                            ],
                            [
                                29.0184574,
                                41.0445487
                            ],
                            [
                                29.0196768,
                                41.04521
                            ],
                            [
                                29.0209152,
                                41.0457151
                            ],
                            [
                                29.0211415,
                                41.045803
                            ],
                            [
                                29.0211553,
                                41.0457782
                            ],
                            [
                                29.0234829,
                                41.0467071
                            ],
                            [
                                29.024658,
                                41.0471725
                            ],
                            [
                                29.024892,
                                41.0472568
                            ],
                            [
                                29.0251706,
                                41.0472625
                            ],
                            [
                                29.0255375,
                                41.0473154
                            ],
                            [
                                29.0256169,
                                41.0473709
                            ],
                            [
                                29.0256389,
                                41.0473774
                            ],
                            [
                                29.0256329,
                                41.0474069
                            ],
                            [
                                29.0241982,
                                41.0486805
                            ],
                            [
                                29.0240133,
                                41.0486828
                            ],
                            [
                                29.0238593,
                                41.048627
                            ],
                            [
                                29.0235542,
                                41.0485504
                            ],
                            [
                                29.0227901,
                                41.0486084
                            ],
                            [
                                29.0212373,
                                41.048469
                            ],
                            [
                                29.0209169,
                                41.0484992
                            ],
                            [
                                29.0206704,
                                41.0486108
                            ],
                            [
                                29.0205194,
                                41.0492149
                            ],
                            [
                                29.0200665,
                                41.0498678
                            ],
                            [
                                29.0198108,
                                41.0499677
                            ],
                            [
                                29.0185599,
                                41.0501908
                            ],
                            [
                                29.0177218,
                                41.05053
                            ],
                            [
                                29.0174568,
                                41.0507229
                            ],
                            [
                                29.0171087,
                                41.051097
                            ],
                            [
                                29.0167636,
                                41.0515919
                            ],
                            [
                                29.0152292,
                                41.0534576
                            ],
                            [
                                29.0139691,
                                41.0540454
                            ],
                            [
                                29.0126005,
                                41.0541622
                            ],
                            [
                                29.011898,
                                41.054463
                            ],
                            [
                                29.0113782,
                                41.0549098
                            ],
                            [
                                29.0110657,
                                41.0551784
                            ],
                            [
                                29.0109085,
                                41.0553136
                            ],
                            [
                                29.0099455,
                                41.0558959
                            ],
                            [
                                29.0096608,
                                41.0559674
                            ],
                            [
                                29.0086997,
                                41.0512263
                            ],
                            [
                                29.0080439,
                                41.0510438
                            ],
                            [
                                29.0074768,
                                41.0507611
                            ],
                            [
                                29.0073181,
                                41.0506522
                            ]
                        ]
                    ]
                ]
            }
        },
        {
            "type": "Feature",
            "properties": {
                "type": "relation",
                "id": 9335638,
                "tags": {
                    "admin_level": "8",
                    "boundary": "administrative",
                    "name": "Mecidiye Mahallesi",
                    "type": "boundary",
                    "wikidata": "Q6073998",
                    "wikipedia": "tr:Mecidiye, Beşiktaş"
                }
            },
            "geometry": {
                "type": "MultiPolygon",
                "coordinates": [
                    [
                        [
                            [
                                29.0096608,
                                41.0559674
                            ],
                            [
                                29.0099455,
                                41.0558959
                            ],
                            [
                                29.0109085,
                                41.0553136
                            ],
                            [
                                29.0110657,
                                41.0551784
                            ],
                            [
                                29.0113782,
                                41.0549098
                            ],
                            [
                                29.011898,
                                41.054463
                            ],
                            [
                                29.0126005,
                                41.0541622
                            ],
                            [
                                29.0139691,
                                41.0540454
                            ],
                            [
                                29.0152292,
                                41.0534576
                            ],
                            [
                                29.0167636,
                                41.0515919
                            ],
                            [
                                29.0171087,
                                41.051097
                            ],
                            [
                                29.0174568,
                                41.0507229
                            ],
                            [
                                29.0177218,
                                41.05053
                            ],
                            [
                                29.0185599,
                                41.0501908
                            ],
                            [
                                29.0198108,
                                41.0499677
                            ],
                            [
                                29.0200665,
                                41.0498678
                            ],
                            [
                                29.0205194,
                                41.0492149
                            ],
                            [
                                29.0206704,
                                41.0486108
                            ],
                            [
                                29.0209169,
                                41.0484992
                            ],
                            [
                                29.0212373,
                                41.048469
                            ],
                            [
                                29.0227901,
                                41.0486084
                            ],
                            [
                                29.0235542,
                                41.0485504
                            ],
                            [
                                29.0238593,
                                41.048627
                            ],
                            [
                                29.0240133,
                                41.0486828
                            ],
                            [
                                29.0241982,
                                41.0486805
                            ],
                            [
                                29.0256329,
                                41.0474069
                            ],
                            [
                                29.0261713,
                                41.0474649
                            ],
                            [
                                29.0268152,
                                41.0469932
                            ],
                            [
                                29.026894,
                                41.0469879
                            ],
                            [
                                29.0270546,
                                41.0470759
                            ],
                            [
                                29.0273532,
                                41.0470636
                            ],
                            [
                                29.0275564,
                                41.0470943
                            ],
                            [
                                29.0274354,
                                41.0473279
                            ],
                            [
                                29.0271458,
                                41.0477188
                            ],
                            [
                                29.0269544,
                                41.0480992
                            ],
                            [
                                29.0268769,
                                41.0484549
                            ],
                            [
                                29.0267666,
                                41.0486541
                            ],
                            [
                                29.0265126,
                                41.0489058
                            ],
                            [
                                29.0258903,
                                41.0495409
                            ],
                            [
                                29.0255416,
                                41.0500041
                            ],
                            [
                                29.0252653,
                                41.0504087
                            ],
                            [
                                29.0248496,
                                41.0508597
                            ],
                            [
                                29.0244982,
                                41.0513634
                            ],
                            [
                                29.024289,
                                41.0517558
                            ],
                            [
                                29.0240476,
                                41.0522069
                            ],
                            [
                                29.023766,
                                41.0525487
                            ],
                            [
                                29.0236855,
                                41.0527024
                            ],
                            [
                                29.0234978,
                                41.0529917
                            ],
                            [
                                29.0230525,
                                41.0537684
                            ],
                            [
                                29.0230508,
                                41.0538256
                            ],
                            [
                                29.02241,
                                41.053979
                            ],
                            [
                                29.0218431,
                                41.0544576
                            ],
                            [
                                29.0216767,
                                41.0545645
                            ],
                            [
                                29.0212515,
                                41.0546016
                            ],
                            [
                                29.0205552,
                                41.0543739
                            ],
                            [
                                29.0202533,
                                41.0543693
                            ],
                            [
                                29.0193351,
                                41.054662
                            ],
                            [
                                29.0190393,
                                41.0546992
                            ],
                            [
                                29.0176898,
                                41.0552289
                            ],
                            [
                                29.0175296,
                                41.0554194
                            ],
                            [
                                29.0172338,
                                41.05561
                            ],
                            [
                                29.0142929,
                                41.0565966
                            ],
                            [
                                29.0138208,
                                41.0571224
                            ],
                            [
                                29.0135419,
                                41.0572519
                            ],
                            [
                                29.0103447,
                                41.0565318
                            ],
                            [
                                29.0098317,
                                41.0566827
                            ],
                            [
                                29.0096608,
                                41.0559674
                            ]
                        ]
                    ]
                ]
            }
        },
        {
            "type": "Feature",
            "properties": {
                "type": "relation",
                "id": 9335689,
                "tags": {
                    "admin_level": "8",
                    "boundary": "administrative",
                    "name": "Ortaköy Mahallesi",
                    "type": "boundary",
                    "wikidata": "Q2249546",
                    "wikipedia": "tr:Ortaköy, Beşiktaş"
                }
            },
            "geometry": {
                "type": "MultiPolygon",
                "coordinates": [
                    [
                        [
                            [
                                29.0229831,
                                41.0552429
                            ],
                            [
                                29.0230508,
                                41.0538256
                            ],
                            [
                                29.0230525,
                                41.0537684
                            ],
                            [
                                29.0234978,
                                41.0529917
                            ],
                            [
                                29.0236855,
                                41.0527024
                            ],
                            [
                                29.023766,
                                41.0525487
                            ],
                            [
                                29.0240476,
                                41.0522069
                            ],
                            [
                                29.024289,
                                41.0517558
                            ],
                            [
                                29.0244982,
                                41.0513634
                            ],
                            [
                                29.0248496,
                                41.0508597
                            ],
                            [
                                29.0252653,
                                41.0504087
                            ],
                            [
                                29.0255416,
                                41.0500041
                            ],
                            [
                                29.0258903,
                                41.0495409
                            ],
                            [
                                29.0265126,
                                41.0489058
                            ],
                            [
                                29.0267666,
                                41.0486541
                            ],
                            [
                                29.0268769,
                                41.0484549
                            ],
                            [
                                29.0269544,
                                41.0480992
                            ],
                            [
                                29.0271458,
                                41.0477188
                            ],
                            [
                                29.0274354,
                                41.0473279
                            ],
                            [
                                29.0275564,
                                41.0470943
                            ],
                            [
                                29.0279183,
                                41.0474316
                            ],
                            [
                                29.0277841,
                                41.0475252
                            ],
                            [
                                29.0280155,
                                41.0476656
                            ],
                            [
                                29.0281765,
                                41.0478011
                            ],
                            [
                                29.0285837,
                                41.048358
                            ],
                            [
                                29.0299113,
                                41.0489914
                            ],
                            [
                                29.0307994,
                                41.0493474
                            ],
                            [
                                29.0311066,
                                41.0494268
                            ],
                            [
                                29.0311226,
                                41.0494642
                            ],
                            [
                                29.0312279,
                                41.0494837
                            ],
                            [
                                29.0312519,
                                41.049504
                            ],
                            [
                                29.031729,
                                41.0495487
                            ],
                            [
                                29.0322738,
                                41.0496325
                            ],
                            [
                                29.0323365,
                                41.0495433
                            ],
                            [
                                29.0326468,
                                41.0497112
                            ],
                            [
                                29.0326732,
                                41.0496924
                            ],
                            [
                                29.0327995,
                                41.0497522
                            ],
                            [
                                29.0329664,
                                41.0499364
                            ],
                            [
                                29.0329449,
                                41.0499603
                            ],
                            [
                                29.033302,
                                41.0504241
                            ],
                            [
                                29.0332653,
                                41.0504452
                            ],
                            [
                                29.0336138,
                                41.0510174
                            ],
                            [
                                29.0337625,
                                41.0513015
                            ],
                            [
                                29.0337167,
                                41.0513157
                            ],
                            [
                                29.0341745,
                                41.0522279
                            ],
                            [
                                29.0334408,
                                41.0523923
                            ],
                            [
                                29.030844,
                                41.0531011
                            ],
                            [
                                29.0299073,
                                41.0535565
                            ],
                            [
                                29.0302586,
                                41.0542535
                            ],
                            [
                                29.0308809,
                                41.0543186
                            ],
                            [
                                29.0309118,
                                41.0543883
                            ],
                            [
                                29.0310288,
                                41.0549924
                            ],
                            [
                                29.0299381,
                                41.0561958
                            ],
                            [
                                29.0297225,
                                41.0567767
                            ],
                            [
                                29.0297779,
                                41.0568138
                            ],
                            [
                                29.029895,
                                41.0577013
                            ],
                            [
                                29.0299381,
                                41.0579615
                            ],
                            [
                                29.0300367,
                                41.0582124
                            ],
                            [
                                29.0304126,
                                41.0585238
                            ],
                            [
                                29.0311521,
                                41.0592207
                            ],
                            [
                                29.0313677,
                                41.0597179
                            ],
                            [
                                29.0314178,
                                41.059945
                            ],
                            [
                                29.0314111,
                                41.060065
                            ],
                            [
                                29.0313785,
                                41.0601451
                            ],
                            [
                                29.0309808,
                                41.0609087
                            ],
                            [
                                29.0291556,
                                41.060531
                            ],
                            [
                                29.0285393,
                                41.0603823
                            ],
                            [
                                29.0276951,
                                41.0611861
                            ],
                            [
                                29.02674,
                                41.0616368
                            ],
                            [
                                29.0244477,
                                41.0604706
                            ],
                            [
                                29.024232,
                                41.0593183
                            ],
                            [
                                29.0239671,
                                41.0588025
                            ],
                            [
                                29.0237878,
                                41.0583541
                            ],
                            [
                                29.0233324,
                                41.0571391
                            ],
                            [
                                29.0230982,
                                41.0567906
                            ],
                            [
                                29.0229072,
                                41.0567209
                            ],
                            [
                                29.0229831,
                                41.0552429
                            ]
                        ]
                    ]
                ]
            }
        },
        {
            "type": "Feature",
            "properties": {
                "type": "relation",
                "id": 9338580,
                "tags": {
                    "admin_level": "8",
                    "boundary": "administrative",
                    "name": "Levazım Mahallesi",
                    "type": "boundary",
                    "wikidata": "Q6080917",
                    "wikipedia": "tr:Levazım"
                }
            },
            "geometry": {
                "type": "MultiPolygon",
                "coordinates": [
                    [
                        [
                            [
                                29.0144761,
                                41.0689954
                            ],
                            [
                                29.0140319,
                                41.0676941
                            ],
                            [
                                29.0141132,
                                41.0673815
                            ],
                            [
                                29.0143898,
                                41.0672262
                            ],
                            [
                                29.0145346,
                                41.0671185
                            ],
                            [
                                29.0146122,
                                41.0670562
                            ],
                            [
                                29.0147265,
                                41.066935
                            ],
                            [
                                29.0148113,
                                41.0668307
                            ],
                            [
                                29.0148885,
                                41.0666682
                            ],
                            [
                                29.0149237,
                                41.0665152
                            ],
                            [
                                29.0149346,
                                41.0664076
                            ],
                            [
                                29.0149374,
                                41.066266
                            ],
                            [
                                29.0148981,
                                41.0661172
                            ],
                            [
                                29.0148224,
                                41.0659709
                            ],
                            [
                                29.0146905,
                                41.0657968
                            ],
                            [
                                29.0142026,
                                41.0653983
                            ],
                            [
                                29.0148112,
                                41.064629
                            ],
                            [
                                29.0153062,
                                41.0635867
                            ],
                            [
                                29.0157452,
                                41.061805
                            ],
                            [
                                29.0160067,
                                41.0608121
                            ],
                            [
                                29.0162787,
                                41.0600846
                            ],
                            [
                                29.0165395,
                                41.0596112
                            ],
                            [
                                29.0167963,
                                41.0592017
                            ],
                            [
                                29.0171722,
                                41.0588068
                            ],
                            [
                                29.0175978,
                                41.0584032
                            ],
                            [
                                29.0180405,
                                41.058073
                            ],
                            [
                                29.0195839,
                                41.0571775
                            ],
                            [
                                29.0203118,
                                41.056762
                            ],
                            [
                                29.0213165,
                                41.0562151
                            ],
                            [
                                29.0219168,
                                41.0558845
                            ],
                            [
                                29.0229831,
                                41.0552429
                            ],
                            [
                                29.0229072,
                                41.0567209
                            ],
                            [
                                29.0230982,
                                41.0567906
                            ],
                            [
                                29.0233324,
                                41.0571391
                            ],
                            [
                                29.0237878,
                                41.0583541
                            ],
                            [
                                29.0239671,
                                41.0588025
                            ],
                            [
                                29.024232,
                                41.0593183
                            ],
                            [
                                29.0244477,
                                41.0604706
                            ],
                            [
                                29.0240278,
                                41.0607784
                            ],
                            [
                                29.0236729,
                                41.061046
                            ],
                            [
                                29.0231311,
                                41.0617221
                            ],
                            [
                                29.0231405,
                                41.0623277
                            ],
                            [
                                29.022412,
                                41.063546
                            ],
                            [
                                29.0220944,
                                41.0643348
                            ],
                            [
                                29.0221037,
                                41.0647009
                            ],
                            [
                                29.0219917,
                                41.0656516
                            ],
                            [
                                29.0219612,
                                41.0662607
                            ],
                            [
                                29.0219543,
                                41.0663981
                            ],
                            [
                                29.0212912,
                                41.0671445
                            ],
                            [
                                29.0212761,
                                41.0671822
                            ],
                            [
                                29.0208709,
                                41.0681937
                            ],
                            [
                                29.0206512,
                                41.0683388
                            ],
                            [
                                29.0199134,
                                41.0684374
                            ],
                            [
                                29.0187832,
                                41.0680853
                            ],
                            [
                                29.0176951,
                                41.0679374
                            ],
                            [
                                29.01652,
                                41.0679143
                            ],
                            [
                                29.0160054,
                                41.0679145
                            ],
                            [
                                29.0158919,
                                41.0679296
                            ],
                            [
                                29.0157877,
                                41.0679575
                            ],
                            [
                                29.0156408,
                                41.0680232
                            ],
                            [
                                29.0144761,
                                41.0689954
                            ]
                        ]
                    ]
                ]
            }
        },
        {
            "type": "Feature",
            "properties": {
                "type": "relation",
                "id": 9338582,
                "tags": {
                    "admin_level": "8",
                    "boundary": "administrative",
                    "name": "Ulus Mahallesi",
                    "type": "boundary",
                    "wikidata": "Q6079063",
                    "wikipedia": "tr:Ulus, Beşiktaş"
                }
            },
            "geometry": {
                "type": "MultiPolygon",
                "coordinates": [
                    [
                        [
                            [
                                29.0219612,
                                41.0662607
                            ],
                            [
                                29.0219917,
                                41.0656516
                            ],
                            [
                                29.0221037,
                                41.0647009
                            ],
                            [
                                29.0220944,
                                41.0643348
                            ],
                            [
                                29.022412,
                                41.063546
                            ],
                            [
                                29.0231405,
                                41.0623277
                            ],
                            [
                                29.0231311,
                                41.0617221
                            ],
                            [
                                29.0236729,
                                41.061046
                            ],
                            [
                                29.0240278,
                                41.0607784
                            ],
                            [
                                29.0244477,
                                41.0604706
                            ],
                            [
                                29.02674,
                                41.0616368
                            ],
                            [
                                29.0276951,
                                41.0611861
                            ],
                            [
                                29.0285393,
                                41.0603823
                            ],
                            [
                                29.0291556,
                                41.060531
                            ],
                            [
                                29.0309808,
                                41.0609087
                            ],
                            [
                                29.0309343,
                                41.0610592
                            ],
                            [
                                29.0307694,
                                41.0615038
                            ],
                            [
                                29.0307191,
                                41.0618488
                            ],
                            [
                                29.0306687,
                                41.0624643
                            ],
                            [
                                29.0306883,
                                41.062708
                            ],
                            [
                                29.0307581,
                                41.0629276
                            ],
                            [
                                29.0309366,
                                41.063339
                            ],
                            [
                                29.0309667,
                                41.0640218
                            ],
                            [
                                29.030894,
                                41.0643554
                            ],
                            [
                                29.0307564,
                                41.0647329
                            ],
                            [
                                29.030651,
                                41.0650513
                            ],
                            [
                                29.0304297,
                                41.0655681
                            ],
                            [
                                29.0303526,
                                41.0662224
                            ],
                            [
                                29.0302101,
                                41.0672846
                            ],
                            [
                                29.0299825,
                                41.067916
                            ],
                            [
                                29.0299891,
                                41.068651
                            ],
                            [
                                29.0299174,
                                41.069375
                            ],
                            [
                                29.0297152,
                                41.0701453
                            ],
                            [
                                29.0290637,
                                41.0699451
                            ],
                            [
                                29.0277302,
                                41.0687436
                            ],
                            [
                                29.0281449,
                                41.0685106
                            ],
                            [
                                29.0274212,
                                41.0678118
                            ],
                            [
                                29.0219612,
                                41.0662607
                            ]
                        ]
                    ]
                ]
            }
        },
        {
            "type": "Feature",
            "properties": {
                "type": "relation",
                "id": 9338583,
                "tags": {
                    "admin_level": "8",
                    "boundary": "administrative",
                    "name": "Nisbetiye Mahallesi",
                    "type": "boundary",
                    "wikidata": "Q6065844",
                    "wikipedia": "tr:Nisbetiye"
                }
            },
            "geometry": {
                "type": "MultiPolygon",
                "coordinates": [
                    [
                        [
                            [
                                29.0144761,
                                41.0689954
                            ],
                            [
                                29.0156408,
                                41.0680232
                            ],
                            [
                                29.0157877,
                                41.0679575
                            ],
                            [
                                29.0158919,
                                41.0679296
                            ],
                            [
                                29.0160054,
                                41.0679145
                            ],
                            [
                                29.01652,
                                41.0679143
                            ],
                            [
                                29.0176951,
                                41.0679374
                            ],
                            [
                                29.0187832,
                                41.0680853
                            ],
                            [
                                29.0199134,
                                41.0684374
                            ],
                            [
                                29.0206512,
                                41.0683388
                            ],
                            [
                                29.0208709,
                                41.0681937
                            ],
                            [
                                29.0212761,
                                41.0671822
                            ],
                            [
                                29.0212912,
                                41.0671445
                            ],
                            [
                                29.0219543,
                                41.0663981
                            ],
                            [
                                29.0219612,
                                41.0662607
                            ],
                            [
                                29.0274212,
                                41.0678118
                            ],
                            [
                                29.0281449,
                                41.0685106
                            ],
                            [
                                29.0277302,
                                41.0687436
                            ],
                            [
                                29.0290637,
                                41.0699451
                            ],
                            [
                                29.0297152,
                                41.0701453
                            ],
                            [
                                29.029683,
                                41.0704502
                            ],
                            [
                                29.0288943,
                                41.072118
                            ],
                            [
                                29.0280581,
                                41.0734567
                            ],
                            [
                                29.0276564,
                                41.0743834
                            ],
                            [
                                29.0273353,
                                41.0752211
                            ],
                            [
                                29.0266827,
                                41.0761289
                            ],
                            [
                                29.0262902,
                                41.0763607
                            ],
                            [
                                29.024833,
                                41.0773314
                            ],
                            [
                                29.0244739,
                                41.0773604
                            ],
                            [
                                29.023384,
                                41.0772846
                            ],
                            [
                                29.0230918,
                                41.077253
                            ],
                            [
                                29.0228765,
                                41.0772198
                            ],
                            [
                                29.0226578,
                                41.0771739
                            ],
                            [
                                29.0222762,
                                41.0770028
                            ],
                            [
                                29.0213947,
                                41.0766257
                            ],
                            [
                                29.0173419,
                                41.0748616
                            ],
                            [
                                29.0161833,
                                41.0743941
                            ],
                            [
                                29.0159861,
                                41.0742748
                            ],
                            [
                                29.0161345,
                                41.0738402
                            ],
                            [
                                29.0160949,
                                41.0735407
                            ],
                            [
                                29.0160637,
                                41.0733439
                            ],
                            [
                                29.0161292,
                                41.0730611
                            ],
                            [
                                29.0160356,
                                41.072689
                            ],
                            [
                                29.0159976,
                                41.072246
                            ],
                            [
                                29.0158942,
                                41.0718339
                            ],
                            [
                                29.0152252,
                                41.0704423
                            ],
                            [
                                29.0144761,
                                41.0689954
                            ]
                        ]
                    ]
                ]
            }
        },
        {
            "type": "Feature",
            "properties": {
                "type": "relation",
                "id": 9338584,
                "tags": {
                    "admin_level": "8",
                    "boundary": "administrative",
                    "name": "Kültür Mahallesi",
                    "type": "boundary",
                    "wikidata": "Q6068892",
                    "wikipedia": "tr:Kültür, Beşiktaş"
                }
            },
            "geometry": {
                "type": "MultiPolygon",
                "coordinates": [
                    [
                        [
                            [
                                29.024833,
                                41.0773314
                            ],
                            [
                                29.0262902,
                                41.0763607
                            ],
                            [
                                29.0266827,
                                41.0761289
                            ],
                            [
                                29.0273353,
                                41.0752211
                            ],
                            [
                                29.0276564,
                                41.0743834
                            ],
                            [
                                29.0280581,
                                41.0734567
                            ],
                            [
                                29.0288943,
                                41.072118
                            ],
                            [
                                29.029683,
                                41.0704502
                            ],
                            [
                                29.0297152,
                                41.0701453
                            ],
                            [
                                29.0299174,
                                41.069375
                            ],
                            [
                                29.0299891,
                                41.068651
                            ],
                            [
                                29.0299825,
                                41.067916
                            ],
                            [
                                29.0302101,
                                41.0672846
                            ],
                            [
                                29.0303526,
                                41.0662224
                            ],
                            [
                                29.031129,
                                41.0663207
                            ],
                            [
                                29.0311137,
                                41.0670368
                            ],
                            [
                                29.0310916,
                                41.0672748
                            ],
                            [
                                29.0310666,
                                41.0676499
                            ],
                            [
                                29.0308561,
                                41.0683987
                            ],
                            [
                                29.0333869,
                                41.0689167
                            ],
                            [
                                29.0339567,
                                41.0688392
                            ],
                            [
                                29.0340034,
                                41.0689378
                            ],
                            [
                                29.0355351,
                                41.0694589
                            ],
                            [
                                29.036301,
                                41.0694941
                            ],
                            [
                                29.0369969,
                                41.0694954
                            ],
                            [
                                29.0371483,
                                41.0695504
                            ],
                            [
                                29.0378382,
                                41.069566
                            ],
                            [
                                29.0386594,
                                41.07013
                            ],
                            [
                                29.0391269,
                                41.0707798
                            ],
                            [
                                29.0393368,
                                41.0713265
                            ],
                            [
                                29.0392481,
                                41.0713787
                            ],
                            [
                                29.0389223,
                                41.0716822
                            ],
                            [
                                29.0379986,
                                41.0721064
                            ],
                            [
                                29.0378641,
                                41.0721998
                            ],
                            [
                                29.0378393,
                                41.0724399
                            ],
                            [
                                29.0383348,
                                41.0741288
                            ],
                            [
                                29.0382782,
                                41.0743343
                            ],
                            [
                                29.037942,
                                41.0748412
                            ],
                            [
                                29.0377473,
                                41.075044
                            ],
                            [
                                29.0374535,
                                41.075164
                            ],
                            [
                                29.0370182,
                                41.0752388
                            ],
                            [
                                29.0367351,
                                41.0752227
                            ],
                            [
                                29.0368483,
                                41.0754602
                            ],
                            [
                                29.0368944,
                                41.0756176
                            ],
                            [
                                29.0368165,
                                41.0759885
                            ],
                            [
                                29.0366502,
                                41.0761939
                            ],
                            [
                                29.0364166,
                                41.076314
                            ],
                            [
                                29.0358291,
                                41.076466
                            ],
                            [
                                29.0352168,
                                41.0766981
                            ],
                            [
                                29.0345762,
                                41.0768689
                            ],
                            [
                                29.0341542,
                                41.0770242
                            ],
                            [
                                29.034148,
                                41.0770043
                            ],
                            [
                                29.0334968,
                                41.0761836
                            ],
                            [
                                29.0330979,
                                41.0763501
                            ],
                            [
                                29.0314214,
                                41.076526
                            ],
                            [
                                29.0311106,
                                41.0765533
                            ],
                            [
                                29.0304031,
                                41.0766527
                            ],
                            [
                                29.0293004,
                                41.0770254
                            ],
                            [
                                29.028526,
                                41.0774414
                            ],
                            [
                                29.0282748,
                                41.0776076
                            ],
                            [
                                29.026056,
                                41.0774581
                            ],
                            [
                                29.0254814,
                                41.0774129
                            ],
                            [
                                29.024833,
                                41.0773314
                            ]
                        ]
                    ]
                ]
            }
        },
        {
            "type": "Feature",
            "properties": {
                "type": "relation",
                "id": 9338586,
                "tags": {
                    "admin_level": "8",
                    "boundary": "administrative",
                    "name": "Arnavutköy Mahallesi",
                    "type": "boundary",
                    "wikidata": "Q1095321"
                }
            },
            "geometry": {
                "type": "MultiPolygon",
                "coordinates": [
                    [
                        [
                            [
                                29.0369969,
                                41.0694954
                            ],
                            [
                                29.0383652,
                                41.0692195
                            ],
                            [
                                29.0386247,
                                41.069213
                            ],
                            [
                                29.0390891,
                                41.0688801
                            ],
                            [
                                29.0390447,
                                41.0684299
                            ],
                            [
                                29.0384338,
                                41.0681153
                            ],
                            [
                                29.0377687,
                                41.0681712
                            ],
                            [
                                29.037313,
                                41.0680461
                            ],
                            [
                                29.0367397,
                                41.0676959
                            ],
                            [
                                29.0359966,
                                41.0675309
                            ],
                            [
                                29.0360279,
                                41.0662397
                            ],
                            [
                                29.0366432,
                                41.0662318
                            ],
                            [
                                29.036965,
                                41.0658355
                            ],
                            [
                                29.0371689,
                                41.0658193
                            ],
                            [
                                29.0376946,
                                41.0653906
                            ],
                            [
                                29.0385958,
                                41.0649861
                            ],
                            [
                                29.0387031,
                                41.0648809
                            ],
                            [
                                29.038274,
                                41.0646868
                            ],
                            [
                                29.0386495,
                                41.0644118
                            ],
                            [
                                29.0390786,
                                41.0642742
                            ],
                            [
                                29.0394005,
                                41.0644603
                            ],
                            [
                                29.0396471,
                                41.0645094
                            ],
                            [
                                29.041018,
                                41.0643288
                            ],
                            [
                                29.0411704,
                                41.0649765
                            ],
                            [
                                29.0413264,
                                41.0654323
                            ],
                            [
                                29.0417467,
                                41.066073
                            ],
                            [
                                29.0418908,
                                41.0660847
                            ],
                            [
                                29.0419227,
                                41.0661131
                            ],
                            [
                                29.042197,
                                41.0663563
                            ],
                            [
                                29.0423491,
                                41.0664913
                            ],
                            [
                                29.042318,
                                41.0665219
                            ],
                            [
                                29.0423061,
                                41.0665827
                            ],
                            [
                                29.0422707,
                                41.0667627
                            ],
                            [
                                29.0423699,
                                41.0668165
                            ],
                            [
                                29.0427003,
                                41.0669957
                            ],
                            [
                                29.0431128,
                                41.0671222
                            ],
                            [
                                29.0431328,
                                41.0670847
                            ],
                            [
                                29.04321,
                                41.0669401
                            ],
                            [
                                29.0432429,
                                41.0668786
                            ],
                            [
                                29.0432816,
                                41.066763
                            ],
                            [
                                29.0433754,
                                41.0667815
                            ],
                            [
                                29.0435385,
                                41.0668062
                            ],
                            [
                                29.0435144,
                                41.0669135
                            ],
                            [
                                29.043715,
                                41.0669433
                            ],
                            [
                                29.0437607,
                                41.0671706
                            ],
                            [
                                29.0437653,
                                41.0671935
                            ],
                            [
                                29.0440091,
                                41.0672459
                            ],
                            [
                                29.0443098,
                                41.0672698
                            ],
                            [
                                29.0446468,
                                41.0673136
                            ],
                            [
                                29.0446406,
                                41.0673612
                            ],
                            [
                                29.0447635,
                                41.0674064
                            ],
                            [
                                29.0447778,
                                41.0674447
                            ],
                            [
                                29.045307,
                                41.0675364
                            ],
                            [
                                29.0454138,
                                41.0675602
                            ],
                            [
                                29.0456023,
                                41.0674013
                            ],
                            [
                                29.045653,
                                41.0674289
                            ],
                            [
                                29.0458832,
                                41.0675875
                            ],
                            [
                                29.045979,
                                41.0676765
                            ],
                            [
                                29.046028,
                                41.0677255
                            ],
                            [
                                29.0463312,
                                41.0678507
                            ],
                            [
                                29.046376,
                                41.0678914
                            ],
                            [
                                29.0463725,
                                41.0680389
                            ],
                            [
                                29.0463653,
                                41.0682319
                            ],
                            [
                                29.0464132,
                                41.0683378
                            ],
                            [
                                29.0464783,
                                41.0686561
                            ],
                            [
                                29.0464846,
                                41.0688126
                            ],
                            [
                                29.046477,
                                41.0690369
                            ],
                            [
                                29.0464037,
                                41.0693474
                            ],
                            [
                                29.0463167,
                                41.069572
                            ],
                            [
                                29.0454155,
                                41.0709503
                            ],
                            [
                                29.0452737,
                                41.0711815
                            ],
                            [
                                29.0452592,
                                41.0712592
                            ],
                            [
                                29.0452773,
                                41.0713623
                            ],
                            [
                                29.0453077,
                                41.0714199
                            ],
                            [
                                29.0443075,
                                41.071125
                            ],
                            [
                                29.0437036,
                                41.0710599
                            ],
                            [
                                29.0432106,
                                41.0708277
                            ],
                            [
                                29.0428902,
                                41.0709113
                            ],
                            [
                                29.042664,
                                41.0711639
                            ],
                            [
                                29.0426132,
                                41.0712821
                            ],
                            [
                                29.0423915,
                                41.0716396
                            ],
                            [
                                29.0422639,
                                41.0716202
                            ],
                            [
                                29.0425883,
                                41.0708346
                            ],
                            [
                                29.0424751,
                                41.0707599
                            ],
                            [
                                29.0419725,
                                41.0718965
                            ],
                            [
                                29.0417319,
                                41.0717311
                            ],
                            [
                                29.0415443,
                                41.0716617
                            ],
                            [
                                29.0416398,
                                41.0713469
                            ],
                            [
                                29.0414618,
                                41.0712027
                            ],
                            [
                                29.0412364,
                                41.0710801
                            ],
                            [
                                29.040387,
                                41.0713149
                            ],
                            [
                                29.0398283,
                                41.0713406
                            ],
                            [
                                29.0393368,
                                41.0713265
                            ],
                            [
                                29.0391269,
                                41.0707798
                            ],
                            [
                                29.0386594,
                                41.07013
                            ],
                            [
                                29.0378382,
                                41.069566
                            ],
                            [
                                29.0371483,
                                41.0695504
                            ],
                            [
                                29.0369969,
                                41.0694954
                            ]
                        ]
                    ]
                ]
            }
        },
        {
            "type": "Feature",
            "properties": {
                "type": "relation",
                "id": 9340106,
                "tags": {
                    "admin_level": "8",
                    "boundary": "administrative",
                    "name": "Kuruçeşme Mahallesi",
                    "type": "boundary",
                    "wikidata": "Q6601541",
                    "wikipedia": "tr:Kuruçeşme, Beşiktaş"
                }
            },
            "geometry": {
                "type": "MultiPolygon",
                "coordinates": [
                    [
                        [
                            [
                                29.0303526,
                                41.0662224
                            ],
                            [
                                29.0304297,
                                41.0655681
                            ],
                            [
                                29.030651,
                                41.0650513
                            ],
                            [
                                29.0307564,
                                41.0647329
                            ],
                            [
                                29.030894,
                                41.0643554
                            ],
                            [
                                29.0309667,
                                41.0640218
                            ],
                            [
                                29.0309366,
                                41.063339
                            ],
                            [
                                29.0307581,
                                41.0629276
                            ],
                            [
                                29.0306883,
                                41.062708
                            ],
                            [
                                29.0306687,
                                41.0624643
                            ],
                            [
                                29.0307191,
                                41.0618488
                            ],
                            [
                                29.0307694,
                                41.0615038
                            ],
                            [
                                29.0309343,
                                41.0610592
                            ],
                            [
                                29.0309808,
                                41.0609087
                            ],
                            [
                                29.0313785,
                                41.0601451
                            ],
                            [
                                29.0314111,
                                41.060065
                            ],
                            [
                                29.0314178,
                                41.059945
                            ],
                            [
                                29.0313677,
                                41.0597179
                            ],
                            [
                                29.0311521,
                                41.0592207
                            ],
                            [
                                29.0304126,
                                41.0585238
                            ],
                            [
                                29.0300367,
                                41.0582124
                            ],
                            [
                                29.0299381,
                                41.0579615
                            ],
                            [
                                29.029895,
                                41.0577013
                            ],
                            [
                                29.0297779,
                                41.0568138
                            ],
                            [
                                29.0297225,
                                41.0567767
                            ],
                            [
                                29.0299381,
                                41.0561958
                            ],
                            [
                                29.0310288,
                                41.0549924
                            ],
                            [
                                29.0309118,
                                41.0543883
                            ],
                            [
                                29.0308809,
                                41.0543186
                            ],
                            [
                                29.0302586,
                                41.0542535
                            ],
                            [
                                29.0299073,
                                41.0535565
                            ],
                            [
                                29.030844,
                                41.0531011
                            ],
                            [
                                29.0334408,
                                41.0523923
                            ],
                            [
                                29.0341745,
                                41.0522279
                            ],
                            [
                                29.0344119,
                                41.0526637
                            ],
                            [
                                29.0345191,
                                41.052638
                            ],
                            [
                                29.0349696,
                                41.0537242
                            ],
                            [
                                29.0348969,
                                41.053743
                            ],
                            [
                                29.035075,
                                41.0541653
                            ],
                            [
                                29.0351917,
                                41.0541468
                            ],
                            [
                                29.0356378,
                                41.0552739
                            ],
                            [
                                29.0358577,
                                41.0557805
                            ],
                            [
                                29.035865,
                                41.0558095
                            ],
                            [
                                29.0359656,
                                41.0560595
                            ],
                            [
                                29.0360342,
                                41.0570432
                            ],
                            [
                                29.036586,
                                41.059498
                            ],
                            [
                                29.0367132,
                                41.0596373
                            ],
                            [
                                29.0369437,
                                41.0598218
                            ],
                            [
                                29.0371609,
                                41.059694
                            ],
                            [
                                29.0372888,
                                41.0598361
                            ],
                            [
                                29.0371413,
                                41.0599239
                            ],
                            [
                                29.0371276,
                                41.060092
                            ],
                            [
                                29.0375705,
                                41.0606844
                            ],
                            [
                                29.0377958,
                                41.0609837
                            ],
                            [
                                29.0384461,
                                41.0613794
                            ],
                            [
                                29.0392746,
                                41.0617888
                            ],
                            [
                                29.0397295,
                                41.0620994
                            ],
                            [
                                29.0400276,
                                41.0623868
                            ],
                            [
                                29.0401527,
                                41.0624496
                            ],
                            [
                                29.0405176,
                                41.0626245
                            ],
                            [
                                29.0406741,
                                41.0627533
                            ],
                            [
                                29.0407865,
                                41.0628895
                            ],
                            [
                                29.0408855,
                                41.0631056
                            ],
                            [
                                29.0409079,
                                41.0632123
                            ],
                            [
                                29.0409245,
                                41.0636779
                            ],
                            [
                                29.0409808,
                                41.0641326
                            ],
                            [
                                29.041018,
                                41.0643288
                            ],
                            [
                                29.0396471,
                                41.0645094
                            ],
                            [
                                29.0394005,
                                41.0644603
                            ],
                            [
                                29.0390786,
                                41.0642742
                            ],
                            [
                                29.0386495,
                                41.0644118
                            ],
                            [
                                29.038274,
                                41.0646868
                            ],
                            [
                                29.0387031,
                                41.0648809
                            ],
                            [
                                29.0385958,
                                41.0649861
                            ],
                            [
                                29.0376946,
                                41.0653906
                            ],
                            [
                                29.0371689,
                                41.0658193
                            ],
                            [
                                29.036965,
                                41.0658355
                            ],
                            [
                                29.0366432,
                                41.0662318
                            ],
                            [
                                29.0360279,
                                41.0662397
                            ],
                            [
                                29.0359966,
                                41.0675309
                            ],
                            [
                                29.0367397,
                                41.0676959
                            ],
                            [
                                29.037313,
                                41.0680461
                            ],
                            [
                                29.0377687,
                                41.0681712
                            ],
                            [
                                29.0384338,
                                41.0681153
                            ],
                            [
                                29.0390447,
                                41.0684299
                            ],
                            [
                                29.0390891,
                                41.0688801
                            ],
                            [
                                29.0386247,
                                41.069213
                            ],
                            [
                                29.0383652,
                                41.0692195
                            ],
                            [
                                29.0369969,
                                41.0694954
                            ],
                            [
                                29.036301,
                                41.0694941
                            ],
                            [
                                29.0355351,
                                41.0694589
                            ],
                            [
                                29.0340034,
                                41.0689378
                            ],
                            [
                                29.0339567,
                                41.0688392
                            ],
                            [
                                29.0333869,
                                41.0689167
                            ],
                            [
                                29.0308561,
                                41.0683987
                            ],
                            [
                                29.0310666,
                                41.0676499
                            ],
                            [
                                29.0310916,
                                41.0672748
                            ],
                            [
                                29.0311137,
                                41.0670368
                            ],
                            [
                                29.031129,
                                41.0663207
                            ],
                            [
                                29.0303526,
                                41.0662224
                            ]
                        ]
                    ]
                ]
            }
        },
        {
            "type": "Feature",
            "properties": {
                "type": "relation",
                "id": 9340873,
                "tags": {
                    "admin_level": "8",
                    "boundary": "administrative",
                    "name": "Konaklar Mahallesi",
                    "type": "boundary",
                    "wikidata": "Q6070763",
                    "wikipedia": "tr:Konaklar, Beşiktaş"
                }
            },
            "geometry": {
                "type": "MultiPolygon",
                "coordinates": [
                    [
                        [
                            [
                                29.0052191,
                                41.0937086
                            ],
                            [
                                29.0051803,
                                41.093215
                            ],
                            [
                                29.0051969,
                                41.0927339
                            ],
                            [
                                29.0052573,
                                41.0921937
                            ],
                            [
                                29.0053315,
                                41.0917052
                            ],
                            [
                                29.0054447,
                                41.0912381
                            ],
                            [
                                29.0055315,
                                41.0909611
                            ],
                            [
                                29.0057414,
                                41.0904743
                            ],
                            [
                                29.0060156,
                                41.0896621
                            ],
                            [
                                29.0061854,
                                41.0891191
                            ],
                            [
                                29.0066317,
                                41.0876565
                            ],
                            [
                                29.0067881,
                                41.0871857
                            ],
                            [
                                29.0071393,
                                41.0867641
                            ],
                            [
                                29.007392,
                                41.086141
                            ],
                            [
                                29.0078405,
                                41.0854262
                            ],
                            [
                                29.0084102,
                                41.0847072
                            ],
                            [
                                29.0094123,
                                41.0833498
                            ],
                            [
                                29.010639,
                                41.0840366
                            ],
                            [
                                29.0119196,
                                41.084799
                            ],
                            [
                                29.0139823,
                                41.0859294
                            ],
                            [
                                29.0175775,
                                41.0882599
                            ],
                            [
                                29.0187633,
                                41.0891651
                            ],
                            [
                                29.0193813,
                                41.0899128
                            ],
                            [
                                29.0199651,
                                41.0907577
                            ],
                            [
                                29.0207066,
                                41.0918308
                            ],
                            [
                                29.0211716,
                                41.0923894
                            ],
                            [
                                29.022365,
                                41.093561
                            ],
                            [
                                29.0227617,
                                41.0939834
                            ],
                            [
                                29.0233028,
                                41.0941902
                            ],
                            [
                                29.0239692,
                                41.0943799
                            ],
                            [
                                29.0243125,
                                41.0944284
                            ],
                            [
                                29.0245968,
                                41.0944769
                            ],
                            [
                                29.0248275,
                                41.0945497
                            ],
                            [
                                29.025026,
                                41.0946548
                            ],
                            [
                                29.0252352,
                                41.0947963
                            ],
                            [
                                29.0253934,
                                41.0949297
                            ],
                            [
                                29.0255356,
                                41.0951076
                            ],
                            [
                                29.0256831,
                                41.0953521
                            ],
                            [
                                29.025903,
                                41.095526
                            ],
                            [
                                29.0261096,
                                41.0955947
                            ],
                            [
                                29.0262786,
                                41.0956008
                            ],
                            [
                                29.0264636,
                                41.0955664
                            ],
                            [
                                29.0267748,
                                41.0954613
                            ],
                            [
                                29.0270564,
                                41.0953986
                            ],
                            [
                                29.0276062,
                                41.0953259
                            ],
                            [
                                29.0281561,
                                41.0952976
                            ],
                            [
                                29.028317,
                                41.0953461
                            ],
                            [
                                29.0283895,
                                41.095437
                            ],
                            [
                                29.0284485,
                                41.0958171
                            ],
                            [
                                29.0285343,
                                41.0962961
                            ],
                            [
                                29.0286979,
                                41.0964902
                            ],
                            [
                                29.028832,
                                41.0965852
                            ],
                            [
                                29.029001,
                                41.096668
                            ],
                            [
                                29.029339,
                                41.0967752
                            ],
                            [
                                29.0296984,
                                41.0969066
                            ],
                            [
                                29.0300605,
                                41.0970501
                            ],
                            [
                                29.0301517,
                                41.0971208
                            ],
                            [
                                29.0302268,
                                41.0972603
                            ],
                            [
                                29.0303448,
                                41.0975796
                            ],
                            [
                                29.0305111,
                                41.0980223
                            ],
                            [
                                29.0306613,
                                41.0981355
                            ],
                            [
                                29.0308169,
                                41.0981982
                            ],
                            [
                                29.0309644,
                                41.0982305
                            ],
                            [
                                29.0311736,
                                41.0982244
                            ],
                            [
                                29.0314096,
                                41.0981982
                            ],
                            [
                                29.0316269,
                                41.0981678
                            ],
                            [
                                29.0318307,
                                41.0981598
                            ],
                            [
                                29.0320668,
                                41.0982244
                            ],
                            [
                                29.0323243,
                                41.0984346
                            ],
                            [
                                29.0330532,
                                41.0991837
                            ],
                            [
                                29.0328378,
                                41.0993991
                            ],
                            [
                                29.0323513,
                                41.0995558
                            ],
                            [
                                29.0319454,
                                41.0997439
                            ],
                            [
                                29.0316957,
                                41.0998444
                            ],
                            [
                                29.0314364,
                                41.0998968
                            ],
                            [
                                29.0313337,
                                41.0999355
                            ],
                            [
                                29.0312519,
                                41.0999386
                            ],
                            [
                                29.0311414,
                                41.0999428
                            ],
                            [
                                29.0311191,
                                41.0999436
                            ],
                            [
                                29.031083,
                                41.0999323
                            ],
                            [
                                29.0309771,
                                41.0998993
                            ],
                            [
                                29.030808,
                                41.0998466
                            ],
                            [
                                29.0307356,
                                41.0998129
                            ],
                            [
                                29.0305836,
                                41.0997422
                            ],
                            [
                                29.0300011,
                                41.0994714
                            ],
                            [
                                29.0299587,
                                41.0994517
                            ],
                            [
                                29.0297995,
                                41.0993777
                            ],
                            [
                                29.0296539,
                                41.0993546
                            ],
                            [
                                29.0293309,
                                41.0994386
                            ],
                            [
                                29.0290572,
                                41.0995096
                            ],
                            [
                                29.0290401,
                                41.0995141
                            ],
                            [
                                29.0284798,
                                41.0996768
                            ],
                            [
                                29.0282438,
                                41.0997253
                            ],
                            [
                                29.027761,
                                41.0995717
                            ],
                            [
                                29.0272889,
                                41.099127
                            ],
                            [
                                29.0270851,
                                41.09903
                            ],
                            [
                                29.0260551,
                                41.0987147
                            ],
                            [
                                29.0256474,
                                41.0986743
                            ],
                            [
                                29.0254328,
                                41.0986581
                            ],
                            [
                                29.0252505,
                                41.0986985
                            ],
                            [
                                29.0246329,
                                41.0988584
                            ],
                            [
                                29.023845,
                                41.0990624
                            ],
                            [
                                29.023335,
                                41.0990853
                            ],
                            [
                                29.0231261,
                                41.0990947
                            ],
                            [
                                29.0229008,
                                41.0992079
                            ],
                            [
                                29.0222073,
                                41.0997578
                            ],
                            [
                                29.0218698,
                                41.0999702
                            ],
                            [
                                29.0215815,
                                41.1002038
                            ],
                            [
                                29.0215182,
                                41.1002654
                            ],
                            [
                                29.0214738,
                                41.1003086
                            ],
                            [
                                29.0213779,
                                41.100387
                            ],
                            [
                                29.0209386,
                                41.1005576
                            ],
                            [
                                29.0207751,
                                41.1006207
                            ],
                            [
                                29.0204285,
                                41.1007351
                            ],
                            [
                                29.0202032,
                                41.1008094
                            ],
                            [
                                29.0191838,
                                41.1011131
                            ],
                            [
                                29.0191212,
                                41.1011348
                            ],
                            [
                                29.0189426,
                                41.1011968
                            ],
                            [
                                29.0186698,
                                41.1013168
                            ],
                            [
                                29.018467,
                                41.1014915
                            ],
                            [
                                29.0182497,
                                41.1017407
                            ],
                            [
                                29.0179697,
                                41.1021263
                            ],
                            [
                                29.0176736,
                                41.1026158
                            ],
                            [
                                29.0172648,
                                41.1031595
                            ],
                            [
                                29.017128,
                                41.1033363
                            ],
                            [
                                29.0170948,
                                41.1033792
                            ],
                            [
                                29.0169269,
                                41.1035961
                            ],
                            [
                                29.0165449,
                                41.10411
                            ],
                            [
                                29.0163716,
                                41.1043288
                            ],
                            [
                                29.0162486,
                                41.1044541
                            ],
                            [
                                29.0157517,
                                41.1049176
                            ],
                            [
                                29.0157196,
                                41.1049494
                            ],
                            [
                                29.0156223,
                                41.1050339
                            ],
                            [
                                29.0154882,
                                41.1051889
                            ],
                            [
                                29.0153196,
                                41.1054305
                            ],
                            [
                                29.0152786,
                                41.1055263
                            ],
                            [
                                29.0151701,
                                41.1055933
                            ],
                            [
                                29.0150388,
                                41.1059008
                            ],
                            [
                                29.0147783,
                                41.1062378
                            ],
                            [
                                29.0146748,
                                41.1063656
                            ],
                            [
                                29.0144458,
                                41.1066686
                            ],
                            [
                                29.0139723,
                                41.1064067
                            ],
                            [
                                29.0135746,
                                41.1061424
                            ],
                            [
                                29.0134575,
                                41.1060718
                            ],
                            [
                                29.0132931,
                                41.1059515
                            ],
                            [
                                29.0130581,
                                41.1057842
                            ],
                            [
                                29.0128912,
                                41.1056512
                            ],
                            [
                                29.0127373,
                                41.1055216
                            ],
                            [
                                29.0125856,
                                41.1053998
                            ],
                            [
                                29.0123727,
                                41.1052022
                            ],
                            [
                                29.0122191,
                                41.1050296
                            ],
                            [
                                29.0120699,
                                41.1048573
                            ],
                            [
                                29.0119021,
                                41.1046153
                            ],
                            [
                                29.0117497,
                                41.1044083
                            ],
                            [
                                29.0115168,
                                41.1040798
                            ],
                            [
                                29.0114217,
                                41.1039539
                            ],
                            [
                                29.0112839,
                                41.1037719
                            ],
                            [
                                29.0109597,
                                41.1032728
                            ],
                            [
                                29.010636,
                                41.1027822
                            ],
                            [
                                29.010478,
                                41.1026047
                            ],
                            [
                                29.0103455,
                                41.1024129
                            ],
                            [
                                29.0101897,
                                41.1022003
                            ],
                            [
                                29.0099733,
                                41.1019672
                            ],
                            [
                                29.0097974,
                                41.1017086
                            ],
                            [
                                29.0095283,
                                41.1013752
                            ],
                            [
                                29.0091781,
                                41.100957
                            ],
                            [
                                29.0086969,
                                41.1002674
                            ],
                            [
                                29.0082833,
                                41.0995417
                            ],
                            [
                                29.0082979,
                                41.0994871
                            ],
                            [
                                29.0082144,
                                41.0994222
                            ],
                            [
                                29.0079932,
                                41.09907
                            ],
                            [
                                29.0078607,
                                41.0988396
                            ],
                            [
                                29.007539,
                                41.0984019
                            ],
                            [
                                29.0075228,
                                41.0982625
                            ],
                            [
                                29.0074287,
                                41.098127
                            ],
                            [
                                29.0070482,
                                41.0974935
                            ],
                            [
                                29.0069186,
                                41.0973157
                            ],
                            [
                                29.006287,
                                41.0962468
                            ],
                            [
                                29.0061684,
                                41.0960512
                            ],
                            [
                                29.0060486,
                                41.0958186
                            ],
                            [
                                29.005895,
                                41.0955817
                            ],
                            [
                                29.0057283,
                                41.0953033
                            ],
                            [
                                29.0056081,
                                41.0951384
                            ],
                            [
                                29.0054713,
                                41.0948075
                            ],
                            [
                                29.0053622,
                                41.0944935
                            ],
                            [
                                29.0052191,
                                41.0937086
                            ]
                        ]
                    ]
                ]
            }
        },
        {
            "type": "Feature",
            "properties": {
                "type": "relation",
                "id": 9340882,
                "tags": {
                    "admin_level": "8",
                    "boundary": "administrative",
                    "name": "Levent Mahallesi",
                    "type": "boundary",
                    "wikidata": "Q48898",
                    "wikipedia": "tr:Levent, Beşiktaş"
                }
            },
            "geometry": {
                "type": "MultiPolygon",
                "coordinates": [
                    [
                        [
                            [
                                29.0094123,
                                41.0833498
                            ],
                            [
                                29.0100804,
                                41.0825467
                            ],
                            [
                                29.010586,
                                41.0815204
                            ],
                            [
                                29.0129444,
                                41.078462
                            ],
                            [
                                29.0138843,
                                41.0772336
                            ],
                            [
                                29.0145117,
                                41.0760838
                            ],
                            [
                                29.0150803,
                                41.0749191
                            ],
                            [
                                29.015665,
                                41.0737019
                            ],
                            [
                                29.0159622,
                                41.0729746
                            ],
                            [
                                29.0160356,
                                41.072689
                            ],
                            [
                                29.0161292,
                                41.0730611
                            ],
                            [
                                29.0160637,
                                41.0733439
                            ],
                            [
                                29.0160949,
                                41.0735407
                            ],
                            [
                                29.0161345,
                                41.0738402
                            ],
                            [
                                29.0159861,
                                41.0742748
                            ],
                            [
                                29.0161833,
                                41.0743941
                            ],
                            [
                                29.0173419,
                                41.0748616
                            ],
                            [
                                29.0213947,
                                41.0766257
                            ],
                            [
                                29.0222762,
                                41.0770028
                            ],
                            [
                                29.022326,
                                41.0778152
                            ],
                            [
                                29.0224858,
                                41.0800532
                            ],
                            [
                                29.0225268,
                                41.0808188
                            ],
                            [
                                29.0214438,
                                41.0820993
                            ],
                            [
                                29.0213518,
                                41.082793
                            ],
                            [
                                29.0208775,
                                41.0841695
                            ],
                            [
                                29.0206793,
                                41.0848844
                            ],
                            [
                                29.0206368,
                                41.0853592
                            ],
                            [
                                29.0206793,
                                41.0861915
                            ],
                            [
                                29.0203466,
                                41.0866397
                            ],
                            [
                                29.0202051,
                                41.0878881
                            ],
                            [
                                29.0203891,
                                41.0880641
                            ],
                            [
                                29.0203608,
                                41.0890564
                            ],
                            [
                                29.0199651,
                                41.0907577
                            ],
                            [
                                29.0193813,
                                41.0899128
                            ],
                            [
                                29.0187633,
                                41.0891651
                            ],
                            [
                                29.0175775,
                                41.0882599
                            ],
                            [
                                29.0139823,
                                41.0859294
                            ],
                            [
                                29.0119196,
                                41.084799
                            ],
                            [
                                29.010639,
                                41.0840366
                            ],
                            [
                                29.0094123,
                                41.0833498
                            ]
                        ]
                    ]
                ]
            }
        },
        {
            "type": "Feature",
            "properties": {
                "type": "relation",
                "id": 9340899,
                "tags": {
                    "admin_level": "8",
                    "boundary": "administrative",
                    "name": "Akat Mahallesi",
                    "type": "boundary",
                    "wikidata": "Q6067617",
                    "wikipedia": "tr:Akat, Beşiktaş"
                }
            },
            "geometry": {
                "type": "MultiPolygon",
                "coordinates": [
                    [
                        [
                            [
                                29.0199651,
                                41.0907577
                            ],
                            [
                                29.0203608,
                                41.0890564
                            ],
                            [
                                29.0203891,
                                41.0880641
                            ],
                            [
                                29.0202051,
                                41.0878881
                            ],
                            [
                                29.0203466,
                                41.0866397
                            ],
                            [
                                29.0206793,
                                41.0861915
                            ],
                            [
                                29.0206368,
                                41.0853592
                            ],
                            [
                                29.0206793,
                                41.0848844
                            ],
                            [
                                29.0208775,
                                41.0841695
                            ],
                            [
                                29.0213518,
                                41.082793
                            ],
                            [
                                29.0214438,
                                41.0820993
                            ],
                            [
                                29.0225268,
                                41.0808188
                            ],
                            [
                                29.0224858,
                                41.0800532
                            ],
                            [
                                29.022326,
                                41.0778152
                            ],
                            [
                                29.0222762,
                                41.0770028
                            ],
                            [
                                29.0226578,
                                41.0771739
                            ],
                            [
                                29.0228765,
                                41.0772198
                            ],
                            [
                                29.0230918,
                                41.077253
                            ],
                            [
                                29.023384,
                                41.0772846
                            ],
                            [
                                29.0244739,
                                41.0773604
                            ],
                            [
                                29.024833,
                                41.0773314
                            ],
                            [
                                29.0254814,
                                41.0774129
                            ],
                            [
                                29.026056,
                                41.0774581
                            ],
                            [
                                29.0282748,
                                41.0776076
                            ],
                            [
                                29.028556,
                                41.0776435
                            ],
                            [
                                29.0287303,
                                41.077687
                            ],
                            [
                                29.0289772,
                                41.0777915
                            ],
                            [
                                29.0291272,
                                41.0778925
                            ],
                            [
                                29.0295685,
                                41.0781783
                            ],
                            [
                                29.0298711,
                                41.0784756
                            ],
                            [
                                29.0299896,
                                41.0786211
                            ],
                            [
                                29.0301693,
                                41.0800068
                            ],
                            [
                                29.0302122,
                                41.0818426
                            ],
                            [
                                29.030298,
                                41.0821823
                            ],
                            [
                                29.0306467,
                                41.0827969
                            ],
                            [
                                29.0311295,
                                41.083177
                            ],
                            [
                                29.0316231,
                                41.0834398
                            ],
                            [
                                29.0319288,
                                41.08365
                            ],
                            [
                                29.0325779,
                                41.0844021
                            ],
                            [
                                29.0330768,
                                41.0856475
                            ],
                            [
                                29.0331944,
                                41.0863428
                            ],
                            [
                                29.0331144,
                                41.0868322
                            ],
                            [
                                29.0327925,
                                41.0876004
                            ],
                            [
                                29.0325296,
                                41.0880209
                            ],
                            [
                                29.0324385,
                                41.0881988
                            ],
                            [
                                29.0323955,
                                41.0885222
                            ],
                            [
                                29.0325779,
                                41.0892661
                            ],
                            [
                                29.0327764,
                                41.0899332
                            ],
                            [
                                29.0319771,
                                41.0905074
                            ],
                            [
                                29.0317572,
                                41.0908753
                            ],
                            [
                                29.0316552,
                                41.09132
                            ],
                            [
                                29.0319161,
                                41.0920541
                            ],
                            [
                                29.0295516,
                                41.0925072
                            ],
                            [
                                29.0280329,
                                41.0928662
                            ],
                            [
                                29.0233028,
                                41.0941902
                            ],
                            [
                                29.0227617,
                                41.0939834
                            ],
                            [
                                29.022365,
                                41.093561
                            ],
                            [
                                29.0211716,
                                41.0923894
                            ],
                            [
                                29.0207066,
                                41.0918308
                            ],
                            [
                                29.0199651,
                                41.0907577
                            ]
                        ]
                    ]
                ]
            }
        },
        {
            "type": "Feature",
            "properties": {
                "type": "relation",
                "id": 9343684,
                "tags": {
                    "admin_level": "8",
                    "boundary": "administrative",
                    "name": "Bebek Mahallesi",
                    "postal_code": "34342",
                    "type": "boundary",
                    "wikidata": "Q813531",
                    "wikipedia": "tr:Bebek, Beşiktaş"
                }
            },
            "geometry": {
                "type": "MultiPolygon",
                "coordinates": [
                    [
                        [
                            [
                                29.0341542,
                                41.0770242
                            ],
                            [
                                29.0345762,
                                41.0768689
                            ],
                            [
                                29.0352168,
                                41.0766981
                            ],
                            [
                                29.0358291,
                                41.076466
                            ],
                            [
                                29.0364166,
                                41.076314
                            ],
                            [
                                29.0366502,
                                41.0761939
                            ],
                            [
                                29.0368165,
                                41.0759885
                            ],
                            [
                                29.0368944,
                                41.0756176
                            ],
                            [
                                29.0368483,
                                41.0754602
                            ],
                            [
                                29.0367351,
                                41.0752227
                            ],
                            [
                                29.0370182,
                                41.0752388
                            ],
                            [
                                29.0374535,
                                41.075164
                            ],
                            [
                                29.0377473,
                                41.075044
                            ],
                            [
                                29.037942,
                                41.0748412
                            ],
                            [
                                29.0382782,
                                41.0743343
                            ],
                            [
                                29.0383348,
                                41.0741288
                            ],
                            [
                                29.0378393,
                                41.0724399
                            ],
                            [
                                29.0378641,
                                41.0721998
                            ],
                            [
                                29.0379986,
                                41.0721064
                            ],
                            [
                                29.0389223,
                                41.0716822
                            ],
                            [
                                29.0392481,
                                41.0713787
                            ],
                            [
                                29.0393368,
                                41.0713265
                            ],
                            [
                                29.0398283,
                                41.0713406
                            ],
                            [
                                29.040387,
                                41.0713149
                            ],
                            [
                                29.0412364,
                                41.0710801
                            ],
                            [
                                29.0414618,
                                41.0712027
                            ],
                            [
                                29.0416398,
                                41.0713469
                            ],
                            [
                                29.0415443,
                                41.0716617
                            ],
                            [
                                29.0417319,
                                41.0717311
                            ],
                            [
                                29.0419725,
                                41.0718965
                            ],
                            [
                                29.0424751,
                                41.0707599
                            ],
                            [
                                29.0425883,
                                41.0708346
                            ],
                            [
                                29.0422639,
                                41.0716202
                            ],
                            [
                                29.0423915,
                                41.0716396
                            ],
                            [
                                29.0426132,
                                41.0712821
                            ],
                            [
                                29.042664,
                                41.0711639
                            ],
                            [
                                29.0428902,
                                41.0709113
                            ],
                            [
                                29.0432106,
                                41.0708277
                            ],
                            [
                                29.0437036,
                                41.0710599
                            ],
                            [
                                29.0443075,
                                41.071125
                            ],
                            [
                                29.0453077,
                                41.0714199
                            ],
                            [
                                29.0450802,
                                41.0723166
                            ],
                            [
                                29.0449969,
                                41.0725371
                            ],
                            [
                                29.0449554,
                                41.0726671
                            ],
                            [
                                29.044816,
                                41.0728958
                            ],
                            [
                                29.044995,
                                41.0729522
                            ],
                            [
                                29.0449807,
                                41.0730376
                            ],
                            [
                                29.0449372,
                                41.0731231
                            ],
                            [
                                29.0449306,
                                41.0732242
                            ],
                            [
                                29.0440724,
                                41.0750007
                            ],
                            [
                                29.0440804,
                                41.0750737
                            ],
                            [
                                29.0441065,
                                41.0751553
                            ],
                            [
                                29.0443004,
                                41.0753792
                            ],
                            [
                                29.0442739,
                                41.0762487
                            ],
                            [
                                29.0442891,
                                41.0762492
                            ],
                            [
                                29.0445444,
                                41.0762573
                            ],
                            [
                                29.0445551,
                                41.0763149
                            ],
                            [
                                29.0445886,
                                41.0763839
                            ],
                            [
                                29.0444195,
                                41.0763877
                            ],
                            [
                                29.0444359,
                                41.0765798
                            ],
                            [
                                29.0444439,
                                41.0765811
                            ],
                            [
                                29.0444534,
                                41.0766681
                            ],
                            [
                                29.0444393,
                                41.0766675
                            ],
                            [
                                29.0444494,
                                41.0767941
                            ],
                            [
                                29.0444873,
                                41.0768077
                            ],
                            [
                                29.0444023,
                                41.0769824
                            ],
                            [
                                29.0443044,
                                41.0769558
                            ],
                            [
                                29.0443004,
                                41.0769671
                            ],
                            [
                                29.044366,
                                41.0769903
                            ],
                            [
                                29.0443145,
                                41.0770873
                            ],
                            [
                                29.0442843,
                                41.0770838
                            ],
                            [
                                29.0442151,
                                41.0771974
                            ],
                            [
                                29.0441907,
                                41.0772149
                            ],
                            [
                                29.0441866,
                                41.077233
                            ],
                            [
                                29.0442004,
                                41.0772701
                            ],
                            [
                                29.0442269,
                                41.0773187
                            ],
                            [
                                29.0442615,
                                41.0773402
                            ],
                            [
                                29.044293,
                                41.0773393
                            ],
                            [
                                29.0443256,
                                41.0774157
                            ],
                            [
                                29.0442698,
                                41.0774292
                            ],
                            [
                                29.0443382,
                                41.0775181
                            ],
                            [
                                29.0442822,
                                41.0775333
                            ],
                            [
                                29.0443339,
                                41.0776067
                            ],
                            [
                                29.0443311,
                                41.0776221
                            ],
                            [
                                29.0443233,
                                41.0776267
                            ],
                            [
                                29.0443676,
                                41.0776671
                            ],
                            [
                                29.0443783,
                                41.0776612
                            ],
                            [
                                29.0445473,
                                41.0778157
                            ],
                            [
                                29.0445302,
                                41.0778243
                            ],
                            [
                                29.0445427,
                                41.0778317
                            ],
                            [
                                29.0444714,
                                41.0778666
                            ],
                            [
                                29.0445045,
                                41.0778839
                            ],
                            [
                                29.0445868,
                                41.0779026
                            ],
                            [
                                29.0446368,
                                41.0779645
                            ],
                            [
                                29.0448101,
                                41.0780757
                            ],
                            [
                                29.0448133,
                                41.0780867
                            ],
                            [
                                29.0449819,
                                41.0781919
                            ],
                            [
                                29.0450222,
                                41.0781261
                            ],
                            [
                                29.0451026,
                                41.0780929
                            ],
                            [
                                29.0451718,
                                41.0781104
                            ],
                            [
                                29.0453578,
                                41.0781265
                            ],
                            [
                                29.0453707,
                                41.0780904
                            ],
                            [
                                29.0455167,
                                41.0781328
                            ],
                            [
                                29.0455085,
                                41.0781465
                            ],
                            [
                                29.0457283,
                                41.0782213
                            ],
                            [
                                29.0456826,
                                41.0782956
                            ],
                            [
                                29.0457273,
                                41.07838
                            ],
                            [
                                29.045759,
                                41.0783656
                            ],
                            [
                                29.0457856,
                                41.0783989
                            ],
                            [
                                29.0457564,
                                41.0784145
                            ],
                            [
                                29.0458296,
                                41.0785142
                            ],
                            [
                                29.0458272,
                                41.0785342
                            ],
                            [
                                29.0458232,
                                41.0785538
                            ],
                            [
                                29.0458076,
                                41.0785646
                            ],
                            [
                                29.0460345,
                                41.0787355
                            ],
                            [
                                29.0460226,
                                41.0787683
                            ],
                            [
                                29.0460556,
                                41.0787774
                            ],
                            [
                                29.046287,
                                41.0789291
                            ],
                            [
                                29.0464262,
                                41.0790223
                            ],
                            [
                                29.0464707,
                                41.0790476
                            ],
                            [
                                29.0465224,
                                41.0790748
                            ],
                            [
                                29.0465763,
                                41.0790933
                            ],
                            [
                                29.0466377,
                                41.0791088
                            ],
                            [
                                29.0467027,
                                41.0791192
                            ],
                            [
                                29.0467833,
                                41.0791287
                            ],
                            [
                                29.0474988,
                                41.079197
                            ],
                            [
                                29.0481277,
                                41.0792569
                            ],
                            [
                                29.0481305,
                                41.0792058
                            ],
                            [
                                29.0483891,
                                41.0792354
                            ],
                            [
                                29.0486521,
                                41.0792947
                            ],
                            [
                                29.0486351,
                                41.0793434
                            ],
                            [
                                29.0490748,
                                41.0794535
                            ],
                            [
                                29.0492702,
                                41.0794993
                            ],
                            [
                                29.0497963,
                                41.0796192
                            ],
                            [
                                29.0500212,
                                41.0796692
                            ],
                            [
                                29.0503833,
                                41.0797547
                            ],
                            [
                                29.0506772,
                                41.0798388
                            ],
                            [
                                29.0509255,
                                41.0799059
                            ],
                            [
                                29.0510242,
                                41.0799231
                            ],
                            [
                                29.0512057,
                                41.0799375
                            ],
                            [
                                29.0515107,
                                41.0799432
                            ],
                            [
                                29.0519001,
                                41.0799447
                            ],
                            [
                                29.0519796,
                                41.0799555
                            ],
                            [
                                29.0520514,
                                41.0799685
                            ],
                            [
                                29.052166,
                                41.0799989
                            ],
                            [
                                29.052189,
                                41.0799518
                            ],
                            [
                                29.0527569,
                                41.0801757
                            ],
                            [
                                29.0527583,
                                41.0801717
                            ],
                            [
                                29.0528167,
                                41.0801959
                            ],
                            [
                                29.0527891,
                                41.0802404
                            ],
                            [
                                29.0529041,
                                41.0802846
                            ],
                            [
                                29.0529346,
                                41.0803035
                            ],
                            [
                                29.0532516,
                                41.0804114
                            ],
                            [
                                29.0533187,
                                41.0804111
                            ],
                            [
                                29.053654,
                                41.0805507
                            ],
                            [
                                29.0539141,
                                41.0806733
                            ],
                            [
                                29.0539466,
                                41.0806289
                            ],
                            [
                                29.0546675,
                                41.080969
                            ],
                            [
                                29.0546309,
                                41.0810157
                            ],
                            [
                                29.0547757,
                                41.0810946
                            ],
                            [
                                29.0546498,
                                41.081221
                            ],
                            [
                                29.0546056,
                                41.0813172
                            ],
                            [
                                29.0545853,
                                41.0814168
                            ],
                            [
                                29.0546041,
                                41.0815915
                            ],
                            [
                                29.0546899,
                                41.0817273
                            ],
                            [
                                29.0547757,
                                41.081902
                            ],
                            [
                                29.0546665,
                                41.0820376
                            ],
                            [
                                29.0543935,
                                41.0821993
                            ],
                            [
                                29.0543577,
                                41.0823722
                            ],
                            [
                                29.0543775,
                                41.0825056
                            ],
                            [
                                29.0543863,
                                41.082634
                            ],
                            [
                                29.0544298,
                                41.0828341
                            ],
                            [
                                29.0544652,
                                41.0829577
                            ],
                            [
                                29.0546124,
                                41.083118
                            ],
                            [
                                29.0547464,
                                41.083184
                            ],
                            [
                                29.054784,
                                41.0832025
                            ],
                            [
                                29.0550504,
                                41.0833189
                            ],
                            [
                                29.0551019,
                                41.0835582
                            ],
                            [
                                29.0551191,
                                41.0839033
                            ],
                            [
                                29.0550673,
                                41.0839442
                            ],
                            [
                                29.0549998,
                                41.0839815
                            ],
                            [
                                29.0549072,
                                41.0840084
                            ],
                            [
                                29.0545611,
                                41.0841081
                            ],
                            [
                                29.0541874,
                                41.0841636
                            ],
                            [
                                29.0536964,
                                41.0841714
                            ],
                            [
                                29.0535689,
                                41.0842104
                            ],
                            [
                                29.0535091,
                                41.0842135
                            ],
                            [
                                29.0532232,
                                41.0842278
                            ],
                            [
                                29.0529488,
                                41.0842424
                            ],
                            [
                                29.0528119,
                                41.0842372
                            ],
                            [
                                29.0526589,
                                41.0842065
                            ],
                            [
                                29.0525336,
                                41.0841698
                            ],
                            [
                                29.0524221,
                                41.0841335
                            ],
                            [
                                29.0522541,
                                41.0840655
                            ],
                            [
                                29.0520592,
                                41.08397
                            ],
                            [
                                29.05193,
                                41.0839452
                            ],
                            [
                                29.0518336,
                                41.0839307
                            ],
                            [
                                29.051776,
                                41.0839346
                            ],
                            [
                                29.0516458,
                                41.0839456
                            ],
                            [
                                29.0515503,
                                41.0839609
                            ],
                            [
                                29.0515406,
                                41.0839625
                            ],
                            [
                                29.0515048,
                                41.0839688
                            ],
                            [
                                29.0511089,
                                41.0840212
                            ],
                            [
                                29.0510182,
                                41.0840424
                            ],
                            [
                                29.0503819,
                                41.084236
                            ],
                            [
                                29.0501936,
                                41.0842213
                            ],
                            [
                                29.0499973,
                                41.0841712
                            ],
                            [
                                29.0496322,
                                41.0840822
                            ],
                            [
                                29.0493858,
                                41.0840435
                            ],
                            [
                                29.048861,
                                41.0840203
                            ],
                            [
                                29.048497,
                                41.0840124
                            ],
                            [
                                29.0483449,
                                41.084036
                            ],
                            [
                                29.0481517,
                                41.0841374
                            ],
                            [
                                29.0479743,
                                41.0842492
                            ],
                            [
                                29.0474786,
                                41.0845616
                            ],
                            [
                                29.0473013,
                                41.0847627
                            ],
                            [
                                29.0468429,
                                41.0850608
                            ],
                            [
                                29.0467445,
                                41.0852574
                            ],
                            [
                                29.0462184,
                                41.0853271
                            ],
                            [
                                29.0459342,
                                41.0853416
                            ],
                            [
                                29.0457698,
                                41.0853303
                            ],
                            [
                                29.0445772,
                                41.0850544
                            ],
                            [
                                29.0418699,
                                41.084786
                            ],
                            [
                                29.0415339,
                                41.0847918
                            ],
                            [
                                29.0411825,
                                41.0848173
                            ],
                            [
                                29.0409128,
                                41.0848288
                            ],
                            [
                                29.0410195,
                                41.0846876
                            ],
                            [
                                29.0411026,
                                41.0844692
                            ],
                            [
                                29.0406579,
                                41.0838851
                            ],
                            [
                                29.0406497,
                                41.0835786
                            ],
                            [
                                29.0410563,
                                41.0833396
                            ],
                            [
                                29.0411945,
                                41.0827145
                            ],
                            [
                                29.0407392,
                                41.0819484
                            ],
                            [
                                29.0408124,
                                41.0818442
                            ],
                            [
                                29.0418206,
                                41.0811271
                            ],
                            [
                                29.0419426,
                                41.0806123
                            ],
                            [
                                29.0419832,
                                41.0799442
                            ],
                            [
                                29.0417474,
                                41.0797665
                            ],
                            [
                                29.0415279,
                                41.0794661
                            ],
                            [
                                29.0410156,
                                41.0797052
                            ],
                            [
                                29.0405197,
                                41.0797481
                            ],
                            [
                                29.0402188,
                                41.0799136
                            ],
                            [
                                29.037869,
                                41.081219
                            ],
                            [
                                29.0377877,
                                41.0810107
                            ],
                            [
                                29.0379584,
                                41.079362
                            ],
                            [
                                29.0379329,
                                41.0788645
                            ],
                            [
                                29.0379178,
                                41.0785713
                            ],
                            [
                                29.0380397,
                                41.0782893
                            ],
                            [
                                29.0376169,
                                41.0781852
                            ],
                            [
                                29.0372808,
                                41.0780264
                            ],
                            [
                                29.0363783,
                                41.0782777
                            ],
                            [
                                29.035679,
                                41.0783574
                            ],
                            [
                                29.0352806,
                                41.0785352
                            ],
                            [
                                29.0338495,
                                41.078719
                            ],
                            [
                                29.0326543,
                                41.0784432
                            ],
                            [
                                29.032882,
                                41.0781735
                            ],
                            [
                                29.0338008,
                                41.0778793
                            ],
                            [
                                29.0340701,
                                41.077628
                            ],
                            [
                                29.0341654,
                                41.0773813
                            ],
                            [
                                29.0341628,
                                41.0771369
                            ],
                            [
                                29.0341542,
                                41.0770242
                            ]
                        ]
                    ]
                ]
            }
        },
        {
            "type": "Feature",
            "properties": {
                "type": "relation",
                "id": 9343698,
                "tags": {
                    "admin_level": "8",
                    "boundary": "administrative",
                    "name": "Etiler Mahallesi",
                    "postal_code": "34337",
                    "type": "boundary",
                    "wikidata": "Q951063",
                    "wikipedia": "tr:Etiler, Beşiktaş"
                }
            },
            "geometry": {
                "type": "MultiPolygon",
                "coordinates": [
                    [
                        [
                            [
                                29.0282748,
                                41.0776076
                            ],
                            [
                                29.028526,
                                41.0774414
                            ],
                            [
                                29.0293004,
                                41.0770254
                            ],
                            [
                                29.0304031,
                                41.0766527
                            ],
                            [
                                29.0311106,
                                41.0765533
                            ],
                            [
                                29.0314214,
                                41.076526
                            ],
                            [
                                29.0330979,
                                41.0763501
                            ],
                            [
                                29.0334968,
                                41.0761836
                            ],
                            [
                                29.034148,
                                41.0770043
                            ],
                            [
                                29.0341542,
                                41.0770242
                            ],
                            [
                                29.0341628,
                                41.0771369
                            ],
                            [
                                29.0341654,
                                41.0773813
                            ],
                            [
                                29.0340701,
                                41.077628
                            ],
                            [
                                29.0338008,
                                41.0778793
                            ],
                            [
                                29.032882,
                                41.0781735
                            ],
                            [
                                29.0326543,
                                41.0784432
                            ],
                            [
                                29.0338495,
                                41.078719
                            ],
                            [
                                29.0352806,
                                41.0785352
                            ],
                            [
                                29.035679,
                                41.0783574
                            ],
                            [
                                29.0363783,
                                41.0782777
                            ],
                            [
                                29.0372808,
                                41.0780264
                            ],
                            [
                                29.0376169,
                                41.0781852
                            ],
                            [
                                29.0380397,
                                41.0782893
                            ],
                            [
                                29.0379178,
                                41.0785713
                            ],
                            [
                                29.0379329,
                                41.0788645
                            ],
                            [
                                29.0379584,
                                41.079362
                            ],
                            [
                                29.0377877,
                                41.0810107
                            ],
                            [
                                29.037869,
                                41.081219
                            ],
                            [
                                29.0402188,
                                41.0799136
                            ],
                            [
                                29.0405197,
                                41.0797481
                            ],
                            [
                                29.0410156,
                                41.0797052
                            ],
                            [
                                29.0415279,
                                41.0794661
                            ],
                            [
                                29.0417474,
                                41.0797665
                            ],
                            [
                                29.0419832,
                                41.0799442
                            ],
                            [
                                29.0419426,
                                41.0806123
                            ],
                            [
                                29.0418206,
                                41.0811271
                            ],
                            [
                                29.0408124,
                                41.0818442
                            ],
                            [
                                29.0407392,
                                41.0819484
                            ],
                            [
                                29.0411945,
                                41.0827145
                            ],
                            [
                                29.0410563,
                                41.0833396
                            ],
                            [
                                29.0406497,
                                41.0835786
                            ],
                            [
                                29.0406579,
                                41.0838851
                            ],
                            [
                                29.0411026,
                                41.0844692
                            ],
                            [
                                29.0410195,
                                41.0846876
                            ],
                            [
                                29.0409128,
                                41.0848288
                            ],
                            [
                                29.0411825,
                                41.0848173
                            ],
                            [
                                29.0415339,
                                41.0847918
                            ],
                            [
                                29.0418699,
                                41.084786
                            ],
                            [
                                29.0418309,
                                41.0858163
                            ],
                            [
                                29.0417929,
                                41.08647
                            ],
                            [
                                29.0417979,
                                41.0865594
                            ],
                            [
                                29.0418496,
                                41.0869288
                            ],
                            [
                                29.0419183,
                                41.0872005
                            ],
                            [
                                29.0426169,
                                41.0878828
                            ],
                            [
                                29.042356,
                                41.0884102
                            ],
                            [
                                29.0422811,
                                41.0887493
                            ],
                            [
                                29.0420043,
                                41.0895404
                            ],
                            [
                                29.0420286,
                                41.0908168
                            ],
                            [
                                29.0400079,
                                41.0909538
                            ],
                            [
                                29.0382899,
                                41.0911124
                            ],
                            [
                                29.0370288,
                                41.0912519
                            ],
                            [
                                29.0361395,
                                41.0913743
                            ],
                            [
                                29.0340284,
                                41.0916769
                            ],
                            [
                                29.0326802,
                                41.0919151
                            ],
                            [
                                29.0319161,
                                41.0920541
                            ],
                            [
                                29.0316552,
                                41.09132
                            ],
                            [
                                29.0317572,
                                41.0908753
                            ],
                            [
                                29.0319771,
                                41.0905074
                            ],
                            [
                                29.0327764,
                                41.0899332
                            ],
                            [
                                29.0325779,
                                41.0892661
                            ],
                            [
                                29.0323955,
                                41.0885222
                            ],
                            [
                                29.0324385,
                                41.0881988
                            ],
                            [
                                29.0325296,
                                41.0880209
                            ],
                            [
                                29.0327925,
                                41.0876004
                            ],
                            [
                                29.0331144,
                                41.0868322
                            ],
                            [
                                29.0331944,
                                41.0863428
                            ],
                            [
                                29.0330768,
                                41.0856475
                            ],
                            [
                                29.0325779,
                                41.0844021
                            ],
                            [
                                29.0319288,
                                41.08365
                            ],
                            [
                                29.0316231,
                                41.0834398
                            ],
                            [
                                29.0311295,
                                41.083177
                            ],
                            [
                                29.0306467,
                                41.0827969
                            ],
                            [
                                29.030298,
                                41.0821823
                            ],
                            [
                                29.0302122,
                                41.0818426
                            ],
                            [
                                29.0301693,
                                41.0800068
                            ],
                            [
                                29.0299896,
                                41.0786211
                            ],
                            [
                                29.0298711,
                                41.0784756
                            ],
                            [
                                29.0295685,
                                41.0781783
                            ],
                            [
                                29.0291272,
                                41.0778925
                            ],
                            [
                                29.0289772,
                                41.0777915
                            ],
                            [
                                29.0287303,
                                41.077687
                            ],
                            [
                                29.028556,
                                41.0776435
                            ],
                            [
                                29.0282748,
                                41.0776076
                            ]
                        ]
                    ]
                ]
            }
        }
    ]
}