{
    "type": "FeatureCollection",
    "features": [
        {
            "type": "Feature",
            "properties": {
                "type": "relation",
                "id": 9289261,
                "tags": {
                    "admin_level": "8",
                    "boundary": "administrative",
                    "name": "Gürpınar Mahallesi",
                    "network": "TR34-Mahalle",
                    "postal_code": "34528",
                    "type": "boundary",
                    "wikidata": "Q6688967",
                    "wikimedia_commons": "Category:Gürpınar, Beylikdüzü",
                    "wikipedia": "tr:Gürpınar, Beylikdüzü"
                }
            },
            "geometry": {
                "type": "MultiPolygon",
                "coordinates": [
                    [
                        [
                            [
                                28.5967993,
                                40.9717324
                            ],
                            [
                                28.5980022,
                                40.9722637
                            ],
                            [
                                28.5988498,
                                40.9727214
                            ],
                            [
                                28.5993969,
                                40.973013
                            ],
                            [
                                28.5999602,
                                40.9733776
                            ],
                            [
                                28.6002123,
                                40.9735193
                            ],
                            [
                                28.6007219,
                                40.9738069
                            ],
                            [
                                28.6011404,
                                40.9740661
                            ],
                            [
                                28.601312,
                                40.9742038
                            ],
                            [
                                28.601591,
                                40.974463
                            ],
                            [
                                28.6018699,
                                40.9747384
                            ],
                            [
                                28.6022723,
                                40.9751313
                            ],
                            [
                                28.6026907,
                                40.9755302
                            ],
                            [
                                28.6029338,
                                40.975734
                            ],
                            [
                                28.6030555,
                                40.975836
                            ],
                            [
                                28.6035222,
                                40.9762005
                            ],
                            [
                                28.6039487,
                                40.9765144
                            ],
                            [
                                28.6042061,
                                40.9767472
                            ],
                            [
                                28.6044717,
                                40.9769396
                            ],
                            [
                                28.604866,
                                40.9771826
                            ],
                            [
                                28.6052066,
                                40.9773952
                            ],
                            [
                                28.6054614,
                                40.977535
                            ],
                            [
                                28.6056572,
                                40.9776524
                            ],
                            [
                                28.6058208,
                                40.9777962
                            ],
                            [
                                28.605971,
                                40.9780169
                            ],
                            [
                                28.6059768,
                                40.9780313
                            ],
                            [
                                28.6061802,
                                40.9785312
                            ],
                            [
                                28.6062956,
                                40.9788573
                            ],
                            [
                                28.6064109,
                                40.9790213
                            ],
                            [
                                28.6065692,
                                40.9791975
                            ],
                            [
                                28.606714,
                                40.9794222
                            ],
                            [
                                28.6068159,
                                40.9797908
                            ],
                            [
                                28.6069795,
                                40.9799568
                            ],
                            [
                                28.6070707,
                                40.9801309
                            ],
                            [
                                28.6071029,
                                40.9802767
                            ],
                            [
                                28.6071485,
                                40.9803901
                            ],
                            [
                                28.6073363,
                                40.9805987
                            ],
                            [
                                28.6073631,
                                40.9807931
                            ],
                            [
                                28.6074543,
                                40.980951
                            ],
                            [
                                28.6075589,
                                40.9810421
                            ],
                            [
                                28.6076635,
                                40.9811474
                            ],
                            [
                                28.6078352,
                                40.981277
                            ],
                            [
                                28.6080578,
                                40.981441
                            ],
                            [
                                28.6082214,
                                40.981518
                            ],
                            [
                                28.6084387,
                                40.9816577
                            ],
                            [
                                28.6087552,
                                40.9819938
                            ],
                            [
                                28.6091092,
                                40.9824595
                            ],
                            [
                                28.6090234,
                                40.9828989
                            ],
                            [
                                28.6093479,
                                40.9832107
                            ],
                            [
                                28.6097422,
                                40.9833403
                            ],
                            [
                                28.610158,
                                40.983312
                            ],
                            [
                                28.6103591,
                                40.9833606
                            ],
                            [
                                28.6106783,
                                40.9833565
                            ],
                            [
                                28.6108875,
                                40.9833849
                            ],
                            [
                                28.6109412,
                                40.983883
                            ],
                            [
                                28.6108339,
                                40.984045
                            ],
                            [
                                28.6107212,
                                40.9842717
                            ],
                            [
                                28.6106729,
                                40.9844945
                            ],
                            [
                                28.6106729,
                                40.9849561
                            ],
                            [
                                28.6108956,
                                40.9867459
                            ],
                            [
                                28.6109674,
                                40.9871621
                            ],
                            [
                                28.6109965,
                                40.9873356
                            ],
                            [
                                28.6110467,
                                40.9874232
                            ],
                            [
                                28.6110535,
                                40.9874356
                            ],
                            [
                                28.6110623,
                                40.9874475
                            ],
                            [
                                28.6110888,
                                40.987484
                            ],
                            [
                                28.6111311,
                                40.9875587
                            ],
                            [
                                28.6111597,
                                40.9876171
                            ],
                            [
                                28.611178,
                                40.9876536
                            ],
                            [
                                28.6111836,
                                40.9876756
                            ],
                            [
                                28.6111845,
                                40.9876914
                            ],
                            [
                                28.6111795,
                                40.9877033
                            ],
                            [
                                28.61118,
                                40.9877127
                            ],
                            [
                                28.6111845,
                                40.9877236
                            ],
                            [
                                28.6112031,
                                40.9877478
                            ],
                            [
                                28.6112195,
                                40.9877584
                            ],
                            [
                                28.6112325,
                                40.9877668
                            ],
                            [
                                28.6113515,
                                40.9878594
                            ],
                            [
                                28.6118585,
                                40.9882705
                            ],
                            [
                                28.6121508,
                                40.9884973
                            ],
                            [
                                28.612521,
                                40.9886491
                            ],
                            [
                                28.6129057,
                                40.9887793
                            ],
                            [
                                28.6129226,
                                40.9887937
                            ],
                            [
                                28.6129312,
                                40.9888051
                            ],
                            [
                                28.612933,
                                40.9888179
                            ],
                            [
                                28.612931,
                                40.9888448
                            ],
                            [
                                28.6129276,
                                40.9888874
                            ],
                            [
                                28.6129533,
                                40.989576
                            ],
                            [
                                28.6131002,
                                40.9900446
                            ],
                            [
                                28.6131197,
                                40.9901956
                            ],
                            [
                                28.613305,
                                40.9903941
                            ],
                            [
                                28.6137373,
                                40.9907864
                            ],
                            [
                                28.6138988,
                                40.9907262
                            ],
                            [
                                28.6139932,
                                40.9906847
                            ],
                            [
                                28.6140085,
                                40.9906832
                            ],
                            [
                                28.6140256,
                                40.9906872
                            ],
                            [
                                28.6140307,
                                40.9906983
                            ],
                            [
                                28.6140245,
                                40.9907648
                            ],
                            [
                                28.6139991,
                                40.9911691
                            ],
                            [
                                28.6140035,
                                40.9913432
                            ],
                            [
                                28.6140108,
                                40.9913925
                            ],
                            [
                                28.6140303,
                                40.9914319
                            ],
                            [
                                28.6139432,
                                40.9914802
                            ],
                            [
                                28.6138883,
                                40.9915161
                            ],
                            [
                                28.6138069,
                                40.9915662
                            ],
                            [
                                28.6137184,
                                40.991596
                            ],
                            [
                                28.6135204,
                                40.9916232
                            ],
                            [
                                28.6133047,
                                40.9916311
                            ],
                            [
                                28.6130544,
                                40.9916535
                            ],
                            [
                                28.6127072,
                                40.9916686
                            ],
                            [
                                28.611863,
                                40.9917499
                            ],
                            [
                                28.6113623,
                                40.9918136
                            ],
                            [
                                28.611255,
                                40.9918399
                            ],
                            [
                                28.6112454,
                                40.9918444
                            ],
                            [
                                28.6110243,
                                40.9919472
                            ],
                            [
                                28.6107772,
                                40.9921284
                            ],
                            [
                                28.61074,
                                40.9921557
                            ],
                            [
                                28.610335,
                                40.9924149
                            ],
                            [
                                28.6098897,
                                40.9927145
                            ],
                            [
                                28.609364,
                                40.9930647
                            ],
                            [
                                28.6088759,
                                40.9934474
                            ],
                            [
                                28.6087471,
                                40.9935789
                            ],
                            [
                                28.6083341,
                                40.993996
                            ],
                            [
                                28.6079344,
                                40.9942936
                            ],
                            [
                                28.6075106,
                                40.9946236
                            ],
                            [
                                28.6073819,
                                40.9947329
                            ],
                            [
                                28.6071351,
                                40.9949981
                            ],
                            [
                                28.6066925,
                                40.9955751
                            ],
                            [
                                28.6065504,
                                40.9958301
                            ],
                            [
                                28.6062232,
                                40.996233
                            ],
                            [
                                28.6058959,
                                40.9965792
                            ],
                            [
                                28.6053461,
                                40.9970954
                            ],
                            [
                                28.6048177,
                                40.9975549
                            ],
                            [
                                28.6043242,
                                40.997476
                            ],
                            [
                                28.603895,
                                40.997393
                            ],
                            [
                                28.6037073,
                                40.9972938
                            ],
                            [
                                28.6035383,
                                40.9971764
                            ],
                            [
                                28.6033371,
                                40.996978
                            ],
                            [
                                28.6029884,
                                40.996648
                            ],
                            [
                                28.6026424,
                                40.9963666
                            ],
                            [
                                28.6025673,
                                40.9964294
                            ],
                            [
                                28.602106,
                                40.9970104
                            ],
                            [
                                28.602047,
                                40.9971156
                            ],
                            [
                                28.6020201,
                                40.9972614
                            ],
                            [
                                28.6020845,
                                40.9974071
                            ],
                            [
                                28.6021435,
                                40.9975367
                            ],
                            [
                                28.6021972,
                                40.9976217
                            ],
                            [
                                28.6021864,
                                40.9977594
                            ],
                            [
                                28.6021703,
                                40.9978201
                            ],
                            [
                                28.6020255,
                                40.9979092
                            ],
                            [
                                28.6018646,
                                40.9979861
                            ],
                            [
                                28.6017144,
                                40.9980185
                            ],
                            [
                                28.6015749,
                                40.9980023
                            ],
                            [
                                28.6013442,
                                40.9979861
                            ],
                            [
                                28.6011189,
                                40.9979416
                            ],
                            [
                                28.6008882,
                                40.9979051
                            ],
                            [
                                28.6007327,
                                40.9978404
                            ],
                            [
                                28.6005771,
                                40.9977432
                            ],
                            [
                                28.6004859,
                                40.9975326
                            ],
                            [
                                28.6004269,
                                40.9973828
                            ],
                            [
                                28.6002928,
                                40.9972776
                            ],
                            [
                                28.6001158,
                                40.9971642
                            ],
                            [
                                28.5999066,
                                40.9971075
                            ],
                            [
                                28.5975309,
                                40.9970121
                            ],
                            [
                                28.5971958,
                                40.9970129
                            ],
                            [
                                28.5972019,
                                40.9961821
                            ],
                            [
                                28.5972246,
                                40.9955026
                            ],
                            [
                                28.597315,
                                40.9945511
                            ],
                            [
                                28.5972547,
                                40.9942698
                            ],
                            [
                                28.597095,
                                40.9937813
                            ],
                            [
                                28.5969391,
                                40.9932364
                            ],
                            [
                                28.5969985,
                                40.9932124
                            ],
                            [
                                28.5969971,
                                40.9929534
                            ],
                            [
                                28.5972337,
                                40.9923709
                            ],
                            [
                                28.5971037,
                                40.9919051
                            ],
                            [
                                28.596821,
                                40.9911164
                            ],
                            [
                                28.5967769,
                                40.9910928
                            ],
                            [
                                28.5968453,
                                40.990997
                            ],
                            [
                                28.5966525,
                                40.9909103
                            ],
                            [
                                28.5966119,
                                40.9908586
                            ],
                            [
                                28.5964818,
                                40.9904337
                            ],
                            [
                                28.5964412,
                                40.9904424
                            ],
                            [
                                28.5963274,
                                40.9898898
                            ],
                            [
                                28.5962632,
                                40.9895314
                            ],
                            [
                                28.5961938,
                                40.989158
                            ],
                            [
                                28.5961459,
                                40.9887191
                            ],
                            [
                                28.5961192,
                                40.988392
                            ],
                            [
                                28.5961172,
                                40.9880811
                            ],
                            [
                                28.5961809,
                                40.9880783
                            ],
                            [
                                28.5961889,
                                40.9879652
                            ],
                            [
                                28.596117,
                                40.9879472
                            ],
                            [
                                28.5961379,
                                40.9878962
                            ],
                            [
                                28.5961985,
                                40.9879052
                            ],
                            [
                                28.5962142,
                                40.9878072
                            ],
                            [
                                28.5962678,
                                40.9876454
                            ],
                            [
                                28.5962274,
                                40.9876026
                            ],
                            [
                                28.5963337,
                                40.9873642
                            ],
                            [
                                28.5964117,
                                40.9872065
                            ],
                            [
                                28.5965845,
                                40.9868965
                            ],
                            [
                                28.596761,
                                40.9865409
                            ],
                            [
                                28.5969547,
                                40.9861313
                            ],
                            [
                                28.597265,
                                40.9853196
                            ],
                            [
                                28.5973165,
                                40.9851554
                            ],
                            [
                                28.5973832,
                                40.98516
                            ],
                            [
                                28.5974259,
                                40.9850346
                            ],
                            [
                                28.597368,
                                40.9850229
                            ],
                            [
                                28.5974487,
                                40.9847783
                            ],
                            [
                                28.5975091,
                                40.9847099
                            ],
                            [
                                28.597478,
                                40.9846468
                            ],
                            [
                                28.597541,
                                40.984459
                            ],
                            [
                                28.5975948,
                                40.9844743
                            ],
                            [
                                28.5976649,
                                40.9842711
                            ],
                            [
                                28.597602,
                                40.9842532
                            ],
                            [
                                28.5976508,
                                40.9841627
                            ],
                            [
                                28.5976904,
                                40.9841794
                            ],
                            [
                                28.597731,
                                40.9840552
                            ],
                            [
                                28.5977175,
                                40.9839329
                            ],
                            [
                                28.5979039,
                                40.983447
                            ],
                            [
                                28.5981864,
                                40.9827482
                            ],
                            [
                                28.5984995,
                                40.9817843
                            ],
                            [
                                28.5985899,
                                40.981809
                            ],
                            [
                                28.5989035,
                                40.981152
                            ],
                            [
                                28.5988175,
                                40.9807076
                            ],
                            [
                                28.5987699,
                                40.9806167
                            ],
                            [
                                28.5987427,
                                40.9805299
                            ],
                            [
                                28.598701,
                                40.980407
                            ],
                            [
                                28.5981843,
                                40.9794923
                            ],
                            [
                                28.5978248,
                                40.9790768
                            ],
                            [
                                28.5973603,
                                40.978462
                            ],
                            [
                                28.5969698,
                                40.9778272
                            ],
                            [
                                28.5968795,
                                40.9777431
                            ],
                            [
                                28.5968037,
                                40.9776272
                            ],
                            [
                                28.5966747,
                                40.9774316
                            ],
                            [
                                28.5965181,
                                40.9770951
                            ],
                            [
                                28.5961819,
                                40.9765524
                            ],
                            [
                                28.5958225,
                                40.9761039
                            ],
                            [
                                28.5956536,
                                40.9758085
                            ],
                            [
                                28.59516,
                                40.9747102
                            ],
                            [
                                28.5949913,
                                40.9740008
                            ],
                            [
                                28.5948498,
                                40.9737825
                            ],
                            [
                                28.5948521,
                                40.9735744
                            ],
                            [
                                28.5952397,
                                40.9729549
                            ],
                            [
                                28.5955755,
                                40.9724411
                            ],
                            [
                                28.5957381,
                                40.9722546
                            ],
                            [
                                28.5959264,
                                40.972125
                            ],
                            [
                                28.5962395,
                                40.9719329
                            ],
                            [
                                28.5965755,
                                40.9717767
                            ],
                            [
                                28.5966958,
                                40.9717487
                            ],
                            [
                                28.5967993,
                                40.9717324
                            ]
                        ]
                    ]
                ]
            }
        },
        {
            "type": "Feature",
            "properties": {
                "type": "relation",
                "id": 9293239,
                "tags": {
                    "admin_level": "8",
                    "boundary": "administrative",
                    "name": "Yakuplu Mahallesi",
                    "network": "TR34-Mahalle",
                    "postal_code": "34524",
                    "type": "boundary",
                    "wikidata": "Q6077999",
                    "wikipedia": "tr:Yakuplu, Beylikdüzü"
                }
            },
            "geometry": {
                "type": "MultiPolygon",
                "coordinates": [
                    [
                        [
                            [
                                28.6591164,
                                41.0087868
                            ],
                            [
                                28.6591225,
                                41.0085163
                            ],
                            [
                                28.6592172,
                                41.0080068
                            ],
                            [
                                28.6592711,
                                41.0066433
                            ],
                            [
                                28.6593986,
                                41.0066415
                            ],
                            [
                                28.6595325,
                                41.007782
                            ],
                            [
                                28.6597471,
                                41.0078953
                            ],
                            [
                                28.6599402,
                                41.0079115
                            ],
                            [
                                28.660466,
                                41.0072395
                            ],
                            [
                                28.6613564,
                                41.006438
                            ],
                            [
                                28.6653154,
                                41.0040091
                            ],
                            [
                                28.6658733,
                                41.003839
                            ],
                            [
                                28.6661844,
                                41.0037823
                            ],
                            [
                                28.6665385,
                                41.0038066
                            ],
                            [
                                28.6669354,
                                41.0038471
                            ],
                            [
                                28.66715,
                                41.00392
                            ],
                            [
                                28.6673324,
                                41.0040171
                            ],
                            [
                                28.6672466,
                                41.0038147
                            ],
                            [
                                28.6672466,
                                41.0036285
                            ],
                            [
                                28.667268,
                                41.0034504
                            ],
                            [
                                28.6674397,
                                41.0031994
                            ],
                            [
                                28.6676972,
                                41.0029889
                            ],
                            [
                                28.6681156,
                                41.002665
                            ],
                            [
                                28.6682873,
                                41.0024707
                            ],
                            [
                                28.6684697,
                                41.0022844
                            ],
                            [
                                28.6685555,
                                41.002082
                            ],
                            [
                                28.6686306,
                                41.0018472
                            ],
                            [
                                28.6687057,
                                41.0015152
                            ],
                            [
                                28.6687808,
                                41.0011995
                            ],
                            [
                                28.6688559,
                                41.0007622
                            ],
                            [
                                28.6688774,
                                41.0003816
                            ],
                            [
                                28.6688774,
                                40.9998634
                            ],
                            [
                                28.6688559,
                                40.9993695
                            ],
                            [
                                28.6688881,
                                40.9991266
                            ],
                            [
                                28.6692314,
                                40.9980577
                            ],
                            [
                                28.6684053,
                                40.9985679
                            ],
                            [
                                28.6679547,
                                40.9987298
                            ],
                            [
                                28.6674397,
                                40.9973452
                            ],
                            [
                                28.6672037,
                                40.9972561
                            ],
                            [
                                28.6667716,
                                40.9962268
                            ],
                            [
                                28.6667716,
                                40.9956253
                            ],
                            [
                                28.6671294,
                                40.9941647
                            ],
                            [
                                28.6671619,
                                40.9940543
                            ],
                            [
                                28.6671782,
                                40.9939315
                            ],
                            [
                                28.6671294,
                                40.9938211
                            ],
                            [
                                28.665243,
                                40.9933056
                            ],
                            [
                                28.6652267,
                                40.9928637
                            ],
                            [
                                28.664934,
                                40.9925936
                            ],
                            [
                                28.6654707,
                                40.9915503
                            ],
                            [
                                28.6655194,
                                40.9910225
                            ],
                            [
                                28.6656658,
                                40.9908016
                            ],
                            [
                                28.6656333,
                                40.9894268
                            ],
                            [
                                28.6649769,
                                40.9894873
                            ],
                            [
                                28.6650681,
                                40.9891269
                            ],
                            [
                                28.6649126,
                                40.9885601
                            ],
                            [
                                28.6649609,
                                40.9880782
                            ],
                            [
                                28.6648321,
                                40.9876368
                            ],
                            [
                                28.6647999,
                                40.9873331
                            ],
                            [
                                28.6649769,
                                40.9869444
                            ],
                            [
                                28.6651111,
                                40.9865597
                            ],
                            [
                                28.6655563,
                                40.9850573
                            ],
                            [
                                28.6660445,
                                40.985033
                            ],
                            [
                                28.6667257,
                                40.9849723
                            ],
                            [
                                28.6677611,
                                40.9849804
                            ],
                            [
                                28.6694455,
                                40.9850857
                            ],
                            [
                                28.6708134,
                                40.9851829
                            ],
                            [
                                28.6715645,
                                40.9850654
                            ],
                            [
                                28.6730128,
                                40.9848144
                            ],
                            [
                                28.6733347,
                                40.9847212
                            ],
                            [
                                28.6738604,
                                40.9845511
                            ],
                            [
                                28.6743486,
                                40.9843284
                            ],
                            [
                                28.6749494,
                                40.9840531
                            ],
                            [
                                28.675341,
                                40.9838627
                            ],
                            [
                                28.6757541,
                                40.9837655
                            ],
                            [
                                28.677122,
                                40.9837817
                            ],
                            [
                                28.6792463,
                                40.9837777
                            ],
                            [
                                28.6795038,
                                40.9837898
                            ],
                            [
                                28.6796915,
                                40.9837007
                            ],
                            [
                                28.6804426,
                                40.9831945
                            ],
                            [
                                28.6809254,
                                40.9828665
                            ],
                            [
                                28.6822289,
                                40.9825911
                            ],
                            [
                                28.6828083,
                                40.9825709
                            ],
                            [
                                28.6830389,
                                40.9811819
                            ],
                            [
                                28.6833394,
                                40.9796753
                            ],
                            [
                                28.6835378,
                                40.9783267
                            ],
                            [
                                28.6836183,
                                40.9775127
                            ],
                            [
                                28.6836612,
                                40.9772737
                            ],
                            [
                                28.683747,
                                40.9768728
                            ],
                            [
                                28.6839133,
                                40.9763503
                            ],
                            [
                                28.6842191,
                                40.9754755
                            ],
                            [
                                28.6845356,
                                40.9748194
                            ],
                            [
                                28.6847877,
                                40.9742686
                            ],
                            [
                                28.6851257,
                                40.9734586
                            ],
                            [
                                28.6851579,
                                40.9731953
                            ],
                            [
                                28.6851096,
                                40.9729968
                            ],
                            [
                                28.685351,
                                40.9729563
                            ],
                            [
                                28.6856568,
                                40.972851
                            ],
                            [
                                28.6857426,
                                40.9727619
                            ],
                            [
                                28.6858284,
                                40.9724014
                            ],
                            [
                                28.6861825,
                                40.9720126
                            ],
                            [
                                28.686381,
                                40.9716805
                            ],
                            [
                                28.6863944,
                                40.9713585
                            ],
                            [
                                28.6863461,
                                40.9712167
                            ],
                            [
                                28.6863863,
                                40.9708846
                            ],
                            [
                                28.6861074,
                                40.9705626
                            ],
                            [
                                28.6856863,
                                40.9698517
                            ],
                            [
                                28.6857855,
                                40.969311
                            ],
                            [
                                28.685695,
                                40.9688108
                            ],
                            [
                                28.6857065,
                                40.968619
                            ],
                            [
                                28.6865661,
                                40.9687031
                            ],
                            [
                                28.6867087,
                                40.9685477
                            ],
                            [
                                28.6868523,
                                40.9685819
                            ],
                            [
                                28.6868459,
                                40.9688267
                            ],
                            [
                                28.686941,
                                40.9691935
                            ],
                            [
                                28.6868406,
                                40.9694765
                            ],
                            [
                                28.6868889,
                                40.9697283
                            ],
                            [
                                28.6868882,
                                40.9700067
                            ],
                            [
                                28.687025,
                                40.970163
                            ],
                            [
                                28.687367,
                                40.970286
                            ],
                            [
                                28.6876705,
                                40.9703937
                            ],
                            [
                                28.688051,
                                40.970533
                            ],
                            [
                                28.6885061,
                                40.9706396
                            ],
                            [
                                28.689412,
                                40.970769
                            ],
                            [
                                28.689743,
                                40.9710009
                            ],
                            [
                                28.690112,
                                40.971658
                            ],
                            [
                                28.6901867,
                                40.9717348
                            ],
                            [
                                28.6903261,
                                40.9717996
                            ],
                            [
                                28.6908519,
                                40.9720021
                            ],
                            [
                                28.6913025,
                                40.9721236
                            ],
                            [
                                28.6917853,
                                40.972237
                            ],
                            [
                                28.6921715,
                                40.9722856
                            ],
                            [
                                28.6927401,
                                40.9723261
                            ],
                            [
                                28.6932873,
                                40.9723261
                            ],
                            [
                                28.6936843,
                                40.9722775
                            ],
                            [
                                28.693931,
                                40.9722927
                            ],
                            [
                                28.6941241,
                                40.9723576
                            ],
                            [
                                28.6942945,
                                40.9723723
                            ],
                            [
                                28.6944652,
                                40.9723871
                            ],
                            [
                                28.6947203,
                                40.9723121
                            ],
                            [
                                28.6948966,
                                40.9723018
                            ],
                            [
                                28.6950254,
                                40.9722775
                            ],
                            [
                                28.6950576,
                                40.9722127
                            ],
                            [
                                28.6951541,
                                40.9708923
                            ],
                            [
                                28.6952292,
                                40.9709004
                            ],
                            [
                                28.6951327,
                                40.9722289
                            ],
                            [
                                28.6952292,
                                40.9722532
                            ],
                            [
                                28.6952292,
                                40.9723828
                            ],
                            [
                                28.6952507,
                                40.9724557
                            ],
                            [
                                28.6966776,
                                40.97312
                            ],
                            [
                                28.6967634,
                                40.9732091
                            ],
                            [
                                28.6968175,
                                40.9732914
                            ],
                            [
                                28.6972687,
                                40.973393
                            ],
                            [
                                28.6978826,
                                40.9734785
                            ],
                            [
                                28.69884,
                                40.9735329
                            ],
                            [
                                28.6992415,
                                40.9735331
                            ],
                            [
                                28.6994849,
                                40.9735239
                            ],
                            [
                                28.6995047,
                                40.9733204
                            ],
                            [
                                28.6994671,
                                40.9733204
                            ],
                            [
                                28.6994886,
                                40.9729903
                            ],
                            [
                                28.6996388,
                                40.9729984
                            ],
                            [
                                28.6996173,
                                40.9733225
                            ],
                            [
                                28.6995637,
                                40.9733225
                            ],
                            [
                                28.6995422,
                                40.9737437
                            ],
                            [
                                28.6995082,
                                40.974181
                            ],
                            [
                                28.6988888,
                                40.9742182
                            ],
                            [
                                28.6988036,
                                40.9749543
                            ],
                            [
                                28.6986977,
                                40.9761603
                            ],
                            [
                                28.7000855,
                                40.9770312
                            ],
                            [
                                28.7001289,
                                40.9778321
                            ],
                            [
                                28.6998081,
                                40.9784725
                            ],
                            [
                                28.7001162,
                                40.9788389
                            ],
                            [
                                28.7000602,
                                40.9792122
                            ],
                            [
                                28.6997764,
                                40.9796236
                            ],
                            [
                                28.699455,
                                40.9799623
                            ],
                            [
                                28.6993568,
                                40.9800694
                            ],
                            [
                                28.6980847,
                                40.9815607
                            ],
                            [
                                28.698027,
                                40.9815568
                            ],
                            [
                                28.6979563,
                                40.981569
                            ],
                            [
                                28.6979158,
                                40.9816706
                            ],
                            [
                                28.6978754,
                                40.9817709
                            ],
                            [
                                28.6978041,
                                40.9819611
                            ],
                            [
                                28.697654,
                                40.9820987
                            ],
                            [
                                28.69726,
                                40.9826357
                            ],
                            [
                                28.6971175,
                                40.983018
                            ],
                            [
                                28.6968063,
                                40.9835931
                            ],
                            [
                                28.6962699,
                                40.9841437
                            ],
                            [
                                28.6955058,
                                40.9850654
                            ],
                            [
                                28.6947119,
                                40.9858267
                            ],
                            [
                                28.6944437,
                                40.9860211
                            ],
                            [
                                28.6937785,
                                40.9862155
                            ],
                            [
                                28.6933353,
                                40.9866557
                            ],
                            [
                                28.6916435,
                                40.9878271
                            ],
                            [
                                28.6909469,
                                40.9880745
                            ],
                            [
                                28.6901682,
                                40.9887544
                            ],
                            [
                                28.6900955,
                                40.9886852
                            ],
                            [
                                28.6897981,
                                40.9884021
                            ],
                            [
                                28.6892875,
                                40.9887276
                            ],
                            [
                                28.6889305,
                                40.98916
                            ],
                            [
                                28.6878508,
                                40.9899972
                            ],
                            [
                                28.6876118,
                                40.9904405
                            ],
                            [
                                28.6876118,
                                40.9913199
                            ],
                            [
                                28.6871513,
                                40.9925325
                            ],
                            [
                                28.6867263,
                                40.9935982
                            ],
                            [
                                28.6866238,
                                40.9938148
                            ],
                            [
                                28.686314,
                                40.9944699
                            ],
                            [
                                28.6855767,
                                40.9963437
                            ],
                            [
                                28.6847503,
                                40.997834
                            ],
                            [
                                28.6843921,
                                40.9989818
                            ],
                            [
                                28.684339,
                                41.000327
                            ],
                            [
                                28.6843106,
                                41.0011432
                            ],
                            [
                                28.6877277,
                                41.0022889
                            ],
                            [
                                28.6859345,
                                41.0038257
                            ],
                            [
                                28.6855159,
                                41.004106
                            ],
                            [
                                28.6847103,
                                41.0045443
                            ],
                            [
                                28.683913,
                                41.0049386
                            ],
                            [
                                28.6834949,
                                41.0050831
                            ],
                            [
                                28.6827922,
                                41.005326
                            ],
                            [
                                28.681824,
                                41.0055512
                            ],
                            [
                                28.6807859,
                                41.0057106
                            ],
                            [
                                28.679574,
                                41.0057926
                            ],
                            [
                                28.677939,
                                41.0058213
                            ],
                            [
                                28.6753924,
                                41.005894
                            ],
                            [
                                28.6743017,
                                41.0059022
                            ],
                            [
                                28.6735278,
                                41.0059616
                            ],
                            [
                                28.671134,
                                41.0059699
                            ],
                            [
                                28.6691744,
                                41.0060258
                            ],
                            [
                                28.6686203,
                                41.006062
                            ],
                            [
                                28.6677155,
                                41.0061397
                            ],
                            [
                                28.666775,
                                41.0062474
                            ],
                            [
                                28.6657414,
                                41.006447
                            ],
                            [
                                28.6649598,
                                41.0066369
                            ],
                            [
                                28.66408,
                                41.0069251
                            ],
                            [
                                28.6629755,
                                41.0072913
                            ],
                            [
                                28.6620139,
                                41.0076694
                            ],
                            [
                                28.6614589,
                                41.0078848
                            ],
                            [
                                28.6606198,
                                41.0082111
                            ],
                            [
                                28.6599912,
                                41.0084576
                            ],
                            [
                                28.6591164,
                                41.0087868
                            ]
                        ]
                    ]
                ]
            }
        },
        {
            "type": "Feature",
            "properties": {
                "type": "relation",
                "id": 9397725,
                "tags": {
                    "admin_level": "8",
                    "boundary": "administrative",
                    "name": "Marmara Mahallesi",
                    "postal_code": "34524",
                    "type": "boundary",
                    "wikidata": "Q6069841",
                    "wikipedia": "tr:Marmara, Beylikdüzü"
                }
            },
            "geometry": {
                "type": "MultiPolygon",
                "coordinates": [
                    [
                        [
                            [
                                28.6518714,
                                40.962788
                            ],
                            [
                                28.6521354,
                                40.9628109
                            ],
                            [
                                28.6528547,
                                40.9627688
                            ],
                            [
                                28.6531873,
                                40.9627164
                            ],
                            [
                                28.6537052,
                                40.9626469
                            ],
                            [
                                28.6541442,
                                40.9625433
                            ],
                            [
                                28.6549103,
                                40.9622536
                            ],
                            [
                                28.6558616,
                                40.9610831
                            ],
                            [
                                28.6562546,
                                40.9607964
                            ],
                            [
                                28.6571048,
                                40.9606405
                            ],
                            [
                                28.6575415,
                                40.96057
                            ],
                            [
                                28.6577319,
                                40.9605926
                            ],
                            [
                                28.6578178,
                                40.9606715
                            ],
                            [
                                28.6578178,
                                40.960773
                            ],
                            [
                                28.6576797,
                                40.9609083
                            ],
                            [
                                28.6574295,
                                40.9609422
                            ],
                            [
                                28.6566555,
                                40.9609587
                            ],
                            [
                                28.656426,
                                40.9610001
                            ],
                            [
                                28.6563155,
                                40.9610508
                            ],
                            [
                                28.656139,
                                40.9612443
                            ],
                            [
                                28.6549894,
                                40.9625456
                            ],
                            [
                                28.6549396,
                                40.9626483
                            ],
                            [
                                28.6549042,
                                40.9627583
                            ],
                            [
                                28.6548369,
                                40.9628121
                            ],
                            [
                                28.654735,
                                40.9628566
                            ],
                            [
                                28.6547884,
                                40.9629235
                            ],
                            [
                                28.6542783,
                                40.9631661
                            ],
                            [
                                28.6543146,
                                40.9632089
                            ],
                            [
                                28.6541712,
                                40.9632912
                            ],
                            [
                                28.654192,
                                40.9633307
                            ],
                            [
                                28.654243,
                                40.9633869
                            ],
                            [
                                28.6543557,
                                40.9634832
                            ],
                            [
                                28.6546546,
                                40.9635374
                            ],
                            [
                                28.6551404,
                                40.963593
                            ],
                            [
                                28.6553974,
                                40.9635967
                            ],
                            [
                                28.6555128,
                                40.9635643
                            ],
                            [
                                28.6555795,
                                40.9635424
                            ],
                            [
                                28.6556532,
                                40.9634951
                            ],
                            [
                                28.6556906,
                                40.9634115
                            ],
                            [
                                28.6556997,
                                40.9633171
                            ],
                            [
                                28.6556747,
                                40.9632346
                            ],
                            [
                                28.6553888,
                                40.9629998
                            ],
                            [
                                28.655376,
                                40.9629713
                            ],
                            [
                                28.6553867,
                                40.9629298
                            ],
                            [
                                28.6554517,
                                40.9628993
                            ],
                            [
                                28.6555085,
                                40.962897
                            ],
                            [
                                28.6555796,
                                40.9629067
                            ],
                            [
                                28.6563037,
                                40.9632188
                            ],
                            [
                                28.6565968,
                                40.9633498
                            ],
                            [
                                28.6570797,
                                40.9636182
                            ],
                            [
                                28.6574433,
                                40.9636375
                            ],
                            [
                                28.6580489,
                                40.9636472
                            ],
                            [
                                28.6583614,
                                40.9636343
                            ],
                            [
                                28.6586416,
                                40.9635937
                            ],
                            [
                                28.6587165,
                                40.9635556
                            ],
                            [
                                28.6587437,
                                40.9635216
                            ],
                            [
                                28.658771,
                                40.9634745
                            ],
                            [
                                28.6588054,
                                40.9633832
                            ],
                            [
                                28.6588408,
                                40.963277
                            ],
                            [
                                28.6588784,
                                40.9632359
                            ],
                            [
                                28.6589213,
                                40.963209
                            ],
                            [
                                28.6591618,
                                40.9631791
                            ],
                            [
                                28.6600307,
                                40.9630683
                            ],
                            [
                                28.6607977,
                                40.9629564
                            ],
                            [
                                28.661555,
                                40.9628491
                            ],
                            [
                                28.6621964,
                                40.9627708
                            ],
                            [
                                28.6622173,
                                40.9627688
                            ],
                            [
                                28.6622722,
                                40.9630328
                            ],
                            [
                                28.6628382,
                                40.9629504
                            ],
                            [
                                28.6633942,
                                40.9628728
                            ],
                            [
                                28.6639508,
                                40.9627995
                            ],
                            [
                                28.6644727,
                                40.9627305
                            ],
                            [
                                28.664881,
                                40.9626618
                            ],
                            [
                                28.6648212,
                                40.9624278
                            ],
                            [
                                28.6645749,
                                40.9612946
                            ],
                            [
                                28.6648362,
                                40.9612551
                            ],
                            [
                                28.6648271,
                                40.9612005
                            ],
                            [
                                28.6645749,
                                40.9612325
                            ],
                            [
                                28.663872,
                                40.9613285
                            ],
                            [
                                28.6638671,
                                40.9611307
                            ],
                            [
                                28.6637799,
                                40.9610976
                            ],
                            [
                                28.6635705,
                                40.9610713
                            ],
                            [
                                28.6595429,
                                40.9615483
                            ],
                            [
                                28.6579559,
                                40.9618682
                            ],
                            [
                                28.6577201,
                                40.9618971
                            ],
                            [
                                28.6576386,
                                40.961864
                            ],
                            [
                                28.6575826,
                                40.9618133
                            ],
                            [
                                28.6575901,
                                40.9617625
                            ],
                            [
                                28.6576909,
                                40.9616977
                            ],
                            [
                                28.6596471,
                                40.9613087
                            ],
                            [
                                28.6630778,
                                40.9608745
                            ],
                            [
                                28.663313,
                                40.9608463
                            ],
                            [
                                28.6639048,
                                40.960869
                            ],
                            [
                                28.6640559,
                                40.9609422
                            ],
                            [
                                28.6648698,
                                40.9609224
                            ],
                            [
                                28.6650116,
                                40.9609788
                            ],
                            [
                                28.6653773,
                                40.9609443
                            ],
                            [
                                28.6657695,
                                40.9609422
                            ],
                            [
                                28.6659953,
                                40.9609184
                            ],
                            [
                                28.6660905,
                                40.9609083
                            ],
                            [
                                28.6665049,
                                40.9608773
                            ],
                            [
                                28.6668036,
                                40.9607815
                            ],
                            [
                                28.6666953,
                                40.9582527
                            ],
                            [
                                28.6666841,
                                40.9581145
                            ],
                            [
                                28.6669044,
                                40.9579003
                            ],
                            [
                                28.6678563,
                                40.9576493
                            ],
                            [
                                28.6685992,
                                40.9574999
                            ],
                            [
                                28.6693533,
                                40.9573533
                            ],
                            [
                                28.6697042,
                                40.9573167
                            ],
                            [
                                28.6704695,
                                40.9573223
                            ],
                            [
                                28.6714215,
                                40.9571954
                            ],
                            [
                                28.6718844,
                                40.9571644
                            ],
                            [
                                28.6721607,
                                40.9572434
                            ],
                            [
                                28.6723212,
                                40.9574153
                            ],
                            [
                                28.6723847,
                                40.9575732
                            ],
                            [
                                28.6723212,
                                40.9577114
                            ],
                            [
                                28.6725153,
                                40.9576296
                            ],
                            [
                                28.6726871,
                                40.9578129
                            ],
                            [
                                28.6712089,
                                40.9585595
                            ],
                            [
                                28.6691674,
                                40.9595555
                            ],
                            [
                                28.6690567,
                                40.9632161
                            ],
                            [
                                28.6693699,
                                40.9632181
                            ],
                            [
                                28.6693723,
                                40.9632848
                            ],
                            [
                                28.6695951,
                                40.9632865
                            ],
                            [
                                28.6698192,
                                40.9633125
                            ],
                            [
                                28.6698898,
                                40.9633534
                            ],
                            [
                                28.6698792,
                                40.9634725
                            ],
                            [
                                28.6706043,
                                40.9634888
                            ],
                            [
                                28.670639,
                                40.9620499
                            ],
                            [
                                28.670897,
                                40.9620502
                            ],
                            [
                                28.670832,
                                40.9637867
                            ],
                            [
                                28.671596,
                                40.9638112
                            ],
                            [
                                28.6715907,
                                40.9639547
                            ],
                            [
                                28.67239,
                                40.9640085
                            ],
                            [
                                28.6726392,
                                40.9613278
                            ],
                            [
                                28.6746777,
                                40.9614121
                            ],
                            [
                                28.6743881,
                                40.9645933
                            ],
                            [
                                28.6751072,
                                40.9646794
                            ],
                            [
                                28.6758802,
                                40.9648256
                            ],
                            [
                                28.6762524,
                                40.9613101
                            ],
                            [
                                28.6765657,
                                40.9613176
                            ],
                            [
                                28.6761383,
                                40.965947
                            ],
                            [
                                28.6775468,
                                40.9660233
                            ],
                            [
                                28.6775653,
                                40.9659237
                            ],
                            [
                                28.6778126,
                                40.9659101
                            ],
                            [
                                28.6779847,
                                40.9640947
                            ],
                            [
                                28.6781111,
                                40.9627612
                            ],
                            [
                                28.6784136,
                                40.9628016
                            ],
                            [
                                28.6779438,
                                40.967695
                            ],
                            [
                                28.6784084,
                                40.9677348
                            ],
                            [
                                28.6783978,
                                40.9678823
                            ],
                            [
                                28.6785826,
                                40.9679023
                            ],
                            [
                                28.6786195,
                                40.9677109
                            ],
                            [
                                28.6789733,
                                40.9677229
                            ],
                            [
                                28.6790841,
                                40.9665947
                            ],
                            [
                                28.679554,
                                40.9666226
                            ],
                            [
                                28.6798761,
                                40.9633137
                            ],
                            [
                                28.6803037,
                                40.9633496
                            ],
                            [
                                28.6799975,
                                40.9664911
                            ],
                            [
                                28.6803279,
                                40.9665047
                            ],
                            [
                                28.6802931,
                                40.9665827
                            ],
                            [
                                28.6805941,
                                40.9665349
                            ],
                            [
                                28.6812012,
                                40.9665548
                            ],
                            [
                                28.6815021,
                                40.9665907
                            ],
                            [
                                28.6819245,
                                40.962927
                            ],
                            [
                                28.6823258,
                                40.9629629
                            ],
                            [
                                28.6819192,
                                40.9667223
                            ],
                            [
                                28.6837407,
                                40.966814
                            ],
                            [
                                28.6841785,
                                40.9623234
                            ],
                            [
                                28.6845885,
                                40.9623507
                            ],
                            [
                                28.6844966,
                                40.9633306
                            ],
                            [
                                28.6844772,
                                40.9636287
                            ],
                            [
                                28.6847253,
                                40.9636984
                            ],
                            [
                                28.6846306,
                                40.9643251
                            ],
                            [
                                28.685086,
                                40.9645168
                            ],
                            [
                                28.6847951,
                                40.9675033
                            ],
                            [
                                28.6847233,
                                40.9682231
                            ],
                            [
                                28.6847543,
                                40.9687607
                            ],
                            [
                                28.6850266,
                                40.9688288
                            ],
                            [
                                28.6854439,
                                40.9688588
                            ],
                            [
                                28.685695,
                                40.9688108
                            ],
                            [
                                28.6857855,
                                40.969311
                            ],
                            [
                                28.6856863,
                                40.9698517
                            ],
                            [
                                28.6861074,
                                40.9705626
                            ],
                            [
                                28.6863863,
                                40.9708846
                            ],
                            [
                                28.6863461,
                                40.9712167
                            ],
                            [
                                28.6863944,
                                40.9713585
                            ],
                            [
                                28.686381,
                                40.9716805
                            ],
                            [
                                28.6861825,
                                40.9720126
                            ],
                            [
                                28.6858284,
                                40.9724014
                            ],
                            [
                                28.6857426,
                                40.9727619
                            ],
                            [
                                28.6856568,
                                40.972851
                            ],
                            [
                                28.685351,
                                40.9729563
                            ],
                            [
                                28.6851096,
                                40.9729968
                            ],
                            [
                                28.6851579,
                                40.9731953
                            ],
                            [
                                28.6851257,
                                40.9734586
                            ],
                            [
                                28.6847877,
                                40.9742686
                            ],
                            [
                                28.6845356,
                                40.9748194
                            ],
                            [
                                28.6842191,
                                40.9754755
                            ],
                            [
                                28.6839133,
                                40.9763503
                            ],
                            [
                                28.683747,
                                40.9768728
                            ],
                            [
                                28.6836612,
                                40.9772737
                            ],
                            [
                                28.6836183,
                                40.9775127
                            ],
                            [
                                28.6835378,
                                40.9783267
                            ],
                            [
                                28.6833394,
                                40.9796753
                            ],
                            [
                                28.6830389,
                                40.9811819
                            ],
                            [
                                28.6828083,
                                40.9825709
                            ],
                            [
                                28.6822289,
                                40.9825911
                            ],
                            [
                                28.6809254,
                                40.9828665
                            ],
                            [
                                28.6804426,
                                40.9831945
                            ],
                            [
                                28.6796915,
                                40.9837007
                            ],
                            [
                                28.6795038,
                                40.9837898
                            ],
                            [
                                28.6792463,
                                40.9837777
                            ],
                            [
                                28.677122,
                                40.9837817
                            ],
                            [
                                28.6757541,
                                40.9837655
                            ],
                            [
                                28.675341,
                                40.9838627
                            ],
                            [
                                28.6749494,
                                40.9840531
                            ],
                            [
                                28.6743486,
                                40.9843284
                            ],
                            [
                                28.6738604,
                                40.9845511
                            ],
                            [
                                28.6733347,
                                40.9847212
                            ],
                            [
                                28.6730128,
                                40.9848144
                            ],
                            [
                                28.6715645,
                                40.9850654
                            ],
                            [
                                28.6708134,
                                40.9851829
                            ],
                            [
                                28.6694455,
                                40.9850857
                            ],
                            [
                                28.6677611,
                                40.9849804
                            ],
                            [
                                28.6667257,
                                40.9849723
                            ],
                            [
                                28.6660445,
                                40.985033
                            ],
                            [
                                28.6657655,
                                40.9846038
                            ],
                            [
                                28.6654973,
                                40.9839923
                            ],
                            [
                                28.6649018,
                                40.9831014
                            ],
                            [
                                28.66458,
                                40.9827936
                            ],
                            [
                                28.6642206,
                                40.9824737
                            ],
                            [
                                28.6640006,
                                40.9822226
                            ],
                            [
                                28.6637056,
                                40.9819067
                            ],
                            [
                                28.6634481,
                                40.9817448
                            ],
                            [
                                28.6629599,
                                40.9814451
                            ],
                            [
                                28.6624825,
                                40.9811535
                            ],
                            [
                                28.6621284,
                                40.9808862
                            ],
                            [
                                28.6618817,
                                40.9806392
                            ],
                            [
                                28.6615974,
                                40.9803436
                            ],
                            [
                                28.6613882,
                                40.9801937
                            ],
                            [
                                28.6608893,
                                40.979651
                            ],
                            [
                                28.6602777,
                                40.978999
                            ],
                            [
                                28.6600149,
                                40.9787398
                            ],
                            [
                                28.6597788,
                                40.9783915
                            ],
                            [
                                28.6595535,
                                40.9774641
                            ],
                            [
                                28.6594808,
                                40.9770582
                            ],
                            [
                                28.6594462,
                                40.9768647
                            ],
                            [
                                28.6593014,
                                40.9761397
                            ],
                            [
                                28.6591834,
                                40.9758805
                            ],
                            [
                                28.6588776,
                                40.9754998
                            ],
                            [
                                28.6583304,
                                40.9748032
                            ],
                            [
                                28.658095,
                                40.9743933
                            ],
                            [
                                28.6573561,
                                40.9742805
                            ],
                            [
                                28.6565958,
                                40.9741376
                            ],
                            [
                                28.6557625,
                                40.973976
                            ],
                            [
                                28.6547617,
                                40.9738556
                            ],
                            [
                                28.6534958,
                                40.9737758
                            ],
                            [
                                28.6530742,
                                40.973807
                            ],
                            [
                                28.6519753,
                                40.9736109
                            ],
                            [
                                28.6521488,
                                40.9727686
                            ],
                            [
                                28.6521989,
                                40.9720572
                            ],
                            [
                                28.6519951,
                                40.9715792
                            ],
                            [
                                28.6519468,
                                40.9712714
                            ],
                            [
                                28.6511818,
                                40.9707478
                            ],
                            [
                                28.6510295,
                                40.9706436
                            ],
                            [
                                28.6505628,
                                40.9702143
                            ],
                            [
                                28.6503965,
                                40.9696675
                            ],
                            [
                                28.6501926,
                                40.9686346
                            ],
                            [
                                28.650552,
                                40.9680311
                            ],
                            [
                                28.6507934,
                                40.9676787
                            ],
                            [
                                28.6507612,
                                40.9672655
                            ],
                            [
                                28.6506808,
                                40.9670549
                            ],
                            [
                                28.65067,
                                40.9669171
                            ],
                            [
                                28.6508846,
                                40.9667592
                            ],
                            [
                                28.6510348,
                                40.9667268
                            ],
                            [
                                28.6524779,
                                40.9667106
                            ],
                            [
                                28.6520111,
                                40.9640371
                            ],
                            [
                                28.6519253,
                                40.9634538
                            ],
                            [
                                28.6518778,
                                40.9628669
                            ],
                            [
                                28.6518714,
                                40.962788
                            ]
                        ]
                    ]
                ]
            }
        },
        {
            "type": "Feature",
            "properties": {
                "type": "relation",
                "id": 9397726,
                "tags": {
                    "admin_level": "8",
                    "boundary": "administrative",
                    "name": "Adnan Kahveci Mahallesi",
                    "postal_code": "34528",
                    "type": "boundary",
                    "wikidata": "Q6076177",
                    "wikimedia_commons": "Category:Adnan Kahveci, Beylikdüzü",
                    "wikipedia": "tr:Adnan Kahveci, Beylikdüzü"
                }
            },
            "geometry": {
                "type": "MultiPolygon",
                "coordinates": [
                    [
                        [
                            [
                                28.6127072,
                                40.9916686
                            ],
                            [
                                28.6130544,
                                40.9916535
                            ],
                            [
                                28.6133047,
                                40.9916311
                            ],
                            [
                                28.6135204,
                                40.9916232
                            ],
                            [
                                28.6137184,
                                40.991596
                            ],
                            [
                                28.6138069,
                                40.9915662
                            ],
                            [
                                28.6138883,
                                40.9915161
                            ],
                            [
                                28.6139432,
                                40.9914802
                            ],
                            [
                                28.6140303,
                                40.9914319
                            ],
                            [
                                28.6144336,
                                40.9911273
                            ],
                            [
                                28.6147465,
                                40.9908899
                            ],
                            [
                                28.6149712,
                                40.990713
                            ],
                            [
                                28.6150372,
                                40.9906661
                            ],
                            [
                                28.6151276,
                                40.9906213
                            ],
                            [
                                28.6154078,
                                40.9905318
                            ],
                            [
                                28.6156692,
                                40.9904754
                            ],
                            [
                                28.6160041,
                                40.9904031
                            ],
                            [
                                28.6165456,
                                40.9902182
                            ],
                            [
                                28.6169278,
                                40.9900765
                            ],
                            [
                                28.6177366,
                                40.989626
                            ],
                            [
                                28.6180926,
                                40.9895435
                            ],
                            [
                                28.618505,
                                40.9895521
                            ],
                            [
                                28.6192346,
                                40.9896331
                            ],
                            [
                                28.6195028,
                                40.9896007
                            ],
                            [
                                28.621037,
                                40.9889771
                            ],
                            [
                                28.6244917,
                                40.9876328
                            ],
                            [
                                28.6261697,
                                40.9869757
                            ],
                            [
                                28.6274094,
                                40.9866489
                            ],
                            [
                                28.6286759,
                                40.9864139
                            ],
                            [
                                28.6300385,
                                40.9859725
                            ],
                            [
                                28.6319965,
                                40.9853772
                            ],
                            [
                                28.632431,
                                40.987325
                            ],
                            [
                                28.6323964,
                                40.9875181
                            ],
                            [
                                28.6321057,
                                40.9891408
                            ],
                            [
                                28.6320857,
                                40.9892526
                            ],
                            [
                                28.632077,
                                40.9893011
                            ],
                            [
                                28.6311972,
                                40.9899085
                            ],
                            [
                                28.6322594,
                                40.9910341
                            ],
                            [
                                28.6324417,
                                40.9910827
                            ],
                            [
                                28.6351991,
                                40.9904591
                            ],
                            [
                                28.6357677,
                                40.9903863
                            ],
                            [
                                28.6376774,
                                40.9907669
                            ],
                            [
                                28.6384928,
                                40.9906859
                            ],
                            [
                                28.6392867,
                                40.9907426
                            ],
                            [
                                28.641969,
                                40.9901352
                            ],
                            [
                                28.6432233,
                                40.9900701
                            ],
                            [
                                28.6435604,
                                40.9900264
                            ],
                            [
                                28.6434495,
                                40.9903701
                            ],
                            [
                                28.6434281,
                                40.9909045
                            ],
                            [
                                28.6432135,
                                40.9921598
                            ],
                            [
                                28.6429775,
                                40.9930182
                            ],
                            [
                                28.6425376,
                                40.9944029
                            ],
                            [
                                28.6421406,
                                40.9962168
                            ],
                            [
                                28.6420441,
                                40.9969699
                            ],
                            [
                                28.6416471,
                                40.9973505
                            ],
                            [
                                28.6404455,
                                40.9981845
                            ],
                            [
                                28.6391151,
                                41.0000469
                            ],
                            [
                                28.6376243,
                                41.0011327
                            ],
                            [
                                28.6374816,
                                41.0013474
                            ],
                            [
                                28.6372697,
                                41.001391
                            ],
                            [
                                28.6366582,
                                41.0024841
                            ],
                            [
                                28.6364436,
                                41.0033018
                            ],
                            [
                                28.6365509,
                                41.0035447
                            ],
                            [
                                28.6356389,
                                41.0054636
                            ],
                            [
                                28.6355267,
                                41.0054622
                            ],
                            [
                                28.6349652,
                                41.0054709
                            ],
                            [
                                28.6345542,
                                41.0065518
                            ],
                            [
                                28.6340862,
                                41.0073178
                            ],
                            [
                                28.6340307,
                                41.0081172
                            ],
                            [
                                28.6338097,
                                41.0096777
                            ],
                            [
                                28.6337926,
                                41.0111308
                            ],
                            [
                                28.6337349,
                                41.0121561
                            ],
                            [
                                28.6337107,
                                41.012319
                            ],
                            [
                                28.633697,
                                41.0125882
                            ],
                            [
                                28.633579,
                                41.0130415
                            ],
                            [
                                28.633579,
                                41.0135272
                            ],
                            [
                                28.6329514,
                                41.0143084
                            ],
                            [
                                28.6324954,
                                41.0148751
                            ],
                            [
                                28.6317723,
                                41.0164075
                            ],
                            [
                                28.6297542,
                                41.0165144
                            ],
                            [
                                28.6286706,
                                41.016563
                            ],
                            [
                                28.627764,
                                41.0166042
                            ],
                            [
                                28.6263988,
                                41.0166879
                            ],
                            [
                                28.6261542,
                                41.0158262
                            ],
                            [
                                28.6260308,
                                41.0150857
                            ],
                            [
                                28.6259776,
                                41.0148427
                            ],
                            [
                                28.625965,
                                41.0147675
                            ],
                            [
                                28.6259609,
                                41.0145799
                            ],
                            [
                                28.6259768,
                                41.0134064
                            ],
                            [
                                28.6259732,
                                41.0125153
                            ],
                            [
                                28.62594,
                                41.010315
                            ],
                            [
                                28.6259373,
                                41.0100063
                            ],
                            [
                                28.6259346,
                                41.0097734
                            ],
                            [
                                28.6255721,
                                41.009448
                            ],
                            [
                                28.6253755,
                                41.0092556
                            ],
                            [
                                28.6249744,
                                41.0087953
                            ],
                            [
                                28.6237031,
                                41.0075403
                            ],
                            [
                                28.6224478,
                                41.0063543
                            ],
                            [
                                28.6209618,
                                41.0048711
                            ],
                            [
                                28.6204952,
                                41.0044313
                            ],
                            [
                                28.620179,
                                41.0041171
                            ],
                            [
                                28.6200258,
                                41.0039071
                            ],
                            [
                                28.6196789,
                                41.0033899
                            ],
                            [
                                28.6194768,
                                41.003079
                            ],
                            [
                                28.6191056,
                                41.0024751
                            ],
                            [
                                28.6189663,
                                41.0022167
                            ],
                            [
                                28.6185481,
                                41.0013215
                            ],
                            [
                                28.6185112,
                                41.0012401
                            ],
                            [
                                28.6182366,
                                41.0005548
                            ],
                            [
                                28.6179168,
                                40.9998
                            ],
                            [
                                28.6176467,
                                40.9993991
                            ],
                            [
                                28.6171739,
                                40.9988896
                            ],
                            [
                                28.6169976,
                                40.9987065
                            ],
                            [
                                28.6160723,
                                40.9977493
                            ],
                            [
                                28.615471,
                                40.9971281
                            ],
                            [
                                28.6151827,
                                40.9968443
                            ],
                            [
                                28.6148793,
                                40.9964904
                            ],
                            [
                                28.6147778,
                                40.9963249
                            ],
                            [
                                28.614716,
                                40.9960729
                            ],
                            [
                                28.6145564,
                                40.9953451
                            ],
                            [
                                28.6140868,
                                40.9929224
                            ],
                            [
                                28.614032,
                                40.9927931
                            ],
                            [
                                28.6136975,
                                40.9924934
                            ],
                            [
                                28.613489,
                                40.9923463
                            ],
                            [
                                28.6132049,
                                40.9921714
                            ],
                            [
                                28.6130949,
                                40.9921076
                            ],
                            [
                                28.612786,
                                40.9919227
                            ],
                            [
                                28.6127072,
                                40.9916686
                            ]
                        ]
                    ]
                ]
            }
        },
        {
            "type": "Feature",
            "properties": {
                "type": "relation",
                "id": 9397727,
                "tags": {
                    "admin_level": "8",
                    "boundary": "administrative",
                    "name": "Dereağzı Mahallesi",
                    "postal_code": "34528",
                    "type": "boundary",
                    "wikidata": "Q6071420",
                    "wikipedia": "tr:Dereağzı, Beylikdüzü"
                }
            },
            "geometry": {
                "type": "MultiPolygon",
                "coordinates": [
                    [
                        [
                            [
                                28.5967993,
                                40.9717324
                            ],
                            [
                                28.5969246,
                                40.9717214
                            ],
                            [
                                28.597143,
                                40.9716998
                            ],
                            [
                                28.5973139,
                                40.9716697
                            ],
                            [
                                28.5974652,
                                40.9715657
                            ],
                            [
                                28.5976112,
                                40.9714281
                            ],
                            [
                                28.5977196,
                                40.9713088
                            ],
                            [
                                28.5978385,
                                40.9711241
                            ],
                            [
                                28.5981285,
                                40.9706704
                            ],
                            [
                                28.5984779,
                                40.9698721
                            ],
                            [
                                28.5985272,
                                40.9696627
                            ],
                            [
                                28.5986555,
                                40.9692426
                            ],
                            [
                                28.5989,
                                40.9691083
                            ],
                            [
                                28.599089,
                                40.9689753
                            ],
                            [
                                28.5991382,
                                40.9688347
                            ],
                            [
                                28.599052,
                                40.9685852
                            ],
                            [
                                28.5990223,
                                40.9684919
                            ],
                            [
                                28.5989495,
                                40.9682903
                            ],
                            [
                                28.5988637,
                                40.9679419
                            ],
                            [
                                28.5987963,
                                40.9677967
                            ],
                            [
                                28.5986457,
                                40.9678572
                            ],
                            [
                                28.598672,
                                40.9679283
                            ],
                            [
                                28.5983354,
                                40.9681293
                            ],
                            [
                                28.597726,
                                40.9685526
                            ],
                            [
                                28.5975689,
                                40.9687099
                            ],
                            [
                                28.5975235,
                                40.9688108
                            ],
                            [
                                28.597525,
                                40.9689001
                            ],
                            [
                                28.597549,
                                40.9690361
                            ],
                            [
                                28.5975825,
                                40.9691988
                            ],
                            [
                                28.5975966,
                                40.9693025
                            ],
                            [
                                28.597609,
                                40.9693938
                            ],
                            [
                                28.5976249,
                                40.9694701
                            ],
                            [
                                28.5976382,
                                40.9695218
                            ],
                            [
                                28.5977031,
                                40.9695785
                            ],
                            [
                                28.597774,
                                40.9695457
                            ],
                            [
                                28.5978529,
                                40.9695035
                            ],
                            [
                                28.5978907,
                                40.9694792
                            ],
                            [
                                28.5979228,
                                40.9694474
                            ],
                            [
                                28.5980128,
                                40.9691029
                            ],
                            [
                                28.5980398,
                                40.9690486
                            ],
                            [
                                28.5980618,
                                40.9690029
                            ],
                            [
                                28.5981095,
                                40.9689168
                            ],
                            [
                                28.5982518,
                                40.9687548
                            ],
                            [
                                28.5984052,
                                40.9685642
                            ],
                            [
                                28.5984233,
                                40.9685736
                            ],
                            [
                                28.5981276,
                                40.9689352
                            ],
                            [
                                28.5981,
                                40.9689865
                            ],
                            [
                                28.5980639,
                                40.9690551
                            ],
                            [
                                28.5980347,
                                40.9691077
                            ],
                            [
                                28.5980064,
                                40.9692022
                            ],
                            [
                                28.5979734,
                                40.9693356
                            ],
                            [
                                28.5979435,
                                40.9694557
                            ],
                            [
                                28.5978985,
                                40.9694972
                            ],
                            [
                                28.5978364,
                                40.9695351
                            ],
                            [
                                28.5977627,
                                40.9695743
                            ],
                            [
                                28.5977151,
                                40.969595
                            ],
                            [
                                28.5977426,
                                40.9696118
                            ],
                            [
                                28.5977769,
                                40.969637
                            ],
                            [
                                28.5977811,
                                40.9696935
                            ],
                            [
                                28.5977513,
                                40.9697407
                            ],
                            [
                                28.5976903,
                                40.9697765
                            ],
                            [
                                28.5975726,
                                40.9697964
                            ],
                            [
                                28.5974691,
                                40.9697895
                            ],
                            [
                                28.5974002,
                                40.9697303
                            ],
                            [
                                28.5973621,
                                40.9696526
                            ],
                            [
                                28.5973679,
                                40.9696031
                            ],
                            [
                                28.5974026,
                                40.9695623
                            ],
                            [
                                28.5974164,
                                40.9694991
                            ],
                            [
                                28.597317,
                                40.9690805
                            ],
                            [
                                28.5972763,
                                40.9688842
                            ],
                            [
                                28.5972967,
                                40.9687905
                            ],
                            [
                                28.5974804,
                                40.9685272
                            ],
                            [
                                28.5977208,
                                40.9683154
                            ],
                            [
                                28.5979154,
                                40.9681801
                            ],
                            [
                                28.5980764,
                                40.9680563
                            ],
                            [
                                28.5981604,
                                40.967965
                            ],
                            [
                                28.598206,
                                40.9678739
                            ],
                            [
                                28.5982252,
                                40.9677482
                            ],
                            [
                                28.5981772,
                                40.9676359
                            ],
                            [
                                28.5980204,
                                40.9674037
                            ],
                            [
                                28.5978635,
                                40.9671581
                            ],
                            [
                                28.5978072,
                                40.9670808
                            ],
                            [
                                28.5961161,
                                40.9647937
                            ],
                            [
                                28.5959788,
                                40.9645631
                            ],
                            [
                                28.5959102,
                                40.9643729
                            ],
                            [
                                28.5959456,
                                40.9641644
                            ],
                            [
                                28.5960653,
                                40.9639831
                            ],
                            [
                                28.5962109,
                                40.9638763
                            ],
                            [
                                28.5983383,
                                40.9629196
                            ],
                            [
                                28.5999964,
                                40.9621837
                            ],
                            [
                                28.6002579,
                                40.9620733
                            ],
                            [
                                28.6005764,
                                40.9620342
                            ],
                            [
                                28.6008751,
                                40.9620552
                            ],
                            [
                                28.60118,
                                40.9621224
                            ],
                            [
                                28.601413,
                                40.9622289
                            ],
                            [
                                28.6016904,
                                40.962428
                            ],
                            [
                                28.6020307,
                                40.9628978
                            ],
                            [
                                28.6020407,
                                40.9630582
                            ],
                            [
                                28.6019964,
                                40.9631571
                            ],
                            [
                                28.6017524,
                                40.9632065
                            ],
                            [
                                28.6014887,
                                40.963059
                            ],
                            [
                                28.6013753,
                                40.9629062
                            ],
                            [
                                28.6014258,
                                40.9627735
                            ],
                            [
                                28.6013203,
                                40.9626366
                            ],
                            [
                                28.6011461,
                                40.9625117
                            ],
                            [
                                28.6009469,
                                40.9624282
                            ],
                            [
                                28.6007072,
                                40.9623723
                            ],
                            [
                                28.6004286,
                                40.9623866
                            ],
                            [
                                28.5999531,
                                40.962556
                            ],
                            [
                                28.5968292,
                                40.9639949
                            ],
                            [
                                28.5965282,
                                40.9641219
                            ],
                            [
                                28.5963766,
                                40.9642065
                            ],
                            [
                                28.5963479,
                                40.9643742
                            ],
                            [
                                28.596517,
                                40.9645879
                            ],
                            [
                                28.5971182,
                                40.9653477
                            ],
                            [
                                28.6002087,
                                40.963975
                            ],
                            [
                                28.600309,
                                40.9641053
                            ],
                            [
                                28.5972481,
                                40.9655105
                            ],
                            [
                                28.5981499,
                                40.9666225
                            ],
                            [
                                28.598645,
                                40.9664241
                            ],
                            [
                                28.5983313,
                                40.9660069
                            ],
                            [
                                28.5985195,
                                40.9659332
                            ],
                            [
                                28.5988248,
                                40.9663295
                            ],
                            [
                                28.5995001,
                                40.9660216
                            ],
                            [
                                28.599216,
                                40.965612
                            ],
                            [
                                28.5993944,
                                40.9655421
                            ],
                            [
                                28.5997021,
                                40.9659329
                            ],
                            [
                                28.6004896,
                                40.9655695
                            ],
                            [
                                28.600199,
                                40.9651955
                            ],
                            [
                                28.6003895,
                                40.9651108
                            ],
                            [
                                28.6007004,
                                40.9654872
                            ],
                            [
                                28.6022793,
                                40.9647681
                            ],
                            [
                                28.6018487,
                                40.9641806
                            ],
                            [
                                28.6019233,
                                40.9641514
                            ],
                            [
                                28.6021903,
                                40.9641348
                            ],
                            [
                                28.6028722,
                                40.9641574
                            ],
                            [
                                28.6033203,
                                40.9641662
                            ],
                            [
                                28.6036168,
                                40.9642028
                            ],
                            [
                                28.6037429,
                                40.9642586
                            ],
                            [
                                28.6039563,
                                40.9644237
                            ],
                            [
                                28.6044568,
                                40.964847
                            ],
                            [
                                28.6049285,
                                40.9650648
                            ],
                            [
                                28.6055179,
                                40.9652653
                            ],
                            [
                                28.6059747,
                                40.9653564
                            ],
                            [
                                28.6062655,
                                40.965346
                            ],
                            [
                                28.6063688,
                                40.9653391
                            ],
                            [
                                28.6064579,
                                40.9653331
                            ],
                            [
                                28.6072394,
                                40.9651397
                            ],
                            [
                                28.6078595,
                                40.9649105
                            ],
                            [
                                28.6085504,
                                40.9643718
                            ],
                            [
                                28.6090944,
                                40.9639432
                            ],
                            [
                                28.6098476,
                                40.9636726
                            ],
                            [
                                28.6107434,
                                40.9635284
                            ],
                            [
                                28.6114451,
                                40.9633971
                            ],
                            [
                                28.612121,
                                40.9630325
                            ],
                            [
                                28.6129793,
                                40.9627133
                            ],
                            [
                                28.6137228,
                                40.96254
                            ],
                            [
                                28.6145672,
                                40.9622588
                            ],
                            [
                                28.6154652,
                                40.9618205
                            ],
                            [
                                28.6163364,
                                40.9617241
                            ],
                            [
                                28.6168707,
                                40.9619469
                            ],
                            [
                                28.618396,
                                40.96152
                            ],
                            [
                                28.619393,
                                40.9611059
                            ],
                            [
                                28.620143,
                                40.9609949
                            ],
                            [
                                28.620747,
                                40.960717
                            ],
                            [
                                28.621763,
                                40.960702
                            ],
                            [
                                28.622101,
                                40.960697
                            ],
                            [
                                28.62244,
                                40.960693
                            ],
                            [
                                28.623123,
                                40.96094
                            ],
                            [
                                28.623807,
                                40.961187
                            ],
                            [
                                28.625167,
                                40.961424
                            ],
                            [
                                28.625512,
                                40.961676
                            ],
                            [
                                28.628559,
                                40.961633
                            ],
                            [
                                28.6296803,
                                40.9613467
                            ],
                            [
                                28.629852,
                                40.9612683
                            ],
                            [
                                28.630002,
                                40.9613143
                            ],
                            [
                                28.6301001,
                                40.9613121
                            ],
                            [
                                28.6302209,
                                40.9612983
                            ],
                            [
                                28.6303424,
                                40.9613248
                            ],
                            [
                                28.6303094,
                                40.9614628
                            ],
                            [
                                28.6303148,
                                40.9616836
                            ],
                            [
                                28.6305374,
                                40.9619104
                            ],
                            [
                                28.6309612,
                                40.9620441
                            ],
                            [
                                28.6314762,
                                40.9626679
                            ],
                            [
                                28.6318168,
                                40.9628381
                            ],
                            [
                                28.6323291,
                                40.9629758
                            ],
                            [
                                28.6328602,
                                40.96331
                            ],
                            [
                                28.6334637,
                                40.963709
                            ],
                            [
                                28.6333349,
                                40.9638346
                            ],
                            [
                                28.6332303,
                                40.9638751
                            ],
                            [
                                28.6327771,
                                40.9643956
                            ],
                            [
                                28.6321406,
                                40.9649659
                            ],
                            [
                                28.6323295,
                                40.9650643
                            ],
                            [
                                28.632543,
                                40.9651499
                            ],
                            [
                                28.6325913,
                                40.965183
                            ],
                            [
                                28.6327705,
                                40.9653057
                            ],
                            [
                                28.6327931,
                                40.9653212
                            ],
                            [
                                28.632895,
                                40.9654265
                            ],
                            [
                                28.6330238,
                                40.9655278
                            ],
                            [
                                28.6331955,
                                40.965627
                            ],
                            [
                                28.6326456,
                                40.9663035
                            ],
                            [
                                28.6323693,
                                40.966506
                            ],
                            [
                                28.6327395,
                                40.966589
                            ],
                            [
                                28.6329675,
                                40.9666579
                            ],
                            [
                                28.6331512,
                                40.9667501
                            ],
                            [
                                28.6334409,
                                40.9671237
                            ],
                            [
                                28.6332786,
                                40.9672331
                            ],
                            [
                                28.6330345,
                                40.9674883
                            ],
                            [
                                28.6328682,
                                40.9677394
                            ],
                            [
                                28.6327368,
                                40.9678792
                            ],
                            [
                                28.6326885,
                                40.9679581
                            ],
                            [
                                28.6325973,
                                40.9681222
                            ],
                            [
                                28.6324847,
                                40.9682376
                            ],
                            [
                                28.6323023,
                                40.9683672
                            ],
                            [
                                28.6319241,
                                40.9685374
                            ],
                            [
                                28.6322835,
                                40.9687379
                            ],
                            [
                                28.6326,
                                40.9689262
                            ],
                            [
                                28.6328226,
                                40.9690639
                            ],
                            [
                                28.6320636,
                                40.9695621
                            ],
                            [
                                28.6316237,
                                40.9698558
                            ],
                            [
                                28.6317685,
                                40.9702163
                            ],
                            [
                                28.6320046,
                                40.9703277
                            ],
                            [
                                28.6320689,
                                40.9704249
                            ],
                            [
                                28.6321762,
                                40.9704715
                            ],
                            [
                                28.6317931,
                                40.9710188
                            ],
                            [
                                28.6317529,
                                40.9710752
                            ],
                            [
                                28.6315128,
                                40.9713397
                            ],
                            [
                                28.6313421,
                                40.9715853
                            ],
                            [
                                28.6313662,
                                40.9716643
                            ],
                            [
                                28.6312509,
                                40.9721199
                            ],
                            [
                                28.6311972,
                                40.9726505
                            ],
                            [
                                28.6311945,
                                40.9727457
                            ],
                            [
                                28.6310872,
                                40.9731204
                            ],
                            [
                                28.6309075,
                                40.9735416
                            ],
                            [
                                28.6308271,
                                40.9736246
                            ],
                            [
                                28.630363,
                                40.9741046
                            ],
                            [
                                28.6297113,
                                40.9747465
                            ],
                            [
                                28.6296174,
                                40.9748081
                            ],
                            [
                                28.6295021,
                                40.9749713
                            ],
                            [
                                28.6293653,
                                40.9751839
                            ],
                            [
                                28.6292312,
                                40.9753621
                            ],
                            [
                                28.6292031,
                                40.975451
                            ],
                            [
                                28.6290675,
                                40.9755646
                            ],
                            [
                                28.6289083,
                                40.97577
                            ],
                            [
                                28.6288583,
                                40.9758137
                            ],
                            [
                                28.6290246,
                                40.9759008
                            ],
                            [
                                28.6291695,
                                40.9760527
                            ],
                            [
                                28.629199,
                                40.9761215
                            ],
                            [
                                28.6294994,
                                40.9766014
                            ],
                            [
                                28.6295369,
                                40.9768505
                            ],
                            [
                                28.6295664,
                                40.9769356
                            ],
                            [
                                28.6296093,
                                40.9773649
                            ],
                            [
                                28.6296469,
                                40.9774823
                            ],
                            [
                                28.6297086,
                                40.9778934
                            ],
                            [
                                28.6298212,
                                40.9782883
                            ],
                            [
                                28.6298615,
                                40.9784948
                            ],
                            [
                                28.6294077,
                                40.9785398
                            ],
                            [
                                28.6292499,
                                40.9785555
                            ],
                            [
                                28.6290032,
                                40.9786021
                            ],
                            [
                                28.6291748,
                                40.9790881
                            ],
                            [
                                28.6297113,
                                40.9794809
                            ],
                            [
                                28.6298561,
                                40.9795498
                            ],
                            [
                                28.6303094,
                                40.9797604
                            ],
                            [
                                28.6298534,
                                40.9796855
                            ],
                            [
                                28.6291304,
                                40.9795917
                            ],
                            [
                                28.6290887,
                                40.9804671
                            ],
                            [
                                28.6291292,
                                40.9813357
                            ],
                            [
                                28.629671,
                                40.981603
                            ],
                            [
                                28.630068,
                                40.9819148
                            ],
                            [
                                28.6304221,
                                40.9823563
                            ],
                            [
                                28.6310336,
                                40.9833261
                            ],
                            [
                                28.6313581,
                                40.9838263
                            ],
                            [
                                28.6313608,
                                40.9839964
                            ],
                            [
                                28.6314145,
                                40.9840834
                            ],
                            [
                                28.6315566,
                                40.9842009
                            ],
                            [
                                28.6315942,
                                40.9843264
                            ],
                            [
                                28.6315137,
                                40.9844337
                            ],
                            [
                                28.6314118,
                                40.9845066
                            ],
                            [
                                28.6312348,
                                40.9845795
                            ],
                            [
                                28.6319965,
                                40.9853772
                            ],
                            [
                                28.6300385,
                                40.9859725
                            ],
                            [
                                28.6286759,
                                40.9864139
                            ],
                            [
                                28.6274094,
                                40.9866489
                            ],
                            [
                                28.6261697,
                                40.9869757
                            ],
                            [
                                28.6244917,
                                40.9876328
                            ],
                            [
                                28.621037,
                                40.9889771
                            ],
                            [
                                28.6195028,
                                40.9896007
                            ],
                            [
                                28.6192346,
                                40.9896331
                            ],
                            [
                                28.618505,
                                40.9895521
                            ],
                            [
                                28.6180926,
                                40.9895435
                            ],
                            [
                                28.6177366,
                                40.989626
                            ],
                            [
                                28.6169278,
                                40.9900765
                            ],
                            [
                                28.6165456,
                                40.9902182
                            ],
                            [
                                28.6160041,
                                40.9904031
                            ],
                            [
                                28.6156692,
                                40.9904754
                            ],
                            [
                                28.6154078,
                                40.9905318
                            ],
                            [
                                28.6151276,
                                40.9906213
                            ],
                            [
                                28.6150372,
                                40.9906661
                            ],
                            [
                                28.6149712,
                                40.990713
                            ],
                            [
                                28.6147465,
                                40.9908899
                            ],
                            [
                                28.6144336,
                                40.9911273
                            ],
                            [
                                28.6140303,
                                40.9914319
                            ],
                            [
                                28.6140108,
                                40.9913925
                            ],
                            [
                                28.6140035,
                                40.9913432
                            ],
                            [
                                28.6139991,
                                40.9911691
                            ],
                            [
                                28.6140245,
                                40.9907648
                            ],
                            [
                                28.6140307,
                                40.9906983
                            ],
                            [
                                28.6140256,
                                40.9906872
                            ],
                            [
                                28.6140085,
                                40.9906832
                            ],
                            [
                                28.6139932,
                                40.9906847
                            ],
                            [
                                28.6138988,
                                40.9907262
                            ],
                            [
                                28.6137373,
                                40.9907864
                            ],
                            [
                                28.613305,
                                40.9903941
                            ],
                            [
                                28.6131197,
                                40.9901956
                            ],
                            [
                                28.6131002,
                                40.9900446
                            ],
                            [
                                28.6129533,
                                40.989576
                            ],
                            [
                                28.6129276,
                                40.9888874
                            ],
                            [
                                28.612931,
                                40.9888448
                            ],
                            [
                                28.612933,
                                40.9888179
                            ],
                            [
                                28.6129312,
                                40.9888051
                            ],
                            [
                                28.6129226,
                                40.9887937
                            ],
                            [
                                28.6129057,
                                40.9887793
                            ],
                            [
                                28.612521,
                                40.9886491
                            ],
                            [
                                28.6121508,
                                40.9884973
                            ],
                            [
                                28.6118585,
                                40.9882705
                            ],
                            [
                                28.6113515,
                                40.9878594
                            ],
                            [
                                28.6112325,
                                40.9877668
                            ],
                            [
                                28.6112195,
                                40.9877584
                            ],
                            [
                                28.6112031,
                                40.9877478
                            ],
                            [
                                28.6111845,
                                40.9877236
                            ],
                            [
                                28.61118,
                                40.9877127
                            ],
                            [
                                28.6111795,
                                40.9877033
                            ],
                            [
                                28.6111845,
                                40.9876914
                            ],
                            [
                                28.6111836,
                                40.9876756
                            ],
                            [
                                28.611178,
                                40.9876536
                            ],
                            [
                                28.6111597,
                                40.9876171
                            ],
                            [
                                28.6111311,
                                40.9875587
                            ],
                            [
                                28.6110888,
                                40.987484
                            ],
                            [
                                28.6110623,
                                40.9874475
                            ],
                            [
                                28.6110535,
                                40.9874356
                            ],
                            [
                                28.6110467,
                                40.9874232
                            ],
                            [
                                28.6109965,
                                40.9873356
                            ],
                            [
                                28.6109674,
                                40.9871621
                            ],
                            [
                                28.6108956,
                                40.9867459
                            ],
                            [
                                28.6106729,
                                40.9849561
                            ],
                            [
                                28.6106729,
                                40.9844945
                            ],
                            [
                                28.6107212,
                                40.9842717
                            ],
                            [
                                28.6108339,
                                40.984045
                            ],
                            [
                                28.6109412,
                                40.983883
                            ],
                            [
                                28.6108875,
                                40.9833849
                            ],
                            [
                                28.6106783,
                                40.9833565
                            ],
                            [
                                28.6103591,
                                40.9833606
                            ],
                            [
                                28.610158,
                                40.983312
                            ],
                            [
                                28.6097422,
                                40.9833403
                            ],
                            [
                                28.6093479,
                                40.9832107
                            ],
                            [
                                28.6090234,
                                40.9828989
                            ],
                            [
                                28.6091092,
                                40.9824595
                            ],
                            [
                                28.6087552,
                                40.9819938
                            ],
                            [
                                28.6084387,
                                40.9816577
                            ],
                            [
                                28.6082214,
                                40.981518
                            ],
                            [
                                28.6080578,
                                40.981441
                            ],
                            [
                                28.6078352,
                                40.981277
                            ],
                            [
                                28.6076635,
                                40.9811474
                            ],
                            [
                                28.6075589,
                                40.9810421
                            ],
                            [
                                28.6074543,
                                40.980951
                            ],
                            [
                                28.6073631,
                                40.9807931
                            ],
                            [
                                28.6073363,
                                40.9805987
                            ],
                            [
                                28.6071485,
                                40.9803901
                            ],
                            [
                                28.6071029,
                                40.9802767
                            ],
                            [
                                28.6070707,
                                40.9801309
                            ],
                            [
                                28.6069795,
                                40.9799568
                            ],
                            [
                                28.6068159,
                                40.9797908
                            ],
                            [
                                28.606714,
                                40.9794222
                            ],
                            [
                                28.6065692,
                                40.9791975
                            ],
                            [
                                28.6064109,
                                40.9790213
                            ],
                            [
                                28.6062956,
                                40.9788573
                            ],
                            [
                                28.6061802,
                                40.9785312
                            ],
                            [
                                28.6059768,
                                40.9780313
                            ],
                            [
                                28.605971,
                                40.9780169
                            ],
                            [
                                28.6058208,
                                40.9777962
                            ],
                            [
                                28.6056572,
                                40.9776524
                            ],
                            [
                                28.6054614,
                                40.977535
                            ],
                            [
                                28.6052066,
                                40.9773952
                            ],
                            [
                                28.604866,
                                40.9771826
                            ],
                            [
                                28.6044717,
                                40.9769396
                            ],
                            [
                                28.6042061,
                                40.9767472
                            ],
                            [
                                28.6039487,
                                40.9765144
                            ],
                            [
                                28.6035222,
                                40.9762005
                            ],
                            [
                                28.6030555,
                                40.975836
                            ],
                            [
                                28.6029338,
                                40.975734
                            ],
                            [
                                28.6026907,
                                40.9755302
                            ],
                            [
                                28.6022723,
                                40.9751313
                            ],
                            [
                                28.6018699,
                                40.9747384
                            ],
                            [
                                28.601591,
                                40.974463
                            ],
                            [
                                28.601312,
                                40.9742038
                            ],
                            [
                                28.6011404,
                                40.9740661
                            ],
                            [
                                28.6007219,
                                40.9738069
                            ],
                            [
                                28.6002123,
                                40.9735193
                            ],
                            [
                                28.5999602,
                                40.9733776
                            ],
                            [
                                28.5993969,
                                40.973013
                            ],
                            [
                                28.5988498,
                                40.9727214
                            ],
                            [
                                28.5980022,
                                40.9722637
                            ],
                            [
                                28.5967993,
                                40.9717324
                            ]
                        ]
                    ]
                ]
            }
        },
        {
            "type": "Feature",
            "properties": {
                "type": "relation",
                "id": 9397784,
                "tags": {
                    "admin_level": "8",
                    "boundary": "administrative",
                    "name": "Büyükşehir Mahallesi",
                    "postal_code": "34520",
                    "type": "boundary",
                    "wikidata": "Q6073606",
                    "wikipedia": "tr:Büyükşehir, Beylikdüzü"
                }
            },
            "geometry": {
                "type": "MultiPolygon",
                "coordinates": [
                    [
                        [
                            [
                                28.6365509,
                                41.0035447
                            ],
                            [
                                28.6364436,
                                41.0033018
                            ],
                            [
                                28.6366582,
                                41.0024841
                            ],
                            [
                                28.6372697,
                                41.001391
                            ],
                            [
                                28.6374816,
                                41.0013474
                            ],
                            [
                                28.6376243,
                                41.0011327
                            ],
                            [
                                28.6391151,
                                41.0000469
                            ],
                            [
                                28.6404455,
                                40.9981845
                            ],
                            [
                                28.6416471,
                                40.9973505
                            ],
                            [
                                28.6420441,
                                40.9969699
                            ],
                            [
                                28.6421406,
                                40.9962168
                            ],
                            [
                                28.6425735,
                                40.9968703
                            ],
                            [
                                28.6429989,
                                40.9975124
                            ],
                            [
                                28.6438036,
                                40.998144
                            ],
                            [
                                28.6447477,
                                40.9990104
                            ],
                            [
                                28.6461213,
                                41.0003323
                            ],
                            [
                                28.6469364,
                                41.0010914
                            ],
                            [
                                28.6485994,
                                41.0026784
                            ],
                            [
                                28.6492216,
                                41.0037714
                            ],
                            [
                                28.6499619,
                                41.0051155
                            ],
                            [
                                28.6500907,
                                41.0054798
                            ],
                            [
                                28.6495864,
                                41.0067753
                            ],
                            [
                                28.6493075,
                                41.007423
                            ],
                            [
                                28.6492646,
                                41.0078521
                            ],
                            [
                                28.6493397,
                                41.0083459
                            ],
                            [
                                28.6494791,
                                41.0089693
                            ],
                            [
                                28.6496508,
                                41.0095037
                            ],
                            [
                                28.650316,
                                41.0108233
                            ],
                            [
                                28.6510546,
                                41.0118
                            ],
                            [
                                28.650512,
                                41.0120177
                            ],
                            [
                                28.6498298,
                                41.0122788
                            ],
                            [
                                28.6484209,
                                41.0128108
                            ],
                            [
                                28.6472264,
                                41.0132538
                            ],
                            [
                                28.6458158,
                                41.0137951
                            ],
                            [
                                28.6448271,
                                41.0141727
                            ],
                            [
                                28.6445687,
                                41.0142667
                            ],
                            [
                                28.6441825,
                                41.0144189
                            ],
                            [
                                28.643046,
                                41.012735
                            ],
                            [
                                28.6443829,
                                41.0122481
                            ],
                            [
                                28.6439431,
                                41.0109123
                            ],
                            [
                                28.6433637,
                                41.0090908
                            ],
                            [
                                28.6433852,
                                41.0080868
                            ],
                            [
                                28.6434924,
                                41.0068157
                            ],
                            [
                                28.6436856,
                                41.0047754
                            ],
                            [
                                28.6436319,
                                41.0041925
                            ],
                            [
                                28.6434281,
                                41.0035933
                            ],
                            [
                                28.6420119,
                                41.0010813
                            ],
                            [
                                28.6418509,
                                41.0011238
                            ],
                            [
                                28.6412902,
                                41.0014547
                            ],
                            [
                                28.640427,
                                41.0018201
                            ],
                            [
                                28.6393039,
                                41.0025207
                            ],
                            [
                                28.6386823,
                                41.0029354
                            ],
                            [
                                28.6383807,
                                41.0032042
                            ],
                            [
                                28.6380452,
                                41.003533
                            ],
                            [
                                28.637817,
                                41.0036997
                            ],
                            [
                                28.6373743,
                                41.0039809
                            ],
                            [
                                28.6365509,
                                41.0035447
                            ]
                        ]
                    ]
                ]
            }
        },
        {
            "type": "Feature",
            "properties": {
                "type": "relation",
                "id": 9397785,
                "tags": {
                    "admin_level": "8",
                    "boundary": "administrative",
                    "name": "Cumhuriyet Mahallesi",
                    "postal_code": "34520",
                    "type": "boundary",
                    "wikidata": "Q6072496",
                    "wikipedia": "tr:Cumhuriyet, Beylikdüzü"
                }
            },
            "geometry": {
                "type": "MultiPolygon",
                "coordinates": [
                    [
                        [
                            [
                                28.6317723,
                                41.0164075
                            ],
                            [
                                28.6324954,
                                41.0148751
                            ],
                            [
                                28.6329514,
                                41.0143084
                            ],
                            [
                                28.633579,
                                41.0135272
                            ],
                            [
                                28.633579,
                                41.0130415
                            ],
                            [
                                28.633697,
                                41.0125882
                            ],
                            [
                                28.6337107,
                                41.012319
                            ],
                            [
                                28.6337349,
                                41.0121561
                            ],
                            [
                                28.6337926,
                                41.0111308
                            ],
                            [
                                28.6338097,
                                41.0096777
                            ],
                            [
                                28.6340307,
                                41.0081172
                            ],
                            [
                                28.6340862,
                                41.0073178
                            ],
                            [
                                28.6345542,
                                41.0065518
                            ],
                            [
                                28.6349652,
                                41.0054709
                            ],
                            [
                                28.6355267,
                                41.0054622
                            ],
                            [
                                28.6356389,
                                41.0054636
                            ],
                            [
                                28.6365509,
                                41.0035447
                            ],
                            [
                                28.6373743,
                                41.0039809
                            ],
                            [
                                28.637817,
                                41.0036997
                            ],
                            [
                                28.6380452,
                                41.003533
                            ],
                            [
                                28.6383807,
                                41.0032042
                            ],
                            [
                                28.6386823,
                                41.0029354
                            ],
                            [
                                28.6393039,
                                41.0025207
                            ],
                            [
                                28.640427,
                                41.0018201
                            ],
                            [
                                28.6412902,
                                41.0014547
                            ],
                            [
                                28.6418509,
                                41.0011238
                            ],
                            [
                                28.6420119,
                                41.0010813
                            ],
                            [
                                28.6434281,
                                41.0035933
                            ],
                            [
                                28.6436319,
                                41.0041925
                            ],
                            [
                                28.6436856,
                                41.0047754
                            ],
                            [
                                28.6434924,
                                41.0068157
                            ],
                            [
                                28.6433852,
                                41.0080868
                            ],
                            [
                                28.6433637,
                                41.0090908
                            ],
                            [
                                28.6439431,
                                41.0109123
                            ],
                            [
                                28.6443829,
                                41.0122481
                            ],
                            [
                                28.643046,
                                41.012735
                            ],
                            [
                                28.6441825,
                                41.0144189
                            ],
                            [
                                28.6424002,
                                41.0150995
                            ],
                            [
                                28.6411088,
                                41.0156093
                            ],
                            [
                                28.640759,
                                41.0157424
                            ],
                            [
                                28.6402286,
                                41.0159443
                            ],
                            [
                                28.6370722,
                                41.0171223
                            ],
                            [
                                28.6362112,
                                41.01744
                            ],
                            [
                                28.6354052,
                                41.0177436
                            ],
                            [
                                28.6348755,
                                41.0179429
                            ],
                            [
                                28.6343283,
                                41.0181463
                            ],
                            [
                                28.6339233,
                                41.0183062
                            ],
                            [
                                28.6334939,
                                41.0184707
                            ],
                            [
                                28.6332242,
                                41.0185797
                            ],
                            [
                                28.6331201,
                                41.0184405
                            ],
                            [
                                28.6327904,
                                41.0180241
                            ],
                            [
                                28.6325329,
                                41.0177206
                            ],
                            [
                                28.6322325,
                                41.0174324
                            ],
                            [
                                28.6318785,
                                41.016907
                            ],
                            [
                                28.631835,
                                41.0166305
                            ],
                            [
                                28.6317723,
                                41.0164075
                            ]
                        ]
                    ]
                ]
            }
        },
        {
            "type": "Feature",
            "properties": {
                "type": "relation",
                "id": 9445707,
                "tags": {
                    "admin_level": "8",
                    "boundary": "administrative",
                    "name": "Barış Mahallesi",
                    "postal_code": "34520",
                    "type": "boundary",
                    "wikidata": "Q6073691",
                    "wikipedia": "tr:Barış, Beylikdüzü"
                }
            },
            "geometry": {
                "type": "MultiPolygon",
                "coordinates": [
                    [
                        [
                            [
                                28.6421406,
                                40.9962168
                            ],
                            [
                                28.6425376,
                                40.9944029
                            ],
                            [
                                28.6429775,
                                40.9930182
                            ],
                            [
                                28.6432135,
                                40.9921598
                            ],
                            [
                                28.6434281,
                                40.9909045
                            ],
                            [
                                28.6434495,
                                40.9903701
                            ],
                            [
                                28.6435604,
                                40.9900264
                            ],
                            [
                                28.6441255,
                                40.9891067
                            ],
                            [
                                28.6452305,
                                40.9875113
                            ],
                            [
                                28.6457124,
                                40.9871226
                            ],
                            [
                                28.6463249,
                                40.9866285
                            ],
                            [
                                28.6463769,
                                40.9865873
                            ],
                            [
                                28.6471724,
                                40.9859563
                            ],
                            [
                                28.6475801,
                                40.9853732
                            ],
                            [
                                28.6476881,
                                40.9849424
                            ],
                            [
                                28.6477303,
                                40.9847739
                            ],
                            [
                                28.647743,
                                40.9846928
                            ],
                            [
                                28.6477518,
                                40.9846362
                            ],
                            [
                                28.6483204,
                                40.9848549
                            ],
                            [
                                28.6488891,
                                40.985195
                            ],
                            [
                                28.6493182,
                                40.9858105
                            ],
                            [
                                28.6496615,
                                40.9862965
                            ],
                            [
                                28.6498117,
                                40.9864665
                            ],
                            [
                                28.6528801,
                                40.99182
                            ],
                            [
                                28.6540806,
                                40.9937274
                            ],
                            [
                                28.6538331,
                                40.9937649
                            ],
                            [
                                28.6540209,
                                40.9944419
                            ],
                            [
                                28.6543007,
                                40.9950008
                            ],
                            [
                                28.654637,
                                40.9954243
                            ],
                            [
                                28.6550801,
                                40.995991
                            ],
                            [
                                28.6557555,
                                40.9965245
                            ],
                            [
                                28.6560023,
                                40.9969294
                            ],
                            [
                                28.6560988,
                                40.9971885
                            ],
                            [
                                28.6562299,
                                40.9973046
                            ],
                            [
                                28.6561811,
                                40.9974507
                            ],
                            [
                                28.6562926,
                                40.9977245
                            ],
                            [
                                28.6564421,
                                40.9979463
                            ],
                            [
                                28.6565406,
                                40.9980762
                            ],
                            [
                                28.6567381,
                                40.9983663
                            ],
                            [
                                28.6568507,
                                40.998473
                            ],
                            [
                                28.6569059,
                                40.9986244
                            ],
                            [
                                28.6570824,
                                40.998984
                            ],
                            [
                                28.6579224,
                                40.9999625
                            ],
                            [
                                28.6581464,
                                41.0002002
                            ],
                            [
                                28.6589274,
                                41.0012715
                            ],
                            [
                                28.6589747,
                                41.002021
                            ],
                            [
                                28.6592933,
                                41.0030327
                            ],
                            [
                                28.6593986,
                                41.0066415
                            ],
                            [
                                28.6592711,
                                41.0066433
                            ],
                            [
                                28.6592172,
                                41.0080068
                            ],
                            [
                                28.6591225,
                                41.0085163
                            ],
                            [
                                28.6591164,
                                41.0087868
                            ],
                            [
                                28.658098,
                                41.0091795
                            ],
                            [
                                28.6575554,
                                41.0093757
                            ],
                            [
                                28.6571382,
                                41.0095283
                            ],
                            [
                                28.6559133,
                                41.0099932
                            ],
                            [
                                28.6556738,
                                41.0100843
                            ],
                            [
                                28.654448,
                                41.010526
                            ],
                            [
                                28.6534525,
                                41.0108971
                            ],
                            [
                                28.6524879,
                                41.0112531
                            ],
                            [
                                28.6510546,
                                41.0118
                            ],
                            [
                                28.650316,
                                41.0108233
                            ],
                            [
                                28.6496508,
                                41.0095037
                            ],
                            [
                                28.6494791,
                                41.0089693
                            ],
                            [
                                28.6493397,
                                41.0083459
                            ],
                            [
                                28.6492646,
                                41.0078521
                            ],
                            [
                                28.6493075,
                                41.007423
                            ],
                            [
                                28.6495864,
                                41.0067753
                            ],
                            [
                                28.6500907,
                                41.0054798
                            ],
                            [
                                28.6499619,
                                41.0051155
                            ],
                            [
                                28.6492216,
                                41.0037714
                            ],
                            [
                                28.6485994,
                                41.0026784
                            ],
                            [
                                28.6469364,
                                41.0010914
                            ],
                            [
                                28.6461213,
                                41.0003323
                            ],
                            [
                                28.6447477,
                                40.9990104
                            ],
                            [
                                28.6438036,
                                40.998144
                            ],
                            [
                                28.6429989,
                                40.9975124
                            ],
                            [
                                28.6425735,
                                40.9968703
                            ],
                            [
                                28.6421406,
                                40.9962168
                            ]
                        ]
                    ]
                ]
            }
        },
        {
            "type": "Feature",
            "properties": {
                "type": "relation",
                "id": 9445744,
                "tags": {
                    "admin_level": "8",
                    "boundary": "administrative",
                    "name": "Sahil Mahallesi",
                    "postal_code": "34524",
                    "type": "boundary",
                    "wikidata": "Q6069877",
                    "wikipedia": "tr:Sahil, Beylikdüzü"
                }
            },
            "geometry": {
                "type": "MultiPolygon",
                "coordinates": [
                    [
                        [
                            [
                                28.6303424,
                                40.9613248
                            ],
                            [
                                28.6308161,
                                40.9614848
                            ],
                            [
                                28.631944,
                                40.961585
                            ],
                            [
                                28.632283,
                                40.961581
                            ],
                            [
                                28.6326811,
                                40.9616601
                            ],
                            [
                                28.6332379,
                                40.9617413
                            ],
                            [
                                28.6338698,
                                40.9617171
                            ],
                            [
                                28.6353384,
                                40.9618797
                            ],
                            [
                                28.6357484,
                                40.9620049
                            ],
                            [
                                28.636246,
                                40.9620824
                            ],
                            [
                                28.6366923,
                                40.9621584
                            ],
                            [
                                28.6373693,
                                40.9622294
                            ],
                            [
                                28.6386113,
                                40.9623459
                            ],
                            [
                                28.640427,
                                40.962235
                            ],
                            [
                                28.6407757,
                                40.962311
                            ],
                            [
                                28.6412559,
                                40.9623555
                            ],
                            [
                                28.6418954,
                                40.9622929
                            ],
                            [
                                28.642758,
                                40.9622687
                            ],
                            [
                                28.6439424,
                                40.9623499
                            ],
                            [
                                28.6444316,
                                40.9623449
                            ],
                            [
                                28.6450764,
                                40.9624402
                            ],
                            [
                                28.645856,
                                40.962671
                            ],
                            [
                                28.6467997,
                                40.9627613
                            ],
                            [
                                28.648335,
                                40.9627351
                            ],
                            [
                                28.6518714,
                                40.962788
                            ],
                            [
                                28.6518778,
                                40.9628669
                            ],
                            [
                                28.6519253,
                                40.9634538
                            ],
                            [
                                28.6520111,
                                40.9640371
                            ],
                            [
                                28.6524779,
                                40.9667106
                            ],
                            [
                                28.6510348,
                                40.9667268
                            ],
                            [
                                28.6508846,
                                40.9667592
                            ],
                            [
                                28.65067,
                                40.9669171
                            ],
                            [
                                28.6506808,
                                40.9670549
                            ],
                            [
                                28.6507612,
                                40.9672655
                            ],
                            [
                                28.6507934,
                                40.9676787
                            ],
                            [
                                28.650552,
                                40.9680311
                            ],
                            [
                                28.6501926,
                                40.9686346
                            ],
                            [
                                28.6503965,
                                40.9696675
                            ],
                            [
                                28.6505628,
                                40.9702143
                            ],
                            [
                                28.6510295,
                                40.9706436
                            ],
                            [
                                28.6511818,
                                40.9707478
                            ],
                            [
                                28.6519468,
                                40.9712714
                            ],
                            [
                                28.6519951,
                                40.9715792
                            ],
                            [
                                28.6521989,
                                40.9720572
                            ],
                            [
                                28.6521488,
                                40.9727686
                            ],
                            [
                                28.6519753,
                                40.9736109
                            ],
                            [
                                28.6530742,
                                40.973807
                            ],
                            [
                                28.6534958,
                                40.9737758
                            ],
                            [
                                28.6547617,
                                40.9738556
                            ],
                            [
                                28.6557625,
                                40.973976
                            ],
                            [
                                28.6565958,
                                40.9741376
                            ],
                            [
                                28.6573561,
                                40.9742805
                            ],
                            [
                                28.658095,
                                40.9743933
                            ],
                            [
                                28.6583304,
                                40.9748032
                            ],
                            [
                                28.6588776,
                                40.9754998
                            ],
                            [
                                28.657161,
                                40.9760101
                            ],
                            [
                                28.6553049,
                                40.9764232
                            ],
                            [
                                28.6532009,
                                40.9766952
                            ],
                            [
                                28.6527085,
                                40.9770874
                            ],
                            [
                                28.6519468,
                                40.9777597
                            ],
                            [
                                28.6509704,
                                40.9787317
                            ],
                            [
                                28.6502516,
                                40.9800844
                            ],
                            [
                                28.6479986,
                                40.9802302
                            ],
                            [
                                28.6479342,
                                40.9796389
                            ],
                            [
                                28.6476982,
                                40.9790152
                            ],
                            [
                                28.6476767,
                                40.9786831
                            ],
                            [
                                28.6477089,
                                40.9779784
                            ],
                            [
                                28.6471617,
                                40.975759
                            ],
                            [
                                28.6476338,
                                40.9754188
                            ],
                            [
                                28.6481488,
                                40.9747222
                            ],
                            [
                                28.648299,
                                40.9741714
                            ],
                            [
                                28.6485457,
                                40.9739041
                            ],
                            [
                                28.648543,
                                40.9737146
                            ],
                            [
                                28.6485565,
                                40.973329
                            ],
                            [
                                28.6484448,
                                40.9728232
                            ],
                            [
                                28.6482681,
                                40.9722048
                            ],
                            [
                                28.6486012,
                                40.9719153
                            ],
                            [
                                28.6484468,
                                40.9718152
                            ],
                            [
                                28.6482128,
                                40.9716809
                            ],
                            [
                                28.6479588,
                                40.9715557
                            ],
                            [
                                28.6475633,
                                40.9713765
                            ],
                            [
                                28.6470263,
                                40.971118
                            ],
                            [
                                28.6467456,
                                40.9709734
                            ],
                            [
                                28.6463307,
                                40.9707771
                            ],
                            [
                                28.6459976,
                                40.9705707
                            ],
                            [
                                28.6449301,
                                40.9697971
                            ],
                            [
                                28.6447476,
                                40.9696383
                            ],
                            [
                                28.6443347,
                                40.9694447
                            ],
                            [
                                28.6441898,
                                40.9693819
                            ],
                            [
                                28.643986,
                                40.9692017
                            ],
                            [
                                28.6438324,
                                40.9690661
                            ],
                            [
                                28.6435554,
                                40.968836
                            ],
                            [
                                28.6431277,
                                40.9684159
                            ],
                            [
                                28.6430043,
                                40.9682295
                            ],
                            [
                                28.6428004,
                                40.9678528
                            ],
                            [
                                28.6427249,
                                40.9677303
                            ],
                            [
                                28.6426315,
                                40.9676151
                            ],
                            [
                                28.6425381,
                                40.9675206
                            ],
                            [
                                28.6424483,
                                40.9674513
                            ],
                            [
                                28.6423663,
                                40.967404
                            ],
                            [
                                28.6422652,
                                40.9673633
                            ],
                            [
                                28.6421978,
                                40.9673485
                            ],
                            [
                                28.6420441,
                                40.9673344
                            ],
                            [
                                28.6416079,
                                40.9673555
                            ],
                            [
                                28.6414572,
                                40.9673676
                            ],
                            [
                                28.6413421,
                                40.9673635
                            ],
                            [
                                28.6411712,
                                40.9673427
                            ],
                            [
                                28.6406004,
                                40.9672731
                            ],
                            [
                                28.6398046,
                                40.967165
                            ],
                            [
                                28.6395236,
                                40.9671657
                            ],
                            [
                                28.6389327,
                                40.9673506
                            ],
                            [
                                28.6388683,
                                40.9673384
                            ],
                            [
                                28.6386752,
                                40.9670468
                            ],
                            [
                                28.6384124,
                                40.9668685
                            ],
                            [
                                28.6381763,
                                40.9667308
                            ],
                            [
                                28.6378974,
                                40.9665931
                            ],
                            [
                                28.6370552,
                                40.9660098
                            ],
                            [
                                28.636873,
                                40.9659057
                            ],
                            [
                                28.6365181,
                                40.9657599
                            ],
                            [
                                28.6361885,
                                40.9656729
                            ],
                            [
                                28.6356632,
                                40.9656746
                            ],
                            [
                                28.6351641,
                                40.9657713
                            ],
                            [
                                28.6348933,
                                40.9658964
                            ],
                            [
                                28.6348565,
                                40.9659264
                            ],
                            [
                                28.6347414,
                                40.9660204
                            ],
                            [
                                28.6347066,
                                40.9660477
                            ],
                            [
                                28.634315,
                                40.9663544
                            ],
                            [
                                28.6342301,
                                40.9664209
                            ],
                            [
                                28.634212,
                                40.9664351
                            ],
                            [
                                28.6339492,
                                40.9666579
                            ],
                            [
                                28.6337346,
                                40.9669293
                            ],
                            [
                                28.6337078,
                                40.9670387
                            ],
                            [
                                28.6336756,
                                40.9672169
                            ],
                            [
                                28.6336112,
                                40.9673789
                            ],
                            [
                                28.6334409,
                                40.9671237
                            ],
                            [
                                28.6331512,
                                40.9667501
                            ],
                            [
                                28.6329675,
                                40.9666579
                            ],
                            [
                                28.6327395,
                                40.966589
                            ],
                            [
                                28.6323693,
                                40.966506
                            ],
                            [
                                28.6326456,
                                40.9663035
                            ],
                            [
                                28.6331955,
                                40.965627
                            ],
                            [
                                28.6330238,
                                40.9655278
                            ],
                            [
                                28.632895,
                                40.9654265
                            ],
                            [
                                28.6327931,
                                40.9653212
                            ],
                            [
                                28.6327705,
                                40.9653057
                            ],
                            [
                                28.6325913,
                                40.965183
                            ],
                            [
                                28.632543,
                                40.9651499
                            ],
                            [
                                28.6323295,
                                40.9650643
                            ],
                            [
                                28.6321406,
                                40.9649659
                            ],
                            [
                                28.6327771,
                                40.9643956
                            ],
                            [
                                28.6332303,
                                40.9638751
                            ],
                            [
                                28.6333349,
                                40.9638346
                            ],
                            [
                                28.6334637,
                                40.963709
                            ],
                            [
                                28.6328602,
                                40.96331
                            ],
                            [
                                28.6323291,
                                40.9629758
                            ],
                            [
                                28.6318168,
                                40.9628381
                            ],
                            [
                                28.6314762,
                                40.9626679
                            ],
                            [
                                28.6309612,
                                40.9620441
                            ],
                            [
                                28.6305374,
                                40.9619104
                            ],
                            [
                                28.6303148,
                                40.9616836
                            ],
                            [
                                28.6303094,
                                40.9614628
                            ],
                            [
                                28.6303424,
                                40.9613248
                            ]
                        ]
                    ]
                ]
            }
        },
        {
            "type": "Feature",
            "properties": {
                "type": "relation",
                "id": 9445745,
                "tags": {
                    "admin_level": "8",
                    "boundary": "administrative",
                    "name": "Kavaklı Mahallesi",
                    "postal_code": "34520",
                    "type": "boundary",
                    "wikidata": "Q6074622",
                    "wikipedia": "tr:Kavaklı, Beylikdüzü"
                }
            },
            "geometry": {
                "type": "MultiPolygon",
                "coordinates": [
                    [
                        [
                            [
                                28.6319965,
                                40.9853772
                            ],
                            [
                                28.6312348,
                                40.9845795
                            ],
                            [
                                28.6314118,
                                40.9845066
                            ],
                            [
                                28.6315137,
                                40.9844337
                            ],
                            [
                                28.6315942,
                                40.9843264
                            ],
                            [
                                28.6315566,
                                40.9842009
                            ],
                            [
                                28.6314145,
                                40.9840834
                            ],
                            [
                                28.6313608,
                                40.9839964
                            ],
                            [
                                28.6313581,
                                40.9838263
                            ],
                            [
                                28.6310336,
                                40.9833261
                            ],
                            [
                                28.6304221,
                                40.9823563
                            ],
                            [
                                28.630068,
                                40.9819148
                            ],
                            [
                                28.629671,
                                40.981603
                            ],
                            [
                                28.6291292,
                                40.9813357
                            ],
                            [
                                28.6290887,
                                40.9804671
                            ],
                            [
                                28.6291304,
                                40.9795917
                            ],
                            [
                                28.6298534,
                                40.9796855
                            ],
                            [
                                28.6303094,
                                40.9797604
                            ],
                            [
                                28.6298561,
                                40.9795498
                            ],
                            [
                                28.6297113,
                                40.9794809
                            ],
                            [
                                28.6291748,
                                40.9790881
                            ],
                            [
                                28.6290032,
                                40.9786021
                            ],
                            [
                                28.6292499,
                                40.9785555
                            ],
                            [
                                28.6294077,
                                40.9785398
                            ],
                            [
                                28.6298615,
                                40.9784948
                            ],
                            [
                                28.6298212,
                                40.9782883
                            ],
                            [
                                28.6297086,
                                40.9778934
                            ],
                            [
                                28.6296469,
                                40.9774823
                            ],
                            [
                                28.6296093,
                                40.9773649
                            ],
                            [
                                28.6295664,
                                40.9769356
                            ],
                            [
                                28.6295369,
                                40.9768505
                            ],
                            [
                                28.6294994,
                                40.9766014
                            ],
                            [
                                28.629199,
                                40.9761215
                            ],
                            [
                                28.6291695,
                                40.9760527
                            ],
                            [
                                28.6290246,
                                40.9759008
                            ],
                            [
                                28.6288583,
                                40.9758137
                            ],
                            [
                                28.6289083,
                                40.97577
                            ],
                            [
                                28.6290675,
                                40.9755646
                            ],
                            [
                                28.6292031,
                                40.975451
                            ],
                            [
                                28.6292312,
                                40.9753621
                            ],
                            [
                                28.6293653,
                                40.9751839
                            ],
                            [
                                28.6295021,
                                40.9749713
                            ],
                            [
                                28.6296174,
                                40.9748081
                            ],
                            [
                                28.6297113,
                                40.9747465
                            ],
                            [
                                28.630363,
                                40.9741046
                            ],
                            [
                                28.6308271,
                                40.9736246
                            ],
                            [
                                28.6309075,
                                40.9735416
                            ],
                            [
                                28.6310872,
                                40.9731204
                            ],
                            [
                                28.6311945,
                                40.9727457
                            ],
                            [
                                28.6311972,
                                40.9726505
                            ],
                            [
                                28.6312509,
                                40.9721199
                            ],
                            [
                                28.6313662,
                                40.9716643
                            ],
                            [
                                28.6313421,
                                40.9715853
                            ],
                            [
                                28.6315128,
                                40.9713397
                            ],
                            [
                                28.6317529,
                                40.9710752
                            ],
                            [
                                28.6317931,
                                40.9710188
                            ],
                            [
                                28.6321762,
                                40.9704715
                            ],
                            [
                                28.6320689,
                                40.9704249
                            ],
                            [
                                28.6320046,
                                40.9703277
                            ],
                            [
                                28.6317685,
                                40.9702163
                            ],
                            [
                                28.6316237,
                                40.9698558
                            ],
                            [
                                28.6320636,
                                40.9695621
                            ],
                            [
                                28.6328226,
                                40.9690639
                            ],
                            [
                                28.6326,
                                40.9689262
                            ],
                            [
                                28.6322835,
                                40.9687379
                            ],
                            [
                                28.6319241,
                                40.9685374
                            ],
                            [
                                28.6323023,
                                40.9683672
                            ],
                            [
                                28.6324847,
                                40.9682376
                            ],
                            [
                                28.6325973,
                                40.9681222
                            ],
                            [
                                28.6326885,
                                40.9679581
                            ],
                            [
                                28.6327368,
                                40.9678792
                            ],
                            [
                                28.6328682,
                                40.9677394
                            ],
                            [
                                28.6330345,
                                40.9674883
                            ],
                            [
                                28.6332786,
                                40.9672331
                            ],
                            [
                                28.6334409,
                                40.9671237
                            ],
                            [
                                28.6336112,
                                40.9673789
                            ],
                            [
                                28.6336756,
                                40.9672169
                            ],
                            [
                                28.6337078,
                                40.9670387
                            ],
                            [
                                28.6337346,
                                40.9669293
                            ],
                            [
                                28.6339492,
                                40.9666579
                            ],
                            [
                                28.634212,
                                40.9664351
                            ],
                            [
                                28.6342301,
                                40.9664209
                            ],
                            [
                                28.634315,
                                40.9663544
                            ],
                            [
                                28.6347066,
                                40.9660477
                            ],
                            [
                                28.6347414,
                                40.9660204
                            ],
                            [
                                28.6348565,
                                40.9659264
                            ],
                            [
                                28.6348933,
                                40.9658964
                            ],
                            [
                                28.6351641,
                                40.9657713
                            ],
                            [
                                28.6356632,
                                40.9656746
                            ],
                            [
                                28.6361885,
                                40.9656729
                            ],
                            [
                                28.6365181,
                                40.9657599
                            ],
                            [
                                28.636873,
                                40.9659057
                            ],
                            [
                                28.6370552,
                                40.9660098
                            ],
                            [
                                28.6378974,
                                40.9665931
                            ],
                            [
                                28.6381763,
                                40.9667308
                            ],
                            [
                                28.6384124,
                                40.9668685
                            ],
                            [
                                28.6386752,
                                40.9670468
                            ],
                            [
                                28.6388683,
                                40.9673384
                            ],
                            [
                                28.6389327,
                                40.9673506
                            ],
                            [
                                28.6395236,
                                40.9671657
                            ],
                            [
                                28.6398046,
                                40.967165
                            ],
                            [
                                28.6406004,
                                40.9672731
                            ],
                            [
                                28.6411712,
                                40.9673427
                            ],
                            [
                                28.6413421,
                                40.9673635
                            ],
                            [
                                28.6414572,
                                40.9673676
                            ],
                            [
                                28.6416079,
                                40.9673555
                            ],
                            [
                                28.6420441,
                                40.9673344
                            ],
                            [
                                28.6421978,
                                40.9673485
                            ],
                            [
                                28.6422652,
                                40.9673633
                            ],
                            [
                                28.6423663,
                                40.967404
                            ],
                            [
                                28.6424483,
                                40.9674513
                            ],
                            [
                                28.6425381,
                                40.9675206
                            ],
                            [
                                28.6426315,
                                40.9676151
                            ],
                            [
                                28.6427249,
                                40.9677303
                            ],
                            [
                                28.6428004,
                                40.9678528
                            ],
                            [
                                28.6430043,
                                40.9682295
                            ],
                            [
                                28.6431277,
                                40.9684159
                            ],
                            [
                                28.6435554,
                                40.968836
                            ],
                            [
                                28.6438324,
                                40.9690661
                            ],
                            [
                                28.643986,
                                40.9692017
                            ],
                            [
                                28.6441898,
                                40.9693819
                            ],
                            [
                                28.6443347,
                                40.9694447
                            ],
                            [
                                28.6447476,
                                40.9696383
                            ],
                            [
                                28.6449301,
                                40.9697971
                            ],
                            [
                                28.6459976,
                                40.9705707
                            ],
                            [
                                28.6463307,
                                40.9707771
                            ],
                            [
                                28.6467456,
                                40.9709734
                            ],
                            [
                                28.6470263,
                                40.971118
                            ],
                            [
                                28.6475633,
                                40.9713765
                            ],
                            [
                                28.6479588,
                                40.9715557
                            ],
                            [
                                28.6482128,
                                40.9716809
                            ],
                            [
                                28.6484468,
                                40.9718152
                            ],
                            [
                                28.6486012,
                                40.9719153
                            ],
                            [
                                28.6482681,
                                40.9722048
                            ],
                            [
                                28.6484448,
                                40.9728232
                            ],
                            [
                                28.6485565,
                                40.973329
                            ],
                            [
                                28.648543,
                                40.9737146
                            ],
                            [
                                28.6485457,
                                40.9739041
                            ],
                            [
                                28.648299,
                                40.9741714
                            ],
                            [
                                28.6481488,
                                40.9747222
                            ],
                            [
                                28.6476338,
                                40.9754188
                            ],
                            [
                                28.6471617,
                                40.975759
                            ],
                            [
                                28.6477089,
                                40.9779784
                            ],
                            [
                                28.6476767,
                                40.9786831
                            ],
                            [
                                28.6476982,
                                40.9790152
                            ],
                            [
                                28.6479342,
                                40.9796389
                            ],
                            [
                                28.6479986,
                                40.9802302
                            ],
                            [
                                28.6502516,
                                40.9800844
                            ],
                            [
                                28.6509704,
                                40.9787317
                            ],
                            [
                                28.6519468,
                                40.9777597
                            ],
                            [
                                28.6527085,
                                40.9770874
                            ],
                            [
                                28.6532009,
                                40.9766952
                            ],
                            [
                                28.6553049,
                                40.9764232
                            ],
                            [
                                28.657161,
                                40.9760101
                            ],
                            [
                                28.6588776,
                                40.9754998
                            ],
                            [
                                28.6591834,
                                40.9758805
                            ],
                            [
                                28.6593014,
                                40.9761397
                            ],
                            [
                                28.6594462,
                                40.9768647
                            ],
                            [
                                28.6594808,
                                40.9770582
                            ],
                            [
                                28.6595535,
                                40.9774641
                            ],
                            [
                                28.6597788,
                                40.9783915
                            ],
                            [
                                28.6600149,
                                40.9787398
                            ],
                            [
                                28.6602777,
                                40.978999
                            ],
                            [
                                28.6608893,
                                40.979651
                            ],
                            [
                                28.6613882,
                                40.9801937
                            ],
                            [
                                28.6615974,
                                40.9803436
                            ],
                            [
                                28.6618817,
                                40.9806392
                            ],
                            [
                                28.6621284,
                                40.9808862
                            ],
                            [
                                28.6624825,
                                40.9811535
                            ],
                            [
                                28.6629599,
                                40.9814451
                            ],
                            [
                                28.6634481,
                                40.9817448
                            ],
                            [
                                28.6637056,
                                40.9819067
                            ],
                            [
                                28.6640006,
                                40.9822226
                            ],
                            [
                                28.6642206,
                                40.9824737
                            ],
                            [
                                28.66458,
                                40.9827936
                            ],
                            [
                                28.6649018,
                                40.9831014
                            ],
                            [
                                28.6654973,
                                40.9839923
                            ],
                            [
                                28.6657655,
                                40.9846038
                            ],
                            [
                                28.6660445,
                                40.985033
                            ],
                            [
                                28.6655563,
                                40.9850573
                            ],
                            [
                                28.6651111,
                                40.9865597
                            ],
                            [
                                28.6649769,
                                40.9869444
                            ],
                            [
                                28.6647999,
                                40.9873331
                            ],
                            [
                                28.6648321,
                                40.9876368
                            ],
                            [
                                28.6649609,
                                40.9880782
                            ],
                            [
                                28.6649126,
                                40.9885601
                            ],
                            [
                                28.6650681,
                                40.9891269
                            ],
                            [
                                28.6649769,
                                40.9894873
                            ],
                            [
                                28.6627614,
                                40.9896898
                            ],
                            [
                                28.6620288,
                                40.989719
                            ],
                            [
                                28.6618708,
                                40.9897253
                            ],
                            [
                                28.6606912,
                                40.9897725
                            ],
                            [
                                28.6605298,
                                40.9897789
                            ],
                            [
                                28.6602835,
                                40.9897862
                            ],
                            [
                                28.6580623,
                                40.9898518
                            ],
                            [
                                28.6562812,
                                40.9900138
                            ],
                            [
                                28.6560023,
                                40.9906697
                            ],
                            [
                                28.6556911,
                                40.990775
                            ],
                            [
                                28.6554122,
                                40.9908803
                            ],
                            [
                                28.6550689,
                                40.9910342
                            ],
                            [
                                28.6551067,
                                40.9927229
                            ],
                            [
                                28.6551172,
                                40.99284
                            ],
                            [
                                28.65516,
                                40.992938
                            ],
                            [
                                28.6554551,
                                40.9934069
                            ],
                            [
                                28.6554477,
                                40.9934917
                            ],
                            [
                                28.6553864,
                                40.9935363
                            ],
                            [
                                28.6540806,
                                40.9937274
                            ],
                            [
                                28.6528801,
                                40.99182
                            ],
                            [
                                28.6498117,
                                40.9864665
                            ],
                            [
                                28.6496615,
                                40.9862965
                            ],
                            [
                                28.6493182,
                                40.9858105
                            ],
                            [
                                28.6488891,
                                40.985195
                            ],
                            [
                                28.6483204,
                                40.9848549
                            ],
                            [
                                28.6477518,
                                40.9846362
                            ],
                            [
                                28.647743,
                                40.9846928
                            ],
                            [
                                28.6477303,
                                40.9847739
                            ],
                            [
                                28.6476881,
                                40.9849424
                            ],
                            [
                                28.6475801,
                                40.9853732
                            ],
                            [
                                28.6471724,
                                40.9859563
                            ],
                            [
                                28.6463769,
                                40.9865873
                            ],
                            [
                                28.6463249,
                                40.9866285
                            ],
                            [
                                28.6457124,
                                40.9871226
                            ],
                            [
                                28.6452305,
                                40.9875113
                            ],
                            [
                                28.6441255,
                                40.9891067
                            ],
                            [
                                28.6435604,
                                40.9900264
                            ],
                            [
                                28.6432233,
                                40.9900701
                            ],
                            [
                                28.641969,
                                40.9901352
                            ],
                            [
                                28.6392867,
                                40.9907426
                            ],
                            [
                                28.6384928,
                                40.9906859
                            ],
                            [
                                28.6376774,
                                40.9907669
                            ],
                            [
                                28.6357677,
                                40.9903863
                            ],
                            [
                                28.6351991,
                                40.9904591
                            ],
                            [
                                28.6324417,
                                40.9910827
                            ],
                            [
                                28.6322594,
                                40.9910341
                            ],
                            [
                                28.6311972,
                                40.9899085
                            ],
                            [
                                28.632077,
                                40.9893011
                            ],
                            [
                                28.6320857,
                                40.9892526
                            ],
                            [
                                28.6321057,
                                40.9891408
                            ],
                            [
                                28.6323964,
                                40.9875181
                            ],
                            [
                                28.632431,
                                40.987325
                            ],
                            [
                                28.6319965,
                                40.9853772
                            ]
                        ]
                    ]
                ]
            }
        },
        {
            "type": "Feature",
            "properties": {
                "type": "relation",
                "id": 14056989,
                "tags": {
                    "admin_level": "8",
                    "alt_name": "Beylikdüzü OSB Mahallesi;Organize Sanayi",
                    "boundary": "administrative",
                    "name": "Beylikdüzü Organize Sanayi Bölgesi",
                    "type": "boundary",
                    "wikidata": "Q109393587",
                    "wikipedia": "tr:Beylikdüzü OSB, Beylikdüzü"
                }
            },
            "geometry": {
                "type": "MultiPolygon",
                "coordinates": [
                    [
                        [
                            [
                                28.6540806,
                                40.9937274
                            ],
                            [
                                28.6553864,
                                40.9935363
                            ],
                            [
                                28.6554477,
                                40.9934917
                            ],
                            [
                                28.6554551,
                                40.9934069
                            ],
                            [
                                28.65516,
                                40.992938
                            ],
                            [
                                28.6551172,
                                40.99284
                            ],
                            [
                                28.6551067,
                                40.9927229
                            ],
                            [
                                28.6550689,
                                40.9910342
                            ],
                            [
                                28.6554122,
                                40.9908803
                            ],
                            [
                                28.6556911,
                                40.990775
                            ],
                            [
                                28.6560023,
                                40.9906697
                            ],
                            [
                                28.6562812,
                                40.9900138
                            ],
                            [
                                28.6580623,
                                40.9898518
                            ],
                            [
                                28.6602835,
                                40.9897862
                            ],
                            [
                                28.6605298,
                                40.9897789
                            ],
                            [
                                28.6606912,
                                40.9897725
                            ],
                            [
                                28.6618708,
                                40.9897253
                            ],
                            [
                                28.6620288,
                                40.989719
                            ],
                            [
                                28.6627614,
                                40.9896898
                            ],
                            [
                                28.6649769,
                                40.9894873
                            ],
                            [
                                28.6656333,
                                40.9894268
                            ],
                            [
                                28.6656658,
                                40.9908016
                            ],
                            [
                                28.6655194,
                                40.9910225
                            ],
                            [
                                28.6654707,
                                40.9915503
                            ],
                            [
                                28.664934,
                                40.9925936
                            ],
                            [
                                28.6652267,
                                40.9928637
                            ],
                            [
                                28.665243,
                                40.9933056
                            ],
                            [
                                28.6671294,
                                40.9938211
                            ],
                            [
                                28.6671782,
                                40.9939315
                            ],
                            [
                                28.6671619,
                                40.9940543
                            ],
                            [
                                28.6671294,
                                40.9941647
                            ],
                            [
                                28.6667716,
                                40.9956253
                            ],
                            [
                                28.6667716,
                                40.9962268
                            ],
                            [
                                28.6672037,
                                40.9972561
                            ],
                            [
                                28.6674397,
                                40.9973452
                            ],
                            [
                                28.6679547,
                                40.9987298
                            ],
                            [
                                28.6684053,
                                40.9985679
                            ],
                            [
                                28.6692314,
                                40.9980577
                            ],
                            [
                                28.6688881,
                                40.9991266
                            ],
                            [
                                28.6688559,
                                40.9993695
                            ],
                            [
                                28.6688774,
                                40.9998634
                            ],
                            [
                                28.6688774,
                                41.0003816
                            ],
                            [
                                28.6688559,
                                41.0007622
                            ],
                            [
                                28.6687808,
                                41.0011995
                            ],
                            [
                                28.6687057,
                                41.0015152
                            ],
                            [
                                28.6686306,
                                41.0018472
                            ],
                            [
                                28.6685555,
                                41.002082
                            ],
                            [
                                28.6684697,
                                41.0022844
                            ],
                            [
                                28.6682873,
                                41.0024707
                            ],
                            [
                                28.6681156,
                                41.002665
                            ],
                            [
                                28.6676972,
                                41.0029889
                            ],
                            [
                                28.6674397,
                                41.0031994
                            ],
                            [
                                28.667268,
                                41.0034504
                            ],
                            [
                                28.6672466,
                                41.0036285
                            ],
                            [
                                28.6672466,
                                41.0038147
                            ],
                            [
                                28.6673324,
                                41.0040171
                            ],
                            [
                                28.66715,
                                41.00392
                            ],
                            [
                                28.6669354,
                                41.0038471
                            ],
                            [
                                28.6665385,
                                41.0038066
                            ],
                            [
                                28.6661844,
                                41.0037823
                            ],
                            [
                                28.6658733,
                                41.003839
                            ],
                            [
                                28.6653154,
                                41.0040091
                            ],
                            [
                                28.6613564,
                                41.006438
                            ],
                            [
                                28.660466,
                                41.0072395
                            ],
                            [
                                28.6599402,
                                41.0079115
                            ],
                            [
                                28.6597471,
                                41.0078953
                            ],
                            [
                                28.6595325,
                                41.007782
                            ],
                            [
                                28.6593986,
                                41.0066415
                            ],
                            [
                                28.6592933,
                                41.0030327
                            ],
                            [
                                28.6589747,
                                41.002021
                            ],
                            [
                                28.6589274,
                                41.0012715
                            ],
                            [
                                28.6581464,
                                41.0002002
                            ],
                            [
                                28.6579224,
                                40.9999625
                            ],
                            [
                                28.6570824,
                                40.998984
                            ],
                            [
                                28.6569059,
                                40.9986244
                            ],
                            [
                                28.6568507,
                                40.998473
                            ],
                            [
                                28.6567381,
                                40.9983663
                            ],
                            [
                                28.6565406,
                                40.9980762
                            ],
                            [
                                28.6564421,
                                40.9979463
                            ],
                            [
                                28.6562926,
                                40.9977245
                            ],
                            [
                                28.6561811,
                                40.9974507
                            ],
                            [
                                28.6562299,
                                40.9973046
                            ],
                            [
                                28.6560988,
                                40.9971885
                            ],
                            [
                                28.6560023,
                                40.9969294
                            ],
                            [
                                28.6557555,
                                40.9965245
                            ],
                            [
                                28.6550801,
                                40.995991
                            ],
                            [
                                28.654637,
                                40.9954243
                            ],
                            [
                                28.6543007,
                                40.9950008
                            ],
                            [
                                28.6540209,
                                40.9944419
                            ],
                            [
                                28.6538331,
                                40.9937649
                            ],
                            [
                                28.6540806,
                                40.9937274
                            ]
                        ]
                    ]
                ]
            }
        }
    ]
}