{
    "type": "FeatureCollection",
    "features": [
        {
            "type": "Feature",
            "properties": {
                "type": "relation",
                "id": 9289278,
                "tags": {
                    "admin_level": "8",
                    "boundary": "administrative",
                    "name": "Taşdelen Mahallesi",
                    "type": "boundary",
                    "wikidata": "Q6564094"
                }
            },
            "geometry": {
                "type": "MultiPolygon",
                "coordinates": [
                    [
                        [
                            [
                                29.2082263,
                                41.0566575
                            ],
                            [
                                29.2082798,
                                41.056298
                            ],
                            [
                                29.2084622,
                                41.0561686
                            ],
                            [
                                29.2086553,
                                41.0559825
                            ],
                            [
                                29.2087626,
                                41.0558207
                            ],
                            [
                                29.2088377,
                                41.0556508
                            ],
                            [
                                29.2089021,
                                41.0553191
                            ],
                            [
                                29.2090201,
                                41.0550521
                            ],
                            [
                                29.2091703,
                                41.0548013
                            ],
                            [
                                29.2093527,
                                41.0546719
                            ],
                            [
                                29.2095888,
                                41.0545829
                            ],
                            [
                                29.210093,
                                41.0543887
                            ],
                            [
                                29.210372,
                                41.0542754
                            ],
                            [
                                29.2108869,
                                41.0538628
                            ],
                            [
                                29.2112195,
                                41.0537091
                            ],
                            [
                                29.2112088,
                                41.0535149
                            ],
                            [
                                29.2110371,
                                41.0533531
                            ],
                            [
                                29.2108226,
                                41.0531994
                            ],
                            [
                                29.2106938,
                                41.0528515
                            ],
                            [
                                29.210726,
                                41.0524631
                            ],
                            [
                                29.2106938,
                                41.0520586
                            ],
                            [
                                29.2105973,
                                41.0516055
                            ],
                            [
                                29.2105651,
                                41.0512657
                            ],
                            [
                                29.2104041,
                                41.051023
                            ],
                            [
                                29.2101896,
                                41.0508288
                            ],
                            [
                                29.2099643,
                                41.0506427
                            ],
                            [
                                29.2099213,
                                41.0504971
                            ],
                            [
                                29.2099321,
                                41.0502624
                            ],
                            [
                                29.2101681,
                                41.0489679
                            ],
                            [
                                29.2101713,
                                41.0488555
                            ],
                            [
                                29.2101788,
                                41.0485957
                            ],
                            [
                                29.2101359,
                                41.0479969
                            ],
                            [
                                29.2101145,
                                41.0466214
                            ],
                            [
                                29.2101252,
                                41.0461197
                            ],
                            [
                                29.2102647,
                                41.0455776
                            ],
                            [
                                29.2106724,
                                41.0449141
                            ],
                            [
                                29.2110264,
                                41.0442991
                            ],
                            [
                                29.2113054,
                                41.0439026
                            ],
                            [
                                29.211756,
                                41.0432957
                            ],
                            [
                                29.2117453,
                                41.0429963
                            ],
                            [
                                29.2116809,
                                41.0428264
                            ],
                            [
                                29.2111874,
                                41.0423894
                            ],
                            [
                                29.2104685,
                                41.0400751
                            ],
                            [
                                29.2123032,
                                41.0389098
                            ],
                            [
                                29.2128825,
                                41.0388289
                            ],
                            [
                                29.2130005,
                                41.0384647
                            ],
                            [
                                29.2134941,
                                41.0376959
                            ],
                            [
                                29.2140198,
                                41.0371618
                            ],
                            [
                                29.2148137,
                                41.0365549
                            ],
                            [
                                29.2162835,
                                41.035689
                            ],
                            [
                                29.2166591,
                                41.0355028
                            ],
                            [
                                29.2177963,
                                41.0354462
                            ],
                            [
                                29.2178942,
                                41.0358575
                            ],
                            [
                                29.2182976,
                                41.0358733
                            ],
                            [
                                29.2184293,
                                41.0356
                            ],
                            [
                                29.2185366,
                                41.0355271
                            ],
                            [
                                29.2187619,
                                41.0354219
                            ],
                            [
                                29.218955,
                                41.03543
                            ],
                            [
                                29.2193198,
                                41.0355109
                            ],
                            [
                                29.2198992,
                                41.0356161
                            ],
                            [
                                29.2208218,
                                41.0357699
                            ],
                            [
                                29.2209399,
                                41.0361745
                            ],
                            [
                                29.2211115,
                                41.0363121
                            ],
                            [
                                29.2215085,
                                41.0360936
                            ],
                            [
                                29.2223668,
                                41.0359803
                            ],
                            [
                                29.2228281,
                                41.0364659
                            ],
                            [
                                29.22315,
                                41.0367491
                            ],
                            [
                                29.2233217,
                                41.03683
                            ],
                            [
                                29.2235899,
                                41.0367977
                            ],
                            [
                                29.2239654,
                                41.0365954
                            ],
                            [
                                29.2257225,
                                41.0356532
                            ],
                            [
                                29.2265457,
                                41.0350861
                            ],
                            [
                                29.2270929,
                                41.0345155
                            ],
                            [
                                29.2275006,
                                41.0341351
                            ],
                            [
                                29.2277688,
                                41.0338397
                            ],
                            [
                                29.2279082,
                                41.033597
                            ],
                            [
                                29.2278063,
                                41.0330021
                            ],
                            [
                                29.2276686,
                                41.0324652
                            ],
                            [
                                29.227581,
                                41.032124
                            ],
                            [
                                29.2273611,
                                41.0313835
                            ],
                            [
                                29.228088,
                                41.0313632
                            ],
                            [
                                29.2283294,
                                41.0311386
                            ],
                            [
                                29.2285305,
                                41.030906
                            ],
                            [
                                29.2288254,
                                41.0303544
                            ],
                            [
                                29.2290521,
                                41.0299929
                            ],
                            [
                                29.2292898,
                                41.0294822
                            ],
                            [
                                29.2294666,
                                41.0288765
                            ],
                            [
                                29.2295498,
                                41.0286641
                            ],
                            [
                                29.2296597,
                                41.0284172
                            ],
                            [
                                29.2298555,
                                41.0279336
                            ],
                            [
                                29.2299762,
                                41.027705
                            ],
                            [
                                29.2300647,
                                41.0274662
                            ],
                            [
                                29.2303008,
                                41.0270716
                            ],
                            [
                                29.230282,
                                41.0267985
                            ],
                            [
                                29.2316177,
                                41.0268652
                            ],
                            [
                                29.2329401,
                                41.0269158
                            ],
                            [
                                29.2338861,
                                41.0269408
                            ],
                            [
                                29.235881,
                                41.0270342
                            ],
                            [
                                29.2366039,
                                41.0271182
                            ],
                            [
                                29.2365002,
                                41.0272283
                            ],
                            [
                                29.236401,
                                41.0273288
                            ],
                            [
                                29.2364385,
                                41.0273788
                            ],
                            [
                                29.2364098,
                                41.0275248
                            ],
                            [
                                29.2363882,
                                41.027672
                            ],
                            [
                                29.2363681,
                                41.0277919
                            ],
                            [
                                29.2363261,
                                41.0279413
                            ],
                            [
                                29.2362708,
                                41.0280213
                            ],
                            [
                                29.2362573,
                                41.0280598
                            ],
                            [
                                29.2362076,
                                41.0281751
                            ],
                            [
                                29.2361866,
                                41.0282228
                            ],
                            [
                                29.2361283,
                                41.028296
                            ],
                            [
                                29.2361192,
                                41.0283498
                            ],
                            [
                                29.2360687,
                                41.0284862
                            ],
                            [
                                29.2360355,
                                41.0285247
                            ],
                            [
                                29.2359667,
                                41.0285872
                            ],
                            [
                                29.2359888,
                                41.0286698
                            ],
                            [
                                29.2359923,
                                41.0287707
                            ],
                            [
                                29.2359594,
                                41.0288078
                            ],
                            [
                                29.235968,
                                41.0289243
                            ],
                            [
                                29.2359396,
                                41.028977
                            ],
                            [
                                29.2358844,
                                41.0290351
                            ],
                            [
                                29.2358219,
                                41.0290964
                            ],
                            [
                                29.2357738,
                                41.0291335
                            ],
                            [
                                29.235717,
                                41.0291491
                            ],
                            [
                                29.2357145,
                                41.0291925
                            ],
                            [
                                29.2357079,
                                41.0292496
                            ],
                            [
                                29.2357234,
                                41.0292825
                            ],
                            [
                                29.2357153,
                                41.0293058
                            ],
                            [
                                29.2353972,
                                41.0293496
                            ],
                            [
                                29.235337,
                                41.0293368
                            ],
                            [
                                29.2353088,
                                41.0293479
                            ],
                            [
                                29.2352824,
                                41.0294019
                            ],
                            [
                                29.2351902,
                                41.0294089
                            ],
                            [
                                29.2351115,
                                41.0294724
                            ],
                            [
                                29.2350702,
                                41.0294656
                            ],
                            [
                                29.2349747,
                                41.0296652
                            ],
                            [
                                29.2349962,
                                41.0297378
                            ],
                            [
                                29.234961,
                                41.0297897
                            ],
                            [
                                29.2349699,
                                41.0298465
                            ],
                            [
                                29.2350042,
                                41.0298629
                            ],
                            [
                                29.2350736,
                                41.0298792
                            ],
                            [
                                29.2351079,
                                41.0298925
                            ],
                            [
                                29.2351147,
                                41.0299136
                            ],
                            [
                                29.2351006,
                                41.0299431
                            ],
                            [
                                29.2350863,
                                41.0299841
                            ],
                            [
                                29.2350486,
                                41.0299985
                            ],
                            [
                                29.2348717,
                                41.0300488
                            ],
                            [
                                29.234826,
                                41.0301719
                            ],
                            [
                                29.2347912,
                                41.0302168
                            ],
                            [
                                29.2347871,
                                41.0302821
                            ],
                            [
                                29.2346746,
                                41.030432
                            ],
                            [
                                29.2346172,
                                41.0304307
                            ],
                            [
                                29.2345147,
                                41.0306171
                            ],
                            [
                                29.2345422,
                                41.0306651
                            ],
                            [
                                29.2344542,
                                41.0308091
                            ],
                            [
                                29.2344609,
                                41.0308751
                            ],
                            [
                                29.2343826,
                                41.0308878
                            ],
                            [
                                29.234327,
                                41.0310671
                            ],
                            [
                                29.234262,
                                41.0312569
                            ],
                            [
                                29.234214,
                                41.0313525
                            ],
                            [
                                29.2341509,
                                41.031443
                            ],
                            [
                                29.234124,
                                41.0314916
                            ],
                            [
                                29.2341095,
                                41.0315343
                            ],
                            [
                                29.2340722,
                                41.0315624
                            ],
                            [
                                29.2340619,
                                41.0315994
                            ],
                            [
                                29.2340605,
                                41.0316493
                            ],
                            [
                                29.2339381,
                                41.0319018
                            ],
                            [
                                29.2339276,
                                41.0319736
                            ],
                            [
                                29.2339138,
                                41.0320577
                            ],
                            [
                                29.2338514,
                                41.0321885
                            ],
                            [
                                29.2339331,
                                41.0324025
                            ],
                            [
                                29.2339315,
                                41.0326287
                            ],
                            [
                                29.2339052,
                                41.0327442
                            ],
                            [
                                29.2340436,
                                41.0329428
                            ],
                            [
                                29.2340331,
                                41.0330794
                            ],
                            [
                                29.2340707,
                                41.0331347
                            ],
                            [
                                29.2340382,
                                41.0331412
                            ],
                            [
                                29.2340572,
                                41.0332686
                            ],
                            [
                                29.2340158,
                                41.0333979
                            ],
                            [
                                29.2340465,
                                41.033522
                            ],
                            [
                                29.2340356,
                                41.0336927
                            ],
                            [
                                29.2340541,
                                41.0337542
                            ],
                            [
                                29.2340769,
                                41.0338192
                            ],
                            [
                                29.2340775,
                                41.0338841
                            ],
                            [
                                29.2340537,
                                41.0339218
                            ],
                            [
                                29.234024,
                                41.0339528
                            ],
                            [
                                29.2340087,
                                41.0339926
                            ],
                            [
                                29.2339896,
                                41.0341358
                            ],
                            [
                                29.2339743,
                                41.0341937
                            ],
                            [
                                29.2339411,
                                41.0343754
                            ],
                            [
                                29.2339099,
                                41.0343781
                            ],
                            [
                                29.2334495,
                                41.0346883
                            ],
                            [
                                29.2331037,
                                41.035021
                            ],
                            [
                                29.2330841,
                                41.0353031
                            ],
                            [
                                29.2331081,
                                41.0353804
                            ],
                            [
                                29.2328962,
                                41.0356069
                            ],
                            [
                                29.232622,
                                41.0358618
                            ],
                            [
                                29.2325395,
                                41.0361114
                            ],
                            [
                                29.2324505,
                                41.0365461
                            ],
                            [
                                29.2320956,
                                41.0372206
                            ],
                            [
                                29.2319938,
                                41.0375995
                            ],
                            [
                                29.2320001,
                                41.0380719
                            ],
                            [
                                29.2319658,
                                41.0381255
                            ],
                            [
                                29.2316031,
                                41.0384368
                            ],
                            [
                                29.2311368,
                                41.0387202
                            ],
                            [
                                29.2305141,
                                41.0390053
                            ],
                            [
                                29.2304134,
                                41.0391364
                            ],
                            [
                                29.230274,
                                41.039274
                            ],
                            [
                                29.2300272,
                                41.039452
                            ],
                            [
                                29.2298984,
                                41.0395896
                            ],
                            [
                                29.2298555,
                                41.0397514
                            ],
                            [
                                29.2298663,
                                41.0399456
                            ],
                            [
                                29.2298663,
                                41.0401641
                            ],
                            [
                                29.2299735,
                                41.0406173
                            ],
                            [
                                29.2299628,
                                41.0408196
                            ],
                            [
                                29.2298663,
                                41.0411352
                            ],
                            [
                                29.2292011,
                                41.0416369
                            ],
                            [
                                29.2281604,
                                41.04226
                            ],
                            [
                                29.2279994,
                                41.0423975
                            ],
                            [
                                29.2275703,
                                41.0430044
                            ],
                            [
                                29.2270982,
                                41.0434333
                            ],
                            [
                                29.2264382,
                                41.0445232
                            ],
                            [
                                29.2264168,
                                41.0446122
                            ],
                            [
                                29.2260949,
                                41.044677
                            ],
                            [
                                29.2260949,
                                41.0448712
                            ],
                            [
                                29.2258803,
                                41.0449035
                            ],
                            [
                                29.2257516,
                                41.0450654
                            ],
                            [
                                29.2257301,
                                41.0452758
                            ],
                            [
                                29.2255799,
                                41.045389
                            ],
                            [
                                29.2252366,
                                41.0455023
                            ],
                            [
                                29.2250864,
                                41.0456803
                            ],
                            [
                                29.2249791,
                                41.0458584
                            ],
                            [
                                29.2249147,
                                41.0460849
                            ],
                            [
                                29.2208807,
                                41.0491596
                            ],
                            [
                                29.220473,
                                41.0492891
                            ],
                            [
                                29.2203443,
                                41.0498231
                            ],
                            [
                                29.2198293,
                                41.0502438
                            ],
                            [
                                29.2180054,
                                41.0518782
                            ],
                            [
                                29.2170183,
                                41.0545966
                            ],
                            [
                                29.2170827,
                                41.054807
                            ],
                            [
                                29.2168896,
                                41.0548231
                            ],
                            [
                                29.2167394,
                                41.0548717
                            ],
                            [
                                29.2166106,
                                41.0549688
                            ],
                            [
                                29.2165462,
                                41.0551629
                            ],
                            [
                                29.2165248,
                                41.0559558
                            ],
                            [
                                29.2165248,
                                41.0561985
                            ],
                            [
                                29.2164819,
                                41.0563765
                            ],
                            [
                                29.2163102,
                                41.0565868
                            ],
                            [
                                29.2159042,
                                41.0569877
                            ],
                            [
                                29.2154321,
                                41.0574731
                            ],
                            [
                                29.2152175,
                                41.0576672
                            ],
                            [
                                29.2150673,
                                41.0578776
                            ],
                            [
                                29.2148313,
                                41.0580555
                            ],
                            [
                                29.2146167,
                                41.0582659
                            ],
                            [
                                29.2143807,
                                41.058363
                            ],
                            [
                                29.214209,
                                41.0584439
                            ],
                            [
                                29.2110762,
                                41.0589454
                            ],
                            [
                                29.2108402,
                                41.0589616
                            ],
                            [
                                29.2105827,
                                41.059172
                            ],
                            [
                                29.2104217,
                                41.0590486
                            ],
                            [
                                29.2102265,
                                41.0588524
                            ],
                            [
                                29.2098688,
                                41.0586807
                            ],
                            [
                                29.2095598,
                                41.0585581
                            ],
                            [
                                29.2093972,
                                41.0584477
                            ],
                            [
                                29.2091532,
                                41.0582393
                            ],
                            [
                                29.2089906,
                                41.0580431
                            ],
                            [
                                29.2086979,
                                41.0576998
                            ],
                            [
                                29.2086003,
                                41.0574913
                            ],
                            [
                                29.2085028,
                                41.0572951
                            ],
                            [
                                29.2083889,
                                41.0571234
                            ],
                            [
                                29.2082263,
                                41.0566575
                            ]
                        ]
                    ]
                ]
            }
        },
        {
            "type": "Feature",
            "properties": {
                "type": "relation",
                "id": 9463491,
                "tags": {
                    "admin_level": "8",
                    "boundary": "administrative",
                    "name": "Mehmet Akif Mahallesi",
                    "type": "boundary",
                    "wikidata": "Q6072424"
                }
            },
            "geometry": {
                "type": "MultiPolygon",
                "coordinates": [
                    [
                        [
                            [
                                29.177112,
                                41.0243154
                            ],
                            [
                                29.1794235,
                                41.021732
                            ],
                            [
                                29.1797745,
                                41.0213176
                            ],
                            [
                                29.1802628,
                                41.0205769
                            ],
                            [
                                29.1808608,
                                41.0194793
                            ],
                            [
                                29.182399,
                                41.0165981
                            ],
                            [
                                29.1825685,
                                41.0163054
                            ],
                            [
                                29.1828821,
                                41.0158734
                            ],
                            [
                                29.183088,
                                41.015565
                            ],
                            [
                                29.1831215,
                                41.0155316
                            ],
                            [
                                29.183448,
                                41.0151473
                            ],
                            [
                                29.1837478,
                                41.014976
                            ],
                            [
                                29.1840831,
                                41.0148105
                            ],
                            [
                                29.1845552,
                                41.014681
                            ],
                            [
                                29.1851388,
                                41.0146292
                            ],
                            [
                                29.1867179,
                                41.0144815
                            ],
                            [
                                29.1877623,
                                41.0143733
                            ],
                            [
                                29.1900749,
                                41.0140995
                            ],
                            [
                                29.1900787,
                                41.0147206
                            ],
                            [
                                29.1901052,
                                41.0151241
                            ],
                            [
                                29.1903225,
                                41.0154883
                            ],
                            [
                                29.1905558,
                                41.0157777
                            ],
                            [
                                29.1906846,
                                41.0159862
                            ],
                            [
                                29.1910359,
                                41.0166399
                            ],
                            [
                                29.1913363,
                                41.0170507
                            ],
                            [
                                29.1919211,
                                41.0178015
                            ],
                            [
                                29.1920632,
                                41.0182629
                            ],
                            [
                                29.1922107,
                                41.0191979
                            ],
                            [
                                29.1922671,
                                41.0196006
                            ],
                            [
                                29.1924602,
                                41.0199628
                            ],
                            [
                                29.1926318,
                                41.0203919
                            ],
                            [
                                29.1929966,
                                41.0212175
                            ],
                            [
                                29.1931388,
                                41.0216141
                            ],
                            [
                                29.1923636,
                                41.0216344
                            ],
                            [
                                29.1918325,
                                41.0216465
                            ],
                            [
                                29.1915858,
                                41.0216748
                            ],
                            [
                                29.1897297,
                                41.0212863
                            ],
                            [
                                29.1886729,
                                41.0212782
                            ],
                            [
                                29.1880131,
                                41.0214603
                            ],
                            [
                                29.1870367,
                                41.021861
                            ],
                            [
                                29.1866666,
                                41.0220715
                            ],
                            [
                                29.1855186,
                                41.0225005
                            ],
                            [
                                29.1847676,
                                41.0230468
                            ],
                            [
                                29.1844779,
                                41.0233706
                            ],
                            [
                                29.1842472,
                                41.0235446
                            ],
                            [
                                29.1838449,
                                41.0240343
                            ],
                            [
                                29.1829437,
                                41.024524
                            ],
                            [
                                29.1826004,
                                41.0246212
                            ],
                            [
                                29.1821819,
                                41.0246981
                            ],
                            [
                                29.1818547,
                                41.02469
                            ],
                            [
                                29.1814792,
                                41.0246981
                            ],
                            [
                                29.181211,
                                41.0247831
                            ],
                            [
                                29.1811305,
                                41.0249692
                            ],
                            [
                                29.1812704,
                                41.0252398
                            ],
                            [
                                29.1809992,
                                41.025364
                            ],
                            [
                                29.1808779,
                                41.0254104
                            ],
                            [
                                29.1806671,
                                41.025392
                            ],
                            [
                                29.1805382,
                                41.0253551
                            ],
                            [
                                29.1804396,
                                41.0252998
                            ],
                            [
                                29.1802198,
                                41.0252562
                            ],
                            [
                                29.180121,
                                41.0252179
                            ],
                            [
                                29.1800699,
                                41.025156
                            ],
                            [
                                29.1799768,
                                41.0250554
                            ],
                            [
                                29.1797624,
                                41.024899
                            ],
                            [
                                29.1796334,
                                41.0248158
                            ],
                            [
                                29.1793662,
                                41.0246326
                            ],
                            [
                                29.1791924,
                                41.0244813
                            ],
                            [
                                29.1790023,
                                41.0243699
                            ],
                            [
                                29.1787495,
                                41.0242767
                            ],
                            [
                                29.1786246,
                                41.0242987
                            ],
                            [
                                29.1784331,
                                41.0242486
                            ],
                            [
                                29.1783571,
                                41.0242016
                            ],
                            [
                                29.1783425,
                                41.0241536
                            ],
                            [
                                29.1780032,
                                41.0240046
                            ],
                            [
                                29.1779743,
                                41.0239648
                            ],
                            [
                                29.1779049,
                                41.0240064
                            ],
                            [
                                29.1777969,
                                41.0242115
                            ],
                            [
                                29.1774065,
                                41.0243173
                            ],
                            [
                                29.177112,
                                41.0243154
                            ]
                        ]
                    ]
                ]
            }
        },
        {
            "type": "Feature",
            "properties": {
                "type": "relation",
                "id": 9463508,
                "tags": {
                    "admin_level": "8",
                    "boundary": "administrative",
                    "name": "Çamlık Mahallesi",
                    "type": "boundary",
                    "wikidata": "Q6070658",
                    "wikipedia": "tr:Çamlık, Çekmeköy"
                }
            },
            "geometry": {
                "type": "MultiPolygon",
                "coordinates": [
                    [
                        [
                            [
                                29.1900749,
                                41.0140995
                            ],
                            [
                                29.1907382,
                                41.0140145
                            ],
                            [
                                29.193605,
                                41.0137438
                            ],
                            [
                                29.1942889,
                                41.0136897
                            ],
                            [
                                29.1953589,
                                41.013693
                            ],
                            [
                                29.1962948,
                                41.0137821
                            ],
                            [
                                29.1986661,
                                41.0140725
                            ],
                            [
                                29.1997453,
                                41.014242
                            ],
                            [
                                29.2025506,
                                41.0149196
                            ],
                            [
                                29.2038043,
                                41.0153824
                            ],
                            [
                                29.204714,
                                41.0157617
                            ],
                            [
                                29.2043368,
                                41.0160733
                            ],
                            [
                                29.2037847,
                                41.0163788
                            ],
                            [
                                29.2031777,
                                41.016623
                            ],
                            [
                                29.2014348,
                                41.0171954
                            ],
                            [
                                29.2007539,
                                41.0174269
                            ],
                            [
                                29.1997719,
                                41.017761
                            ],
                            [
                                29.1991276,
                                41.0180099
                            ],
                            [
                                29.1986468,
                                41.0182588
                            ],
                            [
                                29.198066,
                                41.0186272
                            ],
                            [
                                29.1975081,
                                41.0190967
                            ],
                            [
                                29.1970789,
                                41.0195257
                            ],
                            [
                                29.1965103,
                                41.0204566
                            ],
                            [
                                29.1963843,
                                41.0208158
                            ],
                            [
                                29.1962904,
                                41.021171
                            ],
                            [
                                29.1962314,
                                41.021602
                            ],
                            [
                                29.1962206,
                                41.0221079
                            ],
                            [
                                29.196285,
                                41.0234758
                            ],
                            [
                                29.1962897,
                                41.0238239
                            ],
                            [
                                29.195416,
                                41.0242853
                            ],
                            [
                                29.1948581,
                                41.0245564
                            ],
                            [
                                29.1946821,
                                41.0238866
                            ],
                            [
                                29.1945995,
                                41.0236832
                            ],
                            [
                                29.1944075,
                                41.0234556
                            ],
                            [
                                29.1940427,
                                41.0229052
                            ],
                            [
                                29.1936055,
                                41.022292
                            ],
                            [
                                29.1931388,
                                41.0216141
                            ],
                            [
                                29.1929966,
                                41.0212175
                            ],
                            [
                                29.1926318,
                                41.0203919
                            ],
                            [
                                29.1924602,
                                41.0199628
                            ],
                            [
                                29.1922671,
                                41.0196006
                            ],
                            [
                                29.1922107,
                                41.0191979
                            ],
                            [
                                29.1920632,
                                41.0182629
                            ],
                            [
                                29.1919211,
                                41.0178015
                            ],
                            [
                                29.1913363,
                                41.0170507
                            ],
                            [
                                29.1910359,
                                41.0166399
                            ],
                            [
                                29.1906846,
                                41.0159862
                            ],
                            [
                                29.1905558,
                                41.0157777
                            ],
                            [
                                29.1903225,
                                41.0154883
                            ],
                            [
                                29.1901052,
                                41.0151241
                            ],
                            [
                                29.1900787,
                                41.0147206
                            ],
                            [
                                29.1900749,
                                41.0140995
                            ]
                        ]
                    ]
                ]
            }
        },
        {
            "type": "Feature",
            "properties": {
                "type": "relation",
                "id": 9463512,
                "tags": {
                    "admin_level": "8",
                    "boundary": "administrative",
                    "name": "Hamidiye Mahallesi",
                    "type": "boundary",
                    "wikidata": "Q6069615"
                }
            },
            "geometry": {
                "type": "MultiPolygon",
                "coordinates": [
                    [
                        [
                            [
                                29.1812704,
                                41.0252398
                            ],
                            [
                                29.1811305,
                                41.0249692
                            ],
                            [
                                29.181211,
                                41.0247831
                            ],
                            [
                                29.1814792,
                                41.0246981
                            ],
                            [
                                29.1818547,
                                41.02469
                            ],
                            [
                                29.1821819,
                                41.0246981
                            ],
                            [
                                29.1826004,
                                41.0246212
                            ],
                            [
                                29.1829437,
                                41.024524
                            ],
                            [
                                29.1838449,
                                41.0240343
                            ],
                            [
                                29.1842472,
                                41.0235446
                            ],
                            [
                                29.1844779,
                                41.0233706
                            ],
                            [
                                29.1847676,
                                41.0230468
                            ],
                            [
                                29.1855186,
                                41.0225005
                            ],
                            [
                                29.1866666,
                                41.0220715
                            ],
                            [
                                29.1870367,
                                41.021861
                            ],
                            [
                                29.1880131,
                                41.0214603
                            ],
                            [
                                29.1886729,
                                41.0212782
                            ],
                            [
                                29.1897297,
                                41.0212863
                            ],
                            [
                                29.1915858,
                                41.0216748
                            ],
                            [
                                29.1918325,
                                41.0216465
                            ],
                            [
                                29.1923636,
                                41.0216344
                            ],
                            [
                                29.1931388,
                                41.0216141
                            ],
                            [
                                29.1936055,
                                41.022292
                            ],
                            [
                                29.1940427,
                                41.0229052
                            ],
                            [
                                29.1944075,
                                41.0234556
                            ],
                            [
                                29.1945995,
                                41.0236832
                            ],
                            [
                                29.1946821,
                                41.0238866
                            ],
                            [
                                29.1948581,
                                41.0245564
                            ],
                            [
                                29.195416,
                                41.0242853
                            ],
                            [
                                29.1962897,
                                41.0238239
                            ],
                            [
                                29.1962957,
                                41.0242691
                            ],
                            [
                                29.1963172,
                                41.0247304
                            ],
                            [
                                29.1962548,
                                41.0253065
                            ],
                            [
                                29.196126,
                                41.025873
                            ],
                            [
                                29.1958237,
                                41.0267459
                            ],
                            [
                                29.1954267,
                                41.0275229
                            ],
                            [
                                29.1947508,
                                41.0284132
                            ],
                            [
                                29.1941392,
                                41.0291416
                            ],
                            [
                                29.1936886,
                                41.0297324
                            ],
                            [
                                29.1931611,
                                41.0305547
                            ],
                            [
                                29.1930727,
                                41.0307355
                            ],
                            [
                                29.1914356,
                                41.0304608
                            ],
                            [
                                29.1906759,
                                41.0303901
                            ],
                            [
                                29.1903182,
                                41.0305378
                            ],
                            [
                                29.1899013,
                                41.0305863
                            ],
                            [
                                29.1884851,
                                41.030647
                            ],
                            [
                                29.187926,
                                41.0306741
                            ],
                            [
                                29.1871494,
                                41.0307117
                            ],
                            [
                                29.1858995,
                                41.0307036
                            ],
                            [
                                29.1844457,
                                41.0309748
                            ],
                            [
                                29.1841561,
                                41.0310516
                            ],
                            [
                                29.1836894,
                                41.0306551
                            ],
                            [
                                29.1836196,
                                41.0304811
                            ],
                            [
                                29.1835499,
                                41.0301614
                            ],
                            [
                                29.1835231,
                                41.0298214
                            ],
                            [
                                29.1834909,
                                41.0296839
                            ],
                            [
                                29.1832441,
                                41.0294087
                            ],
                            [
                                29.1829612,
                                41.0290149
                            ],
                            [
                                29.1828033,
                                41.0289147
                            ],
                            [
                                29.1826379,
                                41.0287045
                            ],
                            [
                                29.1821819,
                                41.0282027
                            ],
                            [
                                29.1818494,
                                41.0278183
                            ],
                            [
                                29.1816348,
                                41.0275269
                            ],
                            [
                                29.1814238,
                                41.0271761
                            ],
                            [
                                29.1811409,
                                41.0267291
                            ],
                            [
                                29.1810983,
                                41.0266285
                            ],
                            [
                                29.1811254,
                                41.0265386
                            ],
                            [
                                29.1811949,
                                41.0264059
                            ],
                            [
                                29.1813075,
                                41.0260862
                            ],
                            [
                                29.18136,
                                41.0257008
                            ],
                            [
                                29.1812704,
                                41.0252398
                            ]
                        ]
                    ]
                ]
            }
        },
        {
            "type": "Feature",
            "properties": {
                "type": "relation",
                "id": 9464444,
                "tags": {
                    "admin_level": "8",
                    "boundary": "administrative",
                    "name": "Mimar Sinan Mahallesi",
                    "type": "boundary",
                    "wikidata": "Q6071405"
                }
            },
            "geometry": {
                "type": "MultiPolygon",
                "coordinates": [
                    [
                        [
                            [
                                29.1717457,
                                41.0293835
                            ],
                            [
                                29.1719029,
                                41.0292014
                            ],
                            [
                                29.1734641,
                                41.0274092
                            ],
                            [
                                29.1747713,
                                41.0262555
                            ],
                            [
                                29.176159,
                                41.0251134
                            ],
                            [
                                29.1769525,
                                41.0244595
                            ],
                            [
                                29.177112,
                                41.0243154
                            ],
                            [
                                29.1774065,
                                41.0243173
                            ],
                            [
                                29.1777969,
                                41.0242115
                            ],
                            [
                                29.1779049,
                                41.0240064
                            ],
                            [
                                29.1779743,
                                41.0239648
                            ],
                            [
                                29.1780032,
                                41.0240046
                            ],
                            [
                                29.1783425,
                                41.0241536
                            ],
                            [
                                29.1783571,
                                41.0242016
                            ],
                            [
                                29.1784331,
                                41.0242486
                            ],
                            [
                                29.1786246,
                                41.0242987
                            ],
                            [
                                29.1787495,
                                41.0242767
                            ],
                            [
                                29.1790023,
                                41.0243699
                            ],
                            [
                                29.1791924,
                                41.0244813
                            ],
                            [
                                29.1793662,
                                41.0246326
                            ],
                            [
                                29.1796334,
                                41.0248158
                            ],
                            [
                                29.1797624,
                                41.024899
                            ],
                            [
                                29.1799768,
                                41.0250554
                            ],
                            [
                                29.1800699,
                                41.025156
                            ],
                            [
                                29.180121,
                                41.0252179
                            ],
                            [
                                29.1802198,
                                41.0252562
                            ],
                            [
                                29.1804396,
                                41.0252998
                            ],
                            [
                                29.1805382,
                                41.0253551
                            ],
                            [
                                29.1806671,
                                41.025392
                            ],
                            [
                                29.1808779,
                                41.0254104
                            ],
                            [
                                29.1809992,
                                41.025364
                            ],
                            [
                                29.1812704,
                                41.0252398
                            ],
                            [
                                29.18136,
                                41.0257008
                            ],
                            [
                                29.1813075,
                                41.0260862
                            ],
                            [
                                29.1811949,
                                41.0264059
                            ],
                            [
                                29.1811254,
                                41.0265386
                            ],
                            [
                                29.1810983,
                                41.0266285
                            ],
                            [
                                29.1811409,
                                41.0267291
                            ],
                            [
                                29.1814238,
                                41.0271761
                            ],
                            [
                                29.1816348,
                                41.0275269
                            ],
                            [
                                29.1818494,
                                41.0278183
                            ],
                            [
                                29.1821819,
                                41.0282027
                            ],
                            [
                                29.1826379,
                                41.0287045
                            ],
                            [
                                29.1828033,
                                41.0289147
                            ],
                            [
                                29.1829612,
                                41.0290149
                            ],
                            [
                                29.1832441,
                                41.0294087
                            ],
                            [
                                29.1834909,
                                41.0296839
                            ],
                            [
                                29.1835231,
                                41.0298214
                            ],
                            [
                                29.1835499,
                                41.0301614
                            ],
                            [
                                29.1836196,
                                41.0304811
                            ],
                            [
                                29.1836894,
                                41.0306551
                            ],
                            [
                                29.1841561,
                                41.0310516
                            ],
                            [
                                29.1844457,
                                41.0309748
                            ],
                            [
                                29.1858995,
                                41.0307036
                            ],
                            [
                                29.1871494,
                                41.0307117
                            ],
                            [
                                29.187926,
                                41.0306741
                            ],
                            [
                                29.1884851,
                                41.030647
                            ],
                            [
                                29.1899013,
                                41.0305863
                            ],
                            [
                                29.1903182,
                                41.0305378
                            ],
                            [
                                29.1906759,
                                41.0303901
                            ],
                            [
                                29.1914356,
                                41.0304608
                            ],
                            [
                                29.1930727,
                                41.0307355
                            ],
                            [
                                29.192704,
                                41.0316414
                            ],
                            [
                                29.1925804,
                                41.0320795
                            ],
                            [
                                29.192484,
                                41.0325792
                            ],
                            [
                                29.1924424,
                                41.0330788
                            ],
                            [
                                29.192479,
                                41.0338744
                            ],
                            [
                                29.1927123,
                                41.0349525
                            ],
                            [
                                29.1932916,
                                41.0362797
                            ],
                            [
                                29.1934633,
                                41.0365549
                            ],
                            [
                                29.1913175,
                                41.0365549
                            ],
                            [
                                29.1907811,
                                41.036393
                            ],
                            [
                                29.1903949,
                                41.0363121
                            ],
                            [
                                29.1901374,
                                41.0362474
                            ],
                            [
                                29.1897511,
                                41.0366601
                            ],
                            [
                                29.1882169,
                                41.0368058
                            ],
                            [
                                29.1879165,
                                41.0366601
                            ],
                            [
                                29.1877448,
                                41.0365225
                            ],
                            [
                                29.1876054,
                                41.0363607
                            ],
                            [
                                29.1874337,
                                41.0361503
                            ],
                            [
                                29.1867041,
                                41.0351629
                            ],
                            [
                                29.1861248,
                                41.0350415
                            ],
                            [
                                29.1856313,
                                41.0349202
                            ],
                            [
                                29.1853094,
                                41.034823
                            ],
                            [
                                29.1849553,
                                41.0347826
                            ],
                            [
                                29.1846335,
                                41.0347421
                            ],
                            [
                                29.1843223,
                                41.0346774
                            ],
                            [
                                29.1842043,
                                41.0345964
                            ],
                            [
                                29.1841078,
                                41.0344831
                            ],
                            [
                                29.1840219,
                                41.0343698
                            ],
                            [
                                29.1838717,
                                41.0342646
                            ],
                            [
                                29.1837537,
                                41.0341837
                            ],
                            [
                                29.1835713,
                                41.0341351
                            ],
                            [
                                29.1834211,
                                41.034119
                            ],
                            [
                                29.1831851,
                                41.0341028
                            ],
                            [
                                29.1830778,
                                41.0341109
                            ],
                            [
                                29.1829061,
                                41.0341432
                            ],
                            [
                                29.1827667,
                                41.0342403
                            ],
                            [
                                29.1826486,
                                41.0343456
                            ],
                            [
                                29.1825306,
                                41.0344831
                            ],
                            [
                                29.1824341,
                                41.0346693
                            ],
                            [
                                29.1822839,
                                41.0347907
                            ],
                            [
                                29.1810822,
                                41.0349849
                            ],
                            [
                                29.1808355,
                                41.0349687
                            ],
                            [
                                29.1803527,
                                41.0348878
                            ],
                            [
                                29.1796768,
                                41.0347826
                            ],
                            [
                                29.1793871,
                                41.0348069
                            ],
                            [
                                29.179194,
                                41.0349525
                            ],
                            [
                                29.178561,
                                41.0353734
                            ],
                            [
                                29.1783464,
                                41.0354867
                            ],
                            [
                                29.1781747,
                                41.0355271
                            ],
                            [
                                29.177928,
                                41.0355757
                            ],
                            [
                                29.1777134,
                                41.0355757
                            ],
                            [
                                29.1774452,
                                41.035519
                            ],
                            [
                                29.1771984,
                                41.0353976
                            ],
                            [
                                29.1770482,
                                41.0353005
                            ],
                            [
                                29.1765439,
                                41.0347502
                            ],
                            [
                                29.1751385,
                                41.0338924
                            ],
                            [
                                29.1743553,
                                41.0334796
                            ],
                            [
                                29.1739261,
                                41.0332206
                            ],
                            [
                                29.1734326,
                                41.0324032
                            ],
                            [
                                29.1717457,
                                41.0293835
                            ]
                        ]
                    ]
                ]
            }
        },
        {
            "type": "Feature",
            "properties": {
                "type": "relation",
                "id": 9481740,
                "tags": {
                    "admin_level": "8",
                    "boundary": "administrative",
                    "name": "Merkez Mahallesi",
                    "type": "boundary",
                    "wikidata": "Q6076307"
                }
            },
            "geometry": {
                "type": "MultiPolygon",
                "coordinates": [
                    [
                        [
                            [
                                29.1390596,
                                41.042288
                            ],
                            [
                                29.1390274,
                                41.0421598
                            ],
                            [
                                29.1389604,
                                41.0420303
                            ],
                            [
                                29.1387456,
                                41.0417426
                            ],
                            [
                                29.1387148,
                                41.0416689
                            ],
                            [
                                29.1385224,
                                41.0414019
                            ],
                            [
                                29.1382426,
                                41.0407401
                            ],
                            [
                                29.1382482,
                                41.0405366
                            ],
                            [
                                29.138324,
                                41.0403177
                            ],
                            [
                                29.1383306,
                                41.0402277
                            ],
                            [
                                29.1383676,
                                41.0401607
                            ],
                            [
                                29.1384324,
                                41.0399472
                            ],
                            [
                                29.1389194,
                                41.0396612
                            ],
                            [
                                29.1389925,
                                41.0396029
                            ],
                            [
                                29.1390255,
                                41.0393719
                            ],
                            [
                                29.13915,
                                41.0392167
                            ],
                            [
                                29.1392264,
                                41.0390657
                            ],
                            [
                                29.1394731,
                                41.0389451
                            ],
                            [
                                29.1397369,
                                41.0389314
                            ],
                            [
                                29.1398359,
                                41.0388325
                            ],
                            [
                                29.139925,
                                41.0387213
                            ],
                            [
                                29.1399345,
                                41.0384829
                            ],
                            [
                                29.13998,
                                41.0379597
                            ],
                            [
                                29.1399405,
                                41.0379166
                            ],
                            [
                                29.1399724,
                                41.0378448
                            ],
                            [
                                29.1400271,
                                41.0377681
                            ],
                            [
                                29.1400321,
                                41.0376575
                            ],
                            [
                                29.1400135,
                                41.0375747
                            ],
                            [
                                29.1399946,
                                41.0374936
                            ],
                            [
                                29.1397668,
                                41.0370602
                            ],
                            [
                                29.1397417,
                                41.0368944
                            ],
                            [
                                29.1396029,
                                41.0368221
                            ],
                            [
                                29.1395204,
                                41.0366746
                            ],
                            [
                                29.1394615,
                                41.0366319
                            ],
                            [
                                29.139439,
                                41.0365721
                            ],
                            [
                                29.1394697,
                                41.0364419
                            ],
                            [
                                29.1395319,
                                41.0362225
                            ],
                            [
                                29.1395545,
                                41.0361409
                            ],
                            [
                                29.1395818,
                                41.03597
                            ],
                            [
                                29.1395735,
                                41.0358479
                            ],
                            [
                                29.1396249,
                                41.0354824
                            ],
                            [
                                29.1397274,
                                41.0351728
                            ],
                            [
                                29.1397347,
                                41.0350913
                            ],
                            [
                                29.1398732,
                                41.0349368
                            ],
                            [
                                29.1403153,
                                41.0349063
                            ],
                            [
                                29.1404184,
                                41.0349456
                            ],
                            [
                                29.1405175,
                                41.0348798
                            ],
                            [
                                29.1407652,
                                41.0348392
                            ],
                            [
                                29.1408216,
                                41.0348149
                            ],
                            [
                                29.1410282,
                                41.0349244
                            ],
                            [
                                29.141366,
                                41.0350104
                            ],
                            [
                                29.1422066,
                                41.0349461
                            ],
                            [
                                29.1440106,
                                41.0356024
                            ],
                            [
                                29.1452084,
                                41.0363138
                            ],
                            [
                                29.145724,
                                41.0365438
                            ],
                            [
                                29.1464093,
                                41.0367501
                            ],
                            [
                                29.1471103,
                                41.0368616
                            ],
                            [
                                29.147802,
                                41.0368948
                            ],
                            [
                                29.1484873,
                                41.0368284
                            ],
                            [
                                29.1494587,
                                41.0366316
                            ],
                            [
                                29.1503012,
                                41.0365438
                            ],
                            [
                                29.1509488,
                                41.0365415
                            ],
                            [
                                29.1530592,
                                41.0367195
                            ],
                            [
                                29.1541195,
                                41.0367286
                            ],
                            [
                                29.1548337,
                                41.0365845
                            ],
                            [
                                29.1555178,
                                41.036375
                            ],
                            [
                                29.156059,
                                41.036111
                            ],
                            [
                                29.1567652,
                                41.035809
                            ],
                            [
                                29.1572981,
                                41.03566
                            ],
                            [
                                29.157737,
                                41.0355373
                            ],
                            [
                                29.1590773,
                                41.0353287
                            ],
                            [
                                29.1602719,
                                41.0351789
                            ],
                            [
                                29.1612352,
                                41.0349835
                            ],
                            [
                                29.162128,
                                41.034642
                            ],
                            [
                                29.1641369,
                                41.0331079
                            ],
                            [
                                29.164372,
                                41.0329284
                            ],
                            [
                                29.1653906,
                                41.0321999
                            ],
                            [
                                29.1663991,
                                41.031756
                            ],
                            [
                                29.1684496,
                                41.0312172
                            ],
                            [
                                29.1692463,
                                41.0310153
                            ],
                            [
                                29.170037,
                                41.0307649
                            ],
                            [
                                29.1705249,
                                41.0305018
                            ],
                            [
                                29.1709218,
                                41.0302291
                            ],
                            [
                                29.1712951,
                                41.0298793
                            ],
                            [
                                29.1717457,
                                41.0293835
                            ],
                            [
                                29.1734326,
                                41.0324032
                            ],
                            [
                                29.1739261,
                                41.0332206
                            ],
                            [
                                29.1743553,
                                41.0334796
                            ],
                            [
                                29.1751385,
                                41.0338924
                            ],
                            [
                                29.1765439,
                                41.0347502
                            ],
                            [
                                29.1770482,
                                41.0353005
                            ],
                            [
                                29.1771984,
                                41.0353976
                            ],
                            [
                                29.1774452,
                                41.035519
                            ],
                            [
                                29.1777134,
                                41.0355757
                            ],
                            [
                                29.177928,
                                41.0355757
                            ],
                            [
                                29.1781747,
                                41.0355271
                            ],
                            [
                                29.1783464,
                                41.0354867
                            ],
                            [
                                29.178561,
                                41.0353734
                            ],
                            [
                                29.179194,
                                41.0349525
                            ],
                            [
                                29.1793871,
                                41.0348069
                            ],
                            [
                                29.1796768,
                                41.0347826
                            ],
                            [
                                29.1803527,
                                41.0348878
                            ],
                            [
                                29.1808355,
                                41.0349687
                            ],
                            [
                                29.1810822,
                                41.0349849
                            ],
                            [
                                29.1822839,
                                41.0347907
                            ],
                            [
                                29.1824341,
                                41.0346693
                            ],
                            [
                                29.1825306,
                                41.0344831
                            ],
                            [
                                29.1826486,
                                41.0343456
                            ],
                            [
                                29.1827667,
                                41.0342403
                            ],
                            [
                                29.1829061,
                                41.0341432
                            ],
                            [
                                29.1830778,
                                41.0341109
                            ],
                            [
                                29.1831851,
                                41.0341028
                            ],
                            [
                                29.1834211,
                                41.034119
                            ],
                            [
                                29.1835713,
                                41.0341351
                            ],
                            [
                                29.1837537,
                                41.0341837
                            ],
                            [
                                29.1838717,
                                41.0342646
                            ],
                            [
                                29.1840219,
                                41.0343698
                            ],
                            [
                                29.1841078,
                                41.0344831
                            ],
                            [
                                29.1842043,
                                41.0345964
                            ],
                            [
                                29.1843223,
                                41.0346774
                            ],
                            [
                                29.1846335,
                                41.0347421
                            ],
                            [
                                29.1849553,
                                41.0347826
                            ],
                            [
                                29.1853094,
                                41.034823
                            ],
                            [
                                29.1856313,
                                41.0349202
                            ],
                            [
                                29.1861248,
                                41.0350415
                            ],
                            [
                                29.1867041,
                                41.0351629
                            ],
                            [
                                29.1874337,
                                41.0361503
                            ],
                            [
                                29.1876054,
                                41.0363607
                            ],
                            [
                                29.1877448,
                                41.0365225
                            ],
                            [
                                29.1879165,
                                41.0366601
                            ],
                            [
                                29.1882169,
                                41.0368058
                            ],
                            [
                                29.1897511,
                                41.0366601
                            ],
                            [
                                29.1901374,
                                41.0362474
                            ],
                            [
                                29.1903949,
                                41.0363121
                            ],
                            [
                                29.1907811,
                                41.036393
                            ],
                            [
                                29.1913175,
                                41.0365549
                            ],
                            [
                                29.1934633,
                                41.0365549
                            ],
                            [
                                29.1932916,
                                41.0362797
                            ],
                            [
                                29.1927123,
                                41.0349525
                            ],
                            [
                                29.192479,
                                41.0338744
                            ],
                            [
                                29.1924424,
                                41.0330788
                            ],
                            [
                                29.192484,
                                41.0325792
                            ],
                            [
                                29.1925804,
                                41.0320795
                            ],
                            [
                                29.1948473,
                                41.0331802
                            ],
                            [
                                29.1963923,
                                41.0336253
                            ],
                            [
                                29.197036,
                                41.0338438
                            ],
                            [
                                29.1973901,
                                41.0340866
                            ],
                            [
                                29.1986775,
                                41.0350173
                            ],
                            [
                                29.1992569,
                                41.0354381
                            ],
                            [
                                29.1998148,
                                41.0357618
                            ],
                            [
                                29.2003941,
                                41.0361826
                            ],
                            [
                                29.2008018,
                                41.0365387
                            ],
                            [
                                29.2010164,
                                41.0367815
                            ],
                            [
                                29.2019391,
                                41.0374289
                            ],
                            [
                                29.2025614,
                                41.0378012
                            ],
                            [
                                29.2029476,
                                41.0382058
                            ],
                            [
                                29.2031193,
                                41.0385942
                            ],
                            [
                                29.2033124,
                                41.0390959
                            ],
                            [
                                29.2036557,
                                41.0402451
                            ],
                            [
                                29.2037844,
                                41.0407791
                            ],
                            [
                                29.2014026,
                                41.041378
                            ],
                            [
                                29.201746,
                                41.0428183
                            ],
                            [
                                29.2013812,
                                41.0437246
                            ],
                            [
                                29.2009735,
                                41.0440968
                            ],
                            [
                                29.2003083,
                                41.0440483
                            ],
                            [
                                29.1992998,
                                41.0439512
                            ],
                            [
                                29.1990208,
                                41.0444205
                            ],
                            [
                                29.198699,
                                41.0448574
                            ],
                            [
                                29.1985702,
                                41.0451973
                            ],
                            [
                                29.1985488,
                                41.04544
                            ],
                            [
                                29.1983557,
                                41.0456504
                            ],
                            [
                                29.1983771,
                                41.0459903
                            ],
                            [
                                29.1986346,
                                41.0467023
                            ],
                            [
                                29.1972399,
                                41.0501654
                            ],
                            [
                                29.197669,
                                41.0506508
                            ],
                            [
                                29.197948,
                                41.0511848
                            ],
                            [
                                29.1980338,
                                41.0515732
                            ],
                            [
                                29.1980552,
                                41.0519453
                            ],
                            [
                                29.1980767,
                                41.0522366
                            ],
                            [
                                29.1980767,
                                41.0529486
                            ],
                            [
                                29.1977119,
                                41.0534826
                            ],
                            [
                                29.1976398,
                                41.0537512
                            ],
                            [
                                29.1974772,
                                41.0537267
                            ],
                            [
                                29.1972658,
                                41.053788
                            ],
                            [
                                29.1964039,
                                41.0540332
                            ],
                            [
                                29.1963226,
                                41.0541191
                            ],
                            [
                                29.1961112,
                                41.0541804
                            ],
                            [
                                29.1956721,
                                41.0544747
                            ],
                            [
                                29.1954445,
                                41.0546341
                            ],
                            [
                                29.1952168,
                                41.054769
                            ],
                            [
                                29.1951518,
                                41.0548916
                            ],
                            [
                                29.1949722,
                                41.0549696
                            ],
                            [
                                29.1940766,
                                41.055255
                            ],
                            [
                                29.193656,
                                41.0554017
                            ],
                            [
                                29.1933421,
                                41.055457
                            ],
                            [
                                29.1928056,
                                41.0554247
                            ],
                            [
                                29.1923979,
                                41.0553923
                            ],
                            [
                                29.1917113,
                                41.0552305
                            ],
                            [
                                29.1893972,
                                41.05508
                            ],
                            [
                                29.1891045,
                                41.0551257
                            ],
                            [
                                29.1886912,
                                41.0552102
                            ],
                            [
                                29.188181,
                                41.0552748
                            ],
                            [
                                29.1876802,
                                41.0553042
                            ],
                            [
                                29.1873331,
                                41.0552378
                            ],
                            [
                                29.1871141,
                                41.0551894
                            ],
                            [
                                29.1865003,
                                41.055139
                            ],
                            [
                                29.1840591,
                                41.0554589
                            ],
                            [
                                29.1836827,
                                41.0555823
                            ],
                            [
                                29.1833887,
                                41.0557146
                            ],
                            [
                                29.1831633,
                                41.0557867
                            ],
                            [
                                29.1829538,
                                41.0557289
                            ],
                            [
                                29.1810609,
                                41.0551615
                            ],
                            [
                                29.1808675,
                                41.0551273
                            ],
                            [
                                29.1786817,
                                41.0543342
                            ],
                            [
                                29.175152,
                                41.0543103
                            ],
                            [
                                29.1748583,
                                41.0543737
                            ],
                            [
                                29.1731844,
                                41.05443
                            ],
                            [
                                29.1728719,
                                41.0543971
                            ],
                            [
                                29.1722974,
                                41.0545321
                            ],
                            [
                                29.1716205,
                                41.0542656
                            ],
                            [
                                29.1713601,
                                41.0542523
                            ],
                            [
                                29.1712585,
                                41.0542693
                            ],
                            [
                                29.1711688,
                                41.0543976
                            ],
                            [
                                29.1710549,
                                41.0544715
                            ],
                            [
                                29.1713933,
                                41.054604
                            ],
                            [
                                29.1715138,
                                41.0547674
                            ],
                            [
                                29.1712566,
                                41.0550081
                            ],
                            [
                                29.1714051,
                                41.0554435
                            ],
                            [
                                29.1715013,
                                41.0557503
                            ],
                            [
                                29.1713883,
                                41.0558495
                            ],
                            [
                                29.171185,
                                41.0558093
                            ],
                            [
                                29.1710627,
                                41.0557115
                            ],
                            [
                                29.1710442,
                                41.0555814
                            ],
                            [
                                29.1709818,
                                41.0554926
                            ],
                            [
                                29.1708971,
                                41.0553774
                            ],
                            [
                                29.1706679,
                                41.05493
                            ],
                            [
                                29.1706521,
                                41.0547983
                            ],
                            [
                                29.1705817,
                                41.0548259
                            ],
                            [
                                29.1705243,
                                41.054707
                            ],
                            [
                                29.1697476,
                                41.055375
                            ],
                            [
                                29.1693205,
                                41.055765
                            ],
                            [
                                29.1687938,
                                41.0560664
                            ],
                            [
                                29.1683922,
                                41.0562585
                            ],
                            [
                                29.1681846,
                                41.0561068
                            ],
                            [
                                29.1682304,
                                41.0557932
                            ],
                            [
                                29.1682151,
                                41.0556521
                            ],
                            [
                                29.1681184,
                                41.0553201
                            ],
                            [
                                29.1678537,
                                41.0545825
                            ],
                            [
                                29.1675779,
                                41.0543209
                            ],
                            [
                                29.1672933,
                                41.0540253
                            ],
                            [
                                29.1667652,
                                41.053851
                            ],
                            [
                                29.1659168,
                                41.0537437
                            ],
                            [
                                29.1655062,
                                41.0536746
                            ],
                            [
                                29.1651202,
                                41.0535765
                            ],
                            [
                                29.164841,
                                41.0534529
                            ],
                            [
                                29.1645205,
                                41.0532619
                            ],
                            [
                                29.1639387,
                                41.0531184
                            ],
                            [
                                29.163639,
                                41.053075
                            ],
                            [
                                29.1631466,
                                41.0531038
                            ],
                            [
                                29.162638,
                                41.0530344
                            ],
                            [
                                29.1623243,
                                41.0529627
                            ],
                            [
                                29.1619111,
                                41.0528155
                            ],
                            [
                                29.1616108,
                                41.0527346
                            ],
                            [
                                29.1611005,
                                41.0524986
                            ],
                            [
                                29.1602394,
                                41.0520962
                            ],
                            [
                                29.1597382,
                                41.0516968
                            ],
                            [
                                29.1595794,
                                41.0516151
                            ],
                            [
                                29.1588786,
                                41.0512216
                            ],
                            [
                                29.1581167,
                                41.0511896
                            ],
                            [
                                29.1577746,
                                41.0510885
                            ],
                            [
                                29.1576328,
                                41.0510284
                            ],
                            [
                                29.1570528,
                                41.050697
                            ],
                            [
                                29.1568968,
                                41.0506484
                            ],
                            [
                                29.156585,
                                41.0506242
                            ],
                            [
                                29.1564679,
                                41.0505782
                            ],
                            [
                                29.1557919,
                                41.0502614
                            ],
                            [
                                29.1554288,
                                41.0501867
                            ],
                            [
                                29.1551344,
                                41.050158
                            ],
                            [
                                29.1548096,
                                41.0501925
                            ],
                            [
                                29.1544641,
                                41.0502245
                            ],
                            [
                                29.1541596,
                                41.0502471
                            ],
                            [
                                29.1539238,
                                41.050213
                            ],
                            [
                                29.1525786,
                                41.0499444
                            ],
                            [
                                29.1520217,
                                41.0493534
                            ],
                            [
                                29.1484057,
                                41.0496991
                            ],
                            [
                                29.1478814,
                                41.0494638
                            ],
                            [
                                29.1478157,
                                41.0493613
                            ],
                            [
                                29.1478858,
                                41.0491397
                            ],
                            [
                                29.1478843,
                                41.0487443
                            ],
                            [
                                29.1478779,
                                41.0486358
                            ],
                            [
                                29.1479189,
                                41.0485488
                            ],
                            [
                                29.1480333,
                                41.0484012
                            ],
                            [
                                29.1480799,
                                41.0483247
                            ],
                            [
                                29.1478714,
                                41.0477496
                            ],
                            [
                                29.1448046,
                                41.0481252
                            ],
                            [
                                29.144367,
                                41.0479638
                            ],
                            [
                                29.1442346,
                                41.0479262
                            ],
                            [
                                29.1436632,
                                41.0477538
                            ],
                            [
                                29.1432757,
                                41.0477858
                            ],
                            [
                                29.1428843,
                                41.0477746
                            ],
                            [
                                29.1426527,
                                41.0477187
                            ],
                            [
                                29.1425602,
                                41.047674
                            ],
                            [
                                29.1425237,
                                41.0475708
                            ],
                            [
                                29.1425656,
                                41.0474901
                            ],
                            [
                                29.142725,
                                41.0474052
                            ],
                            [
                                29.1427848,
                                41.0473483
                            ],
                            [
                                29.1427562,
                                41.0472594
                            ],
                            [
                                29.1426075,
                                41.0470098
                            ],
                            [
                                29.1425178,
                                41.0469203
                            ],
                            [
                                29.142259,
                                41.0468457
                            ],
                            [
                                29.1421054,
                                41.0467537
                            ],
                            [
                                29.1420386,
                                41.0466858
                            ],
                            [
                                29.1414656,
                                41.0457516
                            ],
                            [
                                29.1414082,
                                41.0454164
                            ],
                            [
                                29.1414614,
                                41.0452959
                            ],
                            [
                                29.1419105,
                                41.0448395
                            ],
                            [
                                29.1419266,
                                41.0447183
                            ],
                            [
                                29.1419227,
                                41.0445588
                            ],
                            [
                                29.141892,
                                41.0444341
                            ],
                            [
                                29.141775,
                                41.0442703
                            ],
                            [
                                29.1417231,
                                41.0437973
                            ],
                            [
                                29.1412779,
                                41.0437451
                            ],
                            [
                                29.1408397,
                                41.0435117
                            ],
                            [
                                29.1405161,
                                41.0433667
                            ],
                            [
                                29.1403423,
                                41.0432488
                            ],
                            [
                                29.140004,
                                41.0430867
                            ],
                            [
                                29.1399264,
                                41.0428984
                            ],
                            [
                                29.1398516,
                                41.0427542
                            ],
                            [
                                29.1397654,
                                41.0426105
                            ],
                            [
                                29.1396947,
                                41.042517
                            ],
                            [
                                29.139584,
                                41.0424398
                            ],
                            [
                                29.1390596,
                                41.042288
                            ]
                        ]
                    ]
                ]
            }
        },
        {
            "type": "Feature",
            "properties": {
                "type": "relation",
                "id": 9481748,
                "tags": {
                    "admin_level": "8",
                    "boundary": "administrative",
                    "name": "Kirazlıdere Mahallesi",
                    "type": "boundary",
                    "wikidata": "Q6069848",
                    "wikipedia": "tr:Kirazlıdere, Çekmeköy"
                }
            },
            "geometry": {
                "type": "MultiPolygon",
                "coordinates": [
                    [
                        [
                            [
                                29.1997453,
                                41.014242
                            ],
                            [
                                29.1998233,
                                41.0140981
                            ],
                            [
                                29.2051927,
                                41.0130298
                            ],
                            [
                                29.207031,
                                41.0135906
                            ],
                            [
                                29.2137273,
                                41.0160293
                            ],
                            [
                                29.2140099,
                                41.0160492
                            ],
                            [
                                29.2162398,
                                41.0160278
                            ],
                            [
                                29.2164699,
                                41.0160189
                            ],
                            [
                                29.2165577,
                                41.016135
                            ],
                            [
                                29.2166603,
                                41.0162918
                            ],
                            [
                                29.2172242,
                                41.0173137
                            ],
                            [
                                29.2172605,
                                41.0174668
                            ],
                            [
                                29.217455,
                                41.0182532
                            ],
                            [
                                29.2176108,
                                41.0184207
                            ],
                            [
                                29.2181992,
                                41.0188834
                            ],
                            [
                                29.2186828,
                                41.0193177
                            ],
                            [
                                29.219216,
                                41.0197033
                            ],
                            [
                                29.2198368,
                                41.0201388
                            ],
                            [
                                29.2205289,
                                41.0207272
                            ],
                            [
                                29.2207092,
                                41.0208168
                            ],
                            [
                                29.2211792,
                                41.0207801
                            ],
                            [
                                29.2213288,
                                41.0207156
                            ],
                            [
                                29.2218304,
                                41.0220553
                            ],
                            [
                                29.2218679,
                                41.0223447
                            ],
                            [
                                29.2218518,
                                41.022543
                            ],
                            [
                                29.221546,
                                41.0233625
                            ],
                            [
                                29.2204624,
                                41.0230792
                            ],
                            [
                                29.2188799,
                                41.022804
                            ],
                            [
                                29.2177641,
                                41.0225733
                            ],
                            [
                                29.2169541,
                                41.0223953
                            ],
                            [
                                29.2158452,
                                41.022036
                            ],
                            [
                                29.2149317,
                                41.0216222
                            ],
                            [
                                29.2123568,
                                41.0200114
                            ],
                            [
                                29.2095566,
                                41.0184572
                            ],
                            [
                                29.2072391,
                                41.0171054
                            ],
                            [
                                29.204714,
                                41.0157617
                            ],
                            [
                                29.2038043,
                                41.0153824
                            ],
                            [
                                29.2025506,
                                41.0149196
                            ],
                            [
                                29.1997453,
                                41.014242
                            ]
                        ]
                    ]
                ]
            }
        },
        {
            "type": "Feature",
            "properties": {
                "type": "relation",
                "id": 9525823,
                "tags": {
                    "admin_level": "8",
                    "boundary": "administrative",
                    "name": "Aydınlar Mahallesi",
                    "type": "boundary",
                    "wikidata": "Q6071889",
                    "wikipedia": "tr:Aydınlar, Çekmeköy"
                }
            },
            "geometry": {
                "type": "MultiPolygon",
                "coordinates": [
                    [
                        [
                            [
                                29.2164699,
                                41.0160189
                            ],
                            [
                                29.2168505,
                                41.0159876
                            ],
                            [
                                29.2171006,
                                41.0159986
                            ],
                            [
                                29.2172749,
                                41.0160207
                            ],
                            [
                                29.2179732,
                                41.016169
                            ],
                            [
                                29.2187713,
                                41.0163859
                            ],
                            [
                                29.219718,
                                41.0165442
                            ],
                            [
                                29.2201283,
                                41.0164733
                            ],
                            [
                                29.2209081,
                                41.0163484
                            ],
                            [
                                29.2219825,
                                41.0162709
                            ],
                            [
                                29.2247452,
                                41.0163083
                            ],
                            [
                                29.2272554,
                                41.0163039
                            ],
                            [
                                29.2273844,
                                41.016306
                            ],
                            [
                                29.2295119,
                                41.0163251
                            ],
                            [
                                29.2297603,
                                41.0163607
                            ],
                            [
                                29.2338378,
                                41.016773
                            ],
                            [
                                29.2350957,
                                41.0169278
                            ],
                            [
                                29.2352806,
                                41.0168828
                            ],
                            [
                                29.2370544,
                                41.0166322
                            ],
                            [
                                29.236851,
                                41.0168042
                            ],
                            [
                                29.2368387,
                                41.0171017
                            ],
                            [
                                29.2368851,
                                41.0186862
                            ],
                            [
                                29.2368024,
                                41.0186988
                            ],
                            [
                                29.2377653,
                                41.0206894
                            ],
                            [
                                29.2378316,
                                41.0207736
                            ],
                            [
                                29.236266,
                                41.020918
                            ],
                            [
                                29.2356598,
                                41.0210151
                            ],
                            [
                                29.2350483,
                                41.0211001
                            ],
                            [
                                29.2350796,
                                41.0200558
                            ],
                            [
                                29.232468,
                                41.0201126
                            ],
                            [
                                29.2325914,
                                41.020408
                            ],
                            [
                                29.2317975,
                                41.0205942
                            ],
                            [
                                29.231014,
                                41.0213578
                            ],
                            [
                                29.2304186,
                                41.0210008
                            ],
                            [
                                29.2300035,
                                41.0207106
                            ],
                            [
                                29.2295468,
                                41.0204613
                            ],
                            [
                                29.2287808,
                                41.0198322
                            ],
                            [
                                29.2283604,
                                41.0195977
                            ],
                            [
                                29.2280924,
                                41.0195182
                            ],
                            [
                                29.2279917,
                                41.0196545
                            ],
                            [
                                29.2277634,
                                41.0198212
                            ],
                            [
                                29.2273289,
                                41.0198617
                            ],
                            [
                                29.2266959,
                                41.0198495
                            ],
                            [
                                29.2221615,
                                41.0189732
                            ],
                            [
                                29.221499,
                                41.0188771
                            ],
                            [
                                29.2212633,
                                41.019528
                            ],
                            [
                                29.2212202,
                                41.0195714
                            ],
                            [
                                29.2206743,
                                41.0194745
                            ],
                            [
                                29.2204441,
                                41.019473
                            ],
                            [
                                29.2207442,
                                41.0199171
                            ],
                            [
                                29.221159,
                                41.0204037
                            ],
                            [
                                29.2213288,
                                41.0207156
                            ],
                            [
                                29.2211792,
                                41.0207801
                            ],
                            [
                                29.2207092,
                                41.0208168
                            ],
                            [
                                29.2205289,
                                41.0207272
                            ],
                            [
                                29.2198368,
                                41.0201388
                            ],
                            [
                                29.219216,
                                41.0197033
                            ],
                            [
                                29.2186828,
                                41.0193177
                            ],
                            [
                                29.2181992,
                                41.0188834
                            ],
                            [
                                29.2176108,
                                41.0184207
                            ],
                            [
                                29.217455,
                                41.0182532
                            ],
                            [
                                29.2172605,
                                41.0174668
                            ],
                            [
                                29.2172242,
                                41.0173137
                            ],
                            [
                                29.2166603,
                                41.0162918
                            ],
                            [
                                29.2165577,
                                41.016135
                            ],
                            [
                                29.2164699,
                                41.0160189
                            ]
                        ]
                    ]
                ]
            }
        },
        {
            "type": "Feature",
            "properties": {
                "type": "relation",
                "id": 9526165,
                "tags": {
                    "admin_level": "8",
                    "boundary": "administrative",
                    "name": "Soğukpınar Mahallesi",
                    "type": "boundary",
                    "wikidata": "Q6072244",
                    "wikipedia": "tr:Soğukpınar, Çekmeköy"
                }
            },
            "geometry": {
                "type": "MultiPolygon",
                "coordinates": [
                    [
                        [
                            [
                                29.230282,
                                41.0267985
                            ],
                            [
                                29.2304993,
                                41.0266366
                            ],
                            [
                                29.2307496,
                                41.0265418
                            ],
                            [
                                29.2308909,
                                41.0262157
                            ],
                            [
                                29.2306817,
                                41.0257462
                            ],
                            [
                                29.2304027,
                                41.025807
                            ],
                            [
                                29.2299843,
                                41.0259365
                            ],
                            [
                                29.229759,
                                41.0258758
                            ],
                            [
                                29.2295283,
                                41.0257098
                            ],
                            [
                                29.2299306,
                                41.0249126
                            ],
                            [
                                29.2297482,
                                41.0248559
                            ],
                            [
                                29.2303115,
                                41.0238806
                            ],
                            [
                                29.230569,
                                41.0234273
                            ],
                            [
                                29.2305851,
                                41.0232371
                            ],
                            [
                                29.2304188,
                                41.0221848
                            ],
                            [
                                29.2301452,
                                41.0221443
                            ],
                            [
                                29.231014,
                                41.0213578
                            ],
                            [
                                29.2317975,
                                41.0205942
                            ],
                            [
                                29.2325914,
                                41.020408
                            ],
                            [
                                29.232468,
                                41.0201126
                            ],
                            [
                                29.2350796,
                                41.0200558
                            ],
                            [
                                29.2350483,
                                41.0211001
                            ],
                            [
                                29.2356598,
                                41.0210151
                            ],
                            [
                                29.236266,
                                41.020918
                            ],
                            [
                                29.2378316,
                                41.0207736
                            ],
                            [
                                29.2393914,
                                41.0223771
                            ],
                            [
                                29.2395639,
                                41.0217618
                            ],
                            [
                                29.2395928,
                                41.0214718
                            ],
                            [
                                29.2407051,
                                41.0217482
                            ],
                            [
                                29.2428387,
                                41.021942
                            ],
                            [
                                29.2426014,
                                41.022885
                            ],
                            [
                                29.2422903,
                                41.0238725
                            ],
                            [
                                29.2423563,
                                41.0244769
                            ],
                            [
                                29.2425385,
                                41.0245121
                            ],
                            [
                                29.24283,
                                41.0255457
                            ],
                            [
                                29.2422405,
                                41.0255885
                            ],
                            [
                                29.2416854,
                                41.0256444
                            ],
                            [
                                29.2412545,
                                41.025668
                            ],
                            [
                                29.2398895,
                                41.02548
                            ],
                            [
                                29.2384828,
                                41.0260824
                            ],
                            [
                                29.2381474,
                                41.0263145
                            ],
                            [
                                29.2378092,
                                41.0264272
                            ],
                            [
                                29.2370059,
                                41.0269236
                            ],
                            [
                                29.2366039,
                                41.0271182
                            ],
                            [
                                29.235881,
                                41.0270342
                            ],
                            [
                                29.2338861,
                                41.0269408
                            ],
                            [
                                29.2329401,
                                41.0269158
                            ],
                            [
                                29.2316177,
                                41.0268652
                            ],
                            [
                                29.230282,
                                41.0267985
                            ]
                        ]
                    ]
                ]
            }
        },
        {
            "type": "Feature",
            "properties": {
                "type": "relation",
                "id": 9526221,
                "tags": {
                    "admin_level": "8",
                    "boundary": "administrative",
                    "name": "Cumhuriyet Mahallesi",
                    "type": "boundary",
                    "wikidata": "Q6069830",
                    "wikipedia": "tr:Cumhuriyet, Çekmeköy"
                }
            },
            "geometry": {
                "type": "MultiPolygon",
                "coordinates": [
                    [
                        [
                            [
                                29.2213288,
                                41.0207156
                            ],
                            [
                                29.221159,
                                41.0204037
                            ],
                            [
                                29.2207442,
                                41.0199171
                            ],
                            [
                                29.2204441,
                                41.019473
                            ],
                            [
                                29.2206743,
                                41.0194745
                            ],
                            [
                                29.2212202,
                                41.0195714
                            ],
                            [
                                29.2212633,
                                41.019528
                            ],
                            [
                                29.221499,
                                41.0188771
                            ],
                            [
                                29.2221615,
                                41.0189732
                            ],
                            [
                                29.2266959,
                                41.0198495
                            ],
                            [
                                29.2273289,
                                41.0198617
                            ],
                            [
                                29.2277634,
                                41.0198212
                            ],
                            [
                                29.2279917,
                                41.0196545
                            ],
                            [
                                29.2280924,
                                41.0195182
                            ],
                            [
                                29.2283604,
                                41.0195977
                            ],
                            [
                                29.2287808,
                                41.0198322
                            ],
                            [
                                29.2295468,
                                41.0204613
                            ],
                            [
                                29.2300035,
                                41.0207106
                            ],
                            [
                                29.2304186,
                                41.0210008
                            ],
                            [
                                29.231014,
                                41.0213578
                            ],
                            [
                                29.2301452,
                                41.0221443
                            ],
                            [
                                29.2304188,
                                41.0221848
                            ],
                            [
                                29.2305851,
                                41.0232371
                            ],
                            [
                                29.230569,
                                41.0234273
                            ],
                            [
                                29.2303115,
                                41.0238806
                            ],
                            [
                                29.2297482,
                                41.0248559
                            ],
                            [
                                29.2299306,
                                41.0249126
                            ],
                            [
                                29.2295283,
                                41.0257098
                            ],
                            [
                                29.229759,
                                41.0258758
                            ],
                            [
                                29.2299843,
                                41.0259365
                            ],
                            [
                                29.2304027,
                                41.025807
                            ],
                            [
                                29.2306817,
                                41.0257462
                            ],
                            [
                                29.2308909,
                                41.0262157
                            ],
                            [
                                29.2307496,
                                41.0265418
                            ],
                            [
                                29.2304993,
                                41.0266366
                            ],
                            [
                                29.230282,
                                41.0267985
                            ],
                            [
                                29.2297322,
                                41.0267742
                            ],
                            [
                                29.2291769,
                                41.0267175
                            ],
                            [
                                29.2284152,
                                41.0265637
                            ],
                            [
                                29.227986,
                                41.0264221
                            ],
                            [
                                29.2273182,
                                41.0261611
                            ],
                            [
                                29.2269507,
                                41.0259709
                            ],
                            [
                                29.2254809,
                                41.0252201
                            ],
                            [
                                29.2247593,
                                41.024864
                            ],
                            [
                                29.2233619,
                                41.0241618
                            ],
                            [
                                29.2232772,
                                41.0241223
                            ],
                            [
                                29.22324,
                                41.0241042
                            ],
                            [
                                29.222989,
                                41.023982
                            ],
                            [
                                29.222745,
                                41.0238644
                            ],
                            [
                                29.2220503,
                                41.0235446
                            ],
                            [
                                29.2218786,
                                41.0234779
                            ],
                            [
                                29.221546,
                                41.0233625
                            ],
                            [
                                29.2218518,
                                41.022543
                            ],
                            [
                                29.2218679,
                                41.0223447
                            ],
                            [
                                29.2218304,
                                41.0220553
                            ],
                            [
                                29.2213288,
                                41.0207156
                            ]
                        ]
                    ]
                ]
            }
        },
        {
            "type": "Feature",
            "properties": {
                "type": "relation",
                "id": 9526222,
                "tags": {
                    "admin_level": "8",
                    "boundary": "administrative",
                    "name": "Güngören Mahallesi",
                    "type": "boundary",
                    "wikidata": "Q6069213",
                    "wikipedia": "tr:Güngören, Çekmeköy"
                }
            },
            "geometry": {
                "type": "MultiPolygon",
                "coordinates": [
                    [
                        [
                            [
                                29.1930727,
                                41.0307355
                            ],
                            [
                                29.1931611,
                                41.0305547
                            ],
                            [
                                29.1936886,
                                41.0297324
                            ],
                            [
                                29.1941392,
                                41.0291416
                            ],
                            [
                                29.1947508,
                                41.0284132
                            ],
                            [
                                29.1954267,
                                41.0275229
                            ],
                            [
                                29.1958237,
                                41.0267459
                            ],
                            [
                                29.196126,
                                41.025873
                            ],
                            [
                                29.1962548,
                                41.0253065
                            ],
                            [
                                29.1963172,
                                41.0247304
                            ],
                            [
                                29.1962957,
                                41.0242691
                            ],
                            [
                                29.1962897,
                                41.0238239
                            ],
                            [
                                29.196285,
                                41.0234758
                            ],
                            [
                                29.1962206,
                                41.0221079
                            ],
                            [
                                29.1962314,
                                41.021602
                            ],
                            [
                                29.1962904,
                                41.021171
                            ],
                            [
                                29.1963843,
                                41.0208158
                            ],
                            [
                                29.1965103,
                                41.0204566
                            ],
                            [
                                29.1970789,
                                41.0195257
                            ],
                            [
                                29.1975081,
                                41.0190967
                            ],
                            [
                                29.198066,
                                41.0186272
                            ],
                            [
                                29.1986468,
                                41.0182588
                            ],
                            [
                                29.1991276,
                                41.0180099
                            ],
                            [
                                29.1997719,
                                41.017761
                            ],
                            [
                                29.2007539,
                                41.0174269
                            ],
                            [
                                29.2014348,
                                41.0171954
                            ],
                            [
                                29.2031777,
                                41.016623
                            ],
                            [
                                29.2037847,
                                41.0163788
                            ],
                            [
                                29.2043368,
                                41.0160733
                            ],
                            [
                                29.204714,
                                41.0157617
                            ],
                            [
                                29.2072391,
                                41.0171054
                            ],
                            [
                                29.2095566,
                                41.0184572
                            ],
                            [
                                29.2123568,
                                41.0200114
                            ],
                            [
                                29.2149317,
                                41.0216222
                            ],
                            [
                                29.2158452,
                                41.022036
                            ],
                            [
                                29.2169541,
                                41.0223953
                            ],
                            [
                                29.2177641,
                                41.0225733
                            ],
                            [
                                29.2188799,
                                41.022804
                            ],
                            [
                                29.2204624,
                                41.0230792
                            ],
                            [
                                29.221546,
                                41.0233625
                            ],
                            [
                                29.2218786,
                                41.0234779
                            ],
                            [
                                29.2220503,
                                41.0235446
                            ],
                            [
                                29.221656,
                                41.0240182
                            ],
                            [
                                29.2214736,
                                41.02435
                            ],
                            [
                                29.2213476,
                                41.0245969
                            ],
                            [
                                29.221243,
                                41.0247163
                            ],
                            [
                                29.2214012,
                                41.0247689
                            ],
                            [
                                29.221943,
                                41.0251453
                            ],
                            [
                                29.2226833,
                                41.0256228
                            ],
                            [
                                29.2232412,
                                41.0260032
                            ],
                            [
                                29.2237213,
                                41.0263128
                            ],
                            [
                                29.2237119,
                                41.0266108
                            ],
                            [
                                29.2237991,
                                41.0271303
                            ],
                            [
                                29.2239681,
                                41.0280328
                            ],
                            [
                                29.22396,
                                41.0281016
                            ],
                            [
                                29.2239037,
                                41.0282027
                            ],
                            [
                                29.2241907,
                                41.0288543
                            ],
                            [
                                29.2237428,
                                41.028921
                            ],
                            [
                                29.2235067,
                                41.0289696
                            ],
                            [
                                29.2231125,
                                41.0293095
                            ],
                            [
                                29.2229032,
                                41.0295442
                            ],
                            [
                                29.222576,
                                41.0298761
                            ],
                            [
                                29.22245,
                                41.0299489
                            ],
                            [
                                29.222348,
                                41.0299307
                            ],
                            [
                                29.2222971,
                                41.0298923
                            ],
                            [
                                29.2221549,
                                41.0299631
                            ],
                            [
                                29.2219564,
                                41.0300379
                            ],
                            [
                                29.221707,
                                41.0305822
                            ],
                            [
                                29.2210337,
                                41.0301088
                            ],
                            [
                                29.2208809,
                                41.030299
                            ],
                            [
                                29.2195639,
                                41.0302221
                            ],
                            [
                                29.2189416,
                                41.0299145
                            ],
                            [
                                29.2191616,
                                41.0295341
                            ],
                            [
                                29.2188826,
                                41.0293743
                            ],
                            [
                                29.2186385,
                                41.0295766
                            ],
                            [
                                29.2175497,
                                41.0292445
                            ],
                            [
                                29.217335,
                                41.0295706
                            ],
                            [
                                29.2172921,
                                41.0298295
                            ],
                            [
                                29.2172384,
                                41.0300238
                            ],
                            [
                                29.1990852,
                                41.0287046
                            ],
                            [
                                29.1930727,
                                41.0307355
                            ]
                        ]
                    ]
                ]
            }
        },
        {
            "type": "Feature",
            "properties": {
                "type": "relation",
                "id": 9526253,
                "tags": {
                    "admin_level": "8",
                    "boundary": "administrative",
                    "name": "Sultançiftliği Mahallesi",
                    "type": "boundary",
                    "wikidata": "Q6070245"
                }
            },
            "geometry": {
                "type": "MultiPolygon",
                "coordinates": [
                    [
                        [
                            [
                                29.1925804,
                                41.0320795
                            ],
                            [
                                29.192704,
                                41.0316414
                            ],
                            [
                                29.1930727,
                                41.0307355
                            ],
                            [
                                29.1990852,
                                41.0287046
                            ],
                            [
                                29.2172384,
                                41.0300238
                            ],
                            [
                                29.2172921,
                                41.0298295
                            ],
                            [
                                29.217335,
                                41.0295706
                            ],
                            [
                                29.2175497,
                                41.0292445
                            ],
                            [
                                29.2186385,
                                41.0295766
                            ],
                            [
                                29.2188826,
                                41.0293743
                            ],
                            [
                                29.2191616,
                                41.0295341
                            ],
                            [
                                29.2189416,
                                41.0299145
                            ],
                            [
                                29.2195639,
                                41.0302221
                            ],
                            [
                                29.2208809,
                                41.030299
                            ],
                            [
                                29.2210337,
                                41.0301088
                            ],
                            [
                                29.221707,
                                41.0305822
                            ],
                            [
                                29.2219564,
                                41.0300379
                            ],
                            [
                                29.2221549,
                                41.0299631
                            ],
                            [
                                29.2222971,
                                41.0298923
                            ],
                            [
                                29.222348,
                                41.0299307
                            ],
                            [
                                29.22245,
                                41.0299489
                            ],
                            [
                                29.222576,
                                41.0298761
                            ],
                            [
                                29.2229032,
                                41.0295442
                            ],
                            [
                                29.2231125,
                                41.0293095
                            ],
                            [
                                29.2235067,
                                41.0289696
                            ],
                            [
                                29.2237428,
                                41.028921
                            ],
                            [
                                29.2241907,
                                41.0288543
                            ],
                            [
                                29.2239037,
                                41.0282027
                            ],
                            [
                                29.22396,
                                41.0281016
                            ],
                            [
                                29.2239681,
                                41.0280328
                            ],
                            [
                                29.2237991,
                                41.0271303
                            ],
                            [
                                29.2237119,
                                41.0266108
                            ],
                            [
                                29.2237213,
                                41.0263128
                            ],
                            [
                                29.2232412,
                                41.0260032
                            ],
                            [
                                29.2226833,
                                41.0256228
                            ],
                            [
                                29.221943,
                                41.0251453
                            ],
                            [
                                29.2214012,
                                41.0247689
                            ],
                            [
                                29.221243,
                                41.0247163
                            ],
                            [
                                29.2213476,
                                41.0245969
                            ],
                            [
                                29.2214736,
                                41.02435
                            ],
                            [
                                29.221656,
                                41.0240182
                            ],
                            [
                                29.2220503,
                                41.0235446
                            ],
                            [
                                29.222745,
                                41.0238644
                            ],
                            [
                                29.222989,
                                41.023982
                            ],
                            [
                                29.22324,
                                41.0241042
                            ],
                            [
                                29.2232772,
                                41.0241223
                            ],
                            [
                                29.2233619,
                                41.0241618
                            ],
                            [
                                29.2247593,
                                41.024864
                            ],
                            [
                                29.2254809,
                                41.0252201
                            ],
                            [
                                29.2269507,
                                41.0259709
                            ],
                            [
                                29.2273182,
                                41.0261611
                            ],
                            [
                                29.227986,
                                41.0264221
                            ],
                            [
                                29.2284152,
                                41.0265637
                            ],
                            [
                                29.2291769,
                                41.0267175
                            ],
                            [
                                29.2297322,
                                41.0267742
                            ],
                            [
                                29.230282,
                                41.0267985
                            ],
                            [
                                29.2303008,
                                41.0270716
                            ],
                            [
                                29.2300647,
                                41.0274662
                            ],
                            [
                                29.2299762,
                                41.027705
                            ],
                            [
                                29.2298555,
                                41.0279336
                            ],
                            [
                                29.2296597,
                                41.0284172
                            ],
                            [
                                29.2295498,
                                41.0286641
                            ],
                            [
                                29.2294666,
                                41.0288765
                            ],
                            [
                                29.2292898,
                                41.0294822
                            ],
                            [
                                29.2290521,
                                41.0299929
                            ],
                            [
                                29.2288254,
                                41.0303544
                            ],
                            [
                                29.2285305,
                                41.030906
                            ],
                            [
                                29.2283294,
                                41.0311386
                            ],
                            [
                                29.228088,
                                41.0313632
                            ],
                            [
                                29.2273611,
                                41.0313835
                            ],
                            [
                                29.227581,
                                41.032124
                            ],
                            [
                                29.2276686,
                                41.0324652
                            ],
                            [
                                29.2278063,
                                41.0330021
                            ],
                            [
                                29.2279082,
                                41.033597
                            ],
                            [
                                29.2277688,
                                41.0338397
                            ],
                            [
                                29.2275006,
                                41.0341351
                            ],
                            [
                                29.2270929,
                                41.0345155
                            ],
                            [
                                29.2265457,
                                41.0350861
                            ],
                            [
                                29.2257225,
                                41.0356532
                            ],
                            [
                                29.2239654,
                                41.0365954
                            ],
                            [
                                29.2235899,
                                41.0367977
                            ],
                            [
                                29.2233217,
                                41.03683
                            ],
                            [
                                29.22315,
                                41.0367491
                            ],
                            [
                                29.2228281,
                                41.0364659
                            ],
                            [
                                29.2223668,
                                41.0359803
                            ],
                            [
                                29.2215085,
                                41.0360936
                            ],
                            [
                                29.2211115,
                                41.0363121
                            ],
                            [
                                29.2209399,
                                41.0361745
                            ],
                            [
                                29.2208218,
                                41.0357699
                            ],
                            [
                                29.2198992,
                                41.0356161
                            ],
                            [
                                29.2193198,
                                41.0355109
                            ],
                            [
                                29.218955,
                                41.03543
                            ],
                            [
                                29.2187619,
                                41.0354219
                            ],
                            [
                                29.2185366,
                                41.0355271
                            ],
                            [
                                29.2184293,
                                41.0356
                            ],
                            [
                                29.2182976,
                                41.0358733
                            ],
                            [
                                29.2178942,
                                41.0358575
                            ],
                            [
                                29.2177963,
                                41.0354462
                            ],
                            [
                                29.2166591,
                                41.0355028
                            ],
                            [
                                29.2162835,
                                41.035689
                            ],
                            [
                                29.2148137,
                                41.0365549
                            ],
                            [
                                29.2140198,
                                41.0371618
                            ],
                            [
                                29.2134941,
                                41.0376959
                            ],
                            [
                                29.2130005,
                                41.0384647
                            ],
                            [
                                29.2128825,
                                41.0388289
                            ],
                            [
                                29.2123032,
                                41.0389098
                            ],
                            [
                                29.2104685,
                                41.0400751
                            ],
                            [
                                29.2111874,
                                41.0423894
                            ],
                            [
                                29.2116809,
                                41.0428264
                            ],
                            [
                                29.2117453,
                                41.0429963
                            ],
                            [
                                29.211756,
                                41.0432957
                            ],
                            [
                                29.2113054,
                                41.0439026
                            ],
                            [
                                29.2110264,
                                41.0442991
                            ],
                            [
                                29.2106724,
                                41.0449141
                            ],
                            [
                                29.2102647,
                                41.0455776
                            ],
                            [
                                29.2101252,
                                41.0461197
                            ],
                            [
                                29.2101145,
                                41.0466214
                            ],
                            [
                                29.2101359,
                                41.0479969
                            ],
                            [
                                29.2101788,
                                41.0485957
                            ],
                            [
                                29.2101713,
                                41.0488555
                            ],
                            [
                                29.2101681,
                                41.0489679
                            ],
                            [
                                29.2099321,
                                41.0502624
                            ],
                            [
                                29.2099213,
                                41.0504971
                            ],
                            [
                                29.2099643,
                                41.0506427
                            ],
                            [
                                29.2101896,
                                41.0508288
                            ],
                            [
                                29.2104041,
                                41.051023
                            ],
                            [
                                29.2105651,
                                41.0512657
                            ],
                            [
                                29.2105973,
                                41.0516055
                            ],
                            [
                                29.2106938,
                                41.0520586
                            ],
                            [
                                29.210726,
                                41.0524631
                            ],
                            [
                                29.2106938,
                                41.0528515
                            ],
                            [
                                29.2108226,
                                41.0531994
                            ],
                            [
                                29.2110371,
                                41.0533531
                            ],
                            [
                                29.2112088,
                                41.0535149
                            ],
                            [
                                29.2112195,
                                41.0537091
                            ],
                            [
                                29.2108869,
                                41.0538628
                            ],
                            [
                                29.210372,
                                41.0542754
                            ],
                            [
                                29.210093,
                                41.0543887
                            ],
                            [
                                29.2095888,
                                41.0545829
                            ],
                            [
                                29.2093527,
                                41.0546719
                            ],
                            [
                                29.2091703,
                                41.0548013
                            ],
                            [
                                29.2090201,
                                41.0550521
                            ],
                            [
                                29.2089021,
                                41.0553191
                            ],
                            [
                                29.2088377,
                                41.0556508
                            ],
                            [
                                29.2087626,
                                41.0558207
                            ],
                            [
                                29.2086553,
                                41.0559825
                            ],
                            [
                                29.2084622,
                                41.0561686
                            ],
                            [
                                29.2082798,
                                41.056298
                            ],
                            [
                                29.2082263,
                                41.0566575
                            ],
                            [
                                29.2073807,
                                41.0566697
                            ],
                            [
                                29.2066326,
                                41.0565348
                            ],
                            [
                                29.2063074,
                                41.0565348
                            ],
                            [
                                29.2058683,
                                41.0564613
                            ],
                            [
                                29.2049414,
                                41.0564245
                            ],
                            [
                                29.2044373,
                                41.0563999
                            ],
                            [
                                29.2039006,
                                41.0563141
                            ],
                            [
                                29.2034291,
                                41.0563141
                            ],
                            [
                                29.2028436,
                                41.0563386
                            ],
                            [
                                29.2018842,
                                41.0561792
                            ],
                            [
                                29.2021444,
                                41.0561179
                            ],
                            [
                                29.202681,
                                41.0560566
                            ],
                            [
                                29.2028924,
                                41.0559585
                            ],
                            [
                                29.2029249,
                                41.0558236
                            ],
                            [
                                29.2028274,
                                41.05575
                            ],
                            [
                                29.2025184,
                                41.05575
                            ],
                            [
                                29.2025347,
                                41.0555906
                            ],
                            [
                                29.2022582,
                                41.0555538
                            ],
                            [
                                29.2020468,
                                41.0553821
                            ],
                            [
                                29.2021606,
                                41.0549039
                            ],
                            [
                                29.2019004,
                                41.0550265
                            ],
                            [
                                29.2016077,
                                41.054953
                            ],
                            [
                                29.2013963,
                                41.0548303
                            ],
                            [
                                29.2011036,
                                41.0546464
                            ],
                            [
                                29.200941,
                                41.0546096
                            ],
                            [
                                29.2007458,
                                41.0545851
                            ],
                            [
                                29.2004694,
                                41.054536
                            ],
                            [
                                29.2003068,
                                41.054487
                            ],
                            [
                                29.2001442,
                                41.0543766
                            ],
                            [
                                29.199949,
                                41.0541927
                            ],
                            [
                                29.1997213,
                                41.0541068
                            ],
                            [
                                29.1993798,
                                41.0539719
                            ],
                            [
                                29.1990871,
                                41.053837
                            ],
                            [
                                29.1986481,
                                41.0536899
                            ],
                            [
                                29.1984692,
                                41.0536899
                            ],
                            [
                                29.1981439,
                                41.053788
                            ],
                            [
                                29.1979163,
                                41.0538002
                            ],
                            [
                                29.1976398,
                                41.0537512
                            ],
                            [
                                29.1977119,
                                41.0534826
                            ],
                            [
                                29.1980767,
                                41.0529486
                            ],
                            [
                                29.1980767,
                                41.0522366
                            ],
                            [
                                29.1980552,
                                41.0519453
                            ],
                            [
                                29.1980338,
                                41.0515732
                            ],
                            [
                                29.197948,
                                41.0511848
                            ],
                            [
                                29.197669,
                                41.0506508
                            ],
                            [
                                29.1972399,
                                41.0501654
                            ],
                            [
                                29.1986346,
                                41.0467023
                            ],
                            [
                                29.1983771,
                                41.0459903
                            ],
                            [
                                29.1983557,
                                41.0456504
                            ],
                            [
                                29.1985488,
                                41.04544
                            ],
                            [
                                29.1985702,
                                41.0451973
                            ],
                            [
                                29.198699,
                                41.0448574
                            ],
                            [
                                29.1990208,
                                41.0444205
                            ],
                            [
                                29.1992998,
                                41.0439512
                            ],
                            [
                                29.2003083,
                                41.0440483
                            ],
                            [
                                29.2009735,
                                41.0440968
                            ],
                            [
                                29.2013812,
                                41.0437246
                            ],
                            [
                                29.201746,
                                41.0428183
                            ],
                            [
                                29.2014026,
                                41.041378
                            ],
                            [
                                29.2037844,
                                41.0407791
                            ],
                            [
                                29.2036557,
                                41.0402451
                            ],
                            [
                                29.2033124,
                                41.0390959
                            ],
                            [
                                29.2031193,
                                41.0385942
                            ],
                            [
                                29.2029476,
                                41.0382058
                            ],
                            [
                                29.2025614,
                                41.0378012
                            ],
                            [
                                29.2019391,
                                41.0374289
                            ],
                            [
                                29.2010164,
                                41.0367815
                            ],
                            [
                                29.2008018,
                                41.0365387
                            ],
                            [
                                29.2003941,
                                41.0361826
                            ],
                            [
                                29.1998148,
                                41.0357618
                            ],
                            [
                                29.1992569,
                                41.0354381
                            ],
                            [
                                29.1986775,
                                41.0350173
                            ],
                            [
                                29.1973901,
                                41.0340866
                            ],
                            [
                                29.197036,
                                41.0338438
                            ],
                            [
                                29.1963923,
                                41.0336253
                            ],
                            [
                                29.1948473,
                                41.0331802
                            ],
                            [
                                29.1925804,
                                41.0320795
                            ]
                        ]
                    ]
                ]
            }
        },
        {
            "type": "Feature",
            "properties": {
                "type": "relation",
                "id": 9620544,
                "tags": {
                    "admin_level": "8",
                    "boundary": "administrative",
                    "name": "Ekşioğlu Mahallesi",
                    "type": "boundary",
                    "wikidata": "Q6071847"
                }
            },
            "geometry": {
                "type": "MultiPolygon",
                "coordinates": [
                    [
                        [
                            [
                                29.2325395,
                                41.0361114
                            ],
                            [
                                29.232622,
                                41.0358618
                            ],
                            [
                                29.2328962,
                                41.0356069
                            ],
                            [
                                29.2331081,
                                41.0353804
                            ],
                            [
                                29.2330841,
                                41.0353031
                            ],
                            [
                                29.2331037,
                                41.035021
                            ],
                            [
                                29.2334495,
                                41.0346883
                            ],
                            [
                                29.2339099,
                                41.0343781
                            ],
                            [
                                29.2339411,
                                41.0343754
                            ],
                            [
                                29.2339743,
                                41.0341937
                            ],
                            [
                                29.2339896,
                                41.0341358
                            ],
                            [
                                29.2340087,
                                41.0339926
                            ],
                            [
                                29.234024,
                                41.0339528
                            ],
                            [
                                29.2340537,
                                41.0339218
                            ],
                            [
                                29.2340775,
                                41.0338841
                            ],
                            [
                                29.2340769,
                                41.0338192
                            ],
                            [
                                29.2340541,
                                41.0337542
                            ],
                            [
                                29.2340356,
                                41.0336927
                            ],
                            [
                                29.2340465,
                                41.033522
                            ],
                            [
                                29.2340158,
                                41.0333979
                            ],
                            [
                                29.2340572,
                                41.0332686
                            ],
                            [
                                29.2340382,
                                41.0331412
                            ],
                            [
                                29.2340707,
                                41.0331347
                            ],
                            [
                                29.2340331,
                                41.0330794
                            ],
                            [
                                29.2340436,
                                41.0329428
                            ],
                            [
                                29.2339052,
                                41.0327442
                            ],
                            [
                                29.2339315,
                                41.0326287
                            ],
                            [
                                29.2339331,
                                41.0324025
                            ],
                            [
                                29.2338514,
                                41.0321885
                            ],
                            [
                                29.2339138,
                                41.0320577
                            ],
                            [
                                29.2339276,
                                41.0319736
                            ],
                            [
                                29.2339381,
                                41.0319018
                            ],
                            [
                                29.2340605,
                                41.0316493
                            ],
                            [
                                29.2340619,
                                41.0315994
                            ],
                            [
                                29.2340722,
                                41.0315624
                            ],
                            [
                                29.2341095,
                                41.0315343
                            ],
                            [
                                29.234124,
                                41.0314916
                            ],
                            [
                                29.2341509,
                                41.031443
                            ],
                            [
                                29.234214,
                                41.0313525
                            ],
                            [
                                29.234262,
                                41.0312569
                            ],
                            [
                                29.234327,
                                41.0310671
                            ],
                            [
                                29.2343826,
                                41.0308878
                            ],
                            [
                                29.2344609,
                                41.0308751
                            ],
                            [
                                29.2344542,
                                41.0308091
                            ],
                            [
                                29.2345422,
                                41.0306651
                            ],
                            [
                                29.2345147,
                                41.0306171
                            ],
                            [
                                29.2346172,
                                41.0304307
                            ],
                            [
                                29.2346746,
                                41.030432
                            ],
                            [
                                29.2347871,
                                41.0302821
                            ],
                            [
                                29.2347912,
                                41.0302168
                            ],
                            [
                                29.234826,
                                41.0301719
                            ],
                            [
                                29.2348717,
                                41.0300488
                            ],
                            [
                                29.2350486,
                                41.0299985
                            ],
                            [
                                29.2350863,
                                41.0299841
                            ],
                            [
                                29.2351006,
                                41.0299431
                            ],
                            [
                                29.2351147,
                                41.0299136
                            ],
                            [
                                29.2351079,
                                41.0298925
                            ],
                            [
                                29.2350736,
                                41.0298792
                            ],
                            [
                                29.2350042,
                                41.0298629
                            ],
                            [
                                29.2349699,
                                41.0298465
                            ],
                            [
                                29.234961,
                                41.0297897
                            ],
                            [
                                29.2349962,
                                41.0297378
                            ],
                            [
                                29.2349747,
                                41.0296652
                            ],
                            [
                                29.2350702,
                                41.0294656
                            ],
                            [
                                29.2351115,
                                41.0294724
                            ],
                            [
                                29.2351902,
                                41.0294089
                            ],
                            [
                                29.2352824,
                                41.0294019
                            ],
                            [
                                29.2353088,
                                41.0293479
                            ],
                            [
                                29.235337,
                                41.0293368
                            ],
                            [
                                29.2353972,
                                41.0293496
                            ],
                            [
                                29.2357153,
                                41.0293058
                            ],
                            [
                                29.2357234,
                                41.0292825
                            ],
                            [
                                29.2357079,
                                41.0292496
                            ],
                            [
                                29.2357145,
                                41.0291925
                            ],
                            [
                                29.235717,
                                41.0291491
                            ],
                            [
                                29.2357738,
                                41.0291335
                            ],
                            [
                                29.2358219,
                                41.0290964
                            ],
                            [
                                29.2358844,
                                41.0290351
                            ],
                            [
                                29.2359396,
                                41.028977
                            ],
                            [
                                29.235968,
                                41.0289243
                            ],
                            [
                                29.2359594,
                                41.0288078
                            ],
                            [
                                29.2359923,
                                41.0287707
                            ],
                            [
                                29.2359888,
                                41.0286698
                            ],
                            [
                                29.2359667,
                                41.0285872
                            ],
                            [
                                29.2360355,
                                41.0285247
                            ],
                            [
                                29.2360687,
                                41.0284862
                            ],
                            [
                                29.2361192,
                                41.0283498
                            ],
                            [
                                29.2361283,
                                41.028296
                            ],
                            [
                                29.2361866,
                                41.0282228
                            ],
                            [
                                29.2362076,
                                41.0281751
                            ],
                            [
                                29.2362573,
                                41.0280598
                            ],
                            [
                                29.2362708,
                                41.0280213
                            ],
                            [
                                29.2363261,
                                41.0279413
                            ],
                            [
                                29.2363681,
                                41.0277919
                            ],
                            [
                                29.2363882,
                                41.027672
                            ],
                            [
                                29.2364098,
                                41.0275248
                            ],
                            [
                                29.2364385,
                                41.0273788
                            ],
                            [
                                29.236401,
                                41.0273288
                            ],
                            [
                                29.2365002,
                                41.0272283
                            ],
                            [
                                29.2366039,
                                41.0271182
                            ],
                            [
                                29.2370059,
                                41.0269236
                            ],
                            [
                                29.2378092,
                                41.0264272
                            ],
                            [
                                29.2381474,
                                41.0263145
                            ],
                            [
                                29.2384828,
                                41.0260824
                            ],
                            [
                                29.2398895,
                                41.02548
                            ],
                            [
                                29.2412545,
                                41.025668
                            ],
                            [
                                29.2416854,
                                41.0256444
                            ],
                            [
                                29.2422405,
                                41.0255885
                            ],
                            [
                                29.24283,
                                41.0255457
                            ],
                            [
                                29.2425385,
                                41.0245121
                            ],
                            [
                                29.2423563,
                                41.0244769
                            ],
                            [
                                29.2422903,
                                41.0238725
                            ],
                            [
                                29.2426014,
                                41.022885
                            ],
                            [
                                29.2428387,
                                41.021942
                            ],
                            [
                                29.2437682,
                                41.0218466
                            ],
                            [
                                29.2444562,
                                41.0218758
                            ],
                            [
                                29.2459919,
                                41.0218164
                            ],
                            [
                                29.2458951,
                                41.0221079
                            ],
                            [
                                29.2458844,
                                41.0224802
                            ],
                            [
                                29.2460592,
                                41.0229869
                            ],
                            [
                                29.2458062,
                                41.0231273
                            ],
                            [
                                29.246127,
                                41.0246278
                            ],
                            [
                                29.2463148,
                                41.0245803
                            ],
                            [
                                29.2463851,
                                41.024381
                            ],
                            [
                                29.2462873,
                                41.0240333
                            ],
                            [
                                29.2462005,
                                41.0236089
                            ],
                            [
                                29.2467318,
                                41.0236984
                            ],
                            [
                                29.2477376,
                                41.0239093
                            ],
                            [
                                29.2479608,
                                41.0234831
                            ],
                            [
                                29.2491102,
                                41.0235113
                            ],
                            [
                                29.2491284,
                                41.0237757
                            ],
                            [
                                29.2498648,
                                41.0249247
                            ],
                            [
                                29.2511435,
                                41.02524
                            ],
                            [
                                29.2513847,
                                41.0252985
                            ],
                            [
                                29.2514705,
                                41.0253591
                            ],
                            [
                                29.2515388,
                                41.0254324
                            ],
                            [
                                29.2510316,
                                41.0264462
                            ],
                            [
                                29.2510811,
                                41.026509
                            ],
                            [
                                29.2511966,
                                41.026571
                            ],
                            [
                                29.2500653,
                                41.0281515
                            ],
                            [
                                29.2503176,
                                41.0281683
                            ],
                            [
                                29.2505605,
                                41.0281837
                            ],
                            [
                                29.2510177,
                                41.0281864
                            ],
                            [
                                29.2522884,
                                41.0281346
                            ],
                            [
                                29.257316,
                                41.0278405
                            ],
                            [
                                29.2581039,
                                41.0278146
                            ],
                            [
                                29.2580685,
                                41.0283221
                            ],
                            [
                                29.2578554,
                                41.0291606
                            ],
                            [
                                29.2581631,
                                41.0292262
                            ],
                            [
                                29.2581218,
                                41.0294258
                            ],
                            [
                                29.2580606,
                                41.0298228
                            ],
                            [
                                29.2579667,
                                41.030171
                            ],
                            [
                                29.257841,
                                41.0305992
                            ],
                            [
                                29.2577045,
                                41.0311077
                            ],
                            [
                                29.2575137,
                                41.0316235
                            ],
                            [
                                29.2570343,
                                41.0322774
                            ],
                            [
                                29.2569571,
                                41.0323844
                            ],
                            [
                                29.2566749,
                                41.0325393
                            ],
                            [
                                29.2562373,
                                41.0327569
                            ],
                            [
                                29.2560293,
                                41.0328623
                            ],
                            [
                                29.2559392,
                                41.0329547
                            ],
                            [
                                29.2557876,
                                41.0331774
                            ],
                            [
                                29.2557596,
                                41.033293
                            ],
                            [
                                29.2557828,
                                41.0333714
                            ],
                            [
                                29.255917,
                                41.0334733
                            ],
                            [
                                29.2561004,
                                41.0335733
                            ],
                            [
                                29.2565032,
                                41.0338168
                            ],
                            [
                                29.2567981,
                                41.0340317
                            ],
                            [
                                29.2567956,
                                41.0340659
                            ],
                            [
                                29.2564282,
                                41.0344791
                            ],
                            [
                                29.2558435,
                                41.0350173
                            ],
                            [
                                29.2553687,
                                41.0352985
                            ],
                            [
                                29.2551407,
                                41.0354179
                            ],
                            [
                                29.2548054,
                                41.0354664
                            ],
                            [
                                29.2544219,
                                41.0355008
                            ],
                            [
                                29.2541859,
                                41.0354725
                            ],
                            [
                                29.2539203,
                                41.0354158
                            ],
                            [
                                29.2537862,
                                41.0354158
                            ],
                            [
                                29.2537004,
                                41.035432
                            ],
                            [
                                29.2536494,
                                41.0354482
                            ],
                            [
                                29.2536038,
                                41.0354887
                            ],
                            [
                                29.2536065,
                                41.0355291
                            ],
                            [
                                29.253687,
                                41.0356627
                            ],
                            [
                                29.2538157,
                                41.035956
                            ],
                            [
                                29.2538881,
                                41.0360997
                            ],
                            [
                                29.2539471,
                                41.0362555
                            ],
                            [
                                29.2540115,
                                41.0363202
                            ],
                            [
                                29.2540812,
                                41.0363586
                            ],
                            [
                                29.254151,
                                41.0364153
                            ],
                            [
                                29.2542502,
                                41.0364881
                            ],
                            [
                                29.2543656,
                                41.0366014
                            ],
                            [
                                29.2544192,
                                41.0367329
                            ],
                            [
                                29.2545533,
                                41.0371376
                            ],
                            [
                                29.2546231,
                                41.0375867
                            ],
                            [
                                29.2546874,
                                41.0377324
                            ],
                            [
                                29.2547733,
                                41.0378173
                            ],
                            [
                                29.2548484,
                                41.0378942
                            ],
                            [
                                29.2549717,
                                41.0379873
                            ],
                            [
                                29.2550683,
                                41.0380925
                            ],
                            [
                                29.2554116,
                                41.0385457
                            ],
                            [
                                29.2559051,
                                41.0392011
                            ],
                            [
                                29.2558622,
                                41.0394034
                            ],
                            [
                                29.2558247,
                                41.0398607
                            ],
                            [
                                29.2558247,
                                41.0401722
                            ],
                            [
                                29.2558944,
                                41.0404393
                            ],
                            [
                                29.25605,
                                41.0407468
                            ],
                            [
                                29.2552668,
                                41.0414103
                            ],
                            [
                                29.2553151,
                                41.0416369
                            ],
                            [
                                29.2554492,
                                41.0419161
                            ],
                            [
                                29.2557442,
                                41.0421548
                            ],
                            [
                                29.2559695,
                                41.0423004
                            ],
                            [
                                29.2562163,
                                41.0423813
                            ],
                            [
                                29.2563826,
                                41.0424097
                            ],
                            [
                                29.2569378,
                                41.0424461
                            ],
                            [
                                29.2568842,
                                41.0426868
                            ],
                            [
                                29.2568573,
                                41.042966
                            ],
                            [
                                29.2568627,
                                41.0433969
                            ],
                            [
                                29.2569197,
                                41.0441479
                            ],
                            [
                                29.2565596,
                                41.0442101
                            ],
                            [
                                29.2555028,
                                41.0444205
                            ],
                            [
                                29.2551273,
                                41.0444852
                            ],
                            [
                                29.2548805,
                                41.0446066
                            ],
                            [
                                29.2546928,
                                41.0447684
                            ],
                            [
                                29.2540973,
                                41.045347
                            ],
                            [
                                29.2531961,
                                41.0462411
                            ],
                            [
                                29.2524773,
                                41.0467954
                            ],
                            [
                                29.2521286,
                                41.0464717
                            ],
                            [
                                29.2520428,
                                41.0461035
                            ],
                            [
                                29.2502242,
                                41.0465122
                            ],
                            [
                                29.2491889,
                                41.0467428
                            ],
                            [
                                29.2470646,
                                41.0477016
                            ],
                            [
                                29.246909,
                                41.0477259
                            ],
                            [
                                29.2441517,
                                41.0483327
                            ],
                            [
                                29.2411905,
                                41.0475114
                            ],
                            [
                                29.2410296,
                                41.0466012
                            ],
                            [
                                29.2404717,
                                41.0463989
                            ],
                            [
                                29.2403537,
                                41.0452013
                            ],
                            [
                                29.2401499,
                                41.0449505
                            ],
                            [
                                29.239651,
                                41.0443112
                            ],
                            [
                                29.2382884,
                                41.0447887
                            ],
                            [
                                29.2380738,
                                41.0440645
                            ],
                            [
                                29.2377251,
                                41.0433119
                            ],
                            [
                                29.2374784,
                                41.0428871
                            ],
                            [
                                29.236663,
                                41.0418513
                            ],
                            [
                                29.2362177,
                                41.0412525
                            ],
                            [
                                29.2360558,
                                41.04098
                            ],
                            [
                                29.2358776,
                                41.0409881
                            ],
                            [
                                29.2356867,
                                41.0409369
                            ],
                            [
                                29.2352039,
                                41.0406577
                            ],
                            [
                                29.235059,
                                41.0405687
                            ],
                            [
                                29.2349195,
                                41.040241
                            ],
                            [
                                29.2347372,
                                41.039626
                            ],
                            [
                                29.2340237,
                                41.0373682
                            ],
                            [
                                29.233852,
                                41.0367289
                            ],
                            [
                                29.2332458,
                                41.0363768
                            ],
                            [
                                29.2325395,
                                41.0361114
                            ]
                        ]
                    ]
                ]
            }
        },
        {
            "type": "Feature",
            "properties": {
                "type": "relation",
                "id": 9644306,
                "tags": {
                    "admin_level": "8",
                    "boundary": "administrative",
                    "name": "Alemdağ Mahallesi",
                    "type": "boundary",
                    "wikidata": "Q6071231"
                }
            },
            "geometry": {
                "type": "MultiPolygon",
                "coordinates": [
                    [
                        [
                            [
                                29.2040306,
                                41.0755994
                            ],
                            [
                                29.2040289,
                                41.0755418
                            ],
                            [
                                29.2040042,
                                41.0754582
                            ],
                            [
                                29.2038933,
                                41.075291
                            ],
                            [
                                29.2037208,
                                41.0751423
                            ],
                            [
                                29.2035359,
                                41.0750216
                            ],
                            [
                                29.2033141,
                                41.0748915
                            ],
                            [
                                29.2032155,
                                41.0747428
                            ],
                            [
                                29.2032032,
                                41.0746035
                            ],
                            [
                                29.2031662,
                                41.0744269
                            ],
                            [
                                29.203043,
                                41.0743712
                            ],
                            [
                                29.2029444,
                                41.0743248
                            ],
                            [
                                29.2027718,
                                41.0742318
                            ],
                            [
                                29.2026732,
                                41.0740089
                            ],
                            [
                                29.202587,
                                41.0737766
                            ],
                            [
                                29.2025746,
                                41.0735815
                            ],
                            [
                                29.2026116,
                                41.0733864
                            ],
                            [
                                29.2026856,
                                41.0731727
                            ],
                            [
                                29.2026856,
                                41.073024
                            ],
                            [
                                29.2026732,
                                41.0727082
                            ],
                            [
                                29.2026486,
                                41.072448
                            ],
                            [
                                29.2026732,
                                41.0722343
                            ],
                            [
                                29.2026856,
                                41.0719463
                            ],
                            [
                                29.2028088,
                                41.0717512
                            ],
                            [
                                29.2029197,
                                41.0715375
                            ],
                            [
                                29.2030183,
                                41.0713517
                            ],
                            [
                                29.2030306,
                                41.0711751
                            ],
                            [
                                29.2030553,
                                41.0709614
                            ],
                            [
                                29.2031909,
                                41.070757
                            ],
                            [
                                29.2032648,
                                41.0705712
                            ],
                            [
                                29.2034497,
                                41.0702832
                            ],
                            [
                                29.2036116,
                                41.0701161
                            ],
                            [
                                29.2036838,
                                41.0700416
                            ],
                            [
                                29.2040042,
                                41.0696049
                            ],
                            [
                                29.2042384,
                                41.0692518
                            ],
                            [
                                29.2044602,
                                41.0689824
                            ],
                            [
                                29.2046944,
                                41.0687687
                            ],
                            [
                                29.2049162,
                                41.0684435
                            ],
                            [
                                29.2051011,
                                41.0683413
                            ],
                            [
                                29.2051874,
                                41.0682205
                            ],
                            [
                                29.2052367,
                                41.0680532
                            ],
                            [
                                29.2052243,
                                41.0679417
                            ],
                            [
                                29.2053599,
                                41.0677373
                            ],
                            [
                                29.2055324,
                                41.06744
                            ],
                            [
                                29.2056434,
                                41.0672542
                            ],
                            [
                                29.2055571,
                                41.067059
                            ],
                            [
                                29.2054215,
                                41.0669011
                            ],
                            [
                                29.2052983,
                                41.0667059
                            ],
                            [
                                29.2052243,
                                41.0665015
                            ],
                            [
                                29.2052243,
                                41.066325
                            ],
                            [
                                29.2052613,
                                41.0661484
                            ],
                            [
                                29.2052613,
                                41.0659719
                            ],
                            [
                                29.2052243,
                                41.0658418
                            ],
                            [
                                29.205249,
                                41.0654515
                            ],
                            [
                                29.2053106,
                                41.0651728
                            ],
                            [
                                29.2054092,
                                41.0649312
                            ],
                            [
                                29.2055324,
                                41.0647732
                            ],
                            [
                                29.2056557,
                                41.064671
                            ],
                            [
                                29.2058036,
                                41.0645595
                            ],
                            [
                                29.2059638,
                                41.0644201
                            ],
                            [
                                29.206198,
                                41.0641971
                            ],
                            [
                                29.2064075,
                                41.0639462
                            ],
                            [
                                29.206543,
                                41.0637511
                            ],
                            [
                                29.2067156,
                                41.0635095
                            ],
                            [
                                29.2068142,
                                41.0633515
                            ],
                            [
                                29.2068511,
                                41.0631471
                            ],
                            [
                                29.2068881,
                                41.0629241
                            ],
                            [
                                29.2069794,
                                41.0627862
                            ],
                            [
                                29.207036,
                                41.0627011
                            ],
                            [
                                29.2071469,
                                41.0625989
                            ],
                            [
                                29.2072948,
                                41.0624966
                            ],
                            [
                                29.2079726,
                                41.0621993
                            ],
                            [
                                29.2084656,
                                41.0618833
                            ],
                            [
                                29.2086628,
                                41.0617068
                            ],
                            [
                                29.2088723,
                                41.0615395
                            ],
                            [
                                29.2091065,
                                41.0612607
                            ],
                            [
                                29.2092297,
                                41.060982
                            ],
                            [
                                29.209316,
                                41.060824
                            ],
                            [
                                29.2093653,
                                41.0606381
                            ],
                            [
                                29.2095008,
                                41.0604987
                            ],
                            [
                                29.2097227,
                                41.0600713
                            ],
                            [
                                29.2097843,
                                41.0598668
                            ],
                            [
                                29.2097596,
                                41.0596903
                            ],
                            [
                                29.209772,
                                41.0595881
                            ],
                            [
                                29.2098582,
                                41.0595044
                            ],
                            [
                                29.2101294,
                                41.0593836
                            ],
                            [
                                29.2102773,
                                41.0592442
                            ],
                            [
                                29.2104217,
                                41.0590486
                            ],
                            [
                                29.2105827,
                                41.059172
                            ],
                            [
                                29.2108402,
                                41.0589616
                            ],
                            [
                                29.2110762,
                                41.0589454
                            ],
                            [
                                29.214209,
                                41.0584439
                            ],
                            [
                                29.2143807,
                                41.058363
                            ],
                            [
                                29.2146167,
                                41.0582659
                            ],
                            [
                                29.2148313,
                                41.0580555
                            ],
                            [
                                29.2150673,
                                41.0578776
                            ],
                            [
                                29.2152175,
                                41.0576672
                            ],
                            [
                                29.2154321,
                                41.0574731
                            ],
                            [
                                29.2159042,
                                41.0569877
                            ],
                            [
                                29.2163102,
                                41.0565868
                            ],
                            [
                                29.2164819,
                                41.0563765
                            ],
                            [
                                29.2165248,
                                41.0561985
                            ],
                            [
                                29.2165248,
                                41.0559558
                            ],
                            [
                                29.2165462,
                                41.0551629
                            ],
                            [
                                29.2166106,
                                41.0549688
                            ],
                            [
                                29.2167394,
                                41.0548717
                            ],
                            [
                                29.2168896,
                                41.0548231
                            ],
                            [
                                29.2170827,
                                41.054807
                            ],
                            [
                                29.2170183,
                                41.0545966
                            ],
                            [
                                29.2180054,
                                41.0518782
                            ],
                            [
                                29.2198293,
                                41.0502438
                            ],
                            [
                                29.2203443,
                                41.0498231
                            ],
                            [
                                29.220473,
                                41.0492891
                            ],
                            [
                                29.2208807,
                                41.0491596
                            ],
                            [
                                29.2249147,
                                41.0460849
                            ],
                            [
                                29.2249791,
                                41.0458584
                            ],
                            [
                                29.2250864,
                                41.0456803
                            ],
                            [
                                29.2252366,
                                41.0455023
                            ],
                            [
                                29.2255799,
                                41.045389
                            ],
                            [
                                29.2257301,
                                41.0452758
                            ],
                            [
                                29.2257516,
                                41.0450654
                            ],
                            [
                                29.2258803,
                                41.0449035
                            ],
                            [
                                29.2260949,
                                41.0448712
                            ],
                            [
                                29.2260949,
                                41.044677
                            ],
                            [
                                29.2264168,
                                41.0446122
                            ],
                            [
                                29.2264382,
                                41.0445232
                            ],
                            [
                                29.2270982,
                                41.0434333
                            ],
                            [
                                29.2275703,
                                41.0430044
                            ],
                            [
                                29.2279994,
                                41.0423975
                            ],
                            [
                                29.2281604,
                                41.04226
                            ],
                            [
                                29.2292011,
                                41.0416369
                            ],
                            [
                                29.2298663,
                                41.0411352
                            ],
                            [
                                29.2299628,
                                41.0408196
                            ],
                            [
                                29.2299735,
                                41.0406173
                            ],
                            [
                                29.2298663,
                                41.0401641
                            ],
                            [
                                29.2298663,
                                41.0399456
                            ],
                            [
                                29.2298555,
                                41.0397514
                            ],
                            [
                                29.2298984,
                                41.0395896
                            ],
                            [
                                29.2300272,
                                41.039452
                            ],
                            [
                                29.230274,
                                41.039274
                            ],
                            [
                                29.2304134,
                                41.0391364
                            ],
                            [
                                29.2305141,
                                41.0390053
                            ],
                            [
                                29.2311368,
                                41.0387202
                            ],
                            [
                                29.2316031,
                                41.0384368
                            ],
                            [
                                29.2319658,
                                41.0381255
                            ],
                            [
                                29.2320001,
                                41.0380719
                            ],
                            [
                                29.2319938,
                                41.0375995
                            ],
                            [
                                29.2320956,
                                41.0372206
                            ],
                            [
                                29.2324505,
                                41.0365461
                            ],
                            [
                                29.2325395,
                                41.0361114
                            ],
                            [
                                29.2332458,
                                41.0363768
                            ],
                            [
                                29.233852,
                                41.0367289
                            ],
                            [
                                29.2340237,
                                41.0373682
                            ],
                            [
                                29.2347372,
                                41.039626
                            ],
                            [
                                29.2349195,
                                41.040241
                            ],
                            [
                                29.235059,
                                41.0405687
                            ],
                            [
                                29.2352039,
                                41.0406577
                            ],
                            [
                                29.2356867,
                                41.0409369
                            ],
                            [
                                29.2358776,
                                41.0409881
                            ],
                            [
                                29.2360558,
                                41.04098
                            ],
                            [
                                29.2362177,
                                41.0412525
                            ],
                            [
                                29.236663,
                                41.0418513
                            ],
                            [
                                29.2374784,
                                41.0428871
                            ],
                            [
                                29.2377251,
                                41.0433119
                            ],
                            [
                                29.2380738,
                                41.0440645
                            ],
                            [
                                29.2382884,
                                41.0447887
                            ],
                            [
                                29.239651,
                                41.0443112
                            ],
                            [
                                29.2401499,
                                41.0449505
                            ],
                            [
                                29.2403537,
                                41.0452013
                            ],
                            [
                                29.2404717,
                                41.0463989
                            ],
                            [
                                29.2403698,
                                41.0466133
                            ],
                            [
                                29.240241,
                                41.0473698
                            ],
                            [
                                29.2401338,
                                41.0475317
                            ],
                            [
                                29.2401069,
                                41.0477825
                            ],
                            [
                                29.2400318,
                                41.0481304
                            ],
                            [
                                29.2400479,
                                41.0483974
                            ],
                            [
                                29.2400426,
                                41.0485957
                            ],
                            [
                                29.2399889,
                                41.0489274
                            ],
                            [
                                29.2397958,
                                41.0492066
                            ],
                            [
                                29.2396831,
                                41.0494088
                            ],
                            [
                                29.2396563,
                                41.0495666
                            ],
                            [
                                29.2397743,
                                41.0502988
                            ],
                            [
                                29.2399567,
                                41.0515853
                            ],
                            [
                                29.2399567,
                                41.0521274
                            ],
                            [
                                29.2393291,
                                41.0530174
                            ],
                            [
                                29.2383045,
                                41.0545141
                            ],
                            [
                                29.2381382,
                                41.0549429
                            ],
                            [
                                29.2382026,
                                41.0563506
                            ],
                            [
                                29.2383474,
                                41.0571799
                            ],
                            [
                                29.2388087,
                                41.0575965
                            ],
                            [
                                29.2391628,
                                41.057884
                            ],
                            [
                                29.2394735,
                                41.0581761
                            ],
                            [
                                29.2395705,
                                41.0584136
                            ],
                            [
                                29.2392111,
                                41.0596433
                            ],
                            [
                                29.2391145,
                                41.0602095
                            ],
                            [
                                29.2390501,
                                41.0606949
                            ],
                            [
                                29.2391628,
                                41.0610509
                            ],
                            [
                                29.240402,
                                41.0633685
                            ],
                            [
                                29.2411691,
                                41.0648286
                            ],
                            [
                                29.2416787,
                                41.0657791
                            ],
                            [
                                29.2411744,
                                41.0659247
                            ],
                            [
                                29.2409599,
                                41.0658923
                            ],
                            [
                                29.2402196,
                                41.0655769
                            ],
                            [
                                29.2397475,
                                41.0653423
                            ],
                            [
                                29.239372,
                                41.0653585
                            ],
                            [
                                29.2382562,
                                41.0654798
                            ],
                            [
                                29.2377305,
                                41.065407
                            ],
                            [
                                29.2372048,
                                41.0653989
                            ],
                            [
                                29.2366469,
                                41.0653018
                            ],
                            [
                                29.2359173,
                                41.0651401
                            ],
                            [
                                29.2355955,
                                41.0650268
                            ],
                            [
                                29.2338788,
                                41.0646871
                            ],
                            [
                                29.2334497,
                                41.0653504
                            ],
                            [
                                29.2332137,
                                41.065496
                            ],
                            [
                                29.2329776,
                                41.0656254
                            ],
                            [
                                29.2328274,
                                41.0657872
                            ],
                            [
                                29.2326128,
                                41.0659409
                            ],
                            [
                                29.2323553,
                                41.0660137
                            ],
                            [
                                29.2320549,
                                41.066038
                            ],
                            [
                                29.2318296,
                                41.066135
                            ],
                            [
                                29.2316794,
                                41.0662806
                            ],
                            [
                                29.2313361,
                                41.0666204
                            ],
                            [
                                29.2310893,
                                41.0669924
                            ],
                            [
                                29.2307567,
                                41.0672998
                            ],
                            [
                                29.2303598,
                                41.0676396
                            ],
                            [
                                29.2297912,
                                41.0679227
                            ],
                            [
                                29.2291796,
                                41.0682462
                            ],
                            [
                                29.2288899,
                                41.0684161
                            ],
                            [
                                29.228611,
                                41.0685455
                            ],
                            [
                                29.2279136,
                                41.0688691
                            ],
                            [
                                29.2276776,
                                41.0690551
                            ],
                            [
                                29.2273557,
                                41.0693705
                            ],
                            [
                                29.2271304,
                                41.0697022
                            ],
                            [
                                29.2270338,
                                41.0699691
                            ],
                            [
                                29.2269266,
                                41.0701228
                            ],
                            [
                                29.2267871,
                                41.070325
                            ],
                            [
                                29.2266905,
                                41.0704625
                            ],
                            [
                                29.2266369,
                                41.0707375
                            ],
                            [
                                29.2266476,
                                41.0709074
                            ],
                            [
                                29.226948,
                                41.0710368
                            ],
                            [
                                29.227227,
                                41.0711662
                            ],
                            [
                                29.2273343,
                                41.0714008
                            ],
                            [
                                29.2275166,
                                41.0715949
                            ],
                            [
                                29.2279565,
                                41.0717
                            ],
                            [
                                29.2288685,
                                41.072428
                            ],
                            [
                                29.2290187,
                                41.073528
                            ],
                            [
                                29.228214,
                                41.0745956
                            ],
                            [
                                29.2285788,
                                41.0754529
                            ],
                            [
                                29.2294156,
                                41.0759624
                            ],
                            [
                                29.2287612,
                                41.0766176
                            ],
                            [
                                29.2283749,
                                41.0767955
                            ],
                            [
                                29.2276883,
                                41.0770866
                            ],
                            [
                                29.2273557,
                                41.0774263
                            ],
                            [
                                29.2271089,
                                41.0775153
                            ],
                            [
                                29.2266369,
                                41.077669
                            ],
                            [
                                29.2262936,
                                41.0778388
                            ],
                            [
                                29.226079,
                                41.0780572
                            ],
                            [
                                29.2258,
                                41.0784292
                            ],
                            [
                                29.2256498,
                                41.0787608
                            ],
                            [
                                29.2256284,
                                41.0790681
                            ],
                            [
                                29.2263257,
                                41.0797394
                            ],
                            [
                                29.2267549,
                                41.0801842
                            ],
                            [
                                29.2268944,
                                41.0804106
                            ],
                            [
                                29.2269909,
                                41.0806209
                            ],
                            [
                                29.2270553,
                                41.0807907
                            ],
                            [
                                29.2270553,
                                41.0809524
                            ],
                            [
                                29.2270338,
                                41.0811384
                            ],
                            [
                                29.2269373,
                                41.0813083
                            ],
                            [
                                29.2268193,
                                41.0814862
                            ],
                            [
                                29.2267764,
                                41.0816156
                            ],
                            [
                                29.2267656,
                                41.0817612
                            ],
                            [
                                29.2265725,
                                41.081931
                            ],
                            [
                                29.2263257,
                                41.0821898
                            ],
                            [
                                29.2259717,
                                41.0824081
                            ],
                            [
                                29.2255318,
                                41.0826022
                            ],
                            [
                                29.2250812,
                                41.0826184
                            ],
                            [
                                29.2248881,
                                41.0825456
                            ],
                            [
                                29.2244267,
                                41.0822949
                            ],
                            [
                                29.2240727,
                                41.0821251
                            ],
                            [
                                29.2231929,
                                41.0819876
                            ],
                            [
                                29.2220986,
                                41.0814619
                            ],
                            [
                                29.2211544,
                                41.0812355
                            ],
                            [
                                29.2200386,
                                41.081001
                            ],
                            [
                                29.2198455,
                                41.0808311
                            ],
                            [
                                29.2191052,
                                41.0806532
                            ],
                            [
                                29.2184937,
                                41.0804996
                            ],
                            [
                                29.2183435,
                                41.0803863
                            ],
                            [
                                29.2176032,
                                41.080451
                            ],
                            [
                                29.2171311,
                                41.0805966
                            ],
                            [
                                29.2166805,
                                41.0807422
                            ],
                            [
                                29.2161119,
                                41.0808958
                            ],
                            [
                                29.2155433,
                                41.0811627
                            ],
                            [
                                29.2151141,
                                41.0811708
                            ],
                            [
                                29.2146313,
                                41.0810899
                            ],
                            [
                                29.2144382,
                                41.0810091
                            ],
                            [
                                29.2137623,
                                41.081001
                            ],
                            [
                                29.2135262,
                                41.0811061
                            ],
                            [
                                29.213376,
                                41.0811951
                            ],
                            [
                                29.21314,
                                41.0812759
                            ],
                            [
                                29.2128503,
                                41.0813083
                            ],
                            [
                                29.2127967,
                                41.0814781
                            ],
                            [
                                29.2128611,
                                41.0815752
                            ],
                            [
                                29.2129469,
                                41.0816884
                            ],
                            [
                                29.2131185,
                                41.0818582
                            ],
                            [
                                29.2131722,
                                41.0820361
                            ],
                            [
                                29.2129898,
                                41.0821574
                            ],
                            [
                                29.2127538,
                                41.0822464
                            ],
                            [
                                29.2125499,
                                41.0823677
                            ],
                            [
                                29.2119706,
                                41.0833058
                            ],
                            [
                                29.2109299,
                                41.0833058
                            ],
                            [
                                29.2108762,
                                41.0834433
                            ],
                            [
                                29.2109513,
                                41.083605
                            ],
                            [
                                29.2111981,
                                41.0837425
                            ],
                            [
                                29.2113054,
                                41.083888
                            ],
                            [
                                29.2113483,
                                41.0841225
                            ],
                            [
                                29.2113912,
                                41.0843813
                            ],
                            [
                                29.2112946,
                                41.0846078
                            ],
                            [
                                29.2114127,
                                41.0847533
                            ],
                            [
                                29.2116058,
                                41.0849393
                            ],
                            [
                                29.211638,
                                41.0851496
                            ],
                            [
                                29.2119169,
                                41.08519
                            ],
                            [
                                29.2119491,
                                41.085279
                            ],
                            [
                                29.2117989,
                                41.0854811
                            ],
                            [
                                29.2115521,
                                41.0857965
                            ],
                            [
                                29.2114127,
                                41.085934
                            ],
                            [
                                29.2113697,
                                41.08612
                            ],
                            [
                                29.2111766,
                                41.0863706
                            ],
                            [
                                29.2109084,
                                41.0865566
                            ],
                            [
                                29.2108011,
                                41.0868558
                            ],
                            [
                                29.2107475,
                                41.0870984
                            ],
                            [
                                29.2110371,
                                41.0873006
                            ],
                            [
                                29.2112625,
                                41.0874461
                            ],
                            [
                                29.2113054,
                                41.0876645
                            ],
                            [
                                29.2115199,
                                41.0878666
                            ],
                            [
                                29.2115307,
                                41.0883599
                            ],
                            [
                                29.2111015,
                                41.0883276
                            ],
                            [
                                29.2105973,
                                41.0888451
                            ],
                            [
                                29.2104256,
                                41.0889664
                            ],
                            [
                                29.2103934,
                                41.0892332
                            ],
                            [
                                29.2102218,
                                41.0895324
                            ],
                            [
                                29.2101359,
                                41.0897912
                            ],
                            [
                                29.2100506,
                                41.0899912
                            ],
                            [
                                29.2099553,
                                41.0903394
                            ],
                            [
                                29.2093048,
                                41.0906336
                            ],
                            [
                                29.2083453,
                                41.0906949
                            ],
                            [
                                29.2083941,
                                41.0905233
                            ],
                            [
                                29.2087356,
                                41.0902046
                            ],
                            [
                                29.2087681,
                                41.0898737
                            ],
                            [
                                29.2089145,
                                41.0892976
                            ],
                            [
                                29.2089308,
                                41.0887584
                            ],
                            [
                                29.2088332,
                                41.0883539
                            ],
                            [
                                29.2087031,
                                41.0879985
                            ],
                            [
                                29.2084266,
                                41.087643
                            ],
                            [
                                29.2078575,
                                41.087116
                            ],
                            [
                                29.2077274,
                                41.0868831
                            ],
                            [
                                29.2076298,
                                41.086687
                            ],
                            [
                                29.2073859,
                                41.0864909
                            ],
                            [
                                29.2070119,
                                41.0863683
                            ],
                            [
                                29.2066866,
                                41.0861845
                            ],
                            [
                                29.2065077,
                                41.0859516
                            ],
                            [
                                29.2064427,
                                41.0857432
                            ],
                            [
                                29.2064427,
                                41.0855961
                            ],
                            [
                                29.2065403,
                                41.085351
                            ],
                            [
                                29.206589,
                                41.0848852
                            ],
                            [
                                29.2067842,
                                41.0843949
                            ],
                            [
                                29.2066704,
                                41.0841007
                            ],
                            [
                                29.2064427,
                                41.0835492
                            ],
                            [
                                29.2061012,
                                41.0825931
                            ],
                            [
                                29.205906,
                                41.082397
                            ],
                            [
                                29.2057434,
                                41.0820292
                            ],
                            [
                                29.2056459,
                                41.0818208
                            ],
                            [
                                29.2053694,
                                41.0815389
                            ],
                            [
                                29.2052068,
                                41.0814163
                            ],
                            [
                                29.2051743,
                                41.0812447
                            ],
                            [
                                29.2052068,
                                41.0809505
                            ],
                            [
                                29.205158,
                                41.0807912
                            ],
                            [
                                29.2049141,
                                41.0806564
                            ],
                            [
                                29.2046864,
                                41.0805093
                            ],
                            [
                                29.2044913,
                                41.0803009
                            ],
                            [
                                29.2042799,
                                41.080117
                            ],
                            [
                                29.2041823,
                                41.0798718
                            ],
                            [
                                29.2040522,
                                41.0792957
                            ],
                            [
                                29.2042148,
                                41.0780086
                            ],
                            [
                                29.2042473,
                                41.0776899
                            ],
                            [
                                29.2042473,
                                41.0771873
                            ],
                            [
                                29.2043449,
                                41.0770034
                            ],
                            [
                                29.2045726,
                                41.0767214
                            ],
                            [
                                29.2045075,
                                41.0765866
                            ],
                            [
                                29.2043937,
                                41.0764272
                            ],
                            [
                                29.2042311,
                                41.0762556
                            ],
                            [
                                29.2040522,
                                41.0758633
                            ],
                            [
                                29.2040306,
                                41.0755994
                            ]
                        ]
                    ]
                ]
            }
        },
        {
            "type": "Feature",
            "properties": {
                "type": "relation",
                "id": 9679470,
                "tags": {
                    "admin_level": "8",
                    "boundary": "administrative",
                    "name": "Çatalmeşe Mahallesi",
                    "type": "boundary",
                    "wikidata": "Q10842549",
                    "wikipedia": "tr:Çatalmeşe, Çekmeköy"
                }
            },
            "geometry": {
                "type": "MultiPolygon",
                "coordinates": [
                    [
                        [
                            [
                                29.2404717,
                                41.0463989
                            ],
                            [
                                29.2410296,
                                41.0466012
                            ],
                            [
                                29.2411905,
                                41.0475114
                            ],
                            [
                                29.2441517,
                                41.0483327
                            ],
                            [
                                29.246909,
                                41.0477259
                            ],
                            [
                                29.2470646,
                                41.0477016
                            ],
                            [
                                29.2491889,
                                41.0467428
                            ],
                            [
                                29.2502242,
                                41.0465122
                            ],
                            [
                                29.2520428,
                                41.0461035
                            ],
                            [
                                29.2521286,
                                41.0464717
                            ],
                            [
                                29.2524773,
                                41.0467954
                            ],
                            [
                                29.2531961,
                                41.0462411
                            ],
                            [
                                29.2540973,
                                41.045347
                            ],
                            [
                                29.2546928,
                                41.0447684
                            ],
                            [
                                29.2548805,
                                41.0446066
                            ],
                            [
                                29.2551273,
                                41.0444852
                            ],
                            [
                                29.2555028,
                                41.0444205
                            ],
                            [
                                29.2565596,
                                41.0442101
                            ],
                            [
                                29.2569197,
                                41.0441479
                            ],
                            [
                                29.2586088,
                                41.0438217
                            ],
                            [
                                29.2592525,
                                41.0437489
                            ],
                            [
                                29.2600036,
                                41.0438581
                            ],
                            [
                                29.2613769,
                                41.0442263
                            ],
                            [
                                29.2621171,
                                41.04438
                            ],
                            [
                                29.2624658,
                                41.0444205
                            ],
                            [
                                29.2626858,
                                41.044376
                            ],
                            [
                                29.2634743,
                                41.0448048
                            ],
                            [
                                29.2645687,
                                41.0453065
                            ],
                            [
                                29.2652875,
                                41.045614
                            ],
                            [
                                29.2661619,
                                41.0460145
                            ],
                            [
                                29.2668593,
                                41.0463341
                            ],
                            [
                                29.2680736,
                                41.0468777
                            ],
                            [
                                29.2679805,
                                41.0477744
                            ],
                            [
                                29.2680287,
                                41.0483772
                            ],
                            [
                                29.2682084,
                                41.0487494
                            ],
                            [
                                29.2679107,
                                41.0491297
                            ],
                            [
                                29.2679483,
                                41.0494331
                            ],
                            [
                                29.2678678,
                                41.049781
                            ],
                            [
                                29.2679053,
                                41.0501492
                            ],
                            [
                                29.2678893,
                                41.050493
                            ],
                            [
                                29.2677712,
                                41.050845
                            ],
                            [
                                29.267841,
                                41.0511484
                            ],
                            [
                                29.2679053,
                                41.0513628
                            ],
                            [
                                29.2680448,
                                41.0516622
                            ],
                            [
                                29.2681736,
                                41.0518482
                            ],
                            [
                                29.2682916,
                                41.0519534
                            ],
                            [
                                29.2684311,
                                41.0521193
                            ],
                            [
                                29.268592,
                                41.0524025
                            ],
                            [
                                29.2688012,
                                41.0527301
                            ],
                            [
                                29.2689031,
                                41.052985
                            ],
                            [
                                29.2690533,
                                41.0531306
                            ],
                            [
                                29.2693108,
                                41.0534178
                            ],
                            [
                                29.269461,
                                41.0538345
                            ],
                            [
                                29.2694557,
                                41.054235
                            ],
                            [
                                29.2693537,
                                41.0545465
                            ],
                            [
                                29.2695469,
                                41.0551775
                            ],
                            [
                                29.269579,
                                41.0554364
                            ],
                            [
                                29.2696273,
                                41.0558773
                            ],
                            [
                                29.2696702,
                                41.056205
                            ],
                            [
                                29.2698526,
                                41.0566216
                            ],
                            [
                                29.2698741,
                                41.0569614
                            ],
                            [
                                29.2699867,
                                41.0573619
                            ],
                            [
                                29.2701209,
                                41.057819
                            ],
                            [
                                29.2702281,
                                41.0582397
                            ],
                            [
                                29.2701638,
                                41.0587048
                            ],
                            [
                                29.2700565,
                                41.059077
                            ],
                            [
                                29.269799,
                                41.0595543
                            ],
                            [
                                29.2696434,
                                41.0598536
                            ],
                            [
                                29.2695308,
                                41.0601367
                            ],
                            [
                                29.2695522,
                                41.0603996
                            ],
                            [
                                29.2696488,
                                41.0606059
                            ],
                            [
                                29.2696273,
                                41.0608446
                            ],
                            [
                                29.2694718,
                                41.061241
                            ],
                            [
                                29.2692679,
                                41.0615322
                            ],
                            [
                                29.2690641,
                                41.0619084
                            ],
                            [
                                29.268946,
                                41.0622441
                            ],
                            [
                                29.2688763,
                                41.0625474
                            ],
                            [
                                29.2688495,
                                41.0629236
                            ],
                            [
                                29.2688709,
                                41.0636435
                            ],
                            [
                                29.2688763,
                                41.0637689
                            ],
                            [
                                29.2688388,
                                41.0641734
                            ],
                            [
                                29.2687422,
                                41.0645981
                            ],
                            [
                                29.2686564,
                                41.0648205
                            ],
                            [
                                29.2686617,
                                41.0650187
                            ],
                            [
                                29.2688763,
                                41.065318
                            ],
                            [
                                29.2693806,
                                41.0657791
                            ],
                            [
                                29.2698258,
                                41.0665031
                            ],
                            [
                                29.2698419,
                                41.0668024
                            ],
                            [
                                29.2698258,
                                41.0672108
                            ],
                            [
                                29.2696327,
                                41.0675627
                            ],
                            [
                                29.2694074,
                                41.0678054
                            ],
                            [
                                29.2692465,
                                41.0680116
                            ],
                            [
                                29.2690962,
                                41.0683109
                            ],
                            [
                                29.2690051,
                                41.0685051
                            ],
                            [
                                29.2689514,
                                41.0688448
                            ],
                            [
                                29.2690158,
                                41.0691724
                            ],
                            [
                                29.2689139,
                                41.069233
                            ],
                            [
                                29.2690503,
                                41.0695866
                            ],
                            [
                                29.2687368,
                                41.0697345
                            ],
                            [
                                29.2684686,
                                41.0697912
                            ],
                            [
                                29.2681682,
                                41.0697588
                            ],
                            [
                                29.2675459,
                                41.0696617
                            ],
                            [
                                29.2671275,
                                41.0699125
                            ],
                            [
                                29.2669022,
                                41.0701471
                            ],
                            [
                                29.2666554,
                                41.0704787
                            ],
                            [
                                29.2661056,
                                41.0709822
                            ],
                            [
                                29.2659017,
                                41.0712087
                            ],
                            [
                                29.2657515,
                                41.0713866
                            ],
                            [
                                29.2656496,
                                41.0716252
                            ],
                            [
                                29.2656308,
                                41.0717506
                            ],
                            [
                                29.2656171,
                                41.0718878
                            ],
                            [
                                29.2651212,
                                41.0716353
                            ],
                            [
                                29.2645633,
                                41.0712552
                            ],
                            [
                                29.2642414,
                                41.0708103
                            ],
                            [
                                29.2640054,
                                41.0700095
                            ],
                            [
                                29.2638659,
                                41.0692775
                            ],
                            [
                                29.2637694,
                                41.0689095
                            ],
                            [
                                29.2636889,
                                41.0685738
                            ],
                            [
                                29.2635924,
                                41.0683554
                            ],
                            [
                                29.2632759,
                                41.0679308
                            ],
                            [
                                29.2629272,
                                41.0673807
                            ],
                            [
                                29.2626589,
                                41.0668671
                            ],
                            [
                                29.2624712,
                                41.0667417
                            ],
                            [
                                29.2620957,
                                41.0665476
                            ],
                            [
                                29.2617845,
                                41.0663777
                            ],
                            [
                                29.261409,
                                41.066135
                            ],
                            [
                                29.2610013,
                                41.0657548
                            ],
                            [
                                29.2604327,
                                41.0655931
                            ],
                            [
                                29.259907,
                                41.0658843
                            ],
                            [
                                29.2597675,
                                41.0661188
                            ],
                            [
                                29.2594242,
                                41.0663939
                            ],
                            [
                                29.2589521,
                                41.0664262
                            ],
                            [
                                29.258759,
                                41.0667093
                            ],
                            [
                                29.2582118,
                                41.0667417
                            ],
                            [
                                29.2575788,
                                41.066402
                            ],
                            [
                                29.2571068,
                                41.0658681
                            ],
                            [
                                29.2569137,
                                41.0652978
                            ],
                            [
                                29.2568278,
                                41.0651401
                            ],
                            [
                                29.2566562,
                                41.0649945
                            ],
                            [
                                29.2563826,
                                41.0648367
                            ],
                            [
                                29.256168,
                                41.0647154
                            ],
                            [
                                29.2558837,
                                41.0647194
                            ],
                            [
                                29.2554277,
                                41.0647801
                            ],
                            [
                                29.2547893,
                                41.0647477
                            ],
                            [
                                29.254505,
                                41.0646466
                            ],
                            [
                                29.2543441,
                                41.0645051
                            ],
                            [
                                29.254151,
                                41.0642907
                            ],
                            [
                                29.2541295,
                                41.0641977
                            ],
                            [
                                29.2538452,
                                41.0640237
                            ],
                            [
                                29.2535877,
                                41.0639995
                            ],
                            [
                                29.2533356,
                                41.0640885
                            ],
                            [
                                29.2529869,
                                41.0641815
                            ],
                            [
                                29.252708,
                                41.0641896
                            ],
                            [
                                29.2525363,
                                41.0642786
                            ],
                            [
                                29.2521554,
                                41.0646122
                            ],
                            [
                                29.2518979,
                                41.0647639
                            ],
                            [
                                29.2516378,
                                41.064956
                            ],
                            [
                                29.2513883,
                                41.0651663
                            ],
                            [
                                29.2491138,
                                41.0651158
                            ],
                            [
                                29.2486846,
                                41.0651077
                            ],
                            [
                                29.2484808,
                                41.0651401
                            ],
                            [
                                29.2482555,
                                41.0652614
                            ],
                            [
                                29.2480838,
                                41.0655041
                            ],
                            [
                                29.2470539,
                                41.0655364
                            ],
                            [
                                29.2468071,
                                41.0655931
                            ],
                            [
                                29.246614,
                                41.0657063
                            ],
                            [
                                29.246496,
                                41.06586
                            ],
                            [
                                29.2463457,
                                41.0659166
                            ],
                            [
                                29.2460346,
                                41.0659732
                            ],
                            [
                                29.2458093,
                                41.0660056
                            ],
                            [
                                29.2456376,
                                41.066135
                            ],
                            [
                                29.2455518,
                                41.0663615
                            ],
                            [
                                29.2456376,
                                41.0670895
                            ],
                            [
                                29.2457342,
                                41.0673645
                            ],
                            [
                                29.2455947,
                                41.0675425
                            ],
                            [
                                29.242816,
                                41.0665556
                            ],
                            [
                                29.2424726,
                                41.0664262
                            ],
                            [
                                29.2416787,
                                41.0657791
                            ],
                            [
                                29.2411691,
                                41.0648286
                            ],
                            [
                                29.240402,
                                41.0633685
                            ],
                            [
                                29.2391628,
                                41.0610509
                            ],
                            [
                                29.2390501,
                                41.0606949
                            ],
                            [
                                29.2391145,
                                41.0602095
                            ],
                            [
                                29.2392111,
                                41.0596433
                            ],
                            [
                                29.2395705,
                                41.0584136
                            ],
                            [
                                29.2394735,
                                41.0581761
                            ],
                            [
                                29.2391628,
                                41.057884
                            ],
                            [
                                29.2388087,
                                41.0575965
                            ],
                            [
                                29.2383474,
                                41.0571799
                            ],
                            [
                                29.2382026,
                                41.0563506
                            ],
                            [
                                29.2381382,
                                41.0549429
                            ],
                            [
                                29.2383045,
                                41.0545141
                            ],
                            [
                                29.2393291,
                                41.0530174
                            ],
                            [
                                29.2399567,
                                41.0521274
                            ],
                            [
                                29.2399567,
                                41.0515853
                            ],
                            [
                                29.2397743,
                                41.0502988
                            ],
                            [
                                29.2396563,
                                41.0495666
                            ],
                            [
                                29.2396831,
                                41.0494088
                            ],
                            [
                                29.2397958,
                                41.0492066
                            ],
                            [
                                29.2399889,
                                41.0489274
                            ],
                            [
                                29.2400426,
                                41.0485957
                            ],
                            [
                                29.2400479,
                                41.0483974
                            ],
                            [
                                29.2400318,
                                41.0481304
                            ],
                            [
                                29.2401069,
                                41.0477825
                            ],
                            [
                                29.2401338,
                                41.0475317
                            ],
                            [
                                29.240241,
                                41.0473698
                            ],
                            [
                                29.2403698,
                                41.0466133
                            ],
                            [
                                29.2404717,
                                41.0463989
                            ]
                        ]
                    ]
                ]
            }
        },
        {
            "type": "Feature",
            "properties": {
                "type": "relation",
                "id": 9679498,
                "tags": {
                    "admin_level": "8",
                    "boundary": "administrative",
                    "name": "Reşadiye Mahallesi",
                    "type": "boundary",
                    "wikidata": "Q6580577"
                }
            },
            "geometry": {
                "type": "MultiPolygon",
                "coordinates": [
                    [
                        [
                            [
                                29.2100506,
                                41.0899912
                            ],
                            [
                                29.2101359,
                                41.0897912
                            ],
                            [
                                29.2102218,
                                41.0895324
                            ],
                            [
                                29.2103934,
                                41.0892332
                            ],
                            [
                                29.2104256,
                                41.0889664
                            ],
                            [
                                29.2105973,
                                41.0888451
                            ],
                            [
                                29.2111015,
                                41.0883276
                            ],
                            [
                                29.2115307,
                                41.0883599
                            ],
                            [
                                29.2115199,
                                41.0878666
                            ],
                            [
                                29.2113054,
                                41.0876645
                            ],
                            [
                                29.2112625,
                                41.0874461
                            ],
                            [
                                29.2110371,
                                41.0873006
                            ],
                            [
                                29.2107475,
                                41.0870984
                            ],
                            [
                                29.2108011,
                                41.0868558
                            ],
                            [
                                29.2109084,
                                41.0865566
                            ],
                            [
                                29.2111766,
                                41.0863706
                            ],
                            [
                                29.2113697,
                                41.08612
                            ],
                            [
                                29.2114127,
                                41.085934
                            ],
                            [
                                29.2115521,
                                41.0857965
                            ],
                            [
                                29.2117989,
                                41.0854811
                            ],
                            [
                                29.2119491,
                                41.085279
                            ],
                            [
                                29.2119169,
                                41.08519
                            ],
                            [
                                29.211638,
                                41.0851496
                            ],
                            [
                                29.2116058,
                                41.0849393
                            ],
                            [
                                29.2114127,
                                41.0847533
                            ],
                            [
                                29.2112946,
                                41.0846078
                            ],
                            [
                                29.2113912,
                                41.0843813
                            ],
                            [
                                29.2113483,
                                41.0841225
                            ],
                            [
                                29.2113054,
                                41.083888
                            ],
                            [
                                29.2111981,
                                41.0837425
                            ],
                            [
                                29.2109513,
                                41.083605
                            ],
                            [
                                29.2108762,
                                41.0834433
                            ],
                            [
                                29.2109299,
                                41.0833058
                            ],
                            [
                                29.2119706,
                                41.0833058
                            ],
                            [
                                29.2125499,
                                41.0823677
                            ],
                            [
                                29.2127538,
                                41.0822464
                            ],
                            [
                                29.2129898,
                                41.0821574
                            ],
                            [
                                29.2131722,
                                41.0820361
                            ],
                            [
                                29.2131185,
                                41.0818582
                            ],
                            [
                                29.2129469,
                                41.0816884
                            ],
                            [
                                29.2128611,
                                41.0815752
                            ],
                            [
                                29.2127967,
                                41.0814781
                            ],
                            [
                                29.2128503,
                                41.0813083
                            ],
                            [
                                29.21314,
                                41.0812759
                            ],
                            [
                                29.213376,
                                41.0811951
                            ],
                            [
                                29.2135262,
                                41.0811061
                            ],
                            [
                                29.2137623,
                                41.081001
                            ],
                            [
                                29.2144382,
                                41.0810091
                            ],
                            [
                                29.2146313,
                                41.0810899
                            ],
                            [
                                29.2151141,
                                41.0811708
                            ],
                            [
                                29.2155433,
                                41.0811627
                            ],
                            [
                                29.2161119,
                                41.0808958
                            ],
                            [
                                29.2166805,
                                41.0807422
                            ],
                            [
                                29.2171311,
                                41.0805966
                            ],
                            [
                                29.2176032,
                                41.080451
                            ],
                            [
                                29.2183435,
                                41.0803863
                            ],
                            [
                                29.2184937,
                                41.0804996
                            ],
                            [
                                29.2191052,
                                41.0806532
                            ],
                            [
                                29.2198455,
                                41.0808311
                            ],
                            [
                                29.2200386,
                                41.081001
                            ],
                            [
                                29.2211544,
                                41.0812355
                            ],
                            [
                                29.2220986,
                                41.0814619
                            ],
                            [
                                29.2231929,
                                41.0819876
                            ],
                            [
                                29.2240727,
                                41.0821251
                            ],
                            [
                                29.2244267,
                                41.0822949
                            ],
                            [
                                29.2248881,
                                41.0825456
                            ],
                            [
                                29.2250812,
                                41.0826184
                            ],
                            [
                                29.2255318,
                                41.0826022
                            ],
                            [
                                29.2259717,
                                41.0824081
                            ],
                            [
                                29.2263257,
                                41.0821898
                            ],
                            [
                                29.2265725,
                                41.081931
                            ],
                            [
                                29.2267656,
                                41.0817612
                            ],
                            [
                                29.2267764,
                                41.0816156
                            ],
                            [
                                29.2268193,
                                41.0814862
                            ],
                            [
                                29.2269373,
                                41.0813083
                            ],
                            [
                                29.2270338,
                                41.0811384
                            ],
                            [
                                29.2270553,
                                41.0809524
                            ],
                            [
                                29.2270553,
                                41.0807907
                            ],
                            [
                                29.2269909,
                                41.0806209
                            ],
                            [
                                29.2268944,
                                41.0804106
                            ],
                            [
                                29.2267549,
                                41.0801842
                            ],
                            [
                                29.2263257,
                                41.0797394
                            ],
                            [
                                29.2256284,
                                41.0790681
                            ],
                            [
                                29.2256498,
                                41.0787608
                            ],
                            [
                                29.2258,
                                41.0784292
                            ],
                            [
                                29.226079,
                                41.0780572
                            ],
                            [
                                29.2262936,
                                41.0778388
                            ],
                            [
                                29.2266369,
                                41.077669
                            ],
                            [
                                29.2271089,
                                41.0775153
                            ],
                            [
                                29.2273557,
                                41.0774263
                            ],
                            [
                                29.2276883,
                                41.0770866
                            ],
                            [
                                29.2283749,
                                41.0767955
                            ],
                            [
                                29.2287612,
                                41.0766176
                            ],
                            [
                                29.2294156,
                                41.0759624
                            ],
                            [
                                29.2285788,
                                41.0754529
                            ],
                            [
                                29.228214,
                                41.0745956
                            ],
                            [
                                29.2290187,
                                41.073528
                            ],
                            [
                                29.2288685,
                                41.072428
                            ],
                            [
                                29.2279565,
                                41.0717
                            ],
                            [
                                29.2275166,
                                41.0715949
                            ],
                            [
                                29.2273343,
                                41.0714008
                            ],
                            [
                                29.227227,
                                41.0711662
                            ],
                            [
                                29.226948,
                                41.0710368
                            ],
                            [
                                29.2266476,
                                41.0709074
                            ],
                            [
                                29.2266369,
                                41.0707375
                            ],
                            [
                                29.2266905,
                                41.0704625
                            ],
                            [
                                29.2267871,
                                41.070325
                            ],
                            [
                                29.2269266,
                                41.0701228
                            ],
                            [
                                29.2270338,
                                41.0699691
                            ],
                            [
                                29.2271304,
                                41.0697022
                            ],
                            [
                                29.2273557,
                                41.0693705
                            ],
                            [
                                29.2276776,
                                41.0690551
                            ],
                            [
                                29.2279136,
                                41.0688691
                            ],
                            [
                                29.228611,
                                41.0685455
                            ],
                            [
                                29.2288899,
                                41.0684161
                            ],
                            [
                                29.2291796,
                                41.0682462
                            ],
                            [
                                29.2297912,
                                41.0679227
                            ],
                            [
                                29.2303598,
                                41.0676396
                            ],
                            [
                                29.2307567,
                                41.0672998
                            ],
                            [
                                29.2310893,
                                41.0669924
                            ],
                            [
                                29.2313361,
                                41.0666204
                            ],
                            [
                                29.2316794,
                                41.0662806
                            ],
                            [
                                29.2318296,
                                41.066135
                            ],
                            [
                                29.2320549,
                                41.066038
                            ],
                            [
                                29.2323553,
                                41.0660137
                            ],
                            [
                                29.2326128,
                                41.0659409
                            ],
                            [
                                29.2328274,
                                41.0657872
                            ],
                            [
                                29.2329776,
                                41.0656254
                            ],
                            [
                                29.2332137,
                                41.065496
                            ],
                            [
                                29.2334497,
                                41.0653504
                            ],
                            [
                                29.2338788,
                                41.0646871
                            ],
                            [
                                29.2355955,
                                41.0650268
                            ],
                            [
                                29.2359173,
                                41.0651401
                            ],
                            [
                                29.2366469,
                                41.0653018
                            ],
                            [
                                29.2372048,
                                41.0653989
                            ],
                            [
                                29.2377305,
                                41.065407
                            ],
                            [
                                29.2382562,
                                41.0654798
                            ],
                            [
                                29.239372,
                                41.0653585
                            ],
                            [
                                29.2397475,
                                41.0653423
                            ],
                            [
                                29.2402196,
                                41.0655769
                            ],
                            [
                                29.2409599,
                                41.0658923
                            ],
                            [
                                29.2411744,
                                41.0659247
                            ],
                            [
                                29.2416787,
                                41.0657791
                            ],
                            [
                                29.2424726,
                                41.0664262
                            ],
                            [
                                29.242816,
                                41.0665556
                            ],
                            [
                                29.2455947,
                                41.0675425
                            ],
                            [
                                29.2457342,
                                41.0673645
                            ],
                            [
                                29.2456376,
                                41.0670895
                            ],
                            [
                                29.2455518,
                                41.0663615
                            ],
                            [
                                29.2456376,
                                41.066135
                            ],
                            [
                                29.2458093,
                                41.0660056
                            ],
                            [
                                29.2460346,
                                41.0659732
                            ],
                            [
                                29.2463457,
                                41.0659166
                            ],
                            [
                                29.246496,
                                41.06586
                            ],
                            [
                                29.246614,
                                41.0657063
                            ],
                            [
                                29.2468071,
                                41.0655931
                            ],
                            [
                                29.2470539,
                                41.0655364
                            ],
                            [
                                29.2480838,
                                41.0655041
                            ],
                            [
                                29.2482555,
                                41.0652614
                            ],
                            [
                                29.2484808,
                                41.0651401
                            ],
                            [
                                29.2486846,
                                41.0651077
                            ],
                            [
                                29.2491138,
                                41.0651158
                            ],
                            [
                                29.2513883,
                                41.0651663
                            ],
                            [
                                29.2516378,
                                41.064956
                            ],
                            [
                                29.2518979,
                                41.0647639
                            ],
                            [
                                29.2521554,
                                41.0646122
                            ],
                            [
                                29.2525363,
                                41.0642786
                            ],
                            [
                                29.252708,
                                41.0641896
                            ],
                            [
                                29.2529869,
                                41.0641815
                            ],
                            [
                                29.2533356,
                                41.0640885
                            ],
                            [
                                29.2535877,
                                41.0639995
                            ],
                            [
                                29.2538452,
                                41.0640237
                            ],
                            [
                                29.2541295,
                                41.0641977
                            ],
                            [
                                29.254151,
                                41.0642907
                            ],
                            [
                                29.2543441,
                                41.0645051
                            ],
                            [
                                29.254505,
                                41.0646466
                            ],
                            [
                                29.2547893,
                                41.0647477
                            ],
                            [
                                29.2554277,
                                41.0647801
                            ],
                            [
                                29.2558837,
                                41.0647194
                            ],
                            [
                                29.256168,
                                41.0647154
                            ],
                            [
                                29.2563826,
                                41.0648367
                            ],
                            [
                                29.2566562,
                                41.0649945
                            ],
                            [
                                29.2568278,
                                41.0651401
                            ],
                            [
                                29.2569137,
                                41.0652978
                            ],
                            [
                                29.2571068,
                                41.0658681
                            ],
                            [
                                29.2575788,
                                41.066402
                            ],
                            [
                                29.2582118,
                                41.0667417
                            ],
                            [
                                29.258759,
                                41.0667093
                            ],
                            [
                                29.2589521,
                                41.0664262
                            ],
                            [
                                29.2594242,
                                41.0663939
                            ],
                            [
                                29.2597675,
                                41.0661188
                            ],
                            [
                                29.259907,
                                41.0658843
                            ],
                            [
                                29.2604327,
                                41.0655931
                            ],
                            [
                                29.2610013,
                                41.0657548
                            ],
                            [
                                29.261409,
                                41.066135
                            ],
                            [
                                29.2617845,
                                41.0663777
                            ],
                            [
                                29.2620957,
                                41.0665476
                            ],
                            [
                                29.2624712,
                                41.0667417
                            ],
                            [
                                29.2626589,
                                41.0668671
                            ],
                            [
                                29.2629272,
                                41.0673807
                            ],
                            [
                                29.2632759,
                                41.0679308
                            ],
                            [
                                29.2635924,
                                41.0683554
                            ],
                            [
                                29.2636889,
                                41.0685738
                            ],
                            [
                                29.2637694,
                                41.0689095
                            ],
                            [
                                29.2638659,
                                41.0692775
                            ],
                            [
                                29.2640054,
                                41.0700095
                            ],
                            [
                                29.2642414,
                                41.0708103
                            ],
                            [
                                29.2645633,
                                41.0712552
                            ],
                            [
                                29.2651212,
                                41.0716353
                            ],
                            [
                                29.2656171,
                                41.0718878
                            ],
                            [
                                29.2657381,
                                41.0723794
                            ],
                            [
                                29.2658454,
                                41.072614
                            ],
                            [
                                29.2660654,
                                41.0729335
                            ],
                            [
                                29.2661726,
                                41.0730346
                            ],
                            [
                                29.2663336,
                                41.073164
                            ],
                            [
                                29.2664784,
                                41.0732166
                            ],
                            [
                                29.2666876,
                                41.0732166
                            ],
                            [
                                29.2669558,
                                41.0731721
                            ],
                            [
                                29.26709,
                                41.0730872
                            ],
                            [
                                29.2671972,
                                41.0730305
                            ],
                            [
                                29.2673743,
                                41.072978
                            ],
                            [
                                29.2675781,
                                41.0729375
                            ],
                            [
                                29.2677176,
                                41.0729133
                            ],
                            [
                                29.268018,
                                41.0729861
                            ],
                            [
                                29.2682433,
                                41.0730791
                            ],
                            [
                                29.2686725,
                                41.0732166
                            ],
                            [
                                29.2688549,
                                41.0734552
                            ],
                            [
                                29.2689943,
                                41.0737302
                            ],
                            [
                                29.2690855,
                                41.0739526
                            ],
                            [
                                29.2690962,
                                41.0741508
                            ],
                            [
                                29.2691177,
                                41.0743125
                            ],
                            [
                                29.269166,
                                41.0744419
                            ],
                            [
                                29.2692518,
                                41.0745026
                            ],
                            [
                                29.2693806,
                                41.0745268
                            ],
                            [
                                29.2694664,
                                41.0744904
                            ],
                            [
                                29.269579,
                                41.0744379
                            ],
                            [
                                29.2697346,
                                41.0743206
                            ],
                            [
                                29.2699599,
                                41.0742357
                            ],
                            [
                                29.2702174,
                                41.0741952
                            ],
                            [
                                29.2704105,
                                41.0741912
                            ],
                            [
                                29.2706948,
                                41.0742357
                            ],
                            [
                                29.2708826,
                                41.0743408
                            ],
                            [
                                29.2711455,
                                41.0745268
                            ],
                            [
                                29.2712527,
                                41.074636
                            ],
                            [
                                29.2713869,
                                41.0749595
                            ],
                            [
                                29.2714083,
                                41.0751739
                            ],
                            [
                                29.2713922,
                                41.0753761
                            ],
                            [
                                29.2714405,
                                41.0765812
                            ],
                            [
                                29.2716551,
                                41.0767874
                            ],
                            [
                                29.2719608,
                                41.0769572
                            ],
                            [
                                29.2723203,
                                41.0770988
                            ],
                            [
                                29.2726314,
                                41.0772282
                            ],
                            [
                                29.2727762,
                                41.0774546
                            ],
                            [
                                29.2730874,
                                41.0778226
                            ],
                            [
                                29.2733395,
                                41.078138
                            ],
                            [
                                29.2735219,
                                41.0786233
                            ],
                            [
                                29.2736453,
                                41.0791368
                            ],
                            [
                                29.2737257,
                                41.0795129
                            ],
                            [
                                29.2737633,
                                41.0798081
                            ],
                            [
                                29.2738008,
                                41.0799617
                            ],
                            [
                                29.2738652,
                                41.0800507
                            ],
                            [
                                29.2739403,
                                41.080168
                            ],
                            [
                                29.2740208,
                                41.0802367
                            ],
                            [
                                29.2741442,
                                41.0802772
                            ],
                            [
                                29.2742997,
                                41.0802893
                            ],
                            [
                                29.274922,
                                41.0803782
                            ],
                            [
                                29.2753136,
                                41.0804025
                            ],
                            [
                                29.2755926,
                                41.0804591
                            ],
                            [
                                29.2758071,
                                41.0805036
                            ],
                            [
                                29.2759681,
                                41.0806047
                            ],
                            [
                                29.2762041,
                                41.0807058
                            ],
                            [
                                29.2768586,
                                41.0810252
                            ],
                            [
                                29.2775345,
                                41.0811951
                            ],
                            [
                                29.2783982,
                                41.0814538
                            ],
                            [
                                29.2788702,
                                41.0818056
                            ],
                            [
                                29.2793477,
                                41.0821008
                            ],
                            [
                                29.2794764,
                                41.0822342
                            ],
                            [
                                29.2795032,
                                41.0823434
                            ],
                            [
                                29.2795461,
                                41.0825011
                            ],
                            [
                                29.2795837,
                                41.0826912
                            ],
                            [
                                29.2795193,
                                41.0828529
                            ],
                            [
                                29.2794013,
                                41.0829661
                            ],
                            [
                                29.2791653,
                                41.0830915
                            ],
                            [
                                29.2788273,
                                41.0831643
                            ],
                            [
                                29.2778027,
                                41.0834918
                            ],
                            [
                                29.2774165,
                                41.0838597
                            ],
                            [
                                29.2773092,
                                41.0840457
                            ],
                            [
                                29.2772448,
                                41.0843409
                            ],
                            [
                                29.2772663,
                                41.084535
                            ],
                            [
                                29.277395,
                                41.0846967
                            ],
                            [
                                29.2775238,
                                41.0848908
                            ],
                            [
                                29.2778724,
                                41.0862615
                            ],
                            [
                                29.2778671,
                                41.0867103
                            ],
                            [
                                29.2775988,
                                41.0870257
                            ],
                            [
                                29.2773092,
                                41.0872359
                            ],
                            [
                                29.2771965,
                                41.0873046
                            ],
                            [
                                29.2771643,
                                41.0873572
                            ],
                            [
                                29.277159,
                                41.0874178
                            ],
                            [
                                29.2772073,
                                41.0875027
                            ],
                            [
                                29.2773253,
                                41.0875432
                            ],
                            [
                                29.2777437,
                                41.0876685
                            ],
                            [
                                29.2784518,
                                41.0877939
                            ],
                            [
                                29.2789024,
                                41.0879111
                            ],
                            [
                                29.2794979,
                                41.0882993
                            ],
                            [
                                29.2797983,
                                41.0888087
                            ],
                            [
                                29.2800397,
                                41.0891524
                            ],
                            [
                                29.2802006,
                                41.0896011
                            ],
                            [
                                29.2802167,
                                41.0897952
                            ],
                            [
                                29.2802864,
                                41.0899044
                            ],
                            [
                                29.2802757,
                                41.0901106
                            ],
                            [
                                29.2802328,
                                41.0902359
                            ],
                            [
                                29.280104,
                                41.0902885
                            ],
                            [
                                29.2794442,
                                41.0905512
                            ],
                            [
                                29.279235,
                                41.0905593
                            ],
                            [
                                29.2791116,
                                41.090624
                            ],
                            [
                                29.2790472,
                                41.0907453
                            ],
                            [
                                29.2790151,
                                41.0908706
                            ],
                            [
                                29.2790472,
                                41.0911981
                            ],
                            [
                                29.2791223,
                                41.0914973
                            ],
                            [
                                29.2792135,
                                41.0916792
                            ],
                            [
                                29.2791545,
                                41.0921199
                            ],
                            [
                                29.2790151,
                                41.0923382
                            ],
                            [
                                29.2788809,
                                41.0925202
                            ],
                            [
                                29.2786771,
                                41.0927668
                            ],
                            [
                                29.2785698,
                                41.0928881
                            ],
                            [
                                29.2785054,
                                41.0930255
                            ],
                            [
                                29.2785001,
                                41.0932034
                            ],
                            [
                                29.2785054,
                                41.0933328
                            ],
                            [
                                29.2785698,
                                41.0934864
                            ],
                            [
                                29.2788112,
                                41.0939635
                            ],
                            [
                                29.27894,
                                41.0941211
                            ],
                            [
                                29.2791706,
                                41.0942182
                            ],
                            [
                                29.2795139,
                                41.0943394
                            ],
                            [
                                29.279868,
                                41.0944243
                            ],
                            [
                                29.2801094,
                                41.0944769
                            ],
                            [
                                29.2802221,
                                41.0945173
                            ],
                            [
                                29.2802328,
                                41.0945739
                            ],
                            [
                                29.280163,
                                41.0946346
                            ],
                            [
                                29.2801523,
                                41.0947639
                            ],
                            [
                                29.280163,
                                41.0948973
                            ],
                            [
                                29.2802381,
                                41.0950671
                            ],
                            [
                                29.2802274,
                                41.0952369
                            ],
                            [
                                29.2793101,
                                41.0966034
                            ],
                            [
                                29.2786503,
                                41.0976989
                            ],
                            [
                                29.2787737,
                                41.0981355
                            ],
                            [
                                29.2786986,
                                41.0990936
                            ],
                            [
                                29.2785913,
                                41.099805
                            ],
                            [
                                29.2783782,
                                41.1007358
                            ],
                            [
                                29.278146,
                                41.1012805
                            ],
                            [
                                29.2777812,
                                41.1017979
                            ],
                            [
                                29.2781715,
                                41.1029105
                            ],
                            [
                                29.2780924,
                                41.1033502
                            ],
                            [
                                29.2772555,
                                41.1033583
                            ],
                            [
                                29.2771912,
                                41.1028732
                            ],
                            [
                                29.2762041,
                                41.1023477
                            ],
                            [
                                29.2753243,
                                41.1017009
                            ],
                            [
                                29.2746162,
                                41.101232
                            ],
                            [
                                29.2740476,
                                41.1008278
                            ],
                            [
                                29.2740008,
                                41.1006549
                            ],
                            [
                                29.2738223,
                                41.1000597
                            ],
                            [
                                29.2729962,
                                41.0997363
                            ],
                            [
                                29.2727709,
                                41.0993321
                            ],
                            [
                                29.2719662,
                                41.0990976
                            ],
                            [
                                29.2707217,
                                41.0990006
                            ],
                            [
                                29.2698419,
                                41.0993321
                            ],
                            [
                                29.2682502,
                                41.099329
                            ],
                            [
                                29.267782,
                                41.0988227
                            ],
                            [
                                29.2676639,
                                41.0983295
                            ],
                            [
                                29.2672348,
                                41.0980142
                            ],
                            [
                                29.2664516,
                                41.0981032
                            ],
                            [
                                29.2655718,
                                41.0984266
                            ],
                            [
                                29.2651212,
                                41.0987985
                            ],
                            [
                                29.2646277,
                                41.0990006
                            ],
                            [
                                29.2644668,
                                41.0991542
                            ],
                            [
                                29.2647886,
                                41.0994453
                            ],
                            [
                                29.26422,
                                41.0998819
                            ],
                            [
                                29.2639625,
                                41.1002457
                            ],
                            [
                                29.2636943,
                                41.1008925
                            ],
                            [
                                29.2638123,
                                41.1014665
                            ],
                            [
                                29.2640269,
                                41.1019677
                            ],
                            [
                                29.264617,
                                41.1022911
                            ],
                            [
                                29.2645633,
                                41.1026872
                            ],
                            [
                                29.2637694,
                                41.1028651
                            ],
                            [
                                29.2627501,
                                41.1028085
                            ],
                            [
                                29.2620313,
                                41.1015635
                            ],
                            [
                                29.2615592,
                                41.1017699
                            ],
                            [
                                29.2607224,
                                41.1032289
                            ],
                            [
                                29.2602572,
                                41.1037109
                            ],
                            [
                                29.2599928,
                                41.1040212
                            ],
                            [
                                29.2593813,
                                41.1044052
                            ],
                            [
                                29.2589039,
                                41.1050843
                            ],
                            [
                                29.2585123,
                                41.1057189
                            ],
                            [
                                29.2579544,
                                41.1060139
                            ],
                            [
                                29.25686,
                                41.1069153
                            ],
                            [
                                29.2561734,
                                41.1074974
                            ],
                            [
                                29.2560178,
                                41.1077035
                            ],
                            [
                                29.2559802,
                                41.1080066
                            ],
                            [
                                29.2565864,
                                41.1093405
                            ],
                            [
                                29.2568815,
                                41.1099952
                            ],
                            [
                                29.2571819,
                                41.1108319
                            ],
                            [
                                29.2569405,
                                41.1113937
                            ],
                            [
                                29.2568624,
                                41.1116418
                            ],
                            [
                                29.2566478,
                                41.111759
                            ],
                            [
                                29.2565549,
                                41.1119008
                            ],
                            [
                                29.2564331,
                                41.1121517
                            ],
                            [
                                29.2563757,
                                41.1123124
                            ],
                            [
                                29.2560943,
                                41.1126977
                            ],
                            [
                                29.2559892,
                                41.1127151
                            ],
                            [
                                29.2558212,
                                41.112745
                            ],
                            [
                                29.2557605,
                                41.1127226
                            ],
                            [
                                29.2555965,
                                41.112578
                            ],
                            [
                                29.2555165,
                                41.1125314
                            ],
                            [
                                29.2554141,
                                41.1125469
                            ],
                            [
                                29.255016,
                                41.1130367
                            ],
                            [
                                29.2549063,
                                41.1131339
                            ],
                            [
                                29.2548006,
                                41.1132137
                            ],
                            [
                                29.2545538,
                                41.1135219
                            ],
                            [
                                29.2543297,
                                41.1137388
                            ],
                            [
                                29.2539742,
                                41.1140735
                            ],
                            [
                                29.2536476,
                                41.1142291
                            ],
                            [
                                29.2534376,
                                41.1143495
                            ],
                            [
                                29.2533467,
                                41.1145648
                            ],
                            [
                                29.2534594,
                                41.1147412
                            ],
                            [
                                29.2534147,
                                41.1149187
                            ],
                            [
                                29.2532882,
                                41.1149803
                            ],
                            [
                                29.2529943,
                                41.1149906
                            ],
                            [
                                29.2526926,
                                41.114882
                            ],
                            [
                                29.2524804,
                                41.1148077
                            ],
                            [
                                29.2523717,
                                41.1147858
                            ],
                            [
                                29.2522575,
                                41.1148578
                            ],
                            [
                                29.2521943,
                                41.1149414
                            ],
                            [
                                29.2521031,
                                41.1150813
                            ],
                            [
                                29.2518964,
                                41.1149457
                            ],
                            [
                                29.2516742,
                                41.114506
                            ],
                            [
                                29.2533277,
                                41.1138575
                            ],
                            [
                                29.253677,
                                41.1132748
                            ],
                            [
                                29.2536944,
                                41.1129088
                            ],
                            [
                                29.2535186,
                                41.1125607
                            ],
                            [
                                29.2532617,
                                41.1121529
                            ],
                            [
                                29.2529434,
                                41.111811
                            ],
                            [
                                29.2524956,
                                41.111609
                            ],
                            [
                                29.2500867,
                                41.111287
                            ],
                            [
                                29.2489621,
                                41.1110129
                            ],
                            [
                                29.2489621,
                                41.1105643
                            ],
                            [
                                29.2492267,
                                41.1099662
                            ],
                            [
                                29.2493425,
                                41.1091439
                            ],
                            [
                                29.249111,
                                41.1084835
                            ],
                            [
                                29.2501197,
                                41.1078729
                            ],
                            [
                                29.2496236,
                                41.1072374
                            ],
                            [
                                29.2492267,
                                41.1062281
                            ],
                            [
                                29.2492102,
                                41.105493
                            ],
                            [
                                29.2487471,
                                41.1050319
                            ],
                            [
                                29.2486314,
                                41.1045708
                            ],
                            [
                                29.2472753,
                                41.1034867
                            ],
                            [
                                29.2462666,
                                41.1031004
                            ],
                            [
                                29.2452578,
                                41.1029384
                            ],
                            [
                                29.2445632,
                                41.10244
                            ],
                            [
                                29.2440009,
                                41.1024898
                            ],
                            [
                                29.2438025,
                                41.102926
                            ],
                            [
                                29.2440506,
                                41.1034618
                            ],
                            [
                                29.2439844,
                                41.1038979
                            ],
                            [
                                29.2424464,
                                41.1042842
                            ],
                            [
                                29.2414046,
                                41.103574
                            ],
                            [
                                29.2410408,
                                41.1029883
                            ],
                            [
                                29.2394367,
                                41.102278
                            ],
                            [
                                29.2380641,
                                41.1023029
                            ],
                            [
                                29.2383287,
                                41.1027889
                            ],
                            [
                                29.2382625,
                                41.1031004
                            ],
                            [
                                29.237601,
                                41.1033746
                            ],
                            [
                                29.237386,
                                41.1038232
                            ],
                            [
                                29.235352,
                                41.1041098
                            ],
                            [
                                29.2351039,
                                41.104683
                            ],
                            [
                                29.2342936,
                                41.105007
                            ],
                            [
                                29.2345747,
                                41.1055553
                            ],
                            [
                                29.2343597,
                                41.106415
                            ],
                            [
                                29.2349881,
                                41.1078729
                            ],
                            [
                                29.2346243,
                                41.1080598
                            ],
                            [
                                29.2341943,
                                41.1074991
                            ],
                            [
                                29.2336652,
                                41.1074991
                            ],
                            [
                                29.2335329,
                                41.1078106
                            ],
                            [
                                29.2337313,
                                41.108795
                            ],
                            [
                                29.2335494,
                                41.1094803
                            ],
                            [
                                29.2338801,
                                41.1102154
                            ],
                            [
                                29.2322099,
                                41.1099662
                            ],
                            [
                                29.2314822,
                                41.1089445
                            ],
                            [
                                29.2305231,
                                41.1084212
                            ],
                            [
                                29.2300931,
                                41.1079352
                            ],
                            [
                                29.229845,
                                41.1069135
                            ],
                            [
                                29.2288859,
                                41.1068886
                            ],
                            [
                                29.2276952,
                                41.1065895
                            ],
                            [
                                29.2261407,
                                41.1057796
                            ],
                            [
                                29.2254957,
                                41.1057422
                            ],
                            [
                                29.2243712,
                                41.105331
                            ],
                            [
                                29.223594,
                                41.1048201
                            ],
                            [
                                29.2225686,
                                41.1048201
                            ],
                            [
                                29.2219568,
                                41.1043715
                            ],
                            [
                                29.2218575,
                                41.1035989
                            ],
                            [
                                29.2214937,
                                41.1029883
                            ],
                            [
                                29.2217583,
                                41.102116
                            ],
                            [
                                29.221411,
                                41.1006954
                            ],
                            [
                                29.2216591,
                                41.1000847
                            ],
                            [
                                29.221593,
                                41.0996236
                            ],
                            [
                                29.2228167,
                                41.0985021
                            ],
                            [
                                29.2223371,
                                41.0979163
                            ],
                            [
                                29.2224033,
                                41.0967698
                            ],
                            [
                                29.2206503,
                                41.0957354
                            ],
                            [
                                29.2197242,
                                41.0948256
                            ],
                            [
                                29.2186162,
                                41.0947384
                            ],
                            [
                                29.2178721,
                                41.0943396
                            ],
                            [
                                29.2178225,
                                41.0936915
                            ],
                            [
                                29.2172154,
                                41.0933637
                            ],
                            [
                                29.2167145,
                                41.0930933
                            ],
                            [
                                29.2163506,
                                41.0925698
                            ],
                            [
                                29.2151269,
                                41.0925573
                            ],
                            [
                                29.2144664,
                                41.0930283
                            ],
                            [
                                29.2139854,
                                41.092779
                            ],
                            [
                                29.2143792,
                                41.0926536
                            ],
                            [
                                29.2143416,
                                41.0923746
                            ],
                            [
                                29.2140573,
                                41.092318
                            ],
                            [
                                29.2140198,
                                41.0919784
                            ],
                            [
                                29.2137543,
                                41.0918843
                            ],
                            [
                                29.2135209,
                                41.0915094
                            ],
                            [
                                29.2132693,
                                41.0914326
                            ],
                            [
                                29.2130434,
                                41.0914164
                            ],
                            [
                                29.2130327,
                                41.091182
                            ],
                            [
                                29.2128214,
                                41.090991
                            ],
                            [
                                29.2125606,
                                41.0911254
                            ],
                            [
                                29.2122173,
                                41.0910607
                            ],
                            [
                                29.2120349,
                                41.0912062
                            ],
                            [
                                29.2121739,
                                41.0913996
                            ],
                            [
                                29.2119031,
                                41.0915102
                            ],
                            [
                                29.2113777,
                                41.0916043
                            ],
                            [
                                29.2109418,
                                41.0913413
                            ],
                            [
                                29.2111578,
                                41.0907935
                            ],
                            [
                                29.2110545,
                                41.0903477
                            ],
                            [
                                29.2105719,
                                41.0901809
                            ],
                            [
                                29.2100506,
                                41.0899912
                            ]
                        ]
                    ]
                ]
            }
        },
        {
            "type": "Feature",
            "properties": {
                "type": "relation",
                "id": 9679518,
                "tags": {
                    "admin_level": "8",
                    "boundary": "administrative",
                    "name": "Nişantepe Mahallesi",
                    "type": "boundary",
                    "wikidata": "Q6067544",
                    "wikipedia": "tr:Nişantepe, Çekmeköy"
                }
            },
            "geometry": {
                "type": "MultiPolygon",
                "coordinates": [
                    [
                        [
                            [
                                29.2569197,
                                41.0441479
                            ],
                            [
                                29.2568627,
                                41.0433969
                            ],
                            [
                                29.2568573,
                                41.042966
                            ],
                            [
                                29.2568842,
                                41.0426868
                            ],
                            [
                                29.2569378,
                                41.0424461
                            ],
                            [
                                29.2563826,
                                41.0424097
                            ],
                            [
                                29.2562163,
                                41.0423813
                            ],
                            [
                                29.2559695,
                                41.0423004
                            ],
                            [
                                29.2557442,
                                41.0421548
                            ],
                            [
                                29.2554492,
                                41.0419161
                            ],
                            [
                                29.2553151,
                                41.0416369
                            ],
                            [
                                29.2552668,
                                41.0414103
                            ],
                            [
                                29.25605,
                                41.0407468
                            ],
                            [
                                29.2558944,
                                41.0404393
                            ],
                            [
                                29.2558247,
                                41.0401722
                            ],
                            [
                                29.2558247,
                                41.0398607
                            ],
                            [
                                29.2558622,
                                41.0394034
                            ],
                            [
                                29.2559051,
                                41.0392011
                            ],
                            [
                                29.2554116,
                                41.0385457
                            ],
                            [
                                29.2550683,
                                41.0380925
                            ],
                            [
                                29.2549717,
                                41.0379873
                            ],
                            [
                                29.2548484,
                                41.0378942
                            ],
                            [
                                29.2547733,
                                41.0378173
                            ],
                            [
                                29.2546874,
                                41.0377324
                            ],
                            [
                                29.2546231,
                                41.0375867
                            ],
                            [
                                29.2545533,
                                41.0371376
                            ],
                            [
                                29.2544192,
                                41.0367329
                            ],
                            [
                                29.2543656,
                                41.0366014
                            ],
                            [
                                29.2542502,
                                41.0364881
                            ],
                            [
                                29.254151,
                                41.0364153
                            ],
                            [
                                29.2540812,
                                41.0363586
                            ],
                            [
                                29.2540115,
                                41.0363202
                            ],
                            [
                                29.2539471,
                                41.0362555
                            ],
                            [
                                29.2538881,
                                41.0360997
                            ],
                            [
                                29.2538157,
                                41.035956
                            ],
                            [
                                29.253687,
                                41.0356627
                            ],
                            [
                                29.2536065,
                                41.0355291
                            ],
                            [
                                29.2536038,
                                41.0354887
                            ],
                            [
                                29.2536494,
                                41.0354482
                            ],
                            [
                                29.2537004,
                                41.035432
                            ],
                            [
                                29.2537862,
                                41.0354158
                            ],
                            [
                                29.2539203,
                                41.0354158
                            ],
                            [
                                29.2541859,
                                41.0354725
                            ],
                            [
                                29.2544219,
                                41.0355008
                            ],
                            [
                                29.2548054,
                                41.0354664
                            ],
                            [
                                29.2551407,
                                41.0354179
                            ],
                            [
                                29.2553687,
                                41.0352985
                            ],
                            [
                                29.2558435,
                                41.0350173
                            ],
                            [
                                29.2564282,
                                41.0344791
                            ],
                            [
                                29.2567956,
                                41.0340659
                            ],
                            [
                                29.2567981,
                                41.0340317
                            ],
                            [
                                29.2565032,
                                41.0338168
                            ],
                            [
                                29.2561004,
                                41.0335733
                            ],
                            [
                                29.255917,
                                41.0334733
                            ],
                            [
                                29.2557828,
                                41.0333714
                            ],
                            [
                                29.2557596,
                                41.033293
                            ],
                            [
                                29.2557876,
                                41.0331774
                            ],
                            [
                                29.2559392,
                                41.0329547
                            ],
                            [
                                29.2560293,
                                41.0328623
                            ],
                            [
                                29.2562373,
                                41.0327569
                            ],
                            [
                                29.2566749,
                                41.0325393
                            ],
                            [
                                29.2569571,
                                41.0323844
                            ],
                            [
                                29.2570343,
                                41.0322774
                            ],
                            [
                                29.2575137,
                                41.0316235
                            ],
                            [
                                29.2577045,
                                41.0311077
                            ],
                            [
                                29.257841,
                                41.0305992
                            ],
                            [
                                29.2579667,
                                41.030171
                            ],
                            [
                                29.2580606,
                                41.0298228
                            ],
                            [
                                29.2581218,
                                41.0294258
                            ],
                            [
                                29.2581631,
                                41.0292262
                            ],
                            [
                                29.2578554,
                                41.0291606
                            ],
                            [
                                29.2580685,
                                41.0283221
                            ],
                            [
                                29.2581039,
                                41.0278146
                            ],
                            [
                                29.2584891,
                                41.0278084
                            ],
                            [
                                29.2590924,
                                41.0278342
                            ],
                            [
                                29.2593789,
                                41.0278618
                            ],
                            [
                                29.2596437,
                                41.027908
                            ],
                            [
                                29.2601471,
                                41.0280159
                            ],
                            [
                                29.2607473,
                                41.0281798
                            ],
                            [
                                29.2628463,
                                41.0287906
                            ],
                            [
                                29.2636387,
                                41.0290265
                            ],
                            [
                                29.2642062,
                                41.029216
                            ],
                            [
                                29.2646289,
                                41.0294182
                            ],
                            [
                                29.2650161,
                                41.0296251
                            ],
                            [
                                29.2653091,
                                41.0298205
                            ],
                            [
                                29.2655975,
                                41.0300415
                            ],
                            [
                                29.2676583,
                                41.0315956
                            ],
                            [
                                29.2684676,
                                41.0322313
                            ],
                            [
                                29.2687535,
                                41.0325388
                            ],
                            [
                                29.2709809,
                                41.0349911
                            ],
                            [
                                29.2722683,
                                41.0364328
                            ],
                            [
                                29.2727873,
                                41.0371592
                            ],
                            [
                                29.2730875,
                                41.0378424
                            ],
                            [
                                29.273245,
                                41.0383324
                            ],
                            [
                                29.2732893,
                                41.0391195
                            ],
                            [
                                29.2733533,
                                41.0403223
                            ],
                            [
                                29.2735108,
                                41.0410128
                            ],
                            [
                                29.2744952,
                                41.0423455
                            ],
                            [
                                29.2771096,
                                41.0432662
                            ],
                            [
                                29.2785533,
                                41.0437556
                            ],
                            [
                                29.2812109,
                                41.0447455
                            ],
                            [
                                29.2814968,
                                41.0448877
                            ],
                            [
                                29.2823149,
                                41.0456643
                            ],
                            [
                                29.2828403,
                                41.046276
                            ],
                            [
                                29.2831705,
                                41.0466795
                            ],
                            [
                                29.2833821,
                                41.0471275
                            ],
                            [
                                29.2836505,
                                41.0479897
                            ],
                            [
                                29.2838564,
                                41.0488475
                            ],
                            [
                                29.2841293,
                                41.0494982
                            ],
                            [
                                29.2844597,
                                41.0500915
                            ],
                            [
                                29.2848177,
                                41.0505088
                            ],
                            [
                                29.2852611,
                                41.0508862
                            ],
                            [
                                29.2856435,
                                41.0512145
                            ],
                            [
                                29.2861399,
                                41.0514845
                            ],
                            [
                                29.2866932,
                                41.0517024
                            ],
                            [
                                29.2902669,
                                41.0527344
                            ],
                            [
                                29.2870402,
                                41.0529526
                            ],
                            [
                                29.286772,
                                41.0528474
                            ],
                            [
                                29.2863482,
                                41.0531185
                            ],
                            [
                                29.2849642,
                                41.0537212
                            ],
                            [
                                29.2846531,
                                41.0538709
                            ],
                            [
                                29.2843044,
                                41.0539639
                            ],
                            [
                                29.2839653,
                                41.0541002
                            ],
                            [
                                29.2836553,
                                41.0541945
                            ],
                            [
                                29.2833012,
                                41.0544939
                            ],
                            [
                                29.2826199,
                                41.0543968
                            ],
                            [
                                29.282062,
                                41.0542026
                            ],
                            [
                                29.2809516,
                                41.0539882
                            ],
                            [
                                29.2806029,
                                41.0539478
                            ],
                            [
                                29.2795139,
                                41.0543321
                            ],
                            [
                                29.2786878,
                                41.0543806
                            ],
                            [
                                29.2771804,
                                41.0540853
                            ],
                            [
                                29.2768586,
                                41.0540246
                            ],
                            [
                                29.2757857,
                                41.0537576
                            ],
                            [
                                29.2754316,
                                41.0537455
                            ],
                            [
                                29.2749864,
                                41.0536767
                            ],
                            [
                                29.2745502,
                                41.0535033
                            ],
                            [
                                29.2733073,
                                41.0535352
                            ],
                            [
                                29.2735326,
                                41.0537172
                            ],
                            [
                                29.2740583,
                                41.0544939
                            ],
                            [
                                29.2746913,
                                41.0555456
                            ],
                            [
                                29.2746377,
                                41.0563223
                            ],
                            [
                                29.2742836,
                                41.0568158
                            ],
                            [
                                29.273833,
                                41.0577623
                            ],
                            [
                                29.2737043,
                                41.0581183
                            ],
                            [
                                29.2736399,
                                41.0585228
                            ],
                            [
                                29.2729157,
                                41.0593682
                            ],
                            [
                                29.2725831,
                                41.059619
                            ],
                            [
                                29.2720306,
                                41.0605574
                            ],
                            [
                                29.2718536,
                                41.061059
                            ],
                            [
                                29.2717838,
                                41.0612046
                            ],
                            [
                                29.2716712,
                                41.0615201
                            ],
                            [
                                29.2715263,
                                41.0618517
                            ],
                            [
                                29.2710864,
                                41.0623614
                            ],
                            [
                                29.2709362,
                                41.0625677
                            ],
                            [
                                29.2707914,
                                41.0629034
                            ],
                            [
                                29.2707699,
                                41.0630813
                            ],
                            [
                                29.2708021,
                                41.0633685
                            ],
                            [
                                29.2708772,
                                41.0637083
                            ],
                            [
                                29.2708826,
                                41.0639145
                            ],
                            [
                                29.2706895,
                                41.0642705
                            ],
                            [
                                29.2706841,
                                41.064679
                            ],
                            [
                                29.2706519,
                                41.064865
                            ],
                            [
                                29.2706841,
                                41.0650268
                            ],
                            [
                                29.270727,
                                41.0652169
                            ],
                            [
                                29.2707699,
                                41.0653382
                            ],
                            [
                                29.2708451,
                                41.065411
                            ],
                            [
                                29.2709255,
                                41.0654758
                            ],
                            [
                                29.2711508,
                                41.0659611
                            ],
                            [
                                29.2713439,
                                41.0663534
                            ],
                            [
                                29.2715692,
                                41.0666932
                            ],
                            [
                                29.271757,
                                41.0668954
                            ],
                            [
                                29.2719018,
                                41.0672311
                            ],
                            [
                                29.2721218,
                                41.0674697
                            ],
                            [
                                29.2723632,
                                41.0676719
                            ],
                            [
                                29.2725617,
                                41.0678822
                            ],
                            [
                                29.2726421,
                                41.0680642
                            ],
                            [
                                29.2726529,
                                41.0682503
                            ],
                            [
                                29.2725509,
                                41.0683918
                            ],
                            [
                                29.2721754,
                                41.0684565
                            ],
                            [
                                29.2718965,
                                41.0685334
                            ],
                            [
                                29.2717087,
                                41.0686021
                            ],
                            [
                                29.2709631,
                                41.0686628
                            ],
                            [
                                29.2706251,
                                41.0687154
                            ],
                            [
                                29.2702496,
                                41.0687315
                            ],
                            [
                                29.2699653,
                                41.0688003
                            ],
                            [
                                29.2697507,
                                41.0688974
                            ],
                            [
                                29.2695844,
                                41.0690268
                            ],
                            [
                                29.2694718,
                                41.06914
                            ],
                            [
                                29.2692894,
                                41.0693503
                            ],
                            [
                                29.2691231,
                                41.0695
                            ],
                            [
                                29.2690503,
                                41.0695866
                            ],
                            [
                                29.2689139,
                                41.069233
                            ],
                            [
                                29.2690158,
                                41.0691724
                            ],
                            [
                                29.2689514,
                                41.0688448
                            ],
                            [
                                29.2690051,
                                41.0685051
                            ],
                            [
                                29.2690962,
                                41.0683109
                            ],
                            [
                                29.2692465,
                                41.0680116
                            ],
                            [
                                29.2694074,
                                41.0678054
                            ],
                            [
                                29.2696327,
                                41.0675627
                            ],
                            [
                                29.2698258,
                                41.0672108
                            ],
                            [
                                29.2698419,
                                41.0668024
                            ],
                            [
                                29.2698258,
                                41.0665031
                            ],
                            [
                                29.2693806,
                                41.0657791
                            ],
                            [
                                29.2688763,
                                41.065318
                            ],
                            [
                                29.2686617,
                                41.0650187
                            ],
                            [
                                29.2686564,
                                41.0648205
                            ],
                            [
                                29.2687422,
                                41.0645981
                            ],
                            [
                                29.2688388,
                                41.0641734
                            ],
                            [
                                29.2688763,
                                41.0637689
                            ],
                            [
                                29.2688709,
                                41.0636435
                            ],
                            [
                                29.2688495,
                                41.0629236
                            ],
                            [
                                29.2688763,
                                41.0625474
                            ],
                            [
                                29.268946,
                                41.0622441
                            ],
                            [
                                29.2690641,
                                41.0619084
                            ],
                            [
                                29.2692679,
                                41.0615322
                            ],
                            [
                                29.2694718,
                                41.061241
                            ],
                            [
                                29.2696273,
                                41.0608446
                            ],
                            [
                                29.2696488,
                                41.0606059
                            ],
                            [
                                29.2695522,
                                41.0603996
                            ],
                            [
                                29.2695308,
                                41.0601367
                            ],
                            [
                                29.2696434,
                                41.0598536
                            ],
                            [
                                29.269799,
                                41.0595543
                            ],
                            [
                                29.2700565,
                                41.059077
                            ],
                            [
                                29.2701638,
                                41.0587048
                            ],
                            [
                                29.2702281,
                                41.0582397
                            ],
                            [
                                29.2701209,
                                41.057819
                            ],
                            [
                                29.2699867,
                                41.0573619
                            ],
                            [
                                29.2698741,
                                41.0569614
                            ],
                            [
                                29.2698526,
                                41.0566216
                            ],
                            [
                                29.2696702,
                                41.056205
                            ],
                            [
                                29.2696273,
                                41.0558773
                            ],
                            [
                                29.269579,
                                41.0554364
                            ],
                            [
                                29.2695469,
                                41.0551775
                            ],
                            [
                                29.2693537,
                                41.0545465
                            ],
                            [
                                29.2694557,
                                41.054235
                            ],
                            [
                                29.269461,
                                41.0538345
                            ],
                            [
                                29.2693108,
                                41.0534178
                            ],
                            [
                                29.2690533,
                                41.0531306
                            ],
                            [
                                29.2689031,
                                41.052985
                            ],
                            [
                                29.2688012,
                                41.0527301
                            ],
                            [
                                29.268592,
                                41.0524025
                            ],
                            [
                                29.2684311,
                                41.0521193
                            ],
                            [
                                29.2682916,
                                41.0519534
                            ],
                            [
                                29.2681736,
                                41.0518482
                            ],
                            [
                                29.2680448,
                                41.0516622
                            ],
                            [
                                29.2679053,
                                41.0513628
                            ],
                            [
                                29.267841,
                                41.0511484
                            ],
                            [
                                29.2677712,
                                41.050845
                            ],
                            [
                                29.2678893,
                                41.050493
                            ],
                            [
                                29.2679053,
                                41.0501492
                            ],
                            [
                                29.2678678,
                                41.049781
                            ],
                            [
                                29.2679483,
                                41.0494331
                            ],
                            [
                                29.2679107,
                                41.0491297
                            ],
                            [
                                29.2682084,
                                41.0487494
                            ],
                            [
                                29.2680287,
                                41.0483772
                            ],
                            [
                                29.2679805,
                                41.0477744
                            ],
                            [
                                29.2680736,
                                41.0468777
                            ],
                            [
                                29.2668593,
                                41.0463341
                            ],
                            [
                                29.2661619,
                                41.0460145
                            ],
                            [
                                29.2652875,
                                41.045614
                            ],
                            [
                                29.2645687,
                                41.0453065
                            ],
                            [
                                29.2634743,
                                41.0448048
                            ],
                            [
                                29.2626858,
                                41.044376
                            ],
                            [
                                29.2624658,
                                41.0444205
                            ],
                            [
                                29.2621171,
                                41.04438
                            ],
                            [
                                29.2613769,
                                41.0442263
                            ],
                            [
                                29.2600036,
                                41.0438581
                            ],
                            [
                                29.2592525,
                                41.0437489
                            ],
                            [
                                29.2586088,
                                41.0438217
                            ],
                            [
                                29.2569197,
                                41.0441479
                            ]
                        ]
                    ]
                ]
            }
        },
        {
            "type": "Feature",
            "properties": {
                "type": "relation",
                "id": 9679582,
                "tags": {
                    "admin_level": "8",
                    "boundary": "administrative",
                    "name": "Hüseyinli Mahallesi",
                    "type": "boundary",
                    "wikidata": "Q6660648",
                    "wikipedia": "tr:Hüseyinli, Çekmeköy"
                }
            },
            "geometry": {
                "type": "MultiPolygon",
                "coordinates": [
                    [
                        [
                            [
                                29.2521031,
                                41.1150813
                            ],
                            [
                                29.2521943,
                                41.1149414
                            ],
                            [
                                29.2522575,
                                41.1148578
                            ],
                            [
                                29.2523717,
                                41.1147858
                            ],
                            [
                                29.2524804,
                                41.1148077
                            ],
                            [
                                29.2526926,
                                41.114882
                            ],
                            [
                                29.2529943,
                                41.1149906
                            ],
                            [
                                29.2532882,
                                41.1149803
                            ],
                            [
                                29.2534147,
                                41.1149187
                            ],
                            [
                                29.2534594,
                                41.1147412
                            ],
                            [
                                29.2533467,
                                41.1145648
                            ],
                            [
                                29.2534376,
                                41.1143495
                            ],
                            [
                                29.2536476,
                                41.1142291
                            ],
                            [
                                29.2539742,
                                41.1140735
                            ],
                            [
                                29.2543297,
                                41.1137388
                            ],
                            [
                                29.2545538,
                                41.1135219
                            ],
                            [
                                29.2548006,
                                41.1132137
                            ],
                            [
                                29.2549063,
                                41.1131339
                            ],
                            [
                                29.255016,
                                41.1130367
                            ],
                            [
                                29.2554141,
                                41.1125469
                            ],
                            [
                                29.2555165,
                                41.1125314
                            ],
                            [
                                29.2555965,
                                41.112578
                            ],
                            [
                                29.2557605,
                                41.1127226
                            ],
                            [
                                29.2558212,
                                41.112745
                            ],
                            [
                                29.2559892,
                                41.1127151
                            ],
                            [
                                29.2560943,
                                41.1126977
                            ],
                            [
                                29.2563757,
                                41.1123124
                            ],
                            [
                                29.2564331,
                                41.1121517
                            ],
                            [
                                29.2565549,
                                41.1119008
                            ],
                            [
                                29.2566478,
                                41.111759
                            ],
                            [
                                29.2568624,
                                41.1116418
                            ],
                            [
                                29.2569405,
                                41.1113937
                            ],
                            [
                                29.2571819,
                                41.1108319
                            ],
                            [
                                29.2568815,
                                41.1099952
                            ],
                            [
                                29.2565864,
                                41.1093405
                            ],
                            [
                                29.2559802,
                                41.1080066
                            ],
                            [
                                29.2560178,
                                41.1077035
                            ],
                            [
                                29.2561734,
                                41.1074974
                            ],
                            [
                                29.25686,
                                41.1069153
                            ],
                            [
                                29.2579544,
                                41.1060139
                            ],
                            [
                                29.2585123,
                                41.1057189
                            ],
                            [
                                29.2589039,
                                41.1050843
                            ],
                            [
                                29.2593813,
                                41.1044052
                            ],
                            [
                                29.2599928,
                                41.1040212
                            ],
                            [
                                29.2602572,
                                41.1037109
                            ],
                            [
                                29.2607224,
                                41.1032289
                            ],
                            [
                                29.2615592,
                                41.1017699
                            ],
                            [
                                29.2620313,
                                41.1015635
                            ],
                            [
                                29.2627501,
                                41.1028085
                            ],
                            [
                                29.2637694,
                                41.1028651
                            ],
                            [
                                29.2645633,
                                41.1026872
                            ],
                            [
                                29.264617,
                                41.1022911
                            ],
                            [
                                29.2640269,
                                41.1019677
                            ],
                            [
                                29.2638123,
                                41.1014665
                            ],
                            [
                                29.2636943,
                                41.1008925
                            ],
                            [
                                29.2639625,
                                41.1002457
                            ],
                            [
                                29.26422,
                                41.0998819
                            ],
                            [
                                29.2647886,
                                41.0994453
                            ],
                            [
                                29.2644668,
                                41.0991542
                            ],
                            [
                                29.2646277,
                                41.0990006
                            ],
                            [
                                29.2651212,
                                41.0987985
                            ],
                            [
                                29.2655718,
                                41.0984266
                            ],
                            [
                                29.2664516,
                                41.0981032
                            ],
                            [
                                29.2672348,
                                41.0980142
                            ],
                            [
                                29.2676639,
                                41.0983295
                            ],
                            [
                                29.267782,
                                41.0988227
                            ],
                            [
                                29.2682502,
                                41.099329
                            ],
                            [
                                29.2698419,
                                41.0993321
                            ],
                            [
                                29.2707217,
                                41.0990006
                            ],
                            [
                                29.2719662,
                                41.0990976
                            ],
                            [
                                29.2727709,
                                41.0993321
                            ],
                            [
                                29.2729962,
                                41.0997363
                            ],
                            [
                                29.2738223,
                                41.1000597
                            ],
                            [
                                29.2740008,
                                41.1006549
                            ],
                            [
                                29.2740476,
                                41.1008278
                            ],
                            [
                                29.2746162,
                                41.101232
                            ],
                            [
                                29.2753243,
                                41.1017009
                            ],
                            [
                                29.2762041,
                                41.1023477
                            ],
                            [
                                29.2771912,
                                41.1028732
                            ],
                            [
                                29.2772555,
                                41.1033583
                            ],
                            [
                                29.276526,
                                41.104191
                            ],
                            [
                                29.2761183,
                                41.1050317
                            ],
                            [
                                29.2761397,
                                41.1055653
                            ],
                            [
                                29.2764187,
                                41.1060988
                            ],
                            [
                                29.2766547,
                                41.1066647
                            ],
                            [
                                29.2768264,
                                41.1072306
                            ],
                            [
                                29.2768907,
                                41.1078935
                            ],
                            [
                                29.2772341,
                                41.1088797
                            ],
                            [
                                29.2776418,
                                41.1094617
                            ],
                            [
                                29.2784142,
                                41.1098013
                            ],
                            [
                                29.2795944,
                                41.1096881
                            ],
                            [
                                29.280045,
                                41.1100276
                            ],
                            [
                                29.280324,
                                41.1102054
                            ],
                            [
                                29.2801309,
                                41.1104803
                            ],
                            [
                                29.2803347,
                                41.1104964
                            ],
                            [
                                29.2802811,
                                41.1110299
                            ],
                            [
                                29.2803132,
                                41.1113614
                            ],
                            [
                                29.2805424,
                                41.1119462
                            ],
                            [
                                29.281193,
                                41.1116766
                            ],
                            [
                                29.2819548,
                                41.1126628
                            ],
                            [
                                29.2828882,
                                41.1130346
                            ],
                            [
                                29.2838108,
                                41.1135924
                            ],
                            [
                                29.2841327,
                                41.114045
                            ],
                            [
                                29.2846584,
                                41.1145381
                            ],
                            [
                                29.2843657,
                                41.1156956
                            ],
                            [
                                29.2850447,
                                41.1149827
                            ],
                            [
                                29.2859137,
                                41.1142148
                            ],
                            [
                                29.2866754,
                                41.113649
                            ],
                            [
                                29.2882633,
                                41.1130346
                            ],
                            [
                                29.2887354,
                                41.11259
                            ],
                            [
                                29.2890251,
                                41.1122667
                            ],
                            [
                                29.2895186,
                                41.1119434
                            ],
                            [
                                29.2905164,
                                41.1116928
                            ],
                            [
                                29.2910313,
                                41.1112886
                            ],
                            [
                                29.2915571,
                                41.1107389
                            ],
                            [
                                29.2922544,
                                41.109971
                            ],
                            [
                                29.2926192,
                                41.1096557
                            ],
                            [
                                29.2938745,
                                41.1087665
                            ],
                            [
                                29.2946255,
                                41.108136
                            ],
                            [
                                29.2949903,
                                41.1077722
                            ],
                            [
                                29.2950439,
                                41.107368
                            ],
                            [
                                29.2956555,
                                41.1071578
                            ],
                            [
                                29.2959291,
                                41.1073114
                            ],
                            [
                                29.2960578,
                                41.1075661
                            ],
                            [
                                29.2961383,
                                41.1077682
                            ],
                            [
                                29.2965379,
                                41.1078389
                            ],
                            [
                                29.2968518,
                                41.1080006
                            ],
                            [
                                29.2971039,
                                41.1081481
                            ],
                            [
                                29.2973882,
                                41.1082653
                            ],
                            [
                                29.2974043,
                                41.1085078
                            ],
                            [
                                29.2976698,
                                41.1085321
                            ],
                            [
                                29.2978817,
                                41.1083967
                            ],
                            [
                                29.2981338,
                                41.1080834
                            ],
                            [
                                29.2983967,
                                41.1080713
                            ],
                            [
                                29.2991102,
                                41.1082815
                            ],
                            [
                                29.2994213,
                                41.1082694
                            ],
                            [
                                29.2998773,
                                41.1084351
                            ],
                            [
                                29.3005156,
                                41.108431
                            ],
                            [
                                29.3013203,
                                41.1086331
                            ],
                            [
                                29.3015188,
                                41.1087423
                            ],
                            [
                                29.3018997,
                                41.1087059
                            ],
                            [
                                29.3023449,
                                41.1087746
                            ],
                            [
                                29.3026239,
                                41.1088393
                            ],
                            [
                                29.3033588,
                                41.1088393
                            ],
                            [
                                29.3035734,
                                41.1088393
                            ],
                            [
                                29.3036109,
                                41.1089929
                            ],
                            [
                                29.3037558,
                                41.1091545
                            ],
                            [
                                29.3039274,
                                41.1091828
                            ],
                            [
                                29.3042493,
                                41.1092435
                            ],
                            [
                                29.30448,
                                41.1093162
                            ],
                            [
                                29.304716,
                                41.1093324
                            ],
                            [
                                29.3050379,
                                41.1093041
                            ],
                            [
                                29.3053812,
                                41.1092879
                            ],
                            [
                                29.3055314,
                                41.1093688
                            ],
                            [
                                29.3057567,
                                41.1095506
                            ],
                            [
                                29.3059981,
                                41.1097083
                            ],
                            [
                                29.3061322,
                                41.1097042
                            ],
                            [
                                29.306379,
                                41.109878
                            ],
                            [
                                29.3064487,
                                41.1099993
                            ],
                            [
                                29.3068349,
                                41.110072
                            ],
                            [
                                29.3070066,
                                41.1100033
                            ],
                            [
                                29.307189,
                                41.1099427
                            ],
                            [
                                29.3073966,
                                41.1099358
                            ],
                            [
                                29.3073875,
                                41.1100518
                            ],
                            [
                                29.3074465,
                                41.1101003
                            ],
                            [
                                29.3074974,
                                41.1101771
                            ],
                            [
                                29.3075001,
                                41.1102418
                            ],
                            [
                                29.3075457,
                                41.1103348
                            ],
                            [
                                29.307586,
                                41.1103752
                            ],
                            [
                                29.3075725,
                                41.1104217
                            ],
                            [
                                29.3076155,
                                41.1104621
                            ],
                            [
                                29.3076798,
                                41.1105166
                            ],
                            [
                                29.307771,
                                41.1105853
                            ],
                            [
                                29.30794,
                                41.1107066
                            ],
                            [
                                29.3082619,
                                41.1108521
                            ],
                            [
                                29.3086052,
                                41.1109026
                            ],
                            [
                                29.3089673,
                                41.1108865
                            ],
                            [
                                29.3094045,
                                41.1112017
                            ],
                            [
                                29.3098685,
                                41.111517
                            ],
                            [
                                29.3102708,
                                41.1117312
                            ],
                            [
                                29.3106811,
                                41.1118748
                            ],
                            [
                                29.3111801,
                                41.1122829
                            ],
                            [
                                29.3115503,
                                41.1125092
                            ],
                            [
                                29.3124139,
                                41.1126022
                            ],
                            [
                                29.3128002,
                                41.1125981
                            ],
                            [
                                29.3131918,
                                41.1126749
                            ],
                            [
                                29.3136638,
                                41.112776
                            ],
                            [
                                29.3143773,
                                41.1127598
                            ],
                            [
                                29.3149567,
                                41.1126224
                            ],
                            [
                                29.315418,
                                41.1126143
                            ],
                            [
                                29.3159544,
                                41.1128002
                            ],
                            [
                                29.3165123,
                                41.1130023
                            ],
                            [
                                29.3168771,
                                41.1131074
                            ],
                            [
                                29.3174672,
                                41.1133337
                            ],
                            [
                                29.3175959,
                                41.113649
                            ],
                            [
                                29.3177998,
                                41.1137459
                            ],
                            [
                                29.3177998,
                                41.1140854
                            ],
                            [
                                29.3179822,
                                41.1143926
                            ],
                            [
                                29.3182504,
                                41.1145785
                            ],
                            [
                                29.3187547,
                                41.114918
                            ],
                            [
                                29.3192911,
                                41.1151605
                            ],
                            [
                                29.3198597,
                                41.1151767
                            ],
                            [
                                29.3202352,
                                41.1152252
                            ],
                            [
                                29.3208146,
                                41.1153141
                            ],
                            [
                                29.321115,
                                41.1152575
                            ],
                            [
                                29.321351,
                                41.1151039
                            ],
                            [
                                29.3216407,
                                41.1150554
                            ],
                            [
                                29.3217762,
                                41.1153282
                            ],
                            [
                                29.3219371,
                                41.1155192
                            ],
                            [
                                29.3221824,
                                41.1155244
                            ],
                            [
                                29.3224025,
                                41.1156697
                            ],
                            [
                                29.3231642,
                                41.1159041
                            ],
                            [
                                29.3239689,
                                41.1162355
                            ],
                            [
                                29.3247199,
                                41.1168337
                            ],
                            [
                                29.325192,
                                41.1174479
                            ],
                            [
                                29.3261575,
                                41.1181915
                            ],
                            [
                                29.3281746,
                                41.1186603
                            ],
                            [
                                29.3299556,
                                41.1184502
                            ],
                            [
                                29.3317151,
                                41.1181269
                            ],
                            [
                                29.3332815,
                                41.1177793
                            ],
                            [
                                29.3347621,
                                41.1179491
                            ],
                            [
                                29.3360495,
                                41.1183209
                            ],
                            [
                                29.3375301,
                                41.1185149
                            ],
                            [
                                29.3389678,
                                41.1185957
                            ],
                            [
                                29.3396759,
                                41.1182239
                            ],
                            [
                                29.3420362,
                                41.118434
                            ],
                            [
                                29.3430233,
                                41.1183694
                            ],
                            [
                                29.3437099,
                                41.118628
                            ],
                            [
                                29.3443966,
                                41.1187573
                            ],
                            [
                                29.3451905,
                                41.118822
                            ],
                            [
                                29.3460488,
                                41.1188382
                            ],
                            [
                                29.346714,
                                41.119016
                            ],
                            [
                                29.347465,
                                41.1190645
                            ],
                            [
                                29.3483019,
                                41.1188705
                            ],
                            [
                                29.3490314,
                                41.1189836
                            ],
                            [
                                29.3496966,
                                41.119016
                            ],
                            [
                                29.3504691,
                                41.1190968
                            ],
                            [
                                29.3517566,
                                41.1186442
                            ],
                            [
                                29.3531084,
                                41.119113
                            ],
                            [
                                29.3538165,
                                41.1191938
                            ],
                            [
                                29.3544817,
                                41.1200505
                            ],
                            [
                                29.3554258,
                                41.1207941
                            ],
                            [
                                29.3584728,
                                41.1222166
                            ],
                            [
                                29.3595671,
                                41.1227338
                            ],
                            [
                                29.3597603,
                                41.1232187
                            ],
                            [
                                29.3603611,
                                41.1236228
                            ],
                            [
                                29.3628183,
                                41.1248148
                            ],
                            [
                                29.3617475,
                                41.1253735
                            ],
                            [
                                29.3591084,
                                41.1253552
                            ],
                            [
                                29.3574086,
                                41.1253114
                            ],
                            [
                                29.3556072,
                                41.1252846
                            ],
                            [
                                29.3526347,
                                41.1249979
                            ],
                            [
                                29.3499016,
                                41.1265662
                            ],
                            [
                                29.3498554,
                                41.1273449
                            ],
                            [
                                29.3508012,
                                41.12889
                            ],
                            [
                                29.3484179,
                                41.1291054
                            ],
                            [
                                29.3464159,
                                41.1296081
                            ],
                            [
                                29.341411,
                                41.1292131
                            ],
                            [
                                29.3396951,
                                41.1279924
                            ],
                            [
                                29.3387417,
                                41.1276693
                            ],
                            [
                                29.3379791,
                                41.127023
                            ],
                            [
                                29.3349762,
                                41.1273821
                            ],
                            [
                                29.3339752,
                                41.1267717
                            ],
                            [
                                29.3329741,
                                41.1263102
                            ],
                            [
                                29.3303546,
                                41.1262704
                            ],
                            [
                                29.3278277,
                                41.1258717
                            ],
                            [
                                29.3266635,
                                41.1263002
                            ],
                            [
                                29.324507,
                                41.126649
                            ],
                            [
                                29.3240572,
                                41.1272868
                            ],
                            [
                                29.3220198,
                                41.127825
                            ],
                            [
                                29.3207497,
                                41.1288514
                            ],
                            [
                                29.3201808,
                                41.1289909
                            ],
                            [
                                29.3197178,
                                41.129818
                            ],
                            [
                                29.3188446,
                                41.1297183
                            ],
                            [
                                29.317945,
                                41.1288713
                            ],
                            [
                                29.3169131,
                                41.1284528
                            ],
                            [
                                29.3155901,
                                41.1282933
                            ],
                            [
                                29.3150741,
                                41.1280143
                            ],
                            [
                                29.3141084,
                                41.1279246
                            ],
                            [
                                29.312071,
                                41.1256724
                            ],
                            [
                                29.3109597,
                                41.1257621
                            ],
                            [
                                29.3101659,
                                41.1263999
                            ],
                            [
                                29.3086577,
                                41.1264996
                            ],
                            [
                                29.3077448,
                                41.1262704
                            ],
                            [
                                29.3066071,
                                41.1264796
                            ],
                            [
                                29.3043051,
                                41.1263401
                            ],
                            [
                                29.3029689,
                                41.1259714
                            ],
                            [
                                29.302056,
                                41.1261009
                            ],
                            [
                                29.30154,
                                41.1265992
                            ],
                            [
                                29.3013945,
                                41.127227
                            ],
                            [
                                29.3007859,
                                41.1276256
                            ],
                            [
                                29.2998995,
                                41.127536
                            ],
                            [
                                29.298603,
                                41.128662
                            ],
                            [
                                29.2949913,
                                41.128682
                            ],
                            [
                                29.2941843,
                                41.1293895
                            ],
                            [
                                29.2919881,
                                41.1294592
                            ],
                            [
                                29.2916045,
                                41.1303063
                            ],
                            [
                                29.2903212,
                                41.1308942
                            ],
                            [
                                29.2893157,
                                41.1310038
                            ],
                            [
                                29.2885351,
                                41.1314721
                            ],
                            [
                                29.287146,
                                41.1315818
                            ],
                            [
                                29.2861935,
                                41.1323889
                            ],
                            [
                                29.2852012,
                                41.1325384
                            ],
                            [
                                29.284381,
                                41.1322095
                            ],
                            [
                                29.284037,
                                41.1317013
                            ],
                            [
                                29.2840635,
                                41.130675
                            ],
                            [
                                29.2850954,
                                41.128393
                            ],
                            [
                                29.2838465,
                                41.1269277
                            ],
                            [
                                29.2835269,
                                41.1263094
                            ],
                            [
                                29.2826303,
                                41.1262798
                            ],
                            [
                                29.2826082,
                                41.1257422
                            ],
                            [
                                29.2820658,
                                41.1256923
                            ],
                            [
                                29.2818541,
                                41.1250446
                            ],
                            [
                                29.2823039,
                                41.1239085
                            ],
                            [
                                29.2822377,
                                41.1230315
                            ],
                            [
                                29.2810444,
                                41.1216741
                            ],
                            [
                                29.2809386,
                                41.1206217
                            ],
                            [
                                29.2801871,
                                41.120526
                            ],
                            [
                                29.2794251,
                                41.1208688
                            ],
                            [
                                29.2785466,
                                41.120534
                            ],
                            [
                                29.2765357,
                                41.1217459
                            ],
                            [
                                29.2756996,
                                41.1217618
                            ],
                            [
                                29.2749905,
                                41.1213313
                            ],
                            [
                                29.2749693,
                                41.1206137
                            ],
                            [
                                29.2739532,
                                41.1199519
                            ],
                            [
                                29.272154,
                                41.119912
                            ],
                            [
                                29.270958,
                                41.1194735
                            ],
                            [
                                29.2694551,
                                41.1186842
                            ],
                            [
                                29.2681321,
                                41.11874
                            ],
                            [
                                29.2674018,
                                41.1179825
                            ],
                            [
                                29.2659624,
                                41.1171533
                            ],
                            [
                                29.2650946,
                                41.1171852
                            ],
                            [
                                29.2643537,
                                41.1167227
                            ],
                            [
                                29.2632847,
                                41.116643
                            ],
                            [
                                29.2627555,
                                41.1162124
                            ],
                            [
                                29.2619088,
                                41.1167227
                            ],
                            [
                                29.2607234,
                                41.1172649
                            ],
                            [
                                29.2607128,
                                41.1180064
                            ],
                            [
                                29.2602789,
                                41.1185566
                            ],
                            [
                                29.2597285,
                                41.1187639
                            ],
                            [
                                29.2590512,
                                41.1184928
                            ],
                            [
                                29.2587337,
                                41.1180303
                            ],
                            [
                                29.2591994,
                                41.1174483
                            ],
                            [
                                29.2590406,
                                41.1170257
                            ],
                            [
                                29.258522,
                                41.1167466
                            ],
                            [
                                29.257707,
                                41.1170018
                            ],
                            [
                                29.2572096,
                                41.1167945
                            ],
                            [
                                29.2570402,
                                41.1162443
                            ],
                            [
                                29.2567439,
                                41.1159253
                            ],
                            [
                                29.2545107,
                                41.1157898
                            ],
                            [
                                29.252849,
                                41.116029
                            ],
                            [
                                29.2524363,
                                41.1153273
                            ],
                            [
                                29.2521031,
                                41.1150813
                            ]
                        ]
                    ]
                ]
            }
        },
        {
            "type": "Feature",
            "properties": {
                "type": "relation",
                "id": 9679639,
                "tags": {
                    "admin_level": "8",
                    "boundary": "administrative",
                    "name": "Sırapınar Mahallesi",
                    "type": "boundary",
                    "wikidata": "Q6569800"
                }
            },
            "geometry": {
                "type": "MultiPolygon",
                "coordinates": [
                    [
                        [
                            [
                                29.2950439,
                                41.107368
                            ],
                            [
                                29.2951298,
                                41.1070123
                            ],
                            [
                                29.2952692,
                                41.1049509
                            ],
                            [
                                29.2958379,
                                41.1039242
                            ],
                            [
                                29.2964172,
                                41.1031723
                            ],
                            [
                                29.2972112,
                                41.1027196
                            ],
                            [
                                29.2990351,
                                41.1022749
                            ],
                            [
                                29.3012774,
                                41.0999465
                            ],
                            [
                                29.3015563,
                                41.0997768
                            ],
                            [
                                29.3021142,
                                41.099518
                            ],
                            [
                                29.3028438,
                                41.0993159
                            ],
                            [
                                29.3048394,
                                41.0990653
                            ],
                            [
                                29.3058693,
                                41.0988874
                            ],
                            [
                                29.3100107,
                                41.0994372
                            ],
                            [
                                29.3121779,
                                41.0992512
                            ],
                            [
                                29.3138087,
                                41.099227
                            ],
                            [
                                29.3143451,
                                41.099041
                            ],
                            [
                                29.3147743,
                                41.0988308
                            ],
                            [
                                29.3165874,
                                41.0972704
                            ],
                            [
                                29.3172204,
                                41.0968661
                            ],
                            [
                                29.3178856,
                                41.0967449
                            ],
                            [
                                29.3182397,
                                41.0967529
                            ],
                            [
                                29.3185186,
                                41.0967934
                            ],
                            [
                                29.3190014,
                                41.0969227
                            ],
                            [
                                29.3195057,
                                41.0971329
                            ],
                            [
                                29.3206966,
                                41.0975372
                            ],
                            [
                                29.3211257,
                                41.0978606
                            ],
                            [
                                29.3215656,
                                41.0989844
                            ],
                            [
                                29.3215442,
                                41.0993483
                            ],
                            [
                                29.3224132,
                                41.0994614
                            ],
                            [
                                29.32266,
                                41.0995665
                            ],
                            [
                                29.323014,
                                41.0995665
                            ],
                            [
                                29.3240869,
                                41.0993725
                            ],
                            [
                                29.3254173,
                                41.0991623
                            ],
                            [
                                29.3259537,
                                41.0989763
                            ],
                            [
                                29.3264687,
                                41.0987742
                            ],
                            [
                                29.3271017,
                                41.0981759
                            ],
                            [
                                29.3272841,
                                41.0976989
                            ],
                            [
                                29.3274236,
                                41.0971491
                            ],
                            [
                                29.327445,
                                41.0967853
                            ],
                            [
                                29.3278742,
                                41.0964619
                            ],
                            [
                                29.3292582,
                                41.0956695
                            ],
                            [
                                29.3296122,
                                41.0952329
                            ],
                            [
                                29.3297624,
                                41.0948286
                            ],
                            [
                                29.3298161,
                                41.0944324
                            ],
                            [
                                29.3306619,
                                41.0944573
                            ],
                            [
                                29.3314989,
                                41.0947208
                            ],
                            [
                                29.3317284,
                                41.0945811
                            ],
                            [
                                29.3319733,
                                41.0943983
                            ],
                            [
                                29.3325305,
                                41.0940524
                            ],
                            [
                                29.3331742,
                                41.0937371
                            ],
                            [
                                29.3336903,
                                41.0934734
                            ],
                            [
                                29.3344141,
                                41.0930553
                            ],
                            [
                                29.3354847,
                                41.0937005
                            ],
                            [
                                29.3352107,
                                41.0938717
                            ],
                            [
                                29.3348919,
                                41.0940553
                            ],
                            [
                                29.3348908,
                                41.0942303
                            ],
                            [
                                29.3349016,
                                41.0946912
                            ],
                            [
                                29.3355202,
                                41.0952726
                            ],
                            [
                                29.3358983,
                                41.0953012
                            ],
                            [
                                29.336397,
                                41.0954076
                            ],
                            [
                                29.3368614,
                                41.0956662
                            ],
                            [
                                29.3368864,
                                41.0962597
                            ],
                            [
                                29.3369508,
                                41.0963568
                            ],
                            [
                                29.3380451,
                                41.096381
                            ],
                            [
                                29.3385064,
                                41.0965751
                            ],
                            [
                                29.3389678,
                                41.0968338
                            ],
                            [
                                29.3394935,
                                41.0972866
                            ],
                            [
                                29.3398368,
                                41.09761
                            ],
                            [
                                29.3402338,
                                41.0977232
                            ],
                            [
                                29.3411779,
                                41.0975695
                            ],
                            [
                                29.3410492,
                                41.0980304
                            ],
                            [
                                29.3409526,
                                41.098661
                            ],
                            [
                                29.3410492,
                                41.0988308
                            ],
                            [
                                29.3415105,
                                41.0990491
                            ],
                            [
                                29.3418646,
                                41.0991057
                            ],
                            [
                                29.342047,
                                41.0994372
                            ],
                            [
                                29.3423366,
                                41.0998414
                            ],
                            [
                                29.3426907,
                                41.1002295
                            ],
                            [
                                29.3430769,
                                41.1008682
                            ],
                            [
                                29.342916,
                                41.1013452
                            ],
                            [
                                29.3432486,
                                41.1021537
                            ],
                            [
                                29.3434203,
                                41.1025417
                            ],
                            [
                                29.3438065,
                                41.1031238
                            ],
                            [
                                29.3447935,
                                41.1039888
                            ],
                            [
                                29.3446112,
                                41.1044011
                            ],
                            [
                                29.344933,
                                41.1049024
                            ],
                            [
                                29.3452549,
                                41.1054602
                            ],
                            [
                                29.3454265,
                                41.1057916
                            ],
                            [
                                29.3457699,
                                41.1058967
                            ],
                            [
                                29.3458021,
                                41.1060503
                            ],
                            [
                                29.3471861,
                                41.1072791
                            ],
                            [
                                29.3474221,
                                41.1075863
                            ],
                            [
                                29.347862,
                                41.1079016
                            ],
                            [
                                29.348098,
                                41.1083219
                            ],
                            [
                                29.348731,
                                41.1086291
                            ],
                            [
                                29.3495035,
                                41.1087827
                            ],
                            [
                                29.3501687,
                                41.1087423
                            ],
                            [
                                29.3505442,
                                41.1088878
                            ],
                            [
                                29.3511236,
                                41.1088635
                            ],
                            [
                                29.3519175,
                                41.1089686
                            ],
                            [
                                29.3527114,
                                41.109098
                            ],
                            [
                                29.3535268,
                                41.1094051
                            ],
                            [
                                29.3540633,
                                41.10968
                            ],
                            [
                                29.3541706,
                                41.1101488
                            ],
                            [
                                29.3546212,
                                41.110262
                            ],
                            [
                                29.3551147,
                                41.1102539
                            ],
                            [
                                29.3555331,
                                41.1101731
                            ],
                            [
                                29.3557906,
                                41.1102943
                            ],
                            [
                                29.3559086,
                                41.1104964
                            ],
                            [
                                29.3562841,
                                41.1109572
                            ],
                            [
                                29.3566918,
                                41.1110623
                            ],
                            [
                                29.3573677,
                                41.1111674
                            ],
                            [
                                29.3582368,
                                41.1116281
                            ],
                            [
                                29.3585801,
                                41.1117979
                            ],
                            [
                                29.3588054,
                                41.1122344
                            ],
                            [
                                29.3590093,
                                41.1128325
                            ],
                            [
                                29.3591599,
                                41.1131227
                            ],
                            [
                                29.3598246,
                                41.1135196
                            ],
                            [
                                29.3602538,
                                41.1139885
                            ],
                            [
                                29.3607259,
                                41.1145704
                            ],
                            [
                                29.360919,
                                41.1151686
                            ],
                            [
                                29.3611121,
                                41.115888
                            ],
                            [
                                29.3614554,
                                41.1165265
                            ],
                            [
                                29.3619704,
                                41.117157
                            ],
                            [
                                29.3625927,
                                41.1176258
                            ],
                            [
                                29.363172,
                                41.1180945
                            ],
                            [
                                29.3634725,
                                41.1186603
                            ],
                            [
                                29.3634081,
                                41.1189432
                            ],
                            [
                                29.3633652,
                                41.119315
                            ],
                            [
                                29.3633544,
                                41.119509
                            ],
                            [
                                29.3633759,
                                41.1198242
                            ],
                            [
                                29.363451,
                                41.1201556
                            ],
                            [
                                29.3637085,
                                41.120495
                            ],
                            [
                                29.3639767,
                                41.1205516
                            ],
                            [
                                29.3647385,
                                41.1207133
                            ],
                            [
                                29.365071,
                                41.1209638
                            ],
                            [
                                29.3654466,
                                41.1214083
                            ],
                            [
                                29.3659937,
                                41.1219579
                            ],
                            [
                                29.3667662,
                                41.1224105
                            ],
                            [
                                29.3669016,
                                41.1226844
                            ],
                            [
                                29.3628183,
                                41.1248148
                            ],
                            [
                                29.3603611,
                                41.1236228
                            ],
                            [
                                29.3597603,
                                41.1232187
                            ],
                            [
                                29.3595671,
                                41.1227338
                            ],
                            [
                                29.3584728,
                                41.1222166
                            ],
                            [
                                29.3554258,
                                41.1207941
                            ],
                            [
                                29.3544817,
                                41.1200505
                            ],
                            [
                                29.3538165,
                                41.1191938
                            ],
                            [
                                29.3531084,
                                41.119113
                            ],
                            [
                                29.3517566,
                                41.1186442
                            ],
                            [
                                29.3504691,
                                41.1190968
                            ],
                            [
                                29.3496966,
                                41.119016
                            ],
                            [
                                29.3490314,
                                41.1189836
                            ],
                            [
                                29.3483019,
                                41.1188705
                            ],
                            [
                                29.347465,
                                41.1190645
                            ],
                            [
                                29.346714,
                                41.119016
                            ],
                            [
                                29.3460488,
                                41.1188382
                            ],
                            [
                                29.3451905,
                                41.118822
                            ],
                            [
                                29.3443966,
                                41.1187573
                            ],
                            [
                                29.3437099,
                                41.118628
                            ],
                            [
                                29.3430233,
                                41.1183694
                            ],
                            [
                                29.3420362,
                                41.118434
                            ],
                            [
                                29.3396759,
                                41.1182239
                            ],
                            [
                                29.3389678,
                                41.1185957
                            ],
                            [
                                29.3375301,
                                41.1185149
                            ],
                            [
                                29.3360495,
                                41.1183209
                            ],
                            [
                                29.3347621,
                                41.1179491
                            ],
                            [
                                29.3332815,
                                41.1177793
                            ],
                            [
                                29.3317151,
                                41.1181269
                            ],
                            [
                                29.3299556,
                                41.1184502
                            ],
                            [
                                29.3281746,
                                41.1186603
                            ],
                            [
                                29.3261575,
                                41.1181915
                            ],
                            [
                                29.325192,
                                41.1174479
                            ],
                            [
                                29.3247199,
                                41.1168337
                            ],
                            [
                                29.3239689,
                                41.1162355
                            ],
                            [
                                29.3231642,
                                41.1159041
                            ],
                            [
                                29.3224025,
                                41.1156697
                            ],
                            [
                                29.3221824,
                                41.1155244
                            ],
                            [
                                29.3219371,
                                41.1155192
                            ],
                            [
                                29.3217762,
                                41.1153282
                            ],
                            [
                                29.3216407,
                                41.1150554
                            ],
                            [
                                29.321351,
                                41.1151039
                            ],
                            [
                                29.321115,
                                41.1152575
                            ],
                            [
                                29.3208146,
                                41.1153141
                            ],
                            [
                                29.3202352,
                                41.1152252
                            ],
                            [
                                29.3198597,
                                41.1151767
                            ],
                            [
                                29.3192911,
                                41.1151605
                            ],
                            [
                                29.3187547,
                                41.114918
                            ],
                            [
                                29.3182504,
                                41.1145785
                            ],
                            [
                                29.3179822,
                                41.1143926
                            ],
                            [
                                29.3177998,
                                41.1140854
                            ],
                            [
                                29.3177998,
                                41.1137459
                            ],
                            [
                                29.3175959,
                                41.113649
                            ],
                            [
                                29.3174672,
                                41.1133337
                            ],
                            [
                                29.3168771,
                                41.1131074
                            ],
                            [
                                29.3165123,
                                41.1130023
                            ],
                            [
                                29.3159544,
                                41.1128002
                            ],
                            [
                                29.315418,
                                41.1126143
                            ],
                            [
                                29.3149567,
                                41.1126224
                            ],
                            [
                                29.3143773,
                                41.1127598
                            ],
                            [
                                29.3136638,
                                41.112776
                            ],
                            [
                                29.3131918,
                                41.1126749
                            ],
                            [
                                29.3128002,
                                41.1125981
                            ],
                            [
                                29.3124139,
                                41.1126022
                            ],
                            [
                                29.3115503,
                                41.1125092
                            ],
                            [
                                29.3111801,
                                41.1122829
                            ],
                            [
                                29.3106811,
                                41.1118748
                            ],
                            [
                                29.3102708,
                                41.1117312
                            ],
                            [
                                29.3098685,
                                41.111517
                            ],
                            [
                                29.3094045,
                                41.1112017
                            ],
                            [
                                29.3089673,
                                41.1108865
                            ],
                            [
                                29.3086052,
                                41.1109026
                            ],
                            [
                                29.3082619,
                                41.1108521
                            ],
                            [
                                29.30794,
                                41.1107066
                            ],
                            [
                                29.307771,
                                41.1105853
                            ],
                            [
                                29.3076798,
                                41.1105166
                            ],
                            [
                                29.3076155,
                                41.1104621
                            ],
                            [
                                29.3075725,
                                41.1104217
                            ],
                            [
                                29.307586,
                                41.1103752
                            ],
                            [
                                29.3075457,
                                41.1103348
                            ],
                            [
                                29.3075001,
                                41.1102418
                            ],
                            [
                                29.3074974,
                                41.1101771
                            ],
                            [
                                29.3074465,
                                41.1101003
                            ],
                            [
                                29.3073875,
                                41.1100518
                            ],
                            [
                                29.3073966,
                                41.1099358
                            ],
                            [
                                29.307189,
                                41.1099427
                            ],
                            [
                                29.3070066,
                                41.1100033
                            ],
                            [
                                29.3068349,
                                41.110072
                            ],
                            [
                                29.3064487,
                                41.1099993
                            ],
                            [
                                29.306379,
                                41.109878
                            ],
                            [
                                29.3061322,
                                41.1097042
                            ],
                            [
                                29.3059981,
                                41.1097083
                            ],
                            [
                                29.3057567,
                                41.1095506
                            ],
                            [
                                29.3055314,
                                41.1093688
                            ],
                            [
                                29.3053812,
                                41.1092879
                            ],
                            [
                                29.3050379,
                                41.1093041
                            ],
                            [
                                29.304716,
                                41.1093324
                            ],
                            [
                                29.30448,
                                41.1093162
                            ],
                            [
                                29.3042493,
                                41.1092435
                            ],
                            [
                                29.3039274,
                                41.1091828
                            ],
                            [
                                29.3037558,
                                41.1091545
                            ],
                            [
                                29.3036109,
                                41.1089929
                            ],
                            [
                                29.3035734,
                                41.1088393
                            ],
                            [
                                29.3033588,
                                41.1088393
                            ],
                            [
                                29.3026239,
                                41.1088393
                            ],
                            [
                                29.3023449,
                                41.1087746
                            ],
                            [
                                29.3018997,
                                41.1087059
                            ],
                            [
                                29.3015188,
                                41.1087423
                            ],
                            [
                                29.3013203,
                                41.1086331
                            ],
                            [
                                29.3005156,
                                41.108431
                            ],
                            [
                                29.2998773,
                                41.1084351
                            ],
                            [
                                29.2994213,
                                41.1082694
                            ],
                            [
                                29.2991102,
                                41.1082815
                            ],
                            [
                                29.2983967,
                                41.1080713
                            ],
                            [
                                29.2981338,
                                41.1080834
                            ],
                            [
                                29.2978817,
                                41.1083967
                            ],
                            [
                                29.2976698,
                                41.1085321
                            ],
                            [
                                29.2974043,
                                41.1085078
                            ],
                            [
                                29.2973882,
                                41.1082653
                            ],
                            [
                                29.2971039,
                                41.1081481
                            ],
                            [
                                29.2968518,
                                41.1080006
                            ],
                            [
                                29.2965379,
                                41.1078389
                            ],
                            [
                                29.2961383,
                                41.1077682
                            ],
                            [
                                29.2960578,
                                41.1075661
                            ],
                            [
                                29.2959291,
                                41.1073114
                            ],
                            [
                                29.2956555,
                                41.1071578
                            ],
                            [
                                29.2950439,
                                41.107368
                            ]
                        ]
                    ]
                ]
            }
        },
        {
            "type": "Feature",
            "properties": {
                "type": "relation",
                "id": 9679693,
                "tags": {
                    "admin_level": "8",
                    "boundary": "administrative",
                    "name": "Koçullu Mahallesi",
                    "type": "boundary",
                    "wikidata": "Q6605434"
                }
            },
            "geometry": {
                "type": "MultiPolygon",
                "coordinates": [
                    [
                        [
                            [
                                29.3379093,
                                41.0837433
                            ],
                            [
                                29.3383026,
                                41.0835484
                            ],
                            [
                                29.3385386,
                                41.0831521
                            ],
                            [
                                29.3388605,
                                41.0823758
                            ],
                            [
                                29.3392253,
                                41.0818582
                            ],
                            [
                                29.3396973,
                                41.08147
                            ],
                            [
                                29.3399977,
                                41.0809201
                            ],
                            [
                                29.3401909,
                                41.0798526
                            ],
                            [
                                29.3400407,
                                41.0790924
                            ],
                            [
                                29.339354,
                                41.0753882
                            ],
                            [
                                29.3390751,
                                41.0751941
                            ],
                            [
                                29.339118,
                                41.0745309
                            ],
                            [
                                29.3380451,
                                41.0728648
                            ],
                            [
                                29.3395471,
                                41.070325
                            ],
                            [
                                29.3400208,
                                41.0688979
                            ],
                            [
                                29.3402097,
                                41.0683703
                            ],
                            [
                                29.3404514,
                                41.0680792
                            ],
                            [
                                29.3408341,
                                41.067816
                            ],
                            [
                                29.3412865,
                                41.0676975
                            ],
                            [
                                29.3419697,
                                41.0676677
                            ],
                            [
                                29.3432161,
                                41.0680251
                            ],
                            [
                                29.3461809,
                                41.0690356
                            ],
                            [
                                29.3471418,
                                41.0691685
                            ],
                            [
                                29.3480658,
                                41.0691117
                            ],
                            [
                                29.3488169,
                                41.0685455
                            ],
                            [
                                29.3496108,
                                41.0666689
                            ],
                            [
                                29.3494391,
                                41.0659085
                            ],
                            [
                                29.348731,
                                41.0652776
                            ],
                            [
                                29.347229,
                                41.0644848
                            ],
                            [
                                29.346199,
                                41.0639348
                            ],
                            [
                                29.3448257,
                                41.0630288
                            ],
                            [
                                29.3442249,
                                41.0619448
                            ],
                            [
                                29.344182,
                                41.0609417
                            ],
                            [
                                29.3460488,
                                41.0590163
                            ],
                            [
                                29.3476581,
                                41.0584015
                            ],
                            [
                                29.3497181,
                                41.0580293
                            ],
                            [
                                29.3514357,
                                41.0577466
                            ],
                            [
                                29.3522824,
                                41.0578098
                            ],
                            [
                                29.353245,
                                41.0583824
                            ],
                            [
                                29.3541106,
                                41.0594686
                            ],
                            [
                                29.3557935,
                                41.0603345
                            ],
                            [
                                29.3584404,
                                41.0606311
                            ],
                            [
                                29.3652716,
                                41.0605633
                            ],
                            [
                                29.3664809,
                                41.0594034
                            ],
                            [
                                29.36988,
                                41.0575972
                            ],
                            [
                                29.3760992,
                                41.0572311
                            ],
                            [
                                29.3784289,
                                41.0599838
                            ],
                            [
                                29.3798034,
                                41.0626352
                            ],
                            [
                                29.3820401,
                                41.0642814
                            ],
                            [
                                29.3825008,
                                41.0651476
                            ],
                            [
                                29.3824007,
                                41.0662286
                            ],
                            [
                                29.3828208,
                                41.0667595
                            ],
                            [
                                29.3834952,
                                41.0677072
                            ],
                            [
                                29.3846794,
                                41.0685942
                            ],
                            [
                                29.3849964,
                                41.0696685
                            ],
                            [
                                29.3871427,
                                41.0705151
                            ],
                            [
                                29.3894266,
                                41.0708832
                            ],
                            [
                                29.3903563,
                                41.0719736
                            ],
                            [
                                29.3895026,
                                41.0722668
                            ],
                            [
                                29.3872799,
                                41.0726855
                            ],
                            [
                                29.3878479,
                                41.0735411
                            ],
                            [
                                29.3905543,
                                41.0745861
                            ],
                            [
                                29.3916321,
                                41.0751378
                            ],
                            [
                                29.391493,
                                41.0760075
                            ],
                            [
                                29.3937246,
                                41.0773966
                            ],
                            [
                                29.3945668,
                                41.0774887
                            ],
                            [
                                29.3947851,
                                41.0778514
                            ],
                            [
                                29.3945783,
                                41.07841
                            ],
                            [
                                29.3938133,
                                41.0797311
                            ],
                            [
                                29.3944793,
                                41.0813926
                            ],
                            [
                                29.3956179,
                                41.0816259
                            ],
                            [
                                29.3996307,
                                41.0824481
                            ],
                            [
                                29.3994327,
                                41.085906
                            ],
                            [
                                29.3954391,
                                41.0867518
                            ],
                            [
                                29.3944159,
                                41.0866274
                            ],
                            [
                                29.3934588,
                                41.0869259
                            ],
                            [
                                29.3920725,
                                41.0884931
                            ],
                            [
                                29.3902573,
                                41.0887419
                            ],
                            [
                                29.3901583,
                                41.0896374
                            ],
                            [
                                29.3912144,
                                41.0905329
                            ],
                            [
                                29.3920065,
                                41.090707
                            ],
                            [
                                29.3933928,
                                41.0921
                            ],
                            [
                                29.3934588,
                                41.0931696
                            ],
                            [
                                29.395142,
                                41.0936671
                            ],
                            [
                                29.3979805,
                                41.0933437
                            ],
                            [
                                29.3991356,
                                41.0938163
                            ],
                            [
                                29.3975151,
                                41.0939554
                            ],
                            [
                                29.3954283,
                                41.0941696
                            ],
                            [
                                29.394452,
                                41.0942222
                            ],
                            [
                                29.3926334,
                                41.0944688
                            ],
                            [
                                29.391008,
                                41.0947235
                            ],
                            [
                                29.3890017,
                                41.0950873
                            ],
                            [
                                29.3875855,
                                41.0953137
                            ],
                            [
                                29.3864,
                                41.0955037
                            ],
                            [
                                29.3853646,
                                41.0955886
                            ],
                            [
                                29.3847746,
                                41.0955159
                            ],
                            [
                                29.3843615,
                                41.095435
                            ],
                            [
                                29.383868,
                                41.0952935
                            ],
                            [
                                29.3835086,
                                41.095152
                            ],
                            [
                                29.3830955,
                                41.0949216
                            ],
                            [
                                29.3825591,
                                41.0945133
                            ],
                            [
                                29.3820172,
                                41.0940928
                            ],
                            [
                                29.3815559,
                                41.0937654
                            ],
                            [
                                29.3811375,
                                41.0934581
                            ],
                            [
                                29.380703,
                                41.0931226
                            ],
                            [
                                29.3801129,
                                41.0926576
                            ],
                            [
                                29.3798178,
                                41.0924878
                            ],
                            [
                                29.3792814,
                                41.0922452
                            ],
                            [
                                29.3785626,
                                41.0920148
                            ],
                            [
                                29.3773824,
                                41.0916833
                            ],
                            [
                                29.3765241,
                                41.0914205
                            ],
                            [
                                29.3760681,
                                41.0911577
                            ],
                            [
                                29.3756819,
                                41.0908989
                            ],
                            [
                                29.3754351,
                                41.0906665
                            ],
                            [
                                29.3752125,
                                41.0904764
                            ],
                            [
                                29.3746492,
                                41.0900479
                            ],
                            [
                                29.3741369,
                                41.089682
                            ],
                            [
                                29.373579,
                                41.0893747
                            ],
                            [
                                29.373284,
                                41.0889987
                            ],
                            [
                                29.3729138,
                                41.0887278
                            ],
                            [
                                29.3720502,
                                41.088372
                            ],
                            [
                                29.3713689,
                                41.0879677
                            ],
                            [
                                29.3705481,
                                41.0877049
                            ],
                            [
                                29.370017,
                                41.0876887
                            ],
                            [
                                29.3693143,
                                41.087899
                            ],
                            [
                                29.3685526,
                                41.0882224
                            ],
                            [
                                29.3679035,
                                41.088744
                            ],
                            [
                                29.3674904,
                                41.0890189
                            ],
                            [
                                29.3671632,
                                41.0892292
                            ],
                            [
                                29.3668842,
                                41.0894071
                            ],
                            [
                                29.3664433,
                                41.0895988
                            ],
                            [
                                29.3653768,
                                41.0897386
                            ],
                            [
                                29.3648994,
                                41.0900176
                            ],
                            [
                                29.3640464,
                                41.0900337
                            ],
                            [
                                29.3636656,
                                41.0899205
                            ],
                            [
                                29.3635368,
                                41.0898073
                            ],
                            [
                                29.3631238,
                                41.0897912
                            ],
                            [
                                29.3630111,
                                41.0896214
                            ],
                            [
                                29.3622923,
                                41.0897507
                            ],
                            [
                                29.3617558,
                                41.089961
                            ],
                            [
                                29.3610102,
                                41.0902116
                            ],
                            [
                                29.3612784,
                                41.0897912
                            ],
                            [
                                29.3610585,
                                41.0896052
                            ],
                            [
                                29.3602002,
                                41.0893141
                            ],
                            [
                                29.3596744,
                                41.0892898
                            ],
                            [
                                29.3593258,
                                41.0892979
                            ],
                            [
                                29.3584353,
                                41.0893262
                            ],
                            [
                                29.357239,
                                41.0888006
                            ],
                            [
                                29.3563485,
                                41.0883882
                            ],
                            [
                                29.3551254,
                                41.0884165
                            ],
                            [
                                29.3533659,
                                41.0879637
                            ],
                            [
                                29.3531084,
                                41.0880931
                            ],
                            [
                                29.3517906,
                                41.0890972
                            ],
                            [
                                29.3511236,
                                41.0883922
                            ],
                            [
                                29.3504906,
                                41.0878666
                            ],
                            [
                                29.3495338,
                                41.0872874
                            ],
                            [
                                29.3481517,
                                41.0858612
                            ],
                            [
                                29.3468642,
                                41.0853922
                            ],
                            [
                                29.3451154,
                                41.0849878
                            ],
                            [
                                29.3441069,
                                41.0847291
                            ],
                            [
                                29.343667,
                                41.0848989
                            ],
                            [
                                29.3430555,
                                41.0849312
                            ],
                            [
                                29.3425298,
                                41.0849717
                            ],
                            [
                                29.3419504,
                                41.0849151
                            ],
                            [
                                29.3418109,
                                41.0847533
                            ],
                            [
                                29.3411994,
                                41.0847695
                            ],
                            [
                                29.3411028,
                                41.0851334
                            ],
                            [
                                29.3403625,
                                41.0851253
                            ],
                            [
                                29.3397617,
                                41.0852628
                            ],
                            [
                                29.3392575,
                                41.0846482
                            ],
                            [
                                29.3388069,
                                41.0843328
                            ],
                            [
                                29.3382168,
                                41.0840821
                            ],
                            [
                                29.3379093,
                                41.0837433
                            ]
                        ]
                    ]
                ]
            }
        },
        {
            "type": "Feature",
            "properties": {
                "type": "relation",
                "id": 9679694,
                "tags": {
                    "admin_level": "8",
                    "boundary": "administrative",
                    "name": "Ömerli Mahallesi",
                    "type": "boundary",
                    "wikidata": "Q6074883"
                }
            },
            "geometry": {
                "type": "MultiPolygon",
                "coordinates": [
                    [
                        [
                            [
                                29.2656171,
                                41.0718878
                            ],
                            [
                                29.2656308,
                                41.0717506
                            ],
                            [
                                29.2656496,
                                41.0716252
                            ],
                            [
                                29.2657515,
                                41.0713866
                            ],
                            [
                                29.2659017,
                                41.0712087
                            ],
                            [
                                29.2661056,
                                41.0709822
                            ],
                            [
                                29.2666554,
                                41.0704787
                            ],
                            [
                                29.2669022,
                                41.0701471
                            ],
                            [
                                29.2671275,
                                41.0699125
                            ],
                            [
                                29.2675459,
                                41.0696617
                            ],
                            [
                                29.2681682,
                                41.0697588
                            ],
                            [
                                29.2684686,
                                41.0697912
                            ],
                            [
                                29.2687368,
                                41.0697345
                            ],
                            [
                                29.2690503,
                                41.0695866
                            ],
                            [
                                29.2691231,
                                41.0695
                            ],
                            [
                                29.2692894,
                                41.0693503
                            ],
                            [
                                29.2694718,
                                41.06914
                            ],
                            [
                                29.2695844,
                                41.0690268
                            ],
                            [
                                29.2697507,
                                41.0688974
                            ],
                            [
                                29.2699653,
                                41.0688003
                            ],
                            [
                                29.2702496,
                                41.0687315
                            ],
                            [
                                29.2706251,
                                41.0687154
                            ],
                            [
                                29.2709631,
                                41.0686628
                            ],
                            [
                                29.2717087,
                                41.0686021
                            ],
                            [
                                29.2718965,
                                41.0685334
                            ],
                            [
                                29.2721754,
                                41.0684565
                            ],
                            [
                                29.2725509,
                                41.0683918
                            ],
                            [
                                29.2726529,
                                41.0682503
                            ],
                            [
                                29.2726421,
                                41.0680642
                            ],
                            [
                                29.2725617,
                                41.0678822
                            ],
                            [
                                29.2723632,
                                41.0676719
                            ],
                            [
                                29.2721218,
                                41.0674697
                            ],
                            [
                                29.2719018,
                                41.0672311
                            ],
                            [
                                29.271757,
                                41.0668954
                            ],
                            [
                                29.2715692,
                                41.0666932
                            ],
                            [
                                29.2713439,
                                41.0663534
                            ],
                            [
                                29.2711508,
                                41.0659611
                            ],
                            [
                                29.2709255,
                                41.0654758
                            ],
                            [
                                29.2708451,
                                41.065411
                            ],
                            [
                                29.2707699,
                                41.0653382
                            ],
                            [
                                29.270727,
                                41.0652169
                            ],
                            [
                                29.2706841,
                                41.0650268
                            ],
                            [
                                29.2706519,
                                41.064865
                            ],
                            [
                                29.2706841,
                                41.064679
                            ],
                            [
                                29.2706895,
                                41.0642705
                            ],
                            [
                                29.2708826,
                                41.0639145
                            ],
                            [
                                29.2708772,
                                41.0637083
                            ],
                            [
                                29.2708021,
                                41.0633685
                            ],
                            [
                                29.2707699,
                                41.0630813
                            ],
                            [
                                29.2707914,
                                41.0629034
                            ],
                            [
                                29.2709362,
                                41.0625677
                            ],
                            [
                                29.2710864,
                                41.0623614
                            ],
                            [
                                29.2715263,
                                41.0618517
                            ],
                            [
                                29.2716712,
                                41.0615201
                            ],
                            [
                                29.2717838,
                                41.0612046
                            ],
                            [
                                29.2718536,
                                41.061059
                            ],
                            [
                                29.2720306,
                                41.0605574
                            ],
                            [
                                29.2725831,
                                41.059619
                            ],
                            [
                                29.2729157,
                                41.0593682
                            ],
                            [
                                29.2736399,
                                41.0585228
                            ],
                            [
                                29.2737043,
                                41.0581183
                            ],
                            [
                                29.273833,
                                41.0577623
                            ],
                            [
                                29.2742836,
                                41.0568158
                            ],
                            [
                                29.2746377,
                                41.0563223
                            ],
                            [
                                29.2746913,
                                41.0555456
                            ],
                            [
                                29.2740583,
                                41.0544939
                            ],
                            [
                                29.2735326,
                                41.0537172
                            ],
                            [
                                29.2733073,
                                41.0535352
                            ],
                            [
                                29.2745502,
                                41.0535033
                            ],
                            [
                                29.2749864,
                                41.0536767
                            ],
                            [
                                29.2754316,
                                41.0537455
                            ],
                            [
                                29.2757857,
                                41.0537576
                            ],
                            [
                                29.2768586,
                                41.0540246
                            ],
                            [
                                29.2771804,
                                41.0540853
                            ],
                            [
                                29.2786878,
                                41.0543806
                            ],
                            [
                                29.2795139,
                                41.0543321
                            ],
                            [
                                29.2806029,
                                41.0539478
                            ],
                            [
                                29.2809516,
                                41.0539882
                            ],
                            [
                                29.282062,
                                41.0542026
                            ],
                            [
                                29.2826199,
                                41.0543968
                            ],
                            [
                                29.2833012,
                                41.0544939
                            ],
                            [
                                29.2836553,
                                41.0541945
                            ],
                            [
                                29.2839653,
                                41.0541002
                            ],
                            [
                                29.2843044,
                                41.0539639
                            ],
                            [
                                29.2846531,
                                41.0538709
                            ],
                            [
                                29.2849642,
                                41.0537212
                            ],
                            [
                                29.2863482,
                                41.0531185
                            ],
                            [
                                29.286772,
                                41.0528474
                            ],
                            [
                                29.2870402,
                                41.0529526
                            ],
                            [
                                29.2902669,
                                41.0527344
                            ],
                            [
                                29.2926429,
                                41.0516411
                            ],
                            [
                                29.2948461,
                                41.0505546
                            ],
                            [
                                29.2954477,
                                41.0502281
                            ],
                            [
                                29.295909,
                                41.0499777
                            ],
                            [
                                29.2966242,
                                41.0492286
                            ],
                            [
                                29.297697,
                                41.048959
                            ],
                            [
                                29.300071,
                                41.0478353
                            ],
                            [
                                29.3014219,
                                41.0492286
                            ],
                            [
                                29.3025299,
                                41.0495171
                            ],
                            [
                                29.3043973,
                                41.0494805
                            ],
                            [
                                29.3057297,
                                41.0489863
                            ],
                            [
                                29.3058766,
                                41.0489318
                            ],
                            [
                                29.3065799,
                                41.0489501
                            ],
                            [
                                29.3069921,
                                41.0492062
                            ],
                            [
                                29.3088837,
                                41.0490964
                            ],
                            [
                                29.3099992,
                                41.0485844
                            ],
                            [
                                29.3120848,
                                41.0486392
                            ],
                            [
                                29.3136126,
                                41.0488221
                            ],
                            [
                                29.3144614,
                                41.049133
                            ],
                            [
                                29.3164015,
                                41.0496085
                            ],
                            [
                                29.3181961,
                                41.050212
                            ],
                            [
                                29.3190691,
                                41.0507241
                            ],
                            [
                                29.3196511,
                                41.0506327
                            ],
                            [
                                29.3204514,
                                41.0503584
                            ],
                            [
                                29.3212746,
                                41.0508068
                            ],
                            [
                                29.3213244,
                                41.0508339
                            ],
                            [
                                29.3220762,
                                41.0508521
                            ],
                            [
                                29.3230727,
                                41.0506023
                            ],
                            [
                                29.3230948,
                                41.0505961
                            ],
                            [
                                29.324089,
                                41.050651
                            ],
                            [
                                29.3264656,
                                41.0504132
                            ],
                            [
                                29.3283572,
                                41.0495537
                            ],
                            [
                                29.3287695,
                                41.0489136
                            ],
                            [
                                29.3298123,
                                41.0485112
                            ],
                            [
                                29.3307338,
                                41.0484929
                            ],
                            [
                                29.3316796,
                                41.0488953
                            ],
                            [
                                29.3362388,
                                41.0486941
                            ],
                            [
                                29.3371873,
                                41.04818
                            ],
                            [
                                29.3386396,
                                41.048054
                            ],
                            [
                                29.3399734,
                                41.0487672
                            ],
                            [
                                29.342037,
                                41.0486559
                            ],
                            [
                                29.3446716,
                                41.0479056
                            ],
                            [
                                29.3465712,
                                41.0479526
                            ],
                            [
                                29.3467099,
                                41.0473928
                            ],
                            [
                                29.3482907,
                                41.0428624
                            ],
                            [
                                29.3480662,
                                41.0417507
                            ],
                            [
                                29.3485809,
                                41.0413682
                            ],
                            [
                                29.3488612,
                                41.0413219
                            ],
                            [
                                29.3501465,
                                41.0412655
                            ],
                            [
                                29.3516701,
                                41.0410912
                            ],
                            [
                                29.3539929,
                                41.0402164
                            ],
                            [
                                29.3557051,
                                41.0398447
                            ],
                            [
                                29.3603205,
                                41.0384623
                            ],
                            [
                                29.3617955,
                                41.0415897
                            ],
                            [
                                29.3645585,
                                41.0428549
                            ],
                            [
                                29.3654059,
                                41.04389
                            ],
                            [
                                29.363873,
                                41.0465308
                            ],
                            [
                                29.3609736,
                                41.0479138
                            ],
                            [
                                29.35929,
                                41.0496822
                            ],
                            [
                                29.3587143,
                                41.0515833
                            ],
                            [
                                29.3601615,
                                41.0550103
                            ],
                            [
                                29.3620579,
                                41.0574408
                            ],
                            [
                                29.3652716,
                                41.0605633
                            ],
                            [
                                29.3584404,
                                41.0606311
                            ],
                            [
                                29.3557935,
                                41.0603345
                            ],
                            [
                                29.3541106,
                                41.0594686
                            ],
                            [
                                29.353245,
                                41.0583824
                            ],
                            [
                                29.3522824,
                                41.0578098
                            ],
                            [
                                29.3514357,
                                41.0577466
                            ],
                            [
                                29.3497181,
                                41.0580293
                            ],
                            [
                                29.3476581,
                                41.0584015
                            ],
                            [
                                29.3460488,
                                41.0590163
                            ],
                            [
                                29.344182,
                                41.0609417
                            ],
                            [
                                29.3442249,
                                41.0619448
                            ],
                            [
                                29.3448257,
                                41.0630288
                            ],
                            [
                                29.346199,
                                41.0639348
                            ],
                            [
                                29.347229,
                                41.0644848
                            ],
                            [
                                29.348731,
                                41.0652776
                            ],
                            [
                                29.3494391,
                                41.0659085
                            ],
                            [
                                29.3496108,
                                41.0666689
                            ],
                            [
                                29.3488169,
                                41.0685455
                            ],
                            [
                                29.3480658,
                                41.0691117
                            ],
                            [
                                29.3471418,
                                41.0691685
                            ],
                            [
                                29.3461809,
                                41.0690356
                            ],
                            [
                                29.3432161,
                                41.0680251
                            ],
                            [
                                29.3419697,
                                41.0676677
                            ],
                            [
                                29.3412865,
                                41.0676975
                            ],
                            [
                                29.3408341,
                                41.067816
                            ],
                            [
                                29.3404514,
                                41.0680792
                            ],
                            [
                                29.3402097,
                                41.0683703
                            ],
                            [
                                29.3400208,
                                41.0688979
                            ],
                            [
                                29.3395471,
                                41.070325
                            ],
                            [
                                29.3380451,
                                41.0728648
                            ],
                            [
                                29.339118,
                                41.0745309
                            ],
                            [
                                29.3390751,
                                41.0751941
                            ],
                            [
                                29.339354,
                                41.0753882
                            ],
                            [
                                29.3400407,
                                41.0790924
                            ],
                            [
                                29.3401909,
                                41.0798526
                            ],
                            [
                                29.3399977,
                                41.0809201
                            ],
                            [
                                29.3396973,
                                41.08147
                            ],
                            [
                                29.3392253,
                                41.0818582
                            ],
                            [
                                29.3388605,
                                41.0823758
                            ],
                            [
                                29.3385386,
                                41.0831521
                            ],
                            [
                                29.3383026,
                                41.0835484
                            ],
                            [
                                29.3379093,
                                41.0837433
                            ],
                            [
                                29.3382168,
                                41.0840821
                            ],
                            [
                                29.3388069,
                                41.0843328
                            ],
                            [
                                29.3392575,
                                41.0846482
                            ],
                            [
                                29.3397617,
                                41.0852628
                            ],
                            [
                                29.3403625,
                                41.0851253
                            ],
                            [
                                29.3411028,
                                41.0851334
                            ],
                            [
                                29.3411994,
                                41.0847695
                            ],
                            [
                                29.3418109,
                                41.0847533
                            ],
                            [
                                29.3419504,
                                41.0849151
                            ],
                            [
                                29.3425298,
                                41.0849717
                            ],
                            [
                                29.3430555,
                                41.0849312
                            ],
                            [
                                29.343667,
                                41.0848989
                            ],
                            [
                                29.3441069,
                                41.0847291
                            ],
                            [
                                29.3451154,
                                41.0849878
                            ],
                            [
                                29.3468642,
                                41.0853922
                            ],
                            [
                                29.3481517,
                                41.0858612
                            ],
                            [
                                29.3495338,
                                41.0872874
                            ],
                            [
                                29.3504906,
                                41.0878666
                            ],
                            [
                                29.3511236,
                                41.0883922
                            ],
                            [
                                29.3517906,
                                41.0890972
                            ],
                            [
                                29.3531084,
                                41.0880931
                            ],
                            [
                                29.3533659,
                                41.0879637
                            ],
                            [
                                29.3551254,
                                41.0884165
                            ],
                            [
                                29.3563485,
                                41.0883882
                            ],
                            [
                                29.357239,
                                41.0888006
                            ],
                            [
                                29.3584353,
                                41.0893262
                            ],
                            [
                                29.3593258,
                                41.0892979
                            ],
                            [
                                29.3596744,
                                41.0892898
                            ],
                            [
                                29.3602002,
                                41.0893141
                            ],
                            [
                                29.3610585,
                                41.0896052
                            ],
                            [
                                29.3612784,
                                41.0897912
                            ],
                            [
                                29.3610102,
                                41.0902116
                            ],
                            [
                                29.3617558,
                                41.089961
                            ],
                            [
                                29.3622923,
                                41.0897507
                            ],
                            [
                                29.3630111,
                                41.0896214
                            ],
                            [
                                29.3631238,
                                41.0897912
                            ],
                            [
                                29.3635368,
                                41.0898073
                            ],
                            [
                                29.3636656,
                                41.0899205
                            ],
                            [
                                29.3640464,
                                41.0900337
                            ],
                            [
                                29.3648994,
                                41.0900176
                            ],
                            [
                                29.3653768,
                                41.0897386
                            ],
                            [
                                29.3664433,
                                41.0895988
                            ],
                            [
                                29.3668842,
                                41.0894071
                            ],
                            [
                                29.3671632,
                                41.0892292
                            ],
                            [
                                29.3674904,
                                41.0890189
                            ],
                            [
                                29.3679035,
                                41.088744
                            ],
                            [
                                29.3685526,
                                41.0882224
                            ],
                            [
                                29.3693143,
                                41.087899
                            ],
                            [
                                29.370017,
                                41.0876887
                            ],
                            [
                                29.3705481,
                                41.0877049
                            ],
                            [
                                29.3713689,
                                41.0879677
                            ],
                            [
                                29.3720502,
                                41.088372
                            ],
                            [
                                29.3729138,
                                41.0887278
                            ],
                            [
                                29.373284,
                                41.0889987
                            ],
                            [
                                29.373579,
                                41.0893747
                            ],
                            [
                                29.3741369,
                                41.089682
                            ],
                            [
                                29.3746492,
                                41.0900479
                            ],
                            [
                                29.3752125,
                                41.0904764
                            ],
                            [
                                29.3754351,
                                41.0906665
                            ],
                            [
                                29.3756819,
                                41.0908989
                            ],
                            [
                                29.3760681,
                                41.0911577
                            ],
                            [
                                29.3765241,
                                41.0914205
                            ],
                            [
                                29.3773824,
                                41.0916833
                            ],
                            [
                                29.3785626,
                                41.0920148
                            ],
                            [
                                29.3792814,
                                41.0922452
                            ],
                            [
                                29.3798178,
                                41.0924878
                            ],
                            [
                                29.3801129,
                                41.0926576
                            ],
                            [
                                29.380703,
                                41.0931226
                            ],
                            [
                                29.3811375,
                                41.0934581
                            ],
                            [
                                29.3815559,
                                41.0937654
                            ],
                            [
                                29.3820172,
                                41.0940928
                            ],
                            [
                                29.3825591,
                                41.0945133
                            ],
                            [
                                29.3830955,
                                41.0949216
                            ],
                            [
                                29.3835086,
                                41.095152
                            ],
                            [
                                29.383868,
                                41.0952935
                            ],
                            [
                                29.3843615,
                                41.095435
                            ],
                            [
                                29.3847746,
                                41.0955159
                            ],
                            [
                                29.3853646,
                                41.0955886
                            ],
                            [
                                29.3864,
                                41.0955037
                            ],
                            [
                                29.3875855,
                                41.0953137
                            ],
                            [
                                29.3890017,
                                41.0950873
                            ],
                            [
                                29.391008,
                                41.0947235
                            ],
                            [
                                29.3926334,
                                41.0944688
                            ],
                            [
                                29.394452,
                                41.0942222
                            ],
                            [
                                29.3954283,
                                41.0941696
                            ],
                            [
                                29.3975151,
                                41.0939554
                            ],
                            [
                                29.3991356,
                                41.0938163
                            ],
                            [
                                29.4003898,
                                41.0942641
                            ],
                            [
                                29.4020295,
                                41.0963763
                            ],
                            [
                                29.4019873,
                                41.0985253
                            ],
                            [
                                29.4013733,
                                41.0999943
                            ],
                            [
                                29.4000017,
                                41.0998942
                            ],
                            [
                                29.3983963,
                                41.100117
                            ],
                            [
                                29.3944251,
                                41.1021863
                            ],
                            [
                                29.3915946,
                                41.1029344
                            ],
                            [
                                29.3905385,
                                41.1050513
                            ],
                            [
                                29.3891866,
                                41.1061814
                            ],
                            [
                                29.3873099,
                                41.106594
                            ],
                            [
                                29.3866422,
                                41.1069445
                            ],
                            [
                                29.3860052,
                                41.1073088
                            ],
                            [
                                29.3853683,
                                41.1077521
                            ],
                            [
                                29.3847499,
                                41.1082093
                            ],
                            [
                                29.3845184,
                                41.1088553
                            ],
                            [
                                29.3834833,
                                41.1086961
                            ],
                            [
                                29.3824694,
                                41.1089508
                            ],
                            [
                                29.3824465,
                                41.1105157
                            ],
                            [
                                29.3820522,
                                41.1113646
                            ],
                            [
                                29.3824483,
                                41.1123407
                            ],
                            [
                                29.3817723,
                                41.1129613
                            ],
                            [
                                29.3812144,
                                41.1150669
                            ],
                            [
                                29.3810721,
                                41.1157535
                            ],
                            [
                                29.3804627,
                                41.1174491
                            ],
                            [
                                29.3803148,
                                41.1195019
                            ],
                            [
                                29.3801036,
                                41.1210614
                            ],
                            [
                                29.3783081,
                                41.122939
                            ],
                            [
                                29.3771463,
                                41.1232095
                            ],
                            [
                                29.374534,
                                41.1247738
                            ],
                            [
                                29.3728161,
                                41.125835
                            ],
                            [
                                29.3697321,
                                41.1245779
                            ],
                            [
                                29.3680634,
                                41.1230822
                            ],
                            [
                                29.3669016,
                                41.1226844
                            ],
                            [
                                29.3667662,
                                41.1224105
                            ],
                            [
                                29.3659937,
                                41.1219579
                            ],
                            [
                                29.3654466,
                                41.1214083
                            ],
                            [
                                29.365071,
                                41.1209638
                            ],
                            [
                                29.3647385,
                                41.1207133
                            ],
                            [
                                29.3639767,
                                41.1205516
                            ],
                            [
                                29.3637085,
                                41.120495
                            ],
                            [
                                29.363451,
                                41.1201556
                            ],
                            [
                                29.3633759,
                                41.1198242
                            ],
                            [
                                29.3633544,
                                41.119509
                            ],
                            [
                                29.3633652,
                                41.119315
                            ],
                            [
                                29.3634081,
                                41.1189432
                            ],
                            [
                                29.3634725,
                                41.1186603
                            ],
                            [
                                29.363172,
                                41.1180945
                            ],
                            [
                                29.3625927,
                                41.1176258
                            ],
                            [
                                29.3619704,
                                41.117157
                            ],
                            [
                                29.3614554,
                                41.1165265
                            ],
                            [
                                29.3611121,
                                41.115888
                            ],
                            [
                                29.360919,
                                41.1151686
                            ],
                            [
                                29.3607259,
                                41.1145704
                            ],
                            [
                                29.3602538,
                                41.1139885
                            ],
                            [
                                29.3598246,
                                41.1135196
                            ],
                            [
                                29.3591599,
                                41.1131227
                            ],
                            [
                                29.3590093,
                                41.1128325
                            ],
                            [
                                29.3588054,
                                41.1122344
                            ],
                            [
                                29.3585801,
                                41.1117979
                            ],
                            [
                                29.3582368,
                                41.1116281
                            ],
                            [
                                29.3573677,
                                41.1111674
                            ],
                            [
                                29.3566918,
                                41.1110623
                            ],
                            [
                                29.3562841,
                                41.1109572
                            ],
                            [
                                29.3559086,
                                41.1104964
                            ],
                            [
                                29.3557906,
                                41.1102943
                            ],
                            [
                                29.3555331,
                                41.1101731
                            ],
                            [
                                29.3551147,
                                41.1102539
                            ],
                            [
                                29.3546212,
                                41.110262
                            ],
                            [
                                29.3541706,
                                41.1101488
                            ],
                            [
                                29.3540633,
                                41.10968
                            ],
                            [
                                29.3535268,
                                41.1094051
                            ],
                            [
                                29.3527114,
                                41.109098
                            ],
                            [
                                29.3519175,
                                41.1089686
                            ],
                            [
                                29.3511236,
                                41.1088635
                            ],
                            [
                                29.3505442,
                                41.1088878
                            ],
                            [
                                29.3501687,
                                41.1087423
                            ],
                            [
                                29.3495035,
                                41.1087827
                            ],
                            [
                                29.348731,
                                41.1086291
                            ],
                            [
                                29.348098,
                                41.1083219
                            ],
                            [
                                29.347862,
                                41.1079016
                            ],
                            [
                                29.3474221,
                                41.1075863
                            ],
                            [
                                29.3471861,
                                41.1072791
                            ],
                            [
                                29.3458021,
                                41.1060503
                            ],
                            [
                                29.3457699,
                                41.1058967
                            ],
                            [
                                29.3454265,
                                41.1057916
                            ],
                            [
                                29.3452549,
                                41.1054602
                            ],
                            [
                                29.344933,
                                41.1049024
                            ],
                            [
                                29.3446112,
                                41.1044011
                            ],
                            [
                                29.3447935,
                                41.1039888
                            ],
                            [
                                29.3438065,
                                41.1031238
                            ],
                            [
                                29.3434203,
                                41.1025417
                            ],
                            [
                                29.3432486,
                                41.1021537
                            ],
                            [
                                29.342916,
                                41.1013452
                            ],
                            [
                                29.3430769,
                                41.1008682
                            ],
                            [
                                29.3426907,
                                41.1002295
                            ],
                            [
                                29.3423366,
                                41.0998414
                            ],
                            [
                                29.342047,
                                41.0994372
                            ],
                            [
                                29.3418646,
                                41.0991057
                            ],
                            [
                                29.3415105,
                                41.0990491
                            ],
                            [
                                29.3410492,
                                41.0988308
                            ],
                            [
                                29.3409526,
                                41.098661
                            ],
                            [
                                29.3410492,
                                41.0980304
                            ],
                            [
                                29.3411779,
                                41.0975695
                            ],
                            [
                                29.3402338,
                                41.0977232
                            ],
                            [
                                29.3398368,
                                41.09761
                            ],
                            [
                                29.3394935,
                                41.0972866
                            ],
                            [
                                29.3389678,
                                41.0968338
                            ],
                            [
                                29.3385064,
                                41.0965751
                            ],
                            [
                                29.3380451,
                                41.096381
                            ],
                            [
                                29.3369508,
                                41.0963568
                            ],
                            [
                                29.3368864,
                                41.0962597
                            ],
                            [
                                29.3368614,
                                41.0956662
                            ],
                            [
                                29.336397,
                                41.0954076
                            ],
                            [
                                29.3358983,
                                41.0953012
                            ],
                            [
                                29.3355202,
                                41.0952726
                            ],
                            [
                                29.3349016,
                                41.0946912
                            ],
                            [
                                29.3348908,
                                41.0942303
                            ],
                            [
                                29.3348919,
                                41.0940553
                            ],
                            [
                                29.3352107,
                                41.0938717
                            ],
                            [
                                29.3354847,
                                41.0937005
                            ],
                            [
                                29.3344141,
                                41.0930553
                            ],
                            [
                                29.3336903,
                                41.0934734
                            ],
                            [
                                29.3331742,
                                41.0937371
                            ],
                            [
                                29.3325305,
                                41.0940524
                            ],
                            [
                                29.3319733,
                                41.0943983
                            ],
                            [
                                29.3317284,
                                41.0945811
                            ],
                            [
                                29.3314989,
                                41.0947208
                            ],
                            [
                                29.3306619,
                                41.0944573
                            ],
                            [
                                29.3298161,
                                41.0944324
                            ],
                            [
                                29.3297624,
                                41.0948286
                            ],
                            [
                                29.3296122,
                                41.0952329
                            ],
                            [
                                29.3292582,
                                41.0956695
                            ],
                            [
                                29.3278742,
                                41.0964619
                            ],
                            [
                                29.327445,
                                41.0967853
                            ],
                            [
                                29.3274236,
                                41.0971491
                            ],
                            [
                                29.3272841,
                                41.0976989
                            ],
                            [
                                29.3271017,
                                41.0981759
                            ],
                            [
                                29.3264687,
                                41.0987742
                            ],
                            [
                                29.3259537,
                                41.0989763
                            ],
                            [
                                29.3254173,
                                41.0991623
                            ],
                            [
                                29.3240869,
                                41.0993725
                            ],
                            [
                                29.323014,
                                41.0995665
                            ],
                            [
                                29.32266,
                                41.0995665
                            ],
                            [
                                29.3224132,
                                41.0994614
                            ],
                            [
                                29.3215442,
                                41.0993483
                            ],
                            [
                                29.3215656,
                                41.0989844
                            ],
                            [
                                29.3211257,
                                41.0978606
                            ],
                            [
                                29.3206966,
                                41.0975372
                            ],
                            [
                                29.3195057,
                                41.0971329
                            ],
                            [
                                29.3190014,
                                41.0969227
                            ],
                            [
                                29.3185186,
                                41.0967934
                            ],
                            [
                                29.3182397,
                                41.0967529
                            ],
                            [
                                29.3178856,
                                41.0967449
                            ],
                            [
                                29.3172204,
                                41.0968661
                            ],
                            [
                                29.3165874,
                                41.0972704
                            ],
                            [
                                29.3147743,
                                41.0988308
                            ],
                            [
                                29.3143451,
                                41.099041
                            ],
                            [
                                29.3138087,
                                41.099227
                            ],
                            [
                                29.3121779,
                                41.0992512
                            ],
                            [
                                29.3100107,
                                41.0994372
                            ],
                            [
                                29.3058693,
                                41.0988874
                            ],
                            [
                                29.3048394,
                                41.0990653
                            ],
                            [
                                29.3028438,
                                41.0993159
                            ],
                            [
                                29.3021142,
                                41.099518
                            ],
                            [
                                29.3015563,
                                41.0997768
                            ],
                            [
                                29.3012774,
                                41.0999465
                            ],
                            [
                                29.2990351,
                                41.1022749
                            ],
                            [
                                29.2972112,
                                41.1027196
                            ],
                            [
                                29.2964172,
                                41.1031723
                            ],
                            [
                                29.2958379,
                                41.1039242
                            ],
                            [
                                29.2952692,
                                41.1049509
                            ],
                            [
                                29.2951298,
                                41.1070123
                            ],
                            [
                                29.2950439,
                                41.107368
                            ],
                            [
                                29.2949903,
                                41.1077722
                            ],
                            [
                                29.2946255,
                                41.108136
                            ],
                            [
                                29.2938745,
                                41.1087665
                            ],
                            [
                                29.2926192,
                                41.1096557
                            ],
                            [
                                29.2922544,
                                41.109971
                            ],
                            [
                                29.2915571,
                                41.1107389
                            ],
                            [
                                29.2910313,
                                41.1112886
                            ],
                            [
                                29.2905164,
                                41.1116928
                            ],
                            [
                                29.2895186,
                                41.1119434
                            ],
                            [
                                29.2890251,
                                41.1122667
                            ],
                            [
                                29.2887354,
                                41.11259
                            ],
                            [
                                29.2882633,
                                41.1130346
                            ],
                            [
                                29.2866754,
                                41.113649
                            ],
                            [
                                29.2859137,
                                41.1142148
                            ],
                            [
                                29.2850447,
                                41.1149827
                            ],
                            [
                                29.2843657,
                                41.1156956
                            ],
                            [
                                29.2846584,
                                41.1145381
                            ],
                            [
                                29.2841327,
                                41.114045
                            ],
                            [
                                29.2838108,
                                41.1135924
                            ],
                            [
                                29.2828882,
                                41.1130346
                            ],
                            [
                                29.2819548,
                                41.1126628
                            ],
                            [
                                29.281193,
                                41.1116766
                            ],
                            [
                                29.2805424,
                                41.1119462
                            ],
                            [
                                29.2803132,
                                41.1113614
                            ],
                            [
                                29.2802811,
                                41.1110299
                            ],
                            [
                                29.2803347,
                                41.1104964
                            ],
                            [
                                29.2801309,
                                41.1104803
                            ],
                            [
                                29.280324,
                                41.1102054
                            ],
                            [
                                29.280045,
                                41.1100276
                            ],
                            [
                                29.2795944,
                                41.1096881
                            ],
                            [
                                29.2784142,
                                41.1098013
                            ],
                            [
                                29.2776418,
                                41.1094617
                            ],
                            [
                                29.2772341,
                                41.1088797
                            ],
                            [
                                29.2768907,
                                41.1078935
                            ],
                            [
                                29.2768264,
                                41.1072306
                            ],
                            [
                                29.2766547,
                                41.1066647
                            ],
                            [
                                29.2764187,
                                41.1060988
                            ],
                            [
                                29.2761397,
                                41.1055653
                            ],
                            [
                                29.2761183,
                                41.1050317
                            ],
                            [
                                29.276526,
                                41.104191
                            ],
                            [
                                29.2772555,
                                41.1033583
                            ],
                            [
                                29.2780924,
                                41.1033502
                            ],
                            [
                                29.2781715,
                                41.1029105
                            ],
                            [
                                29.2777812,
                                41.1017979
                            ],
                            [
                                29.278146,
                                41.1012805
                            ],
                            [
                                29.2783782,
                                41.1007358
                            ],
                            [
                                29.2785913,
                                41.099805
                            ],
                            [
                                29.2786986,
                                41.0990936
                            ],
                            [
                                29.2787737,
                                41.0981355
                            ],
                            [
                                29.2786503,
                                41.0976989
                            ],
                            [
                                29.2793101,
                                41.0966034
                            ],
                            [
                                29.2802274,
                                41.0952369
                            ],
                            [
                                29.2802381,
                                41.0950671
                            ],
                            [
                                29.280163,
                                41.0948973
                            ],
                            [
                                29.2801523,
                                41.0947639
                            ],
                            [
                                29.280163,
                                41.0946346
                            ],
                            [
                                29.2802328,
                                41.0945739
                            ],
                            [
                                29.2802221,
                                41.0945173
                            ],
                            [
                                29.2801094,
                                41.0944769
                            ],
                            [
                                29.279868,
                                41.0944243
                            ],
                            [
                                29.2795139,
                                41.0943394
                            ],
                            [
                                29.2791706,
                                41.0942182
                            ],
                            [
                                29.27894,
                                41.0941211
                            ],
                            [
                                29.2788112,
                                41.0939635
                            ],
                            [
                                29.2785698,
                                41.0934864
                            ],
                            [
                                29.2785054,
                                41.0933328
                            ],
                            [
                                29.2785001,
                                41.0932034
                            ],
                            [
                                29.2785054,
                                41.0930255
                            ],
                            [
                                29.2785698,
                                41.0928881
                            ],
                            [
                                29.2786771,
                                41.0927668
                            ],
                            [
                                29.2788809,
                                41.0925202
                            ],
                            [
                                29.2790151,
                                41.0923382
                            ],
                            [
                                29.2791545,
                                41.0921199
                            ],
                            [
                                29.2792135,
                                41.0916792
                            ],
                            [
                                29.2791223,
                                41.0914973
                            ],
                            [
                                29.2790472,
                                41.0911981
                            ],
                            [
                                29.2790151,
                                41.0908706
                            ],
                            [
                                29.2790472,
                                41.0907453
                            ],
                            [
                                29.2791116,
                                41.090624
                            ],
                            [
                                29.279235,
                                41.0905593
                            ],
                            [
                                29.2794442,
                                41.0905512
                            ],
                            [
                                29.280104,
                                41.0902885
                            ],
                            [
                                29.2802328,
                                41.0902359
                            ],
                            [
                                29.2802757,
                                41.0901106
                            ],
                            [
                                29.2802864,
                                41.0899044
                            ],
                            [
                                29.2802167,
                                41.0897952
                            ],
                            [
                                29.2802006,
                                41.0896011
                            ],
                            [
                                29.2800397,
                                41.0891524
                            ],
                            [
                                29.2797983,
                                41.0888087
                            ],
                            [
                                29.2794979,
                                41.0882993
                            ],
                            [
                                29.2789024,
                                41.0879111
                            ],
                            [
                                29.2784518,
                                41.0877939
                            ],
                            [
                                29.2777437,
                                41.0876685
                            ],
                            [
                                29.2773253,
                                41.0875432
                            ],
                            [
                                29.2772073,
                                41.0875027
                            ],
                            [
                                29.277159,
                                41.0874178
                            ],
                            [
                                29.2771643,
                                41.0873572
                            ],
                            [
                                29.2771965,
                                41.0873046
                            ],
                            [
                                29.2773092,
                                41.0872359
                            ],
                            [
                                29.2775988,
                                41.0870257
                            ],
                            [
                                29.2778671,
                                41.0867103
                            ],
                            [
                                29.2778724,
                                41.0862615
                            ],
                            [
                                29.2775238,
                                41.0848908
                            ],
                            [
                                29.277395,
                                41.0846967
                            ],
                            [
                                29.2772663,
                                41.084535
                            ],
                            [
                                29.2772448,
                                41.0843409
                            ],
                            [
                                29.2773092,
                                41.0840457
                            ],
                            [
                                29.2774165,
                                41.0838597
                            ],
                            [
                                29.2778027,
                                41.0834918
                            ],
                            [
                                29.2788273,
                                41.0831643
                            ],
                            [
                                29.2791653,
                                41.0830915
                            ],
                            [
                                29.2794013,
                                41.0829661
                            ],
                            [
                                29.2795193,
                                41.0828529
                            ],
                            [
                                29.2795837,
                                41.0826912
                            ],
                            [
                                29.2795461,
                                41.0825011
                            ],
                            [
                                29.2795032,
                                41.0823434
                            ],
                            [
                                29.2794764,
                                41.0822342
                            ],
                            [
                                29.2793477,
                                41.0821008
                            ],
                            [
                                29.2788702,
                                41.0818056
                            ],
                            [
                                29.2783982,
                                41.0814538
                            ],
                            [
                                29.2775345,
                                41.0811951
                            ],
                            [
                                29.2768586,
                                41.0810252
                            ],
                            [
                                29.2762041,
                                41.0807058
                            ],
                            [
                                29.2759681,
                                41.0806047
                            ],
                            [
                                29.2758071,
                                41.0805036
                            ],
                            [
                                29.2755926,
                                41.0804591
                            ],
                            [
                                29.2753136,
                                41.0804025
                            ],
                            [
                                29.274922,
                                41.0803782
                            ],
                            [
                                29.2742997,
                                41.0802893
                            ],
                            [
                                29.2741442,
                                41.0802772
                            ],
                            [
                                29.2740208,
                                41.0802367
                            ],
                            [
                                29.2739403,
                                41.080168
                            ],
                            [
                                29.2738652,
                                41.0800507
                            ],
                            [
                                29.2738008,
                                41.0799617
                            ],
                            [
                                29.2737633,
                                41.0798081
                            ],
                            [
                                29.2737257,
                                41.0795129
                            ],
                            [
                                29.2736453,
                                41.0791368
                            ],
                            [
                                29.2735219,
                                41.0786233
                            ],
                            [
                                29.2733395,
                                41.078138
                            ],
                            [
                                29.2730874,
                                41.0778226
                            ],
                            [
                                29.2727762,
                                41.0774546
                            ],
                            [
                                29.2726314,
                                41.0772282
                            ],
                            [
                                29.2723203,
                                41.0770988
                            ],
                            [
                                29.2719608,
                                41.0769572
                            ],
                            [
                                29.2716551,
                                41.0767874
                            ],
                            [
                                29.2714405,
                                41.0765812
                            ],
                            [
                                29.2713922,
                                41.0753761
                            ],
                            [
                                29.2714083,
                                41.0751739
                            ],
                            [
                                29.2713869,
                                41.0749595
                            ],
                            [
                                29.2712527,
                                41.074636
                            ],
                            [
                                29.2711455,
                                41.0745268
                            ],
                            [
                                29.2708826,
                                41.0743408
                            ],
                            [
                                29.2706948,
                                41.0742357
                            ],
                            [
                                29.2704105,
                                41.0741912
                            ],
                            [
                                29.2702174,
                                41.0741952
                            ],
                            [
                                29.2699599,
                                41.0742357
                            ],
                            [
                                29.2697346,
                                41.0743206
                            ],
                            [
                                29.269579,
                                41.0744379
                            ],
                            [
                                29.2694664,
                                41.0744904
                            ],
                            [
                                29.2693806,
                                41.0745268
                            ],
                            [
                                29.2692518,
                                41.0745026
                            ],
                            [
                                29.269166,
                                41.0744419
                            ],
                            [
                                29.2691177,
                                41.0743125
                            ],
                            [
                                29.2690962,
                                41.0741508
                            ],
                            [
                                29.2690855,
                                41.0739526
                            ],
                            [
                                29.2689943,
                                41.0737302
                            ],
                            [
                                29.2688549,
                                41.0734552
                            ],
                            [
                                29.2686725,
                                41.0732166
                            ],
                            [
                                29.2682433,
                                41.0730791
                            ],
                            [
                                29.268018,
                                41.0729861
                            ],
                            [
                                29.2677176,
                                41.0729133
                            ],
                            [
                                29.2675781,
                                41.0729375
                            ],
                            [
                                29.2673743,
                                41.072978
                            ],
                            [
                                29.2671972,
                                41.0730305
                            ],
                            [
                                29.26709,
                                41.0730872
                            ],
                            [
                                29.2669558,
                                41.0731721
                            ],
                            [
                                29.2666876,
                                41.0732166
                            ],
                            [
                                29.2664784,
                                41.0732166
                            ],
                            [
                                29.2663336,
                                41.073164
                            ],
                            [
                                29.2661726,
                                41.0730346
                            ],
                            [
                                29.2660654,
                                41.0729335
                            ],
                            [
                                29.2658454,
                                41.072614
                            ],
                            [
                                29.2657381,
                                41.0723794
                            ],
                            [
                                29.2656171,
                                41.0718878
                            ]
                        ]
                    ]
                ]
            }
        }
    ]
}