{
    "type": "FeatureCollection",
    "features": [
        {
            "type": "Feature",
            "properties": {
                "type": "relation",
                "id": 9309109,
                "tags": {
                    "admin_level": "8",
                    "boundary": "administrative",
                    "name": "Çifte Havuzlar Mahallesi",
                    "type": "boundary",
                    "wikidata": "Q6074371",
                    "wikipedia": "tr:Çiftehavuzlar, Esenler"
                }
            },
            "geometry": {
                "type": "MultiPolygon",
                "coordinates": [
                    [
                        [
                            [
                                28.8854227,
                                41.0226141
                            ],
                            [
                                28.8857113,
                                41.0220093
                            ],
                            [
                                28.887326,
                                41.0207747
                            ],
                            [
                                28.8867516,
                                41.0188484
                            ],
                            [
                                28.8866887,
                                41.0185943
                            ],
                            [
                                28.886685,
                                41.0182755
                            ],
                            [
                                28.8867893,
                                41.0175777
                            ],
                            [
                                28.8867534,
                                41.0174142
                            ],
                            [
                                28.8884868,
                                41.017398
                            ],
                            [
                                28.8893156,
                                41.0173263
                            ],
                            [
                                28.8897888,
                                41.0173966
                            ],
                            [
                                28.8908805,
                                41.0179211
                            ],
                            [
                                28.8915141,
                                41.0182147
                            ],
                            [
                                28.8923096,
                                41.0187492
                            ],
                            [
                                28.8929855,
                                41.0188504
                            ],
                            [
                                28.8941889,
                                41.0189208
                            ],
                            [
                                28.8950449,
                                41.0190017
                            ],
                            [
                                28.8970209,
                                41.0189189
                            ],
                            [
                                28.8974762,
                                41.0189153
                            ],
                            [
                                28.8977144,
                                41.0189301
                            ],
                            [
                                28.8979181,
                                41.0189445
                            ],
                            [
                                28.8982755,
                                41.0189909
                            ],
                            [
                                28.8985146,
                                41.0190267
                            ],
                            [
                                28.8988061,
                                41.019127
                            ],
                            [
                                28.8989418,
                                41.0191915
                            ],
                            [
                                28.8990498,
                                41.0192547
                            ],
                            [
                                28.8991387,
                                41.01932
                            ],
                            [
                                28.8993165,
                                41.0194669
                            ],
                            [
                                28.8994173,
                                41.0195971
                            ],
                            [
                                28.8997943,
                                41.0202078
                            ],
                            [
                                28.8998702,
                                41.0203129
                            ],
                            [
                                28.8999361,
                                41.0203801
                            ],
                            [
                                28.9000168,
                                41.0204617
                            ],
                            [
                                28.9001403,
                                41.0205365
                            ],
                            [
                                28.9002475,
                                41.0205857
                            ],
                            [
                                28.9004344,
                                41.0206444
                            ],
                            [
                                28.9006289,
                                41.020689
                            ],
                            [
                                28.9002642,
                                41.0216403
                            ],
                            [
                                28.8993789,
                                41.0236968
                            ],
                            [
                                28.8993392,
                                41.023934
                            ],
                            [
                                28.8992372,
                                41.0256431
                            ],
                            [
                                28.8991171,
                                41.0276765
                            ],
                            [
                                28.8988268,
                                41.0276798
                            ],
                            [
                                28.8984887,
                                41.0277091
                            ],
                            [
                                28.8978785,
                                41.0278567
                            ],
                            [
                                28.8976875,
                                41.0278949
                            ],
                            [
                                28.897488,
                                41.0278976
                            ],
                            [
                                28.8969102,
                                41.0278021
                            ],
                            [
                                28.8961592,
                                41.0276625
                            ],
                            [
                                28.8951856,
                                41.0274601
                            ],
                            [
                                28.8949308,
                                41.027535
                            ],
                            [
                                28.8946357,
                                41.0276787
                            ],
                            [
                                28.8944273,
                                41.0278666
                            ],
                            [
                                28.8941181,
                                41.0281764
                            ],
                            [
                                28.8939276,
                                41.0285568
                            ],
                            [
                                28.8936809,
                                41.0290202
                            ],
                            [
                                28.8933536,
                                41.029872
                            ],
                            [
                                28.8932088,
                                41.0304892
                            ],
                            [
                                28.8930801,
                                41.0308169
                            ],
                            [
                                28.8928413,
                                41.0312095
                            ],
                            [
                                28.8924336,
                                41.0310577
                            ],
                            [
                                28.8920206,
                                41.0308473
                            ],
                            [
                                28.8916372,
                                41.0304542
                            ],
                            [
                                28.8908082,
                                41.0300339
                            ],
                            [
                                28.8904785,
                                41.0298557
                            ],
                            [
                                28.8905535,
                                41.0297034
                            ],
                            [
                                28.8907055,
                                41.029469
                            ],
                            [
                                28.8898706,
                                41.0281855
                            ],
                            [
                                28.8896921,
                                41.0279329
                            ],
                            [
                                28.8896481,
                                41.0278784
                            ],
                            [
                                28.8891188,
                                41.0272299
                            ],
                            [
                                28.8888474,
                                41.0268712
                            ],
                            [
                                28.8886922,
                                41.026682
                            ],
                            [
                                28.8885105,
                                41.0264884
                            ],
                            [
                                28.8882251,
                                41.0262584
                            ],
                            [
                                28.8872518,
                                41.0253321
                            ],
                            [
                                28.8870505,
                                41.0251406
                            ],
                            [
                                28.8869303,
                                41.0249647
                            ],
                            [
                                28.8867956,
                                41.0247296
                            ],
                            [
                                28.8866893,
                                41.0245041
                            ],
                            [
                                28.8865847,
                                41.0242524
                            ],
                            [
                                28.8864739,
                                41.0239427
                            ],
                            [
                                28.8864652,
                                41.0239078
                            ],
                            [
                                28.8863434,
                                41.0234241
                            ],
                            [
                                28.8863223,
                                41.0233402
                            ],
                            [
                                28.8862061,
                                41.0229554
                            ],
                            [
                                28.8861814,
                                41.0228539
                            ],
                            [
                                28.8861681,
                                41.0227391
                            ],
                            [
                                28.8861744,
                                41.0226418
                            ],
                            [
                                28.8854227,
                                41.0226141
                            ]
                        ]
                    ]
                ]
            }
        },
        {
            "type": "Feature",
            "properties": {
                "type": "relation",
                "id": 9318611,
                "tags": {
                    "admin_level": "8",
                    "boundary": "administrative",
                    "name": "Davutpaşa Mahallesi",
                    "network": "TR34-Mahalle",
                    "type": "boundary",
                    "wikidata": "Q6070661",
                    "wikimedia_commons": "Category:Davutpaşa",
                    "wikipedia": "tr:Davutpaşa, Esenler"
                }
            },
            "geometry": {
                "type": "MultiPolygon",
                "coordinates": [
                    [
                        [
                            [
                                28.8854573,
                                41.0339974
                            ],
                            [
                                28.8857421,
                                41.0336414
                            ],
                            [
                                28.88693,
                                41.0326701
                            ],
                            [
                                28.8871088,
                                41.0326017
                            ],
                            [
                                28.8883467,
                                41.0316948
                            ],
                            [
                                28.8902577,
                                41.0300065
                            ],
                            [
                                28.8904785,
                                41.0298557
                            ],
                            [
                                28.8908082,
                                41.0300339
                            ],
                            [
                                28.8916372,
                                41.0304542
                            ],
                            [
                                28.8920206,
                                41.0308473
                            ],
                            [
                                28.8924336,
                                41.0310577
                            ],
                            [
                                28.8928413,
                                41.0312095
                            ],
                            [
                                28.8927528,
                                41.0313086
                            ],
                            [
                                28.8927033,
                                41.0313372
                            ],
                            [
                                28.8923666,
                                41.0315312
                            ],
                            [
                                28.8926097,
                                41.0316287
                            ],
                            [
                                28.8929361,
                                41.0317596
                            ],
                            [
                                28.8930638,
                                41.0318108
                            ],
                            [
                                28.8935065,
                                41.0319884
                            ],
                            [
                                28.8944614,
                                41.032298
                            ],
                            [
                                28.8944051,
                                41.0324477
                            ],
                            [
                                28.8951239,
                                41.0326197
                            ],
                            [
                                28.8949227,
                                41.0334068
                            ],
                            [
                                28.8948262,
                                41.0339126
                            ],
                            [
                                28.8943836,
                                41.0339025
                            ],
                            [
                                28.8940537,
                                41.0339247
                            ],
                            [
                                28.8934556,
                                41.0341614
                            ],
                            [
                                28.892498,
                                41.0340947
                            ],
                            [
                                28.8913634,
                                41.0340239
                            ],
                            [
                                28.8899338,
                                41.0339753
                            ],
                            [
                                28.889215,
                                41.0339773
                            ],
                            [
                                28.8887751,
                                41.0339713
                            ],
                            [
                                28.8881072,
                                41.0339308
                            ],
                            [
                                28.887375,
                                41.0338681
                            ],
                            [
                                28.8869271,
                                41.0338741
                            ],
                            [
                                28.8860741,
                                41.0339692
                            ],
                            [
                                28.8854573,
                                41.0339974
                            ]
                        ]
                    ]
                ]
            }
        },
        {
            "type": "Feature",
            "properties": {
                "type": "relation",
                "id": 9318612,
                "tags": {
                    "admin_level": "8",
                    "alt_name": "Namıkkemal Mahallesi",
                    "boundary": "administrative",
                    "name": "Namık Kemal Mahallesi",
                    "network": "TR34-Mahalle",
                    "type": "boundary",
                    "wikidata": "Q109386360",
                    "wikipedia": "tr:Namık Kemal, Esenler"
                }
            },
            "geometry": {
                "type": "MultiPolygon",
                "coordinates": [
                    [
                        [
                            [
                                28.8928413,
                                41.0312095
                            ],
                            [
                                28.8930801,
                                41.0308169
                            ],
                            [
                                28.8932088,
                                41.0304892
                            ],
                            [
                                28.8933536,
                                41.029872
                            ],
                            [
                                28.8936809,
                                41.0290202
                            ],
                            [
                                28.8939276,
                                41.0285568
                            ],
                            [
                                28.8941181,
                                41.0281764
                            ],
                            [
                                28.8944273,
                                41.0278666
                            ],
                            [
                                28.8946357,
                                41.0276787
                            ],
                            [
                                28.8949308,
                                41.027535
                            ],
                            [
                                28.8951856,
                                41.0274601
                            ],
                            [
                                28.8961592,
                                41.0276625
                            ],
                            [
                                28.8969102,
                                41.0278021
                            ],
                            [
                                28.897488,
                                41.0278976
                            ],
                            [
                                28.8976875,
                                41.0278949
                            ],
                            [
                                28.8978785,
                                41.0278567
                            ],
                            [
                                28.8984887,
                                41.0277091
                            ],
                            [
                                28.8988268,
                                41.0276798
                            ],
                            [
                                28.8991171,
                                41.0276765
                            ],
                            [
                                28.8990508,
                                41.0285138
                            ],
                            [
                                28.8989312,
                                41.0289305
                            ],
                            [
                                28.8988103,
                                41.0292881
                            ],
                            [
                                28.8986706,
                                41.0296603
                            ],
                            [
                                28.898473,
                                41.0300428
                            ],
                            [
                                28.89816,
                                41.0305175
                            ],
                            [
                                28.8979552,
                                41.0307709
                            ],
                            [
                                28.8977879,
                                41.0309452
                            ],
                            [
                                28.8975851,
                                41.0311915
                            ],
                            [
                                28.8973702,
                                41.0315505
                            ],
                            [
                                28.8972185,
                                41.0318886
                            ],
                            [
                                28.8969081,
                                41.0327733
                            ],
                            [
                                28.8967599,
                                41.0331175
                            ],
                            [
                                28.8965309,
                                41.033564
                            ],
                            [
                                28.8962625,
                                41.0340322
                            ],
                            [
                                28.8957864,
                                41.0339773
                            ],
                            [
                                28.8948262,
                                41.0339126
                            ],
                            [
                                28.8949227,
                                41.0334068
                            ],
                            [
                                28.8951239,
                                41.0326197
                            ],
                            [
                                28.8944051,
                                41.0324477
                            ],
                            [
                                28.8944614,
                                41.032298
                            ],
                            [
                                28.8935065,
                                41.0319884
                            ],
                            [
                                28.8930638,
                                41.0318108
                            ],
                            [
                                28.8929361,
                                41.0317596
                            ],
                            [
                                28.8926097,
                                41.0316287
                            ],
                            [
                                28.8923666,
                                41.0315312
                            ],
                            [
                                28.8927033,
                                41.0313372
                            ],
                            [
                                28.8927528,
                                41.0313086
                            ],
                            [
                                28.8928413,
                                41.0312095
                            ]
                        ]
                    ]
                ]
            }
        },
        {
            "type": "Feature",
            "properties": {
                "type": "relation",
                "id": 9318613,
                "tags": {
                    "admin_level": "8",
                    "alt_name": "Yavuzselim Mahallesi",
                    "boundary": "administrative",
                    "name": "Yavuz Selim Mahallesi",
                    "type": "boundary",
                    "wikidata": "Q109386363",
                    "wikipedia": "tr:Yavuz Selim, Esenler"
                }
            },
            "geometry": {
                "type": "MultiPolygon",
                "coordinates": [
                    [
                        [
                            [
                                28.8860883,
                                41.0415663
                            ],
                            [
                                28.8853827,
                                41.0412561
                            ],
                            [
                                28.8848735,
                                41.041058
                            ],
                            [
                                28.8843857,
                                41.0408689
                            ],
                            [
                                28.8839522,
                                41.0406675
                            ],
                            [
                                28.8837469,
                                41.0405824
                            ],
                            [
                                28.8836013,
                                41.0405071
                            ],
                            [
                                28.8835599,
                                41.0404563
                            ],
                            [
                                28.8835516,
                                41.0403942
                            ],
                            [
                                28.8835027,
                                41.0402318
                            ],
                            [
                                28.8836383,
                                41.0401097
                            ],
                            [
                                28.8837522,
                                41.0400079
                            ],
                            [
                                28.8838399,
                                41.0399103
                            ],
                            [
                                28.8839192,
                                41.0397824
                            ],
                            [
                                28.8839404,
                                41.0397424
                            ],
                            [
                                28.883967,
                                41.0396919
                            ],
                            [
                                28.8841312,
                                41.0394069
                            ],
                            [
                                28.8844174,
                                41.0389835
                            ],
                            [
                                28.8847368,
                                41.0385118
                            ],
                            [
                                28.885005,
                                41.0381461
                            ],
                            [
                                28.8852846,
                                41.0379031
                            ],
                            [
                                28.8855713,
                                41.0375602
                            ],
                            [
                                28.8857874,
                                41.0373456
                            ],
                            [
                                28.8861561,
                                41.0370701
                            ],
                            [
                                28.88609,
                                41.0369191
                            ],
                            [
                                28.8869002,
                                41.0366743
                            ],
                            [
                                28.887729,
                                41.0363728
                            ],
                            [
                                28.8878533,
                                41.0362979
                            ],
                            [
                                28.8883486,
                                41.0359965
                            ],
                            [
                                28.8887134,
                                41.0357861
                            ],
                            [
                                28.8891533,
                                41.0356667
                            ],
                            [
                                28.8897783,
                                41.0355716
                            ],
                            [
                                28.8904998,
                                41.035519
                            ],
                            [
                                28.8912857,
                                41.0354077
                            ],
                            [
                                28.8920447,
                                41.0352176
                            ],
                            [
                                28.8928065,
                                41.0349363
                            ],
                            [
                                28.8929754,
                                41.0347866
                            ],
                            [
                                28.8932705,
                                41.0343516
                            ],
                            [
                                28.8934556,
                                41.0341614
                            ],
                            [
                                28.8940537,
                                41.0339247
                            ],
                            [
                                28.8943836,
                                41.0339025
                            ],
                            [
                                28.8948262,
                                41.0339126
                            ],
                            [
                                28.8957864,
                                41.0339773
                            ],
                            [
                                28.8962625,
                                41.0340322
                            ],
                            [
                                28.8961135,
                                41.0342348
                            ],
                            [
                                28.8956275,
                                41.0347788
                            ],
                            [
                                28.8952599,
                                41.0351532
                            ],
                            [
                                28.8950098,
                                41.0354158
                            ],
                            [
                                28.8947653,
                                41.0356167
                            ],
                            [
                                28.8935836,
                                41.0360799
                            ],
                            [
                                28.8924958,
                                41.0364376
                            ],
                            [
                                28.8919016,
                                41.0366145
                            ],
                            [
                                28.8916559,
                                41.0366711
                            ],
                            [
                                28.8913717,
                                41.0367405
                            ],
                            [
                                28.8908552,
                                41.0368787
                            ],
                            [
                                28.8906308,
                                41.0369516
                            ],
                            [
                                28.8903721,
                                41.037042
                            ],
                            [
                                28.890115,
                                41.0371441
                            ],
                            [
                                28.8899158,
                                41.03723
                            ],
                            [
                                28.8896781,
                                41.0373417
                            ],
                            [
                                28.889409,
                                41.0374827
                            ],
                            [
                                28.8891164,
                                41.0376119
                            ],
                            [
                                28.8888576,
                                41.0377956
                            ],
                            [
                                28.8884455,
                                41.0381376
                            ],
                            [
                                28.8882415,
                                41.0383128
                            ],
                            [
                                28.8880114,
                                41.038555
                            ],
                            [
                                28.8878624,
                                41.0387369
                            ],
                            [
                                28.8876182,
                                41.0391059
                            ],
                            [
                                28.8874447,
                                41.0393514
                            ],
                            [
                                28.8860883,
                                41.0415663
                            ]
                        ]
                    ]
                ]
            }
        },
        {
            "type": "Feature",
            "properties": {
                "type": "relation",
                "id": 9421907,
                "tags": {
                    "admin_level": "8",
                    "alt_name": "Fevziçakmak Mahallesi",
                    "boundary": "administrative",
                    "name": "Fevzi Çakmak Mahallesi",
                    "type": "boundary",
                    "wikidata": "Q109962022",
                    "wikipedia": "tr:Fevzi Çakmak, Esenler"
                }
            },
            "geometry": {
                "type": "MultiPolygon",
                "coordinates": [
                    [
                        [
                            [
                                28.8753752,
                                41.0508987
                            ],
                            [
                                28.8756402,
                                41.0504061
                            ],
                            [
                                28.876451,
                                41.0492376
                            ],
                            [
                                28.8769532,
                                41.0485229
                            ],
                            [
                                28.8776075,
                                41.0475747
                            ],
                            [
                                28.8779993,
                                41.0469695
                            ],
                            [
                                28.8797973,
                                41.0441469
                            ],
                            [
                                28.8799522,
                                41.0438618
                            ],
                            [
                                28.8805721,
                                41.0425655
                            ],
                            [
                                28.8810639,
                                41.0417016
                            ],
                            [
                                28.8814923,
                                41.0407396
                            ],
                            [
                                28.8817684,
                                41.0397092
                            ],
                            [
                                28.8818887,
                                41.0394209
                            ],
                            [
                                28.8821081,
                                41.0389137
                            ],
                            [
                                28.8824858,
                                41.0375826
                            ],
                            [
                                28.8828112,
                                41.0374769
                            ],
                            [
                                28.883247,
                                41.0372697
                            ],
                            [
                                28.8833854,
                                41.0372063
                            ],
                            [
                                28.883864,
                                41.0370102
                            ],
                            [
                                28.8841236,
                                41.0369411
                            ],
                            [
                                28.88447,
                                41.036906
                            ],
                            [
                                28.8848428,
                                41.0368999
                            ],
                            [
                                28.8851995,
                                41.0369242
                            ],
                            [
                                28.8855241,
                                41.0369384
                            ],
                            [
                                28.8857673,
                                41.0369286
                            ],
                            [
                                28.88609,
                                41.0369191
                            ],
                            [
                                28.8861561,
                                41.0370701
                            ],
                            [
                                28.8857874,
                                41.0373456
                            ],
                            [
                                28.8855713,
                                41.0375602
                            ],
                            [
                                28.8852846,
                                41.0379031
                            ],
                            [
                                28.885005,
                                41.0381461
                            ],
                            [
                                28.8847368,
                                41.0385118
                            ],
                            [
                                28.8844174,
                                41.0389835
                            ],
                            [
                                28.8841312,
                                41.0394069
                            ],
                            [
                                28.883967,
                                41.0396919
                            ],
                            [
                                28.8839404,
                                41.0397424
                            ],
                            [
                                28.8839192,
                                41.0397824
                            ],
                            [
                                28.8838399,
                                41.0399103
                            ],
                            [
                                28.8837522,
                                41.0400079
                            ],
                            [
                                28.8836383,
                                41.0401097
                            ],
                            [
                                28.8835027,
                                41.0402318
                            ],
                            [
                                28.8835516,
                                41.0403942
                            ],
                            [
                                28.8835599,
                                41.0404563
                            ],
                            [
                                28.8836013,
                                41.0405071
                            ],
                            [
                                28.8837469,
                                41.0405824
                            ],
                            [
                                28.8839522,
                                41.0406675
                            ],
                            [
                                28.8843857,
                                41.0408689
                            ],
                            [
                                28.8848735,
                                41.041058
                            ],
                            [
                                28.8853827,
                                41.0412561
                            ],
                            [
                                28.8860883,
                                41.0415663
                            ],
                            [
                                28.885545,
                                41.0424734
                            ],
                            [
                                28.8851967,
                                41.0430911
                            ],
                            [
                                28.8850238,
                                41.0434242
                            ],
                            [
                                28.8848833,
                                41.0437672
                            ],
                            [
                                28.884811,
                                41.0439755
                            ],
                            [
                                28.8847678,
                                41.044183
                            ],
                            [
                                28.8847305,
                                41.0443546
                            ],
                            [
                                28.8846952,
                                41.0448066
                            ],
                            [
                                28.8846973,
                                41.0451387
                            ],
                            [
                                28.8847077,
                                41.0455113
                            ],
                            [
                                28.8848527,
                                41.0470341
                            ],
                            [
                                28.8848786,
                                41.0473548
                            ],
                            [
                                28.8836016,
                                41.0476131
                            ],
                            [
                                28.8827697,
                                41.0481894
                            ],
                            [
                                28.8822706,
                                41.0484032
                            ],
                            [
                                28.881753,
                                41.0486169
                            ],
                            [
                                28.8811923,
                                41.0487378
                            ],
                            [
                                28.8805144,
                                41.0489841
                            ],
                            [
                                28.8800153,
                                41.0492954
                            ],
                            [
                                28.8796024,
                                41.04963
                            ],
                            [
                                28.8793929,
                                41.0498949
                            ],
                            [
                                28.8787767,
                                41.0496161
                            ],
                            [
                                28.8786165,
                                41.0498763
                            ],
                            [
                                28.8784686,
                                41.0498856
                            ],
                            [
                                28.8780681,
                                41.0497927
                            ],
                            [
                                28.8778462,
                                41.050118
                            ],
                            [
                                28.8753752,
                                41.0508987
                            ]
                        ]
                    ]
                ]
            }
        },
        {
            "type": "Feature",
            "properties": {
                "type": "relation",
                "id": 9421908,
                "tags": {
                    "admin_level": "8",
                    "boundary": "administrative",
                    "name": "Mimar Sinan Mahallesi",
                    "type": "boundary",
                    "wikidata": "Q109962024",
                    "wikipedia": "tr:Mimar Sinan, Esenler"
                }
            },
            "geometry": {
                "type": "MultiPolygon",
                "coordinates": [
                    [
                        [
                            [
                                28.8824858,
                                41.0375826
                            ],
                            [
                                28.8824974,
                                41.0375416
                            ],
                            [
                                28.8834459,
                                41.0363563
                            ],
                            [
                                28.8854573,
                                41.0339974
                            ],
                            [
                                28.8860741,
                                41.0339692
                            ],
                            [
                                28.8869271,
                                41.0338741
                            ],
                            [
                                28.887375,
                                41.0338681
                            ],
                            [
                                28.8881072,
                                41.0339308
                            ],
                            [
                                28.8887751,
                                41.0339713
                            ],
                            [
                                28.889215,
                                41.0339773
                            ],
                            [
                                28.8899338,
                                41.0339753
                            ],
                            [
                                28.8913634,
                                41.0340239
                            ],
                            [
                                28.892498,
                                41.0340947
                            ],
                            [
                                28.8934556,
                                41.0341614
                            ],
                            [
                                28.8932705,
                                41.0343516
                            ],
                            [
                                28.8929754,
                                41.0347866
                            ],
                            [
                                28.8928065,
                                41.0349363
                            ],
                            [
                                28.8920447,
                                41.0352176
                            ],
                            [
                                28.8912857,
                                41.0354077
                            ],
                            [
                                28.8904998,
                                41.035519
                            ],
                            [
                                28.8897783,
                                41.0355716
                            ],
                            [
                                28.8891533,
                                41.0356667
                            ],
                            [
                                28.8887134,
                                41.0357861
                            ],
                            [
                                28.8883486,
                                41.0359965
                            ],
                            [
                                28.8878533,
                                41.0362979
                            ],
                            [
                                28.887729,
                                41.0363728
                            ],
                            [
                                28.8869002,
                                41.0366743
                            ],
                            [
                                28.88609,
                                41.0369191
                            ],
                            [
                                28.8857673,
                                41.0369286
                            ],
                            [
                                28.8855241,
                                41.0369384
                            ],
                            [
                                28.8851995,
                                41.0369242
                            ],
                            [
                                28.8848428,
                                41.0368999
                            ],
                            [
                                28.88447,
                                41.036906
                            ],
                            [
                                28.8841236,
                                41.0369411
                            ],
                            [
                                28.883864,
                                41.0370102
                            ],
                            [
                                28.8833854,
                                41.0372063
                            ],
                            [
                                28.883247,
                                41.0372697
                            ],
                            [
                                28.8828112,
                                41.0374769
                            ],
                            [
                                28.8824858,
                                41.0375826
                            ]
                        ]
                    ]
                ]
            }
        },
        {
            "type": "Feature",
            "properties": {
                "type": "relation",
                "id": 9422004,
                "tags": {
                    "admin_level": "8",
                    "alt_name": "Nene Hatun Mahallesi;Nenehatun Mahallesi;Ninehatun Mahallesi",
                    "boundary": "administrative",
                    "name": "Nine Hatun Mahallesi",
                    "type": "boundary",
                    "wikidata": "Q109386362",
                    "wikipedia": "tr:Nine Hatun, Esenler"
                }
            },
            "geometry": {
                "type": "MultiPolygon",
                "coordinates": [
                    [
                        [
                            [
                                28.8725399,
                                41.0384821
                            ],
                            [
                                28.8731099,
                                41.037664
                            ],
                            [
                                28.8744317,
                                41.0367972
                            ],
                            [
                                28.8746196,
                                41.0363905
                            ],
                            [
                                28.8745426,
                                41.0356654
                            ],
                            [
                                28.8746201,
                                41.0354845
                            ],
                            [
                                28.8750199,
                                41.0349917
                            ],
                            [
                                28.8752397,
                                41.0347073
                            ],
                            [
                                28.8755652,
                                41.0340498
                            ],
                            [
                                28.8756305,
                                41.0338818
                            ],
                            [
                                28.8757006,
                                41.0337337
                            ],
                            [
                                28.8764859,
                                41.0318455
                            ],
                            [
                                28.8773593,
                                41.03196
                            ],
                            [
                                28.8783563,
                                41.0321346
                            ],
                            [
                                28.8794642,
                                41.0324329
                            ],
                            [
                                28.8811285,
                                41.0328868
                            ],
                            [
                                28.882507,
                                41.0333987
                            ],
                            [
                                28.8834318,
                                41.033666
                            ],
                            [
                                28.8846356,
                                41.0339612
                            ],
                            [
                                28.8854573,
                                41.0339974
                            ],
                            [
                                28.8834459,
                                41.0363563
                            ],
                            [
                                28.8824974,
                                41.0375416
                            ],
                            [
                                28.8824858,
                                41.0375826
                            ],
                            [
                                28.8820794,
                                41.0377232
                            ],
                            [
                                28.8798999,
                                41.0384829
                            ],
                            [
                                28.8784663,
                                41.0389972
                            ],
                            [
                                28.8779526,
                                41.0390852
                            ],
                            [
                                28.8775509,
                                41.039124
                            ],
                            [
                                28.8769345,
                                41.0391169
                            ],
                            [
                                28.8764301,
                                41.0390676
                            ],
                            [
                                28.8760752,
                                41.0389936
                            ],
                            [
                                28.8755441,
                                41.0388784
                            ],
                            [
                                28.8748601,
                                41.0387227
                            ],
                            [
                                28.8742162,
                                41.0386437
                            ],
                            [
                                28.8735168,
                                41.0385833
                            ],
                            [
                                28.8730084,
                                41.0385229
                            ],
                            [
                                28.8725399,
                                41.0384821
                            ]
                        ]
                    ]
                ]
            }
        },
        {
            "type": "Feature",
            "properties": {
                "type": "relation",
                "id": 9422033,
                "tags": {
                    "admin_level": "8",
                    "boundary": "administrative",
                    "name": "Menderes Mahallesi",
                    "type": "boundary",
                    "wikidata": "Q6069249",
                    "wikipedia": "tr:Menderes, Esenler"
                }
            },
            "geometry": {
                "type": "MultiPolygon",
                "coordinates": [
                    [
                        [
                            [
                                28.8713516,
                                41.0415192
                            ],
                            [
                                28.8716454,
                                41.0412462
                            ],
                            [
                                28.8717902,
                                41.041054
                            ],
                            [
                                28.8718573,
                                41.0408031
                            ],
                            [
                                28.8719807,
                                41.0402205
                            ],
                            [
                                28.8721872,
                                41.0393223
                            ],
                            [
                                28.8723481,
                                41.0388873
                            ],
                            [
                                28.8725399,
                                41.0384821
                            ],
                            [
                                28.8730084,
                                41.0385229
                            ],
                            [
                                28.8735168,
                                41.0385833
                            ],
                            [
                                28.8742162,
                                41.0386437
                            ],
                            [
                                28.8748601,
                                41.0387227
                            ],
                            [
                                28.8755441,
                                41.0388784
                            ],
                            [
                                28.8760752,
                                41.0389936
                            ],
                            [
                                28.8764301,
                                41.0390676
                            ],
                            [
                                28.8769345,
                                41.0391169
                            ],
                            [
                                28.8775509,
                                41.039124
                            ],
                            [
                                28.8779526,
                                41.0390852
                            ],
                            [
                                28.8784663,
                                41.0389972
                            ],
                            [
                                28.8798999,
                                41.0384829
                            ],
                            [
                                28.8820794,
                                41.0377232
                            ],
                            [
                                28.8824858,
                                41.0375826
                            ],
                            [
                                28.8821081,
                                41.0389137
                            ],
                            [
                                28.8818887,
                                41.0394209
                            ],
                            [
                                28.8817684,
                                41.0397092
                            ],
                            [
                                28.8814923,
                                41.0407396
                            ],
                            [
                                28.8810639,
                                41.0417016
                            ],
                            [
                                28.8805721,
                                41.0425655
                            ],
                            [
                                28.8799522,
                                41.0438618
                            ],
                            [
                                28.8792247,
                                41.0440369
                            ],
                            [
                                28.8788795,
                                41.0440418
                            ],
                            [
                                28.8788257,
                                41.0440616
                            ],
                            [
                                28.8787273,
                                41.0440978
                            ],
                            [
                                28.8786139,
                                41.0441575
                            ],
                            [
                                28.8785751,
                                41.0441779
                            ],
                            [
                                28.8784229,
                                41.0442046
                            ],
                            [
                                28.8780513,
                                41.0442073
                            ],
                            [
                                28.877892,
                                41.0442473
                            ],
                            [
                                28.8774532,
                                41.0444075
                            ],
                            [
                                28.8767049,
                                41.0446811
                            ],
                            [
                                28.8758461,
                                41.0449951
                            ],
                            [
                                28.8755044,
                                41.0451124
                            ],
                            [
                                28.8751173,
                                41.0452616
                            ],
                            [
                                28.8748589,
                                41.0454031
                            ],
                            [
                                28.8748306,
                                41.0451415
                            ],
                            [
                                28.8748483,
                                41.0445196
                            ],
                            [
                                28.8747846,
                                41.0437108
                            ],
                            [
                                28.8747351,
                                41.0433905
                            ],
                            [
                                28.8745439,
                                41.0434225
                            ],
                            [
                                28.8736945,
                                41.0428112
                            ],
                            [
                                28.8735034,
                                41.042619
                            ],
                            [
                                28.8733972,
                                41.0425736
                            ],
                            [
                                28.8731991,
                                41.0426083
                            ],
                            [
                                28.8730716,
                                41.0426244
                            ],
                            [
                                28.8729301,
                                41.042587
                            ],
                            [
                                28.8726894,
                                41.0422773
                            ],
                            [
                                28.8713516,
                                41.0415192
                            ]
                        ]
                    ]
                ]
            }
        },
        {
            "type": "Feature",
            "properties": {
                "type": "relation",
                "id": 9422081,
                "tags": {
                    "admin_level": "8",
                    "boundary": "administrative",
                    "name": "Fatih Mahallesi",
                    "type": "boundary",
                    "wikidata": "Q109962021",
                    "wikipedia": "tr:Fatih, Esenler"
                }
            },
            "geometry": {
                "type": "MultiPolygon",
                "coordinates": [
                    [
                        [
                            [
                                28.859461,
                                41.0433761
                            ],
                            [
                                28.8594421,
                                41.043298
                            ],
                            [
                                28.8593923,
                                41.0430823
                            ],
                            [
                                28.8593461,
                                41.0427262
                            ],
                            [
                                28.8599608,
                                41.0427206
                            ],
                            [
                                28.8601607,
                                41.0427498
                            ],
                            [
                                28.8605086,
                                41.0417678
                            ],
                            [
                                28.8606055,
                                41.0415006
                            ],
                            [
                                28.8606644,
                                41.04134
                            ],
                            [
                                28.8609331,
                                41.0407575
                            ],
                            [
                                28.8611078,
                                41.040265
                            ],
                            [
                                28.8615091,
                                41.0402083
                            ],
                            [
                                28.8616093,
                                41.0401794
                            ],
                            [
                                28.8639076,
                                41.039691
                            ],
                            [
                                28.8644997,
                                41.0395605
                            ],
                            [
                                28.8650537,
                                41.0394626
                            ],
                            [
                                28.8659561,
                                41.039336
                            ],
                            [
                                28.8663744,
                                41.0392505
                            ],
                            [
                                28.8676331,
                                41.0387814
                            ],
                            [
                                28.8681584,
                                41.0386214
                            ],
                            [
                                28.8683683,
                                41.0385773
                            ],
                            [
                                28.8687968,
                                41.0385033
                            ],
                            [
                                28.8696298,
                                41.0384657
                            ],
                            [
                                28.870082,
                                41.0384672
                            ],
                            [
                                28.8712227,
                                41.0384466
                            ],
                            [
                                28.8725399,
                                41.0384821
                            ],
                            [
                                28.8723481,
                                41.0388873
                            ],
                            [
                                28.8721872,
                                41.0393223
                            ],
                            [
                                28.8719807,
                                41.0402205
                            ],
                            [
                                28.8718573,
                                41.0408031
                            ],
                            [
                                28.8717902,
                                41.041054
                            ],
                            [
                                28.8716454,
                                41.0412462
                            ],
                            [
                                28.8713516,
                                41.0415192
                            ],
                            [
                                28.870968,
                                41.0418464
                            ],
                            [
                                28.8705393,
                                41.0422235
                            ],
                            [
                                28.8697968,
                                41.0429526
                            ],
                            [
                                28.8692271,
                                41.0435478
                            ],
                            [
                                28.8688955,
                                41.0438225
                            ],
                            [
                                28.8688395,
                                41.0439106
                            ],
                            [
                                28.8688581,
                                41.0447418
                            ],
                            [
                                28.8688021,
                                41.0449496
                            ],
                            [
                                28.8685887,
                                41.0451377
                            ],
                            [
                                28.867739,
                                41.0448648
                            ],
                            [
                                28.8665885,
                                41.0450212
                            ],
                            [
                                28.8659705,
                                41.0452696
                            ],
                            [
                                28.8657388,
                                41.0453094
                            ],
                            [
                                28.865438,
                                41.0453094
                            ],
                            [
                                28.8655233,
                                41.0450917
                            ],
                            [
                                28.8639744,
                                41.0453186
                            ],
                            [
                                28.8638809,
                                41.0450488
                            ],
                            [
                                28.8632833,
                                41.0442792
                            ],
                            [
                                28.8630068,
                                41.0438867
                            ],
                            [
                                28.8628117,
                                41.0433931
                            ],
                            [
                                28.8622506,
                                41.0434022
                            ],
                            [
                                28.8612912,
                                41.0433409
                            ],
                            [
                                28.8602789,
                                41.0432888
                            ],
                            [
                                28.8602748,
                                41.0433961
                            ],
                            [
                                28.859461,
                                41.0433761
                            ]
                        ]
                    ]
                ]
            }
        },
        {
            "type": "Feature",
            "properties": {
                "type": "relation",
                "id": 9422082,
                "tags": {
                    "admin_level": "8",
                    "boundary": "administrative",
                    "name": "Kazım Karabekir Mahallesi",
                    "type": "boundary",
                    "wikidata": "Q6069349"
                }
            },
            "geometry": {
                "type": "MultiPolygon",
                "coordinates": [
                    [
                        [
                            [
                                28.8677233,
                                41.0459605
                            ],
                            [
                                28.8682184,
                                41.0454498
                            ],
                            [
                                28.8685887,
                                41.0451377
                            ],
                            [
                                28.8688021,
                                41.0449496
                            ],
                            [
                                28.8688581,
                                41.0447418
                            ],
                            [
                                28.8688395,
                                41.0439106
                            ],
                            [
                                28.8688955,
                                41.0438225
                            ],
                            [
                                28.8692271,
                                41.0435478
                            ],
                            [
                                28.8697968,
                                41.0429526
                            ],
                            [
                                28.8705393,
                                41.0422235
                            ],
                            [
                                28.870968,
                                41.0418464
                            ],
                            [
                                28.8713516,
                                41.0415192
                            ],
                            [
                                28.8726894,
                                41.0422773
                            ],
                            [
                                28.8729301,
                                41.042587
                            ],
                            [
                                28.8730716,
                                41.0426244
                            ],
                            [
                                28.8731991,
                                41.0426083
                            ],
                            [
                                28.8733972,
                                41.0425736
                            ],
                            [
                                28.8735034,
                                41.042619
                            ],
                            [
                                28.8736945,
                                41.0428112
                            ],
                            [
                                28.8745439,
                                41.0434225
                            ],
                            [
                                28.8747351,
                                41.0433905
                            ],
                            [
                                28.8747846,
                                41.0437108
                            ],
                            [
                                28.8748483,
                                41.0445196
                            ],
                            [
                                28.8748306,
                                41.0451415
                            ],
                            [
                                28.8748589,
                                41.0454031
                            ],
                            [
                                28.8751173,
                                41.0452616
                            ],
                            [
                                28.8755044,
                                41.0451124
                            ],
                            [
                                28.8758461,
                                41.0449951
                            ],
                            [
                                28.8767049,
                                41.0446811
                            ],
                            [
                                28.8774532,
                                41.0444075
                            ],
                            [
                                28.877892,
                                41.0442473
                            ],
                            [
                                28.8780513,
                                41.0442073
                            ],
                            [
                                28.8784229,
                                41.0442046
                            ],
                            [
                                28.8785751,
                                41.0441779
                            ],
                            [
                                28.8786139,
                                41.0441575
                            ],
                            [
                                28.8787273,
                                41.0440978
                            ],
                            [
                                28.8788257,
                                41.0440616
                            ],
                            [
                                28.8788795,
                                41.0440418
                            ],
                            [
                                28.8792247,
                                41.0440369
                            ],
                            [
                                28.8799522,
                                41.0438618
                            ],
                            [
                                28.8797973,
                                41.0441469
                            ],
                            [
                                28.8779993,
                                41.0469695
                            ],
                            [
                                28.8776075,
                                41.0475747
                            ],
                            [
                                28.8768113,
                                41.0479454
                            ],
                            [
                                28.8764498,
                                41.0481354
                            ],
                            [
                                28.8759582,
                                41.048414
                            ],
                            [
                                28.8746256,
                                41.0492288
                            ],
                            [
                                28.8736963,
                                41.0483624
                            ],
                            [
                                28.8735842,
                                41.0484117
                            ],
                            [
                                28.8719217,
                                41.0466895
                            ],
                            [
                                28.8717582,
                                41.0467283
                            ],
                            [
                                28.87053,
                                41.0473516
                            ],
                            [
                                28.8699883,
                                41.0477778
                            ],
                            [
                                28.8696987,
                                41.0480102
                            ],
                            [
                                28.8694232,
                                41.0481758
                            ],
                            [
                                28.8692691,
                                41.0482321
                            ],
                            [
                                28.8682464,
                                41.0470311
                            ],
                            [
                                28.8684145,
                                41.0468727
                            ],
                            [
                                28.8679615,
                                41.0463725
                            ],
                            [
                                28.8677233,
                                41.0459605
                            ]
                        ]
                    ]
                ]
            }
        },
        {
            "type": "Feature",
            "properties": {
                "type": "relation",
                "id": 9422209,
                "tags": {
                    "admin_level": "8",
                    "boundary": "administrative",
                    "name": "Tuna Mahallesi",
                    "type": "boundary",
                    "wikidata": "Q97232511",
                    "wikipedia": "tr:Tuna, Esenler"
                }
            },
            "geometry": {
                "type": "MultiPolygon",
                "coordinates": [
                    [
                        [
                            [
                                28.8549089,
                                41.0549371
                            ],
                            [
                                28.854723,
                                41.0543095
                            ],
                            [
                                28.8551606,
                                41.0542475
                            ],
                            [
                                28.8557336,
                                41.0541373
                            ],
                            [
                                28.856459,
                                41.0540613
                            ],
                            [
                                28.8568143,
                                41.054039
                            ],
                            [
                                28.8570153,
                                41.0534988
                            ],
                            [
                                28.8575219,
                                41.0527012
                            ],
                            [
                                28.857684,
                                41.052484
                            ],
                            [
                                28.8588322,
                                41.0503593
                            ],
                            [
                                28.8590224,
                                41.0499926
                            ],
                            [
                                28.8597098,
                                41.0488814
                            ],
                            [
                                28.8598474,
                                41.048597
                            ],
                            [
                                28.8599172,
                                41.0483761
                            ],
                            [
                                28.8599313,
                                41.0483265
                            ],
                            [
                                28.8599491,
                                41.0480885
                            ],
                            [
                                28.859842,
                                41.0463967
                            ],
                            [
                                28.859792,
                                41.0451607
                            ],
                            [
                                28.8597839,
                                41.0447749
                            ],
                            [
                                28.8596875,
                                41.0443115
                            ],
                            [
                                28.859461,
                                41.0433761
                            ],
                            [
                                28.8602748,
                                41.0433961
                            ],
                            [
                                28.8602789,
                                41.0432888
                            ],
                            [
                                28.8612912,
                                41.0433409
                            ],
                            [
                                28.8622506,
                                41.0434022
                            ],
                            [
                                28.8628117,
                                41.0433931
                            ],
                            [
                                28.8630068,
                                41.0438867
                            ],
                            [
                                28.8632833,
                                41.0442792
                            ],
                            [
                                28.8638809,
                                41.0450488
                            ],
                            [
                                28.8639744,
                                41.0453186
                            ],
                            [
                                28.8655233,
                                41.0450917
                            ],
                            [
                                28.865438,
                                41.0453094
                            ],
                            [
                                28.8657388,
                                41.0453094
                            ],
                            [
                                28.8659705,
                                41.0452696
                            ],
                            [
                                28.8665885,
                                41.0450212
                            ],
                            [
                                28.867739,
                                41.0448648
                            ],
                            [
                                28.8685887,
                                41.0451377
                            ],
                            [
                                28.8682184,
                                41.0454498
                            ],
                            [
                                28.8677233,
                                41.0459605
                            ],
                            [
                                28.8667473,
                                41.0468339
                            ],
                            [
                                28.8663924,
                                41.0472249
                            ],
                            [
                                28.8662756,
                                41.0474432
                            ],
                            [
                                28.8660702,
                                41.0477884
                            ],
                            [
                                28.8660235,
                                41.0479574
                            ],
                            [
                                28.8657292,
                                41.049338
                            ],
                            [
                                28.8655424,
                                41.0504932
                            ],
                            [
                                28.8651502,
                                41.0519758
                            ],
                            [
                                28.8651829,
                                41.0522012
                            ],
                            [
                                28.8658133,
                                41.0537577
                            ],
                            [
                                28.8653067,
                                41.0538992
                            ],
                            [
                                28.8648631,
                                41.0539344
                            ],
                            [
                                28.8641528,
                                41.0541813
                            ],
                            [
                                28.8635337,
                                41.0544753
                            ],
                            [
                                28.8634195,
                                41.054501
                            ],
                            [
                                28.8623965,
                                41.0546573
                            ],
                            [
                                28.8613665,
                                41.0545562
                            ],
                            [
                                28.8608515,
                                41.0545683
                            ],
                            [
                                28.8598031,
                                41.0546993
                            ],
                            [
                                28.859026,
                                41.0548647
                            ],
                            [
                                28.8586759,
                                41.0549696
                            ],
                            [
                                28.8560637,
                                41.0555208
                            ],
                            [
                                28.8552083,
                                41.0556928
                            ],
                            [
                                28.8550903,
                                41.0555859
                            ],
                            [
                                28.8549089,
                                41.0549371
                            ]
                        ]
                    ]
                ]
            }
        },
        {
            "type": "Feature",
            "properties": {
                "type": "relation",
                "id": 9423100,
                "tags": {
                    "admin_level": "8",
                    "boundary": "administrative",
                    "name": "Kemer Mahallesi",
                    "type": "boundary",
                    "wikidata": "Q6069026",
                    "wikipedia": "tr:Kemer, Esenler"
                }
            },
            "geometry": {
                "type": "MultiPolygon",
                "coordinates": [
                    [
                        [
                            [
                                28.8749897,
                                41.0532311
                            ],
                            [
                                28.8752072,
                                41.0512451
                            ],
                            [
                                28.8753752,
                                41.0508987
                            ],
                            [
                                28.8778462,
                                41.050118
                            ],
                            [
                                28.8780681,
                                41.0497927
                            ],
                            [
                                28.8784686,
                                41.0498856
                            ],
                            [
                                28.8786165,
                                41.0498763
                            ],
                            [
                                28.8787767,
                                41.0496161
                            ],
                            [
                                28.8793929,
                                41.0498949
                            ],
                            [
                                28.8796024,
                                41.04963
                            ],
                            [
                                28.8800153,
                                41.0492954
                            ],
                            [
                                28.8805144,
                                41.0489841
                            ],
                            [
                                28.8811923,
                                41.0487378
                            ],
                            [
                                28.881753,
                                41.0486169
                            ],
                            [
                                28.8822706,
                                41.0484032
                            ],
                            [
                                28.8827697,
                                41.0481894
                            ],
                            [
                                28.8836016,
                                41.0476131
                            ],
                            [
                                28.8848786,
                                41.0473548
                            ],
                            [
                                28.884907,
                                41.047583
                            ],
                            [
                                28.8849452,
                                41.0478834
                            ],
                            [
                                28.8850149,
                                41.0484114
                            ],
                            [
                                28.8850623,
                                41.0487837
                            ],
                            [
                                28.8851314,
                                41.0492156
                            ],
                            [
                                28.8852211,
                                41.0498215
                            ],
                            [
                                28.885332,
                                41.0503607
                            ],
                            [
                                28.8854267,
                                41.0508542
                            ],
                            [
                                28.8855177,
                                41.0513321
                            ],
                            [
                                28.8856801,
                                41.0523725
                            ],
                            [
                                28.8857629,
                                41.0530222
                            ],
                            [
                                28.8858299,
                                41.0535016
                            ],
                            [
                                28.8858561,
                                41.0537856
                            ],
                            [
                                28.8858867,
                                41.0545153
                            ],
                            [
                                28.8859747,
                                41.0556448
                            ],
                            [
                                28.8859774,
                                41.0563227
                            ],
                            [
                                28.8859544,
                                41.0576418
                            ],
                            [
                                28.8858729,
                                41.0586996
                            ],
                            [
                                28.8857123,
                                41.0581833
                            ],
                            [
                                28.8854701,
                                41.0577415
                            ],
                            [
                                28.8847041,
                                41.0572384
                            ],
                            [
                                28.8844922,
                                41.0570476
                            ],
                            [
                                28.8841859,
                                41.0565872
                            ],
                            [
                                28.8838523,
                                41.0564388
                            ],
                            [
                                28.882313,
                                41.0563902
                            ],
                            [
                                28.8812664,
                                41.0565131
                            ],
                            [
                                28.880405,
                                41.0566395
                            ],
                            [
                                28.8798085,
                                41.0567622
                            ],
                            [
                                28.8792754,
                                41.0569177
                            ],
                            [
                                28.8768365,
                                41.057818
                            ],
                            [
                                28.8765488,
                                41.0575054
                            ],
                            [
                                28.8763507,
                                41.0570365
                            ],
                            [
                                28.8762583,
                                41.0567035
                            ],
                            [
                                28.8762546,
                                41.0562589
                            ],
                            [
                                28.8760773,
                                41.0561329
                            ],
                            [
                                28.8760284,
                                41.0559415
                            ],
                            [
                                28.8759766,
                                41.0557261
                            ],
                            [
                                28.875805,
                                41.0551901
                            ],
                            [
                                28.8753566,
                                41.054397
                            ],
                            [
                                28.8750388,
                                41.0536681
                            ],
                            [
                                28.8749897,
                                41.0532311
                            ]
                        ]
                    ]
                ]
            }
        },
        {
            "type": "Feature",
            "properties": {
                "type": "relation",
                "id": 9423101,
                "tags": {
                    "admin_level": "8",
                    "boundary": "administrative",
                    "name": "Birlik Mahallesi",
                    "type": "boundary",
                    "wikidata": "Q6068769",
                    "wikipedia": "tr:Birlik, Esenler"
                }
            },
            "geometry": {
                "type": "MultiPolygon",
                "coordinates": [
                    [
                        [
                            [
                                28.8658133,
                                41.0537577
                            ],
                            [
                                28.8651829,
                                41.0522012
                            ],
                            [
                                28.8651502,
                                41.0519758
                            ],
                            [
                                28.8655424,
                                41.0504932
                            ],
                            [
                                28.8657292,
                                41.049338
                            ],
                            [
                                28.8660235,
                                41.0479574
                            ],
                            [
                                28.8660702,
                                41.0477884
                            ],
                            [
                                28.8662756,
                                41.0474432
                            ],
                            [
                                28.8663924,
                                41.0472249
                            ],
                            [
                                28.8667473,
                                41.0468339
                            ],
                            [
                                28.8677233,
                                41.0459605
                            ],
                            [
                                28.8679615,
                                41.0463725
                            ],
                            [
                                28.8684145,
                                41.0468727
                            ],
                            [
                                28.8682464,
                                41.0470311
                            ],
                            [
                                28.8692691,
                                41.0482321
                            ],
                            [
                                28.8694232,
                                41.0481758
                            ],
                            [
                                28.8696987,
                                41.0480102
                            ],
                            [
                                28.8699883,
                                41.0477778
                            ],
                            [
                                28.87053,
                                41.0473516
                            ],
                            [
                                28.8717582,
                                41.0467283
                            ],
                            [
                                28.8719217,
                                41.0466895
                            ],
                            [
                                28.8735842,
                                41.0484117
                            ],
                            [
                                28.8736963,
                                41.0483624
                            ],
                            [
                                28.8746256,
                                41.0492288
                            ],
                            [
                                28.8759582,
                                41.048414
                            ],
                            [
                                28.8764498,
                                41.0481354
                            ],
                            [
                                28.8768113,
                                41.0479454
                            ],
                            [
                                28.8776075,
                                41.0475747
                            ],
                            [
                                28.8769532,
                                41.0485229
                            ],
                            [
                                28.876451,
                                41.0492376
                            ],
                            [
                                28.8756402,
                                41.0504061
                            ],
                            [
                                28.8753752,
                                41.0508987
                            ],
                            [
                                28.8752072,
                                41.0512451
                            ],
                            [
                                28.8749897,
                                41.0532311
                            ],
                            [
                                28.8743022,
                                41.0535056
                            ],
                            [
                                28.873924,
                                41.0535805
                            ],
                            [
                                28.8736589,
                                41.0536729
                            ],
                            [
                                28.873471,
                                41.0537759
                            ],
                            [
                                28.8733005,
                                41.053915
                            ],
                            [
                                28.8732013,
                                41.0540101
                            ],
                            [
                                28.8731429,
                                41.0540858
                            ],
                            [
                                28.8730235,
                                41.0542443
                            ],
                            [
                                28.8729884,
                                41.054401
                            ],
                            [
                                28.8728693,
                                41.0543913
                            ],
                            [
                                28.8724093,
                                41.0544344
                            ],
                            [
                                28.8721723,
                                41.054423
                            ],
                            [
                                28.8716084,
                                41.0543657
                            ],
                            [
                                28.8714228,
                                41.0543464
                            ],
                            [
                                28.8707429,
                                41.0542498
                            ],
                            [
                                28.8694579,
                                41.054047
                            ],
                            [
                                28.869347,
                                41.05404
                            ],
                            [
                                28.8691298,
                                41.0539995
                            ],
                            [
                                28.8687306,
                                41.0540488
                            ],
                            [
                                28.8686035,
                                41.054104
                            ],
                            [
                                28.8683473,
                                41.0541975
                            ],
                            [
                                28.8678952,
                                41.054274
                            ],
                            [
                                28.8674683,
                                41.0543
                            ],
                            [
                                28.8671662,
                                41.054295
                            ],
                            [
                                28.8669134,
                                41.0542908
                            ],
                            [
                                28.8666206,
                                41.0542495
                            ],
                            [
                                28.8663564,
                                41.0542004
                            ],
                            [
                                28.8661165,
                                41.0540977
                            ],
                            [
                                28.8659458,
                                41.0539858
                            ],
                            [
                                28.8658133,
                                41.0537577
                            ]
                        ]
                    ]
                ]
            }
        },
        {
            "type": "Feature",
            "properties": {
                "type": "relation",
                "id": 9423103,
                "tags": {
                    "admin_level": "8",
                    "alt_name": "Havaalanı Mahallesi",
                    "boundary": "administrative",
                    "name": "Atışalanı Mahallesi",
                    "type": "boundary",
                    "wikidata": "Q6068740",
                    "wikipedia": "tr:Atışalanı, Esenler"
                }
            },
            "geometry": {
                "type": "MultiPolygon",
                "coordinates": [
                    [
                        [
                            [
                                28.8635337,
                                41.0544753
                            ],
                            [
                                28.8641528,
                                41.0541813
                            ],
                            [
                                28.8648631,
                                41.0539344
                            ],
                            [
                                28.8653067,
                                41.0538992
                            ],
                            [
                                28.8658133,
                                41.0537577
                            ],
                            [
                                28.8659458,
                                41.0539858
                            ],
                            [
                                28.8661165,
                                41.0540977
                            ],
                            [
                                28.8663564,
                                41.0542004
                            ],
                            [
                                28.8666206,
                                41.0542495
                            ],
                            [
                                28.8669134,
                                41.0542908
                            ],
                            [
                                28.8671662,
                                41.054295
                            ],
                            [
                                28.8674683,
                                41.0543
                            ],
                            [
                                28.8678952,
                                41.054274
                            ],
                            [
                                28.8683473,
                                41.0541975
                            ],
                            [
                                28.8686035,
                                41.054104
                            ],
                            [
                                28.8687306,
                                41.0540488
                            ],
                            [
                                28.8691298,
                                41.0539995
                            ],
                            [
                                28.869347,
                                41.05404
                            ],
                            [
                                28.8694579,
                                41.054047
                            ],
                            [
                                28.8707429,
                                41.0542498
                            ],
                            [
                                28.8714228,
                                41.0543464
                            ],
                            [
                                28.8716084,
                                41.0543657
                            ],
                            [
                                28.8721723,
                                41.054423
                            ],
                            [
                                28.8724093,
                                41.0544344
                            ],
                            [
                                28.8728693,
                                41.0543913
                            ],
                            [
                                28.8729884,
                                41.054401
                            ],
                            [
                                28.8730235,
                                41.0542443
                            ],
                            [
                                28.8731429,
                                41.0540858
                            ],
                            [
                                28.8732013,
                                41.0540101
                            ],
                            [
                                28.8733005,
                                41.053915
                            ],
                            [
                                28.873471,
                                41.0537759
                            ],
                            [
                                28.8736589,
                                41.0536729
                            ],
                            [
                                28.873924,
                                41.0535805
                            ],
                            [
                                28.8743022,
                                41.0535056
                            ],
                            [
                                28.8749897,
                                41.0532311
                            ],
                            [
                                28.8750388,
                                41.0536681
                            ],
                            [
                                28.8753566,
                                41.054397
                            ],
                            [
                                28.875805,
                                41.0551901
                            ],
                            [
                                28.8759766,
                                41.0557261
                            ],
                            [
                                28.8760284,
                                41.0559415
                            ],
                            [
                                28.8760773,
                                41.0561329
                            ],
                            [
                                28.8762546,
                                41.0562589
                            ],
                            [
                                28.8762583,
                                41.0567035
                            ],
                            [
                                28.8763507,
                                41.0570365
                            ],
                            [
                                28.8765488,
                                41.0575054
                            ],
                            [
                                28.8768365,
                                41.057818
                            ],
                            [
                                28.8753616,
                                41.0583398
                            ],
                            [
                                28.8747352,
                                41.0585769
                            ],
                            [
                                28.8739064,
                                41.0588831
                            ],
                            [
                                28.8733894,
                                41.0590892
                            ],
                            [
                                28.8729412,
                                41.059288
                            ],
                            [
                                28.8720997,
                                41.0596081
                            ],
                            [
                                28.8718928,
                                41.0596908
                            ],
                            [
                                28.8717379,
                                41.0597672
                            ],
                            [
                                28.8714547,
                                41.0599594
                            ],
                            [
                                28.8712824,
                                41.0601288
                            ],
                            [
                                28.8711622,
                                41.0603022
                            ],
                            [
                                28.8710693,
                                41.0605112
                            ],
                            [
                                28.8710236,
                                41.0607098
                            ],
                            [
                                28.8709993,
                                41.061022
                            ],
                            [
                                28.8710124,
                                41.0612142
                            ],
                            [
                                28.8710723,
                                41.0615684
                            ],
                            [
                                28.8702753,
                                41.061748
                            ],
                            [
                                28.8696045,
                                41.0618928
                            ],
                            [
                                28.8692262,
                                41.0620109
                            ],
                            [
                                28.8687189,
                                41.0622704
                            ],
                            [
                                28.8681974,
                                41.0617677
                            ],
                            [
                                28.8681748,
                                41.0616791
                            ],
                            [
                                28.868132,
                                41.0615109
                            ],
                            [
                                28.8677169,
                                41.0613585
                            ],
                            [
                                28.8675529,
                                41.0610895
                            ],
                            [
                                28.8672821,
                                41.0605103
                            ],
                            [
                                28.8670487,
                                41.0603809
                            ],
                            [
                                28.8668932,
                                41.0602029
                            ],
                            [
                                28.8666947,
                                41.0594263
                            ],
                            [
                                28.8665606,
                                41.0590097
                            ],
                            [
                                28.86611,
                                41.0582978
                            ],
                            [
                                28.865823,
                                41.0577315
                            ],
                            [
                                28.8654743,
                                41.057244
                            ],
                            [
                                28.8649325,
                                41.0566474
                            ],
                            [
                                28.8646884,
                                41.0564269
                            ],
                            [
                                28.864514,
                                41.0560831
                            ],
                            [
                                28.8640125,
                                41.0554156
                            ],
                            [
                                28.8638596,
                                41.0551891
                            ],
                            [
                                28.8635833,
                                41.0546288
                            ],
                            [
                                28.8635337,
                                41.0544753
                            ]
                        ]
                    ]
                ]
            }
        },
        {
            "type": "Feature",
            "properties": {
                "type": "relation",
                "id": 9423121,
                "tags": {
                    "admin_level": "8",
                    "boundary": "administrative",
                    "name": "Turgut Reis Mahallesi",
                    "type": "boundary",
                    "wikidata": "Q109387108",
                    "wikipedia": "tr:Turgutreis, Esenler"
                }
            },
            "geometry": {
                "type": "MultiPolygon",
                "coordinates": [
                    [
                        [
                            [
                                28.8634195,
                                41.054501
                            ],
                            [
                                28.8635337,
                                41.0544753
                            ],
                            [
                                28.8635833,
                                41.0546288
                            ],
                            [
                                28.8638596,
                                41.0551891
                            ],
                            [
                                28.8640125,
                                41.0554156
                            ],
                            [
                                28.864514,
                                41.0560831
                            ],
                            [
                                28.8646884,
                                41.0564269
                            ],
                            [
                                28.8649325,
                                41.0566474
                            ],
                            [
                                28.8654743,
                                41.057244
                            ],
                            [
                                28.865823,
                                41.0577315
                            ],
                            [
                                28.86611,
                                41.0582978
                            ],
                            [
                                28.8665606,
                                41.0590097
                            ],
                            [
                                28.8666947,
                                41.0594263
                            ],
                            [
                                28.8668932,
                                41.0602029
                            ],
                            [
                                28.8670487,
                                41.0603809
                            ],
                            [
                                28.8672821,
                                41.0605103
                            ],
                            [
                                28.8675529,
                                41.0610895
                            ],
                            [
                                28.8677169,
                                41.0613585
                            ],
                            [
                                28.868132,
                                41.0615109
                            ],
                            [
                                28.8681748,
                                41.0616791
                            ],
                            [
                                28.8681974,
                                41.0617677
                            ],
                            [
                                28.8687189,
                                41.0622704
                            ],
                            [
                                28.8684819,
                                41.0624795
                            ],
                            [
                                28.8682044,
                                41.0627963
                            ],
                            [
                                28.8678939,
                                41.0631838
                            ],
                            [
                                28.8675275,
                                41.0636493
                            ],
                            [
                                28.8670847,
                                41.0642167
                            ],
                            [
                                28.8670118,
                                41.0643028
                            ],
                            [
                                28.8669179,
                                41.0644033
                            ],
                            [
                                28.8667982,
                                41.0644896
                            ],
                            [
                                28.8664538,
                                41.0646577
                            ],
                            [
                                28.8640278,
                                41.0654066
                            ],
                            [
                                28.8632066,
                                41.0656089
                            ],
                            [
                                28.8626897,
                                41.0656869
                            ],
                            [
                                28.8617831,
                                41.0646313
                            ],
                            [
                                28.8615605,
                                41.0643765
                            ],
                            [
                                28.8613432,
                                41.0642066
                            ],
                            [
                                28.8611018,
                                41.0639902
                            ],
                            [
                                28.8607424,
                                41.063426
                            ],
                            [
                                28.8605493,
                                41.0630781
                            ],
                            [
                                28.860324,
                                41.0626372
                            ],
                            [
                                28.8601094,
                                41.0624451
                            ],
                            [
                                28.8598841,
                                41.0622004
                            ],
                            [
                                28.859742,
                                41.06198
                            ],
                            [
                                28.8593396,
                                41.0611083
                            ],
                            [
                                28.8592699,
                                41.0608494
                            ],
                            [
                                28.8591733,
                                41.0602427
                            ],
                            [
                                28.8592457,
                                41.060002
                            ],
                            [
                                28.8596293,
                                41.0591445
                            ],
                            [
                                28.8598117,
                                41.0586652
                            ],
                            [
                                28.8600209,
                                41.0582546
                            ],
                            [
                                28.8601282,
                                41.0579776
                            ],
                            [
                                28.860155,
                                41.0578744
                            ],
                            [
                                28.8602248,
                                41.0573303
                            ],
                            [
                                28.8604796,
                                41.0571321
                            ],
                            [
                                28.8604983,
                                41.0569906
                            ],
                            [
                                28.860788,
                                41.0567357
                            ],
                            [
                                28.8611206,
                                41.0564101
                            ],
                            [
                                28.8611984,
                                41.0562645
                            ],
                            [
                                28.8612708,
                                41.0561087
                            ],
                            [
                                28.8613754,
                                41.0559752
                            ],
                            [
                                28.8614854,
                                41.055864
                            ],
                            [
                                28.8616436,
                                41.0557447
                            ],
                            [
                                28.8620272,
                                41.0556172
                            ],
                            [
                                28.862203,
                                41.0555282
                            ],
                            [
                                28.862419,
                                41.0552033
                            ],
                            [
                                28.8626379,
                                41.055105
                            ],
                            [
                                28.8630602,
                                41.0547696
                            ],
                            [
                                28.8634195,
                                41.054501
                            ]
                        ]
                    ]
                ]
            }
        },
        {
            "type": "Feature",
            "properties": {
                "type": "relation",
                "id": 9423122,
                "tags": {
                    "admin_level": "8",
                    "alt_name": "Oruç Reis Mahallesi",
                    "boundary": "administrative",
                    "name": "Oruçreis Mahallesi",
                    "type": "boundary",
                    "wikidata": "Q97227665",
                    "wikimedia_commons": "Category:Oruçreis, Esenler",
                    "wikipedia": "tr:Oruçreis, Esenler"
                }
            },
            "geometry": {
                "type": "MultiPolygon",
                "coordinates": [
                    [
                        [
                            [
                                28.8337984,
                                41.068887
                            ],
                            [
                                28.835711,
                                41.0682022
                            ],
                            [
                                28.8361618,
                                41.0680483
                            ],
                            [
                                28.8369195,
                                41.0676903
                            ],
                            [
                                28.8375048,
                                41.0673407
                            ],
                            [
                                28.8380756,
                                41.0669662
                            ],
                            [
                                28.8384757,
                                41.0667088
                            ],
                            [
                                28.8397575,
                                41.0658955
                            ],
                            [
                                28.8402027,
                                41.0656866
                            ],
                            [
                                28.8407388,
                                41.0654777
                            ],
                            [
                                28.8414854,
                                41.0652453
                            ],
                            [
                                28.8423847,
                                41.0651031
                            ],
                            [
                                28.842974,
                                41.0650674
                            ],
                            [
                                28.8435579,
                                41.0650669
                            ],
                            [
                                28.8440283,
                                41.0650953
                            ],
                            [
                                28.8444871,
                                41.0651472
                            ],
                            [
                                28.8447528,
                                41.0651949
                            ],
                            [
                                28.8453183,
                                41.065338
                            ],
                            [
                                28.8458461,
                                41.0655042
                            ],
                            [
                                28.8465545,
                                41.065813
                            ],
                            [
                                28.8472559,
                                41.0662364
                            ],
                            [
                                28.8483361,
                                41.0671384
                            ],
                            [
                                28.8489224,
                                41.067628
                            ],
                            [
                                28.8505681,
                                41.0690982
                            ],
                            [
                                28.851074,
                                41.0695789
                            ],
                            [
                                28.851947,
                                41.0705203
                            ],
                            [
                                28.8527519,
                                41.0714778
                            ],
                            [
                                28.8529409,
                                41.0716823
                            ],
                            [
                                28.853121,
                                41.071827
                            ],
                            [
                                28.8532657,
                                41.0719403
                            ],
                            [
                                28.8534861,
                                41.072057
                            ],
                            [
                                28.8537199,
                                41.0721505
                            ],
                            [
                                28.8540652,
                                41.0722428
                            ],
                            [
                                28.8544315,
                                41.072294
                            ],
                            [
                                28.8550764,
                                41.0723611
                            ],
                            [
                                28.855946,
                                41.0724184
                            ],
                            [
                                28.8560385,
                                41.0720531
                            ],
                            [
                                28.8566794,
                                41.0721756
                            ],
                            [
                                28.8570905,
                                41.0721854
                            ],
                            [
                                28.8576717,
                                41.0721687
                            ],
                            [
                                28.8589577,
                                41.0717867
                            ],
                            [
                                28.8602661,
                                41.0714138
                            ],
                            [
                                28.8602278,
                                41.0712191
                            ],
                            [
                                28.8596649,
                                41.0703955
                            ],
                            [
                                28.8594047,
                                41.0701335
                            ],
                            [
                                28.8587605,
                                41.0692924
                            ],
                            [
                                28.8581617,
                                41.0684949
                            ],
                            [
                                28.8576961,
                                41.0678175
                            ],
                            [
                                28.8573451,
                                41.0673129
                            ],
                            [
                                28.8563007,
                                41.0669774
                            ],
                            [
                                28.8565352,
                                41.0665851
                            ],
                            [
                                28.8565699,
                                41.0663629
                            ],
                            [
                                28.8565435,
                                41.0661785
                            ],
                            [
                                28.8564545,
                                41.0660031
                            ],
                            [
                                28.8563539,
                                41.0658832
                            ],
                            [
                                28.8561358,
                                41.0657427
                            ],
                            [
                                28.8560133,
                                41.0651756
                            ],
                            [
                                28.8558815,
                                41.0647978
                            ],
                            [
                                28.8558382,
                                41.0646845
                            ],
                            [
                                28.8557817,
                                41.0645084
                            ],
                            [
                                28.855463,
                                41.0635972
                            ],
                            [
                                28.8551542,
                                41.062954
                            ],
                            [
                                28.8550107,
                                41.0625449
                            ],
                            [
                                28.8549333,
                                41.0622472
                            ],
                            [
                                28.8548686,
                                41.0616612
                            ],
                            [
                                28.8548048,
                                41.0608594
                            ],
                            [
                                28.8547578,
                                41.0603354
                            ],
                            [
                                28.8547991,
                                41.0595668
                            ],
                            [
                                28.8548981,
                                41.0581482
                            ],
                            [
                                28.8549818,
                                41.0574019
                            ],
                            [
                                28.8552646,
                                41.056677
                            ],
                            [
                                28.8553792,
                                41.0562552
                            ],
                            [
                                28.8552083,
                                41.0556928
                            ],
                            [
                                28.8560637,
                                41.0555208
                            ],
                            [
                                28.8586759,
                                41.0549696
                            ],
                            [
                                28.859026,
                                41.0548647
                            ],
                            [
                                28.8598031,
                                41.0546993
                            ],
                            [
                                28.8608515,
                                41.0545683
                            ],
                            [
                                28.8613665,
                                41.0545562
                            ],
                            [
                                28.8623965,
                                41.0546573
                            ],
                            [
                                28.8634195,
                                41.054501
                            ],
                            [
                                28.8630602,
                                41.0547696
                            ],
                            [
                                28.8626379,
                                41.055105
                            ],
                            [
                                28.862419,
                                41.0552033
                            ],
                            [
                                28.862203,
                                41.0555282
                            ],
                            [
                                28.8620272,
                                41.0556172
                            ],
                            [
                                28.8616436,
                                41.0557447
                            ],
                            [
                                28.8614854,
                                41.055864
                            ],
                            [
                                28.8613754,
                                41.0559752
                            ],
                            [
                                28.8612708,
                                41.0561087
                            ],
                            [
                                28.8611984,
                                41.0562645
                            ],
                            [
                                28.8611206,
                                41.0564101
                            ],
                            [
                                28.860788,
                                41.0567357
                            ],
                            [
                                28.8604983,
                                41.0569906
                            ],
                            [
                                28.8604796,
                                41.0571321
                            ],
                            [
                                28.8602248,
                                41.0573303
                            ],
                            [
                                28.860155,
                                41.0578744
                            ],
                            [
                                28.8601282,
                                41.0579776
                            ],
                            [
                                28.8600209,
                                41.0582546
                            ],
                            [
                                28.8598117,
                                41.0586652
                            ],
                            [
                                28.8596293,
                                41.0591445
                            ],
                            [
                                28.8592457,
                                41.060002
                            ],
                            [
                                28.8591733,
                                41.0602427
                            ],
                            [
                                28.8592699,
                                41.0608494
                            ],
                            [
                                28.8593396,
                                41.0611083
                            ],
                            [
                                28.859742,
                                41.06198
                            ],
                            [
                                28.8598841,
                                41.0622004
                            ],
                            [
                                28.8601094,
                                41.0624451
                            ],
                            [
                                28.860324,
                                41.0626372
                            ],
                            [
                                28.8605493,
                                41.0630781
                            ],
                            [
                                28.8607424,
                                41.063426
                            ],
                            [
                                28.8611018,
                                41.0639902
                            ],
                            [
                                28.8613432,
                                41.0642066
                            ],
                            [
                                28.8615605,
                                41.0643765
                            ],
                            [
                                28.8617831,
                                41.0646313
                            ],
                            [
                                28.8626897,
                                41.0656869
                            ],
                            [
                                28.8632066,
                                41.0656089
                            ],
                            [
                                28.8640278,
                                41.0654066
                            ],
                            [
                                28.8664538,
                                41.0646577
                            ],
                            [
                                28.8667982,
                                41.0644896
                            ],
                            [
                                28.8669179,
                                41.0644033
                            ],
                            [
                                28.8670118,
                                41.0643028
                            ],
                            [
                                28.8670847,
                                41.0642167
                            ],
                            [
                                28.8675275,
                                41.0636493
                            ],
                            [
                                28.8678939,
                                41.0631838
                            ],
                            [
                                28.8682044,
                                41.0627963
                            ],
                            [
                                28.8684819,
                                41.0624795
                            ],
                            [
                                28.8687189,
                                41.0622704
                            ],
                            [
                                28.8692262,
                                41.0620109
                            ],
                            [
                                28.8696045,
                                41.0618928
                            ],
                            [
                                28.8702753,
                                41.061748
                            ],
                            [
                                28.8710723,
                                41.0615684
                            ],
                            [
                                28.8712504,
                                41.0619128
                            ],
                            [
                                28.8712681,
                                41.0621497
                            ],
                            [
                                28.8712448,
                                41.0623868
                            ],
                            [
                                28.8712525,
                                41.0626192
                            ],
                            [
                                28.8712971,
                                41.06276
                            ],
                            [
                                28.8713885,
                                41.0630063
                            ],
                            [
                                28.8716391,
                                41.0636173
                            ],
                            [
                                28.8718591,
                                41.0641828
                            ],
                            [
                                28.8719247,
                                41.0643785
                            ],
                            [
                                28.8719308,
                                41.0644767
                            ],
                            [
                                28.8719523,
                                41.0646871
                            ],
                            [
                                28.87236,
                                41.065771
                            ],
                            [
                                28.8728052,
                                41.0677124
                            ],
                            [
                                28.8731915,
                                41.0692492
                            ],
                            [
                                28.873355,
                                41.0697242
                            ],
                            [
                                28.8734811,
                                41.0700904
                            ],
                            [
                                28.8744146,
                                41.0714978
                            ],
                            [
                                28.8745111,
                                41.0718537
                            ],
                            [
                                28.8747525,
                                41.0734309
                            ],
                            [
                                28.8748866,
                                41.0743974
                            ],
                            [
                                28.8748169,
                                41.074543
                            ],
                            [
                                28.8741463,
                                41.0752345
                            ],
                            [
                                28.8740323,
                                41.0753063
                            ],
                            [
                                28.8739148,
                                41.0753556
                            ],
                            [
                                28.8737158,
                                41.0753609
                            ],
                            [
                                28.8722835,
                                41.07455
                            ],
                            [
                                28.8704596,
                                41.0735007
                            ],
                            [
                                28.8692674,
                                41.0728021
                            ],
                            [
                                28.868747,
                                41.0724704
                            ],
                            [
                                28.8681424,
                                41.0721025
                            ],
                            [
                                28.8673062,
                                41.0714086
                            ],
                            [
                                28.8667971,
                                41.0706404
                            ],
                            [
                                28.86603,
                                41.071146
                            ],
                            [
                                28.8671608,
                                41.0720855
                            ],
                            [
                                28.8677735,
                                41.0725633
                            ],
                            [
                                28.8687325,
                                41.0735046
                            ],
                            [
                                28.8697683,
                                41.074645
                            ],
                            [
                                28.8702324,
                                41.0752378
                            ],
                            [
                                28.8710316,
                                41.0764009
                            ],
                            [
                                28.871737,
                                41.0775315
                            ],
                            [
                                28.872187,
                                41.0783025
                            ],
                            [
                                28.8726336,
                                41.0790441
                            ],
                            [
                                28.8731388,
                                41.0798644
                            ],
                            [
                                28.8736187,
                                41.0806143
                            ],
                            [
                                28.8743627,
                                41.0815985
                            ],
                            [
                                28.8719894,
                                41.084157
                            ],
                            [
                                28.8709567,
                                41.0852799
                            ],
                            [
                                28.870353,
                                41.0858254
                            ],
                            [
                                28.8699222,
                                41.086118
                            ],
                            [
                                28.8689725,
                                41.0866797
                            ],
                            [
                                28.8662357,
                                41.0882
                            ],
                            [
                                28.8659097,
                                41.0884289
                            ],
                            [
                                28.8654778,
                                41.0888251
                            ],
                            [
                                28.864913,
                                41.0894131
                            ],
                            [
                                28.8643225,
                                41.0899113
                            ],
                            [
                                28.8635334,
                                41.0904523
                            ],
                            [
                                28.8631601,
                                41.0907742
                            ],
                            [
                                28.8624047,
                                41.091763
                            ],
                            [
                                28.8616351,
                                41.0928608
                            ],
                            [
                                28.8604849,
                                41.0941875
                            ],
                            [
                                28.8588162,
                                41.0959701
                            ],
                            [
                                28.8574499,
                                41.09812
                            ],
                            [
                                28.8561742,
                                41.0996915
                            ],
                            [
                                28.8552762,
                                41.1006409
                            ],
                            [
                                28.8541087,
                                41.1024091
                            ],
                            [
                                28.8527359,
                                41.1047703
                            ],
                            [
                                28.8518804,
                                41.1062891
                            ],
                            [
                                28.850607,
                                41.1074804
                            ],
                            [
                                28.8501527,
                                41.1079173
                            ],
                            [
                                28.8501702,
                                41.1078405
                            ],
                            [
                                28.8502584,
                                41.1074486
                            ],
                            [
                                28.8502675,
                                41.1066041
                            ],
                            [
                                28.8501464,
                                41.1059498
                            ],
                            [
                                28.8501128,
                                41.1055313
                            ],
                            [
                                28.8501032,
                                41.1053314
                            ],
                            [
                                28.8500952,
                                41.1052001
                            ],
                            [
                                28.8500968,
                                41.1050688
                            ],
                            [
                                28.8501056,
                                41.1049107
                            ],
                            [
                                28.8501275,
                                41.1047711
                            ],
                            [
                                28.850271,
                                41.1039694
                            ],
                            [
                                28.8505615,
                                41.1024758
                            ],
                            [
                                28.8505952,
                                41.10229
                            ],
                            [
                                28.8506046,
                                41.1021421
                            ],
                            [
                                28.8506049,
                                41.1020025
                            ],
                            [
                                28.8505746,
                                41.1017542
                            ],
                            [
                                28.8505372,
                                41.1015807
                            ],
                            [
                                28.8504745,
                                41.1014002
                            ],
                            [
                                28.8502606,
                                41.1008307
                            ],
                            [
                                28.8500423,
                                41.1002751
                            ],
                            [
                                28.8499199,
                                41.099964
                            ],
                            [
                                28.8496715,
                                41.0993269
                            ],
                            [
                                28.8490414,
                                41.0977431
                            ],
                            [
                                28.8488101,
                                41.0973661
                            ],
                            [
                                28.8486914,
                                41.0972043
                            ],
                            [
                                28.848373,
                                41.0968358
                            ],
                            [
                                28.8478294,
                                41.0962126
                            ],
                            [
                                28.8476736,
                                41.0960338
                            ],
                            [
                                28.8472255,
                                41.0955516
                            ],
                            [
                                28.8470606,
                                41.0953606
                            ],
                            [
                                28.8469328,
                                41.0951931
                            ],
                            [
                                28.846744,
                                41.0948613
                            ],
                            [
                                28.8465732,
                                41.0944394
                            ],
                            [
                                28.8461444,
                                41.0934124
                            ],
                            [
                                28.8450796,
                                41.0903195
                            ],
                            [
                                28.8449288,
                                41.0898368
                            ],
                            [
                                28.844614,
                                41.0887143
                            ],
                            [
                                28.8443229,
                                41.0876212
                            ],
                            [
                                28.8438851,
                                41.0859922
                            ],
                            [
                                28.8433141,
                                41.0838828
                            ],
                            [
                                28.8431809,
                                41.0835267
                            ],
                            [
                                28.8430211,
                                41.083191
                            ],
                            [
                                28.8428449,
                                41.0828771
                            ],
                            [
                                28.8412823,
                                41.0804288
                            ],
                            [
                                28.8398673,
                                41.0782334
                            ],
                            [
                                28.839597,
                                41.0777721
                            ],
                            [
                                28.8393696,
                                41.077348
                            ],
                            [
                                28.8390332,
                                41.0766698
                            ],
                            [
                                28.8388047,
                                41.0761642
                            ],
                            [
                                28.8386336,
                                41.075758
                            ],
                            [
                                28.8384336,
                                41.0752956
                            ],
                            [
                                28.8381043,
                                41.0744017
                            ],
                            [
                                28.8378903,
                                41.0738198
                            ],
                            [
                                28.8377476,
                                41.0734132
                            ],
                            [
                                28.8375038,
                                41.0726892
                            ],
                            [
                                28.8373345,
                                41.0723141
                            ],
                            [
                                28.8371005,
                                41.071992
                            ],
                            [
                                28.8367408,
                                41.0716086
                            ],
                            [
                                28.8364766,
                                41.0713755
                            ],
                            [
                                28.8359106,
                                41.0708322
                            ],
                            [
                                28.8357078,
                                41.0706393
                            ],
                            [
                                28.8353656,
                                41.0703361
                            ],
                            [
                                28.8351975,
                                41.0701761
                            ],
                            [
                                28.8350111,
                                41.0700147
                            ],
                            [
                                28.8344275,
                                41.0694761
                            ],
                            [
                                28.8337984,
                                41.068887
                            ]
                        ]
                    ]
                ]
            }
        },
        {
            "type": "Feature",
            "properties": {
                "type": "relation",
                "id": 13276411,
                "tags": {
                    "admin_level": "8",
                    "boundary": "administrative",
                    "name": "15 Temmuz Mahallesi",
                    "type": "boundary",
                    "wikidata": "Q109386148",
                    "wikipedia": "tr:15 Temmuz, Esenler"
                }
            },
            "geometry": {
                "type": "MultiPolygon",
                "coordinates": [
                    [
                        [
                            [
                                28.8710723,
                                41.0615684
                            ],
                            [
                                28.8710124,
                                41.0612142
                            ],
                            [
                                28.8709993,
                                41.061022
                            ],
                            [
                                28.8710236,
                                41.0607098
                            ],
                            [
                                28.8710693,
                                41.0605112
                            ],
                            [
                                28.8711622,
                                41.0603022
                            ],
                            [
                                28.8712824,
                                41.0601288
                            ],
                            [
                                28.8714547,
                                41.0599594
                            ],
                            [
                                28.8717379,
                                41.0597672
                            ],
                            [
                                28.8718928,
                                41.0596908
                            ],
                            [
                                28.8720997,
                                41.0596081
                            ],
                            [
                                28.8729412,
                                41.059288
                            ],
                            [
                                28.8733894,
                                41.0590892
                            ],
                            [
                                28.8739064,
                                41.0588831
                            ],
                            [
                                28.8747352,
                                41.0585769
                            ],
                            [
                                28.8753616,
                                41.0583398
                            ],
                            [
                                28.8768365,
                                41.057818
                            ],
                            [
                                28.8792754,
                                41.0569177
                            ],
                            [
                                28.8798085,
                                41.0567622
                            ],
                            [
                                28.880405,
                                41.0566395
                            ],
                            [
                                28.8812664,
                                41.0565131
                            ],
                            [
                                28.882313,
                                41.0563902
                            ],
                            [
                                28.8838523,
                                41.0564388
                            ],
                            [
                                28.8841859,
                                41.0565872
                            ],
                            [
                                28.8844922,
                                41.0570476
                            ],
                            [
                                28.8847041,
                                41.0572384
                            ],
                            [
                                28.8854701,
                                41.0577415
                            ],
                            [
                                28.8857123,
                                41.0581833
                            ],
                            [
                                28.8858729,
                                41.0586996
                            ],
                            [
                                28.8857371,
                                41.0594624
                            ],
                            [
                                28.8855626,
                                41.0601354
                            ],
                            [
                                28.885312,
                                41.0609264
                            ],
                            [
                                28.8846966,
                                41.0622465
                            ],
                            [
                                28.8836952,
                                41.0638179
                            ],
                            [
                                28.8828076,
                                41.0650421
                            ],
                            [
                                28.881258,
                                41.0671273
                            ],
                            [
                                28.8810635,
                                41.0673661
                            ],
                            [
                                28.8797883,
                                41.0691685
                            ],
                            [
                                28.8794792,
                                41.0696008
                            ],
                            [
                                28.8792391,
                                41.0699354
                            ],
                            [
                                28.8788583,
                                41.0704673
                            ],
                            [
                                28.878595,
                                41.0708525
                            ],
                            [
                                28.8784523,
                                41.071029
                            ],
                            [
                                28.8787986,
                                41.0713663
                            ],
                            [
                                28.8788857,
                                41.071688
                            ],
                            [
                                28.8788307,
                                41.076894
                            ],
                            [
                                28.878924,
                                41.0771924
                            ],
                            [
                                28.8772716,
                                41.0785497
                            ],
                            [
                                28.875728,
                                41.0801286
                            ],
                            [
                                28.8753315,
                                41.0805238
                            ],
                            [
                                28.8748498,
                                41.0810626
                            ],
                            [
                                28.8743627,
                                41.0815985
                            ],
                            [
                                28.8736187,
                                41.0806143
                            ],
                            [
                                28.8731388,
                                41.0798644
                            ],
                            [
                                28.8726336,
                                41.0790441
                            ],
                            [
                                28.872187,
                                41.0783025
                            ],
                            [
                                28.871737,
                                41.0775315
                            ],
                            [
                                28.8710316,
                                41.0764009
                            ],
                            [
                                28.8702324,
                                41.0752378
                            ],
                            [
                                28.8697683,
                                41.074645
                            ],
                            [
                                28.8687325,
                                41.0735046
                            ],
                            [
                                28.8677735,
                                41.0725633
                            ],
                            [
                                28.8671608,
                                41.0720855
                            ],
                            [
                                28.86603,
                                41.071146
                            ],
                            [
                                28.8667971,
                                41.0706404
                            ],
                            [
                                28.8673062,
                                41.0714086
                            ],
                            [
                                28.8681424,
                                41.0721025
                            ],
                            [
                                28.868747,
                                41.0724704
                            ],
                            [
                                28.8692674,
                                41.0728021
                            ],
                            [
                                28.8704596,
                                41.0735007
                            ],
                            [
                                28.8722835,
                                41.07455
                            ],
                            [
                                28.8737158,
                                41.0753609
                            ],
                            [
                                28.8739148,
                                41.0753556
                            ],
                            [
                                28.8740323,
                                41.0753063
                            ],
                            [
                                28.8741463,
                                41.0752345
                            ],
                            [
                                28.8748169,
                                41.074543
                            ],
                            [
                                28.8748866,
                                41.0743974
                            ],
                            [
                                28.8747525,
                                41.0734309
                            ],
                            [
                                28.8745111,
                                41.0718537
                            ],
                            [
                                28.8744146,
                                41.0714978
                            ],
                            [
                                28.8734811,
                                41.0700904
                            ],
                            [
                                28.873355,
                                41.0697242
                            ],
                            [
                                28.8731915,
                                41.0692492
                            ],
                            [
                                28.8728052,
                                41.0677124
                            ],
                            [
                                28.87236,
                                41.065771
                            ],
                            [
                                28.8719523,
                                41.0646871
                            ],
                            [
                                28.8719308,
                                41.0644767
                            ],
                            [
                                28.8719247,
                                41.0643785
                            ],
                            [
                                28.8718591,
                                41.0641828
                            ],
                            [
                                28.8716391,
                                41.0636173
                            ],
                            [
                                28.8713885,
                                41.0630063
                            ],
                            [
                                28.8712971,
                                41.06276
                            ],
                            [
                                28.8712525,
                                41.0626192
                            ],
                            [
                                28.8712448,
                                41.0623868
                            ],
                            [
                                28.8712681,
                                41.0621497
                            ],
                            [
                                28.8712504,
                                41.0619128
                            ],
                            [
                                28.8710723,
                                41.0615684
                            ]
                        ]
                    ]
                ]
            }
        }
    ]
}