{
    "type": "FeatureCollection",
    "features": [
        {
            "type": "Feature",
            "properties": {
                "type": "relation",
                "id": 8832576,
                "tags": {
                    "admin_level": "8",
                    "boundary": "administrative",
                    "name": "Zübeyde Hanım Mahallesi",
                    "type": "boundary",
                    "wikidata": "Q6073328",
                    "wikipedia": "tr:Zübeyde Hanım, Sultangazi"
                }
            },
            "geometry": {
                "type": "MultiPolygon",
                "coordinates": [
                    [
                        [
                            [
                                28.8960989,
                                41.112427
                            ],
                            [
                                28.8970362,
                                41.11249
                            ],
                            [
                                28.8975597,
                                41.1125364
                            ],
                            [
                                28.8978372,
                                41.1124852
                            ],
                            [
                                28.8980402,
                                41.1124064
                            ],
                            [
                                28.8983186,
                                41.1121298
                            ],
                            [
                                28.8984285,
                                41.1120393
                            ],
                            [
                                28.8986027,
                                41.1119903
                            ],
                            [
                                28.8990628,
                                41.1120192
                            ],
                            [
                                28.8993086,
                                41.1120654
                            ],
                            [
                                28.8993609,
                                41.1112782
                            ],
                            [
                                28.8993311,
                                41.1109213
                            ],
                            [
                                28.8993241,
                                41.1108704
                            ],
                            [
                                28.8993087,
                                41.1107565
                            ],
                            [
                                28.899114,
                                41.1102393
                            ],
                            [
                                28.899444,
                                41.1101537
                            ],
                            [
                                28.9008909,
                                41.1098145
                            ],
                            [
                                28.9005355,
                                41.1091611
                            ],
                            [
                                28.9003132,
                                41.1086714
                            ],
                            [
                                28.9001539,
                                41.1085279
                            ],
                            [
                                28.9002621,
                                41.1084556
                            ],
                            [
                                28.9004259,
                                41.1083282
                            ],
                            [
                                28.9010193,
                                41.1081139
                            ],
                            [
                                28.9012204,
                                41.107869
                            ],
                            [
                                28.9013706,
                                41.1077527
                            ],
                            [
                                28.9016131,
                                41.1076672
                            ],
                            [
                                28.9017086,
                                41.1076382
                            ],
                            [
                                28.9015961,
                                41.107498
                            ],
                            [
                                28.9015961,
                                41.1074184
                            ],
                            [
                                28.9016467,
                                41.1073523
                            ],
                            [
                                28.9017448,
                                41.1072626
                            ],
                            [
                                28.9020064,
                                41.1070448
                            ],
                            [
                                28.9025919,
                                41.1067977
                            ],
                            [
                                28.9029423,
                                41.1066179
                            ],
                            [
                                28.9030423,
                                41.1065773
                            ],
                            [
                                28.9033897,
                                41.1064642
                            ],
                            [
                                28.9040061,
                                41.1062961
                            ],
                            [
                                28.904587,
                                41.1062169
                            ],
                            [
                                28.9046059,
                                41.1060489
                            ],
                            [
                                28.9045702,
                                41.1059015
                            ],
                            [
                                28.9044692,
                                41.1057128
                            ],
                            [
                                28.9042525,
                                41.1054212
                            ],
                            [
                                28.9039401,
                                41.1049998
                            ],
                            [
                                28.9036078,
                                41.1045785
                            ],
                            [
                                28.9034534,
                                41.1043337
                            ],
                            [
                                28.9034014,
                                41.10398
                            ],
                            [
                                28.9032065,
                                41.1034651
                            ],
                            [
                                28.9030703,
                                41.103089
                            ],
                            [
                                28.903019,
                                41.1027784
                            ],
                            [
                                28.9029664,
                                41.102443
                            ],
                            [
                                28.9029118,
                                41.1020952
                            ],
                            [
                                28.9027399,
                                41.1010643
                            ],
                            [
                                28.9044843,
                                41.1009309
                            ],
                            [
                                28.9043478,
                                41.100368
                            ],
                            [
                                28.9037791,
                                41.0981485
                            ],
                            [
                                28.9047186,
                                41.0980719
                            ],
                            [
                                28.9075788,
                                41.0978493
                            ],
                            [
                                28.9081876,
                                41.0978014
                            ],
                            [
                                28.9085064,
                                41.0977636
                            ],
                            [
                                28.9126024,
                                41.0973993
                            ],
                            [
                                28.9127399,
                                41.0976926
                            ],
                            [
                                28.9127786,
                                41.0978354
                            ],
                            [
                                28.9127369,
                                41.09807
                            ],
                            [
                                28.9126513,
                                41.0981859
                            ],
                            [
                                28.9123443,
                                41.0986016
                            ],
                            [
                                28.913028,
                                41.0983962
                            ],
                            [
                                28.9137525,
                                41.0979334
                            ],
                            [
                                28.914499,
                                41.0975695
                            ],
                            [
                                28.9148497,
                                41.0973251
                            ],
                            [
                                28.9166211,
                                41.097269
                            ],
                            [
                                28.9168336,
                                41.0969805
                            ],
                            [
                                28.9169997,
                                41.0969199
                            ],
                            [
                                28.9178043,
                                41.0965885
                            ],
                            [
                                28.9184706,
                                41.0962111
                            ],
                            [
                                28.9185845,
                                41.0964605
                            ],
                            [
                                28.9170104,
                                41.097254
                            ],
                            [
                                28.9169997,
                                41.0976654
                            ],
                            [
                                28.9186573,
                                41.1010539
                            ],
                            [
                                28.9190626,
                                41.1017252
                            ],
                            [
                                28.9208656,
                                41.1020305
                            ],
                            [
                                28.9207519,
                                41.102516
                            ],
                            [
                                28.9208525,
                                41.1031638
                            ],
                            [
                                28.9199233,
                                41.1035337
                            ],
                            [
                                28.919561,
                                41.1040363
                            ],
                            [
                                28.9196556,
                                41.1041867
                            ],
                            [
                                28.9200954,
                                41.1041755
                            ],
                            [
                                28.9203527,
                                41.1042599
                            ],
                            [
                                28.9205306,
                                41.1044849
                            ],
                            [
                                28.9206813,
                                41.1051911
                            ],
                            [
                                28.9216741,
                                41.1067692
                            ],
                            [
                                28.9206256,
                                41.1076527
                            ],
                            [
                                28.920849,
                                41.1081185
                            ],
                            [
                                28.9216437,
                                41.1091666
                            ],
                            [
                                28.921285,
                                41.1098815
                            ],
                            [
                                28.9206037,
                                41.1104798
                            ],
                            [
                                28.920833,
                                41.1106813
                            ],
                            [
                                28.9207612,
                                41.1108732
                            ],
                            [
                                28.9202545,
                                41.1114545
                            ],
                            [
                                28.9185056,
                                41.1142082
                            ],
                            [
                                28.9184712,
                                41.1146742
                            ],
                            [
                                28.9181297,
                                41.1147386
                            ],
                            [
                                28.9160565,
                                41.1143978
                            ],
                            [
                                28.9138437,
                                41.1142677
                            ],
                            [
                                28.9124234,
                                41.1143949
                            ],
                            [
                                28.9113824,
                                41.1144252
                            ],
                            [
                                28.911098,
                                41.114531
                            ],
                            [
                                28.9108816,
                                41.1149791
                            ],
                            [
                                28.9103162,
                                41.1152948
                            ],
                            [
                                28.9100381,
                                41.1154184
                            ],
                            [
                                28.9099929,
                                41.115633
                            ],
                            [
                                28.9105931,
                                41.1161111
                            ],
                            [
                                28.9105073,
                                41.1171794
                            ],
                            [
                                28.910427,
                                41.1176064
                            ],
                            [
                                28.9099318,
                                41.1182258
                            ],
                            [
                                28.9088732,
                                41.1190264
                            ],
                            [
                                28.9078735,
                                41.1198702
                            ],
                            [
                                28.9074851,
                                41.1206865
                            ],
                            [
                                28.9074002,
                                41.1219947
                            ],
                            [
                                28.9070878,
                                41.1224923
                            ],
                            [
                                28.9063726,
                                41.1226569
                            ],
                            [
                                28.9055877,
                                41.1224807
                            ],
                            [
                                28.904617,
                                41.1217826
                            ],
                            [
                                28.9026047,
                                41.1216407
                            ],
                            [
                                28.9016221,
                                41.1211919
                            ],
                            [
                                28.9006419,
                                41.1206028
                            ],
                            [
                                28.899717,
                                41.1204955
                            ],
                            [
                                28.8987274,
                                41.1202461
                            ],
                            [
                                28.8974369,
                                41.119226
                            ],
                            [
                                28.8971741,
                                41.1187335
                            ],
                            [
                                28.8967144,
                                41.1176439
                            ],
                            [
                                28.8960344,
                                41.1173027
                            ],
                            [
                                28.8952654,
                                41.1157152
                            ],
                            [
                                28.8952512,
                                41.1153664
                            ],
                            [
                                28.8954161,
                                41.1143473
                            ],
                            [
                                28.8955406,
                                41.1132302
                            ],
                            [
                                28.8957532,
                                41.1129443
                            ],
                            [
                                28.8959856,
                                41.1126225
                            ],
                            [
                                28.8960989,
                                41.112427
                            ]
                        ]
                    ]
                ]
            }
        },
        {
            "type": "Feature",
            "properties": {
                "type": "relation",
                "id": 8832577,
                "tags": {
                    "admin_level": "8",
                    "boundary": "administrative",
                    "name": "Gazi Mahallesi",
                    "type": "boundary",
                    "wikidata": "Q6053436",
                    "wikipedia": "tr:Gazi, Sultangazi"
                }
            },
            "geometry": {
                "type": "MultiPolygon",
                "coordinates": [
                    [
                        [
                            [
                                28.8896702,
                                41.1019666
                            ],
                            [
                                28.8898404,
                                41.1019678
                            ],
                            [
                                28.8919934,
                                41.1018882
                            ],
                            [
                                28.8968155,
                                41.1015105
                            ],
                            [
                                28.8979847,
                                41.1014662
                            ],
                            [
                                28.8986812,
                                41.1013803
                            ],
                            [
                                28.9027399,
                                41.1010643
                            ],
                            [
                                28.9029118,
                                41.1020952
                            ],
                            [
                                28.9029664,
                                41.102443
                            ],
                            [
                                28.903019,
                                41.1027784
                            ],
                            [
                                28.9030703,
                                41.103089
                            ],
                            [
                                28.9032065,
                                41.1034651
                            ],
                            [
                                28.9034014,
                                41.10398
                            ],
                            [
                                28.9034534,
                                41.1043337
                            ],
                            [
                                28.9036078,
                                41.1045785
                            ],
                            [
                                28.9039401,
                                41.1049998
                            ],
                            [
                                28.9042525,
                                41.1054212
                            ],
                            [
                                28.9044692,
                                41.1057128
                            ],
                            [
                                28.9045702,
                                41.1059015
                            ],
                            [
                                28.9046059,
                                41.1060489
                            ],
                            [
                                28.904587,
                                41.1062169
                            ],
                            [
                                28.9040061,
                                41.1062961
                            ],
                            [
                                28.9033897,
                                41.1064642
                            ],
                            [
                                28.9030423,
                                41.1065773
                            ],
                            [
                                28.9029423,
                                41.1066179
                            ],
                            [
                                28.9025919,
                                41.1067977
                            ],
                            [
                                28.9020064,
                                41.1070448
                            ],
                            [
                                28.9017448,
                                41.1072626
                            ],
                            [
                                28.9016467,
                                41.1073523
                            ],
                            [
                                28.9015961,
                                41.1074184
                            ],
                            [
                                28.9015961,
                                41.107498
                            ],
                            [
                                28.9017086,
                                41.1076382
                            ],
                            [
                                28.9016131,
                                41.1076672
                            ],
                            [
                                28.9013706,
                                41.1077527
                            ],
                            [
                                28.9012204,
                                41.107869
                            ],
                            [
                                28.9010193,
                                41.1081139
                            ],
                            [
                                28.9004259,
                                41.1083282
                            ],
                            [
                                28.9002621,
                                41.1084556
                            ],
                            [
                                28.9001539,
                                41.1085279
                            ],
                            [
                                28.9003132,
                                41.1086714
                            ],
                            [
                                28.9005355,
                                41.1091611
                            ],
                            [
                                28.9008909,
                                41.1098145
                            ],
                            [
                                28.899444,
                                41.1101537
                            ],
                            [
                                28.899114,
                                41.1102393
                            ],
                            [
                                28.8993087,
                                41.1107565
                            ],
                            [
                                28.8993241,
                                41.1108704
                            ],
                            [
                                28.8993311,
                                41.1109213
                            ],
                            [
                                28.8993609,
                                41.1112782
                            ],
                            [
                                28.8993086,
                                41.1120654
                            ],
                            [
                                28.8990628,
                                41.1120192
                            ],
                            [
                                28.8986027,
                                41.1119903
                            ],
                            [
                                28.8984285,
                                41.1120393
                            ],
                            [
                                28.8983186,
                                41.1121298
                            ],
                            [
                                28.8980402,
                                41.1124064
                            ],
                            [
                                28.8978372,
                                41.1124852
                            ],
                            [
                                28.8975597,
                                41.1125364
                            ],
                            [
                                28.8970362,
                                41.11249
                            ],
                            [
                                28.8960989,
                                41.112427
                            ],
                            [
                                28.8961014,
                                41.112338
                            ],
                            [
                                28.8961389,
                                41.112221
                            ],
                            [
                                28.8962131,
                                41.1120922
                            ],
                            [
                                28.8967023,
                                41.1113456
                            ],
                            [
                                28.8968239,
                                41.1110326
                            ],
                            [
                                28.8969948,
                                41.1107245
                            ],
                            [
                                28.8970583,
                                41.1105967
                            ],
                            [
                                28.897067,
                                41.1105156
                            ],
                            [
                                28.8970482,
                                41.1104317
                            ],
                            [
                                28.8969435,
                                41.1102412
                            ],
                            [
                                28.896768,
                                41.1098859
                            ],
                            [
                                28.8966867,
                                41.1097043
                            ],
                            [
                                28.8965537,
                                41.1094445
                            ],
                            [
                                28.8964899,
                                41.1092664
                            ],
                            [
                                28.8952545,
                                41.1087042
                            ],
                            [
                                28.8948085,
                                41.1085896
                            ],
                            [
                                28.8944251,
                                41.1084134
                            ],
                            [
                                28.8939691,
                                41.1082149
                            ],
                            [
                                28.8932786,
                                41.1077913
                            ],
                            [
                                28.8929076,
                                41.1074627
                            ],
                            [
                                28.8926223,
                                41.1071081
                            ],
                            [
                                28.891967,
                                41.1063755
                            ],
                            [
                                28.8915918,
                                41.1059683
                            ],
                            [
                                28.8911477,
                                41.1052861
                            ],
                            [
                                28.8906245,
                                41.1047673
                            ],
                            [
                                28.8902837,
                                41.1044924
                            ],
                            [
                                28.8900605,
                                41.1041821
                            ],
                            [
                                28.8895714,
                                41.1031951
                            ],
                            [
                                28.8895377,
                                41.1029382
                            ],
                            [
                                28.8896641,
                                41.1026325
                            ],
                            [
                                28.8896702,
                                41.1019666
                            ]
                        ]
                    ]
                ]
            }
        },
        {
            "type": "Feature",
            "properties": {
                "type": "relation",
                "id": 8832578,
                "tags": {
                    "admin_level": "8",
                    "alt_name": "Yunusemre Mahallesi",
                    "boundary": "administrative",
                    "name": "Yunus Emre Mahallesi",
                    "type": "boundary",
                    "wikidata": "Q6071269",
                    "wikipedia": "tr:Yunus Emre, Sultangazi"
                }
            },
            "geometry": {
                "type": "MultiPolygon",
                "coordinates": [
                    [
                        [
                            [
                                28.8894623,
                                41.0939866
                            ],
                            [
                                28.8897699,
                                41.0920937
                            ],
                            [
                                28.8898731,
                                41.091367
                            ],
                            [
                                28.8898714,
                                41.0913003
                            ],
                            [
                                28.8899742,
                                41.0904642
                            ],
                            [
                                28.8909862,
                                41.0906568
                            ],
                            [
                                28.8920414,
                                41.0908203
                            ],
                            [
                                28.893838,
                                41.0910217
                            ],
                            [
                                28.8955369,
                                41.0911748
                            ],
                            [
                                28.8971021,
                                41.0912086
                            ],
                            [
                                28.8984338,
                                41.0911768
                            ],
                            [
                                28.8989416,
                                41.0911581
                            ],
                            [
                                28.8994336,
                                41.091132
                            ],
                            [
                                28.9010262,
                                41.0910186
                            ],
                            [
                                28.9035614,
                                41.0907846
                            ],
                            [
                                28.9044256,
                                41.0907382
                            ],
                            [
                                28.9052618,
                                41.090734
                            ],
                            [
                                28.9065617,
                                41.0907811
                            ],
                            [
                                28.9065055,
                                41.0910605
                            ],
                            [
                                28.9064774,
                                41.0912989
                            ],
                            [
                                28.9064327,
                                41.0918171
                            ],
                            [
                                28.9064379,
                                41.091989
                            ],
                            [
                                28.9064206,
                                41.0924439
                            ],
                            [
                                28.9061854,
                                41.0927274
                            ],
                            [
                                28.9059335,
                                41.0931312
                            ],
                            [
                                28.9056159,
                                41.0932989
                            ],
                            [
                                28.9052376,
                                41.0934844
                            ],
                            [
                                28.9043627,
                                41.0937977
                            ],
                            [
                                28.9034257,
                                41.0941194
                            ],
                            [
                                28.9031633,
                                41.0943934
                            ],
                            [
                                28.9019504,
                                41.095151
                            ],
                            [
                                28.9017678,
                                41.0953067
                            ],
                            [
                                28.9016424,
                                41.0954512
                            ],
                            [
                                28.9015208,
                                41.0956704
                            ],
                            [
                                28.9013363,
                                41.0961634
                            ],
                            [
                                28.9009908,
                                41.0969975
                            ],
                            [
                                28.9008187,
                                41.097324
                            ],
                            [
                                28.9003017,
                                41.098336
                            ],
                            [
                                28.8999947,
                                41.0986458
                            ],
                            [
                                28.8999583,
                                41.0989495
                            ],
                            [
                                28.8996691,
                                41.0994258
                            ],
                            [
                                28.8993622,
                                41.1000048
                            ],
                            [
                                28.8990216,
                                41.1006499
                            ],
                            [
                                28.8986812,
                                41.1013803
                            ],
                            [
                                28.8979847,
                                41.1014662
                            ],
                            [
                                28.8968155,
                                41.1015105
                            ],
                            [
                                28.8919934,
                                41.1018882
                            ],
                            [
                                28.8898404,
                                41.1019678
                            ],
                            [
                                28.8896702,
                                41.1019666
                            ],
                            [
                                28.8896517,
                                41.1003516
                            ],
                            [
                                28.8895436,
                                41.0990816
                            ],
                            [
                                28.8895166,
                                41.0989841
                            ],
                            [
                                28.889448,
                                41.0987918
                            ],
                            [
                                28.8894564,
                                41.0983969
                            ],
                            [
                                28.8893953,
                                41.097958
                            ],
                            [
                                28.8891349,
                                41.0973648
                            ],
                            [
                                28.889058,
                                41.0969524
                            ],
                            [
                                28.888997,
                                41.096113
                            ],
                            [
                                28.8890154,
                                41.0959011
                            ],
                            [
                                28.8893516,
                                41.0949646
                            ],
                            [
                                28.8894623,
                                41.0939866
                            ]
                        ]
                    ]
                ]
            }
        },
        {
            "type": "Feature",
            "properties": {
                "type": "relation",
                "id": 9389916,
                "tags": {
                    "admin_level": "8",
                    "boundary": "administrative",
                    "name": "75. Yıl Mahallesi",
                    "type": "boundary",
                    "wikidata": "Q6077422",
                    "wikipedia": "tr:75. Yıl, Sultangazi"
                }
            },
            "geometry": {
                "type": "MultiPolygon",
                "coordinates": [
                    [
                        [
                            [
                                28.8986812,
                                41.1013803
                            ],
                            [
                                28.8990216,
                                41.1006499
                            ],
                            [
                                28.8993622,
                                41.1000048
                            ],
                            [
                                28.8996691,
                                41.0994258
                            ],
                            [
                                28.8999583,
                                41.0989495
                            ],
                            [
                                28.8999947,
                                41.0986458
                            ],
                            [
                                28.9003017,
                                41.098336
                            ],
                            [
                                28.9008187,
                                41.097324
                            ],
                            [
                                28.9009908,
                                41.0969975
                            ],
                            [
                                28.9013363,
                                41.0961634
                            ],
                            [
                                28.9015208,
                                41.0956704
                            ],
                            [
                                28.9016424,
                                41.0954512
                            ],
                            [
                                28.9017678,
                                41.0953067
                            ],
                            [
                                28.9019504,
                                41.095151
                            ],
                            [
                                28.9031633,
                                41.0943934
                            ],
                            [
                                28.9034257,
                                41.0941194
                            ],
                            [
                                28.9043627,
                                41.0937977
                            ],
                            [
                                28.9052376,
                                41.0934844
                            ],
                            [
                                28.9056159,
                                41.0932989
                            ],
                            [
                                28.9059335,
                                41.0931312
                            ],
                            [
                                28.9061854,
                                41.0927274
                            ],
                            [
                                28.9064206,
                                41.0924439
                            ],
                            [
                                28.9064379,
                                41.091989
                            ],
                            [
                                28.9064327,
                                41.0918171
                            ],
                            [
                                28.9064774,
                                41.0912989
                            ],
                            [
                                28.9065055,
                                41.0910605
                            ],
                            [
                                28.9065617,
                                41.0907811
                            ],
                            [
                                28.9074955,
                                41.0908345
                            ],
                            [
                                28.9082185,
                                41.0908839
                            ],
                            [
                                28.9090042,
                                41.0909951
                            ],
                            [
                                28.9103662,
                                41.0912101
                            ],
                            [
                                28.9115311,
                                41.0914541
                            ],
                            [
                                28.9122202,
                                41.0916182
                            ],
                            [
                                28.9128998,
                                41.0918035
                            ],
                            [
                                28.9139442,
                                41.0921285
                            ],
                            [
                                28.9150007,
                                41.09249
                            ],
                            [
                                28.9175019,
                                41.0934297
                            ],
                            [
                                28.9181607,
                                41.0936525
                            ],
                            [
                                28.9187037,
                                41.0938047
                            ],
                            [
                                28.919707,
                                41.0940238
                            ],
                            [
                                28.9201609,
                                41.0941007
                            ],
                            [
                                28.9211832,
                                41.0942843
                            ],
                            [
                                28.9206755,
                                41.0946052
                            ],
                            [
                                28.9183283,
                                41.0959244
                            ],
                            [
                                28.9184706,
                                41.0962111
                            ],
                            [
                                28.9178043,
                                41.0965885
                            ],
                            [
                                28.9169997,
                                41.0969199
                            ],
                            [
                                28.9168336,
                                41.0969805
                            ],
                            [
                                28.9166211,
                                41.097269
                            ],
                            [
                                28.9148497,
                                41.0973251
                            ],
                            [
                                28.914499,
                                41.0975695
                            ],
                            [
                                28.9137525,
                                41.0979334
                            ],
                            [
                                28.913028,
                                41.0983962
                            ],
                            [
                                28.9123443,
                                41.0986016
                            ],
                            [
                                28.9126513,
                                41.0981859
                            ],
                            [
                                28.9127369,
                                41.09807
                            ],
                            [
                                28.9127786,
                                41.0978354
                            ],
                            [
                                28.9127399,
                                41.0976926
                            ],
                            [
                                28.9126024,
                                41.0973993
                            ],
                            [
                                28.9085064,
                                41.0977636
                            ],
                            [
                                28.9081876,
                                41.0978014
                            ],
                            [
                                28.9075788,
                                41.0978493
                            ],
                            [
                                28.9047186,
                                41.0980719
                            ],
                            [
                                28.9037791,
                                41.0981485
                            ],
                            [
                                28.9043478,
                                41.100368
                            ],
                            [
                                28.9044843,
                                41.1009309
                            ],
                            [
                                28.9027399,
                                41.1010643
                            ],
                            [
                                28.8986812,
                                41.1013803
                            ]
                        ]
                    ]
                ]
            }
        },
        {
            "type": "Feature",
            "properties": {
                "type": "relation",
                "id": 9389934,
                "tags": {
                    "admin_level": "8",
                    "boundary": "administrative",
                    "name": "Cumhuriyet Mahallesi",
                    "type": "boundary",
                    "wikidata": "Q12809103",
                    "wikipedia": "tr:Cumhuriyet, Sultangazi"
                }
            },
            "geometry": {
                "type": "MultiPolygon",
                "coordinates": [
                    [
                        [
                            [
                                28.8689725,
                                41.0866797
                            ],
                            [
                                28.8699222,
                                41.086118
                            ],
                            [
                                28.870353,
                                41.0858254
                            ],
                            [
                                28.8709567,
                                41.0852799
                            ],
                            [
                                28.8719894,
                                41.084157
                            ],
                            [
                                28.8743627,
                                41.0815985
                            ],
                            [
                                28.8750644,
                                41.0823876
                            ],
                            [
                                28.8756516,
                                41.0830253
                            ],
                            [
                                28.8762103,
                                41.083581
                            ],
                            [
                                28.8764809,
                                41.0838203
                            ],
                            [
                                28.8776061,
                                41.0847792
                            ],
                            [
                                28.8785732,
                                41.0855184
                            ],
                            [
                                28.8791162,
                                41.085908
                            ],
                            [
                                28.8800618,
                                41.0865375
                            ],
                            [
                                28.8812085,
                                41.0872108
                            ],
                            [
                                28.8821558,
                                41.0877258
                            ],
                            [
                                28.8832786,
                                41.0882578
                            ],
                            [
                                28.8842431,
                                41.0887076
                            ],
                            [
                                28.8862641,
                                41.0894412
                            ],
                            [
                                28.887377,
                                41.0897967
                            ],
                            [
                                28.8879515,
                                41.0899661
                            ],
                            [
                                28.8890101,
                                41.0902446
                            ],
                            [
                                28.8899742,
                                41.0904642
                            ],
                            [
                                28.8898714,
                                41.0913003
                            ],
                            [
                                28.8898731,
                                41.091367
                            ],
                            [
                                28.8897699,
                                41.0920937
                            ],
                            [
                                28.8894623,
                                41.0939866
                            ],
                            [
                                28.8873463,
                                41.0930036
                            ],
                            [
                                28.8846879,
                                41.091807
                            ],
                            [
                                28.8830499,
                                41.091046
                            ],
                            [
                                28.8828572,
                                41.091002
                            ],
                            [
                                28.8811356,
                                41.0906862
                            ],
                            [
                                28.880737,
                                41.0905787
                            ],
                            [
                                28.8798755,
                                41.0902974
                            ],
                            [
                                28.8792009,
                                41.0900516
                            ],
                            [
                                28.8788452,
                                41.089912
                            ],
                            [
                                28.877964,
                                41.0895444
                            ],
                            [
                                28.8775449,
                                41.0893751
                            ],
                            [
                                28.8772263,
                                41.0892672
                            ],
                            [
                                28.8740352,
                                41.0884505
                            ],
                            [
                                28.872541,
                                41.0881391
                            ],
                            [
                                28.8709693,
                                41.0877873
                            ],
                            [
                                28.8707872,
                                41.0877306
                            ],
                            [
                                28.8703527,
                                41.0875663
                            ],
                            [
                                28.869773,
                                41.0872738
                            ],
                            [
                                28.8695341,
                                41.0871473
                            ],
                            [
                                28.8693766,
                                41.0870526
                            ],
                            [
                                28.8691552,
                                41.0868717
                            ],
                            [
                                28.8689725,
                                41.0866797
                            ]
                        ]
                    ]
                ]
            }
        },
        {
            "type": "Feature",
            "properties": {
                "type": "relation",
                "id": 9389950,
                "tags": {
                    "admin_level": "8",
                    "boundary": "administrative",
                    "name": "Esentepe Mahallesi",
                    "type": "boundary",
                    "wikidata": "Q6069462",
                    "wikipedia": "tr:Esentepe, Sultangazi"
                }
            },
            "geometry": {
                "type": "MultiPolygon",
                "coordinates": [
                    [
                        [
                            [
                                28.8758827,
                                41.0977931
                            ],
                            [
                                28.8764529,
                                41.0968686
                            ],
                            [
                                28.8801625,
                                41.0934878
                            ],
                            [
                                28.8828572,
                                41.091002
                            ],
                            [
                                28.8830499,
                                41.091046
                            ],
                            [
                                28.8846879,
                                41.091807
                            ],
                            [
                                28.8873463,
                                41.0930036
                            ],
                            [
                                28.8894623,
                                41.0939866
                            ],
                            [
                                28.8893516,
                                41.0949646
                            ],
                            [
                                28.8890154,
                                41.0959011
                            ],
                            [
                                28.888997,
                                41.096113
                            ],
                            [
                                28.889058,
                                41.0969524
                            ],
                            [
                                28.8891349,
                                41.0973648
                            ],
                            [
                                28.8893953,
                                41.097958
                            ],
                            [
                                28.8894564,
                                41.0983969
                            ],
                            [
                                28.889448,
                                41.0987918
                            ],
                            [
                                28.8895166,
                                41.0989841
                            ],
                            [
                                28.8895436,
                                41.0990816
                            ],
                            [
                                28.8896517,
                                41.1003516
                            ],
                            [
                                28.8896702,
                                41.1019666
                            ],
                            [
                                28.8896641,
                                41.1026325
                            ],
                            [
                                28.8895377,
                                41.1029382
                            ],
                            [
                                28.8895714,
                                41.1031951
                            ],
                            [
                                28.8900605,
                                41.1041821
                            ],
                            [
                                28.8902837,
                                41.1044924
                            ],
                            [
                                28.8906245,
                                41.1047673
                            ],
                            [
                                28.8911477,
                                41.1052861
                            ],
                            [
                                28.8915918,
                                41.1059683
                            ],
                            [
                                28.891967,
                                41.1063755
                            ],
                            [
                                28.8926223,
                                41.1071081
                            ],
                            [
                                28.8922362,
                                41.1084138
                            ],
                            [
                                28.8919747,
                                41.108822
                            ],
                            [
                                28.8914517,
                                41.1096665
                            ],
                            [
                                28.8914517,
                                41.1099057
                            ],
                            [
                                28.8913209,
                                41.1105109
                            ],
                            [
                                28.8911101,
                                41.1106755
                            ],
                            [
                                28.8907221,
                                41.1107065
                            ],
                            [
                                28.8904225,
                                41.1106376
                            ],
                            [
                                28.8902035,
                                41.1103988
                            ],
                            [
                                28.8895313,
                                41.1075962
                            ],
                            [
                                28.8892832,
                                41.1061778
                            ],
                            [
                                28.8895047,
                                41.10504
                            ],
                            [
                                28.8883882,
                                41.1050569
                            ],
                            [
                                28.8855142,
                                41.1060308
                            ],
                            [
                                28.8850295,
                                41.1061628
                            ],
                            [
                                28.8845208,
                                41.106314
                            ],
                            [
                                28.8838438,
                                41.1065457
                            ],
                            [
                                28.8830518,
                                41.1068409
                            ],
                            [
                                28.8794311,
                                41.1096665
                            ],
                            [
                                28.877984,
                                41.109
                            ],
                            [
                                28.8781142,
                                41.1086531
                            ],
                            [
                                28.8799468,
                                41.1065083
                            ],
                            [
                                28.8744502,
                                41.1000866
                            ],
                            [
                                28.8758827,
                                41.0977931
                            ]
                        ]
                    ]
                ]
            }
        },
        {
            "type": "Feature",
            "properties": {
                "type": "relation",
                "id": 9390752,
                "tags": {
                    "admin_level": "8",
                    "boundary": "administrative",
                    "name": "50. Yıl Mahallesi",
                    "type": "boundary",
                    "wikidata": "Q6070990",
                    "wikipedia": "tr:50. Yıl, Sultangazi"
                }
            },
            "geometry": {
                "type": "MultiPolygon",
                "coordinates": [
                    [
                        [
                            [
                                28.8637402,
                                41.0940711
                            ],
                            [
                                28.8638785,
                                41.0934426
                            ],
                            [
                                28.8641762,
                                41.0919892
                            ],
                            [
                                28.8643666,
                                41.0910755
                            ],
                            [
                                28.8645463,
                                41.0901658
                            ],
                            [
                                28.8646992,
                                41.089711
                            ],
                            [
                                28.864913,
                                41.0894131
                            ],
                            [
                                28.8654778,
                                41.0888251
                            ],
                            [
                                28.8659097,
                                41.0884289
                            ],
                            [
                                28.8662357,
                                41.0882
                            ],
                            [
                                28.8689725,
                                41.0866797
                            ],
                            [
                                28.8691552,
                                41.0868717
                            ],
                            [
                                28.8693766,
                                41.0870526
                            ],
                            [
                                28.8695341,
                                41.0871473
                            ],
                            [
                                28.869773,
                                41.0872738
                            ],
                            [
                                28.8703527,
                                41.0875663
                            ],
                            [
                                28.8707872,
                                41.0877306
                            ],
                            [
                                28.8709693,
                                41.0877873
                            ],
                            [
                                28.872541,
                                41.0881391
                            ],
                            [
                                28.8740352,
                                41.0884505
                            ],
                            [
                                28.8772263,
                                41.0892672
                            ],
                            [
                                28.8775449,
                                41.0893751
                            ],
                            [
                                28.877964,
                                41.0895444
                            ],
                            [
                                28.8788452,
                                41.089912
                            ],
                            [
                                28.8792009,
                                41.0900516
                            ],
                            [
                                28.8798755,
                                41.0902974
                            ],
                            [
                                28.880737,
                                41.0905787
                            ],
                            [
                                28.8811356,
                                41.0906862
                            ],
                            [
                                28.8828572,
                                41.091002
                            ],
                            [
                                28.8801625,
                                41.0934878
                            ],
                            [
                                28.8764529,
                                41.0968686
                            ],
                            [
                                28.8758827,
                                41.0977931
                            ],
                            [
                                28.871198,
                                41.0963326
                            ],
                            [
                                28.8698584,
                                41.0959276
                            ],
                            [
                                28.8698542,
                                41.0960464
                            ],
                            [
                                28.8676219,
                                41.0954762
                            ],
                            [
                                28.8676033,
                                41.095434
                            ],
                            [
                                28.8653523,
                                41.0948638
                            ],
                            [
                                28.8653551,
                                41.0947419
                            ],
                            [
                                28.8653617,
                                41.0944486
                            ],
                            [
                                28.8637402,
                                41.0940711
                            ]
                        ]
                    ]
                ]
            }
        },
        {
            "type": "Feature",
            "properties": {
                "type": "relation",
                "id": 9390753,
                "tags": {
                    "admin_level": "8",
                    "boundary": "administrative",
                    "name": "Uğur Mumcu Mahallesi",
                    "type": "boundary",
                    "wikidata": "Q6070275",
                    "wikipedia": "tr:Uğur Mumcu, Sultangazi"
                }
            },
            "geometry": {
                "type": "MultiPolygon",
                "coordinates": [
                    [
                        [
                            [
                                28.8614457,
                                41.1043692
                            ],
                            [
                                28.8616424,
                                41.103912
                            ],
                            [
                                28.8620732,
                                41.1030094
                            ],
                            [
                                28.8627457,
                                41.1015799
                            ],
                            [
                                28.8628412,
                                41.1013452
                            ],
                            [
                                28.8628695,
                                41.1011612
                            ],
                            [
                                28.8629014,
                                41.1007105
                            ],
                            [
                                28.8629585,
                                41.0994742
                            ],
                            [
                                28.8630524,
                                41.098312
                            ],
                            [
                                28.8631006,
                                41.0975621
                            ],
                            [
                                28.8631596,
                                41.0970245
                            ],
                            [
                                28.8632723,
                                41.0963655
                            ],
                            [
                                28.8635164,
                                41.095183
                            ],
                            [
                                28.8637402,
                                41.0940711
                            ],
                            [
                                28.8653617,
                                41.0944486
                            ],
                            [
                                28.8653551,
                                41.0947419
                            ],
                            [
                                28.8653523,
                                41.0948638
                            ],
                            [
                                28.8676033,
                                41.095434
                            ],
                            [
                                28.8676219,
                                41.0954762
                            ],
                            [
                                28.8698542,
                                41.0960464
                            ],
                            [
                                28.8698584,
                                41.0959276
                            ],
                            [
                                28.871198,
                                41.0963326
                            ],
                            [
                                28.8758827,
                                41.0977931
                            ],
                            [
                                28.8744502,
                                41.1000866
                            ],
                            [
                                28.8799468,
                                41.1065083
                            ],
                            [
                                28.8781142,
                                41.1086531
                            ],
                            [
                                28.877984,
                                41.109
                            ],
                            [
                                28.8777112,
                                41.1089153
                            ],
                            [
                                28.8776883,
                                41.1089106
                            ],
                            [
                                28.8732393,
                                41.1076716
                            ],
                            [
                                28.8703317,
                                41.1068396
                            ],
                            [
                                28.8661687,
                                41.1056694
                            ],
                            [
                                28.8614457,
                                41.1043692
                            ]
                        ]
                    ]
                ]
            }
        },
        {
            "type": "Feature",
            "properties": {
                "type": "relation",
                "id": 9390800,
                "tags": {
                    "admin_level": "8",
                    "boundary": "administrative",
                    "name": "Sultançiftliği Mahallesi",
                    "type": "boundary",
                    "wikidata": "Q6046539",
                    "wikipedia": "tr:Sultançiftliği, Sultangazi"
                }
            },
            "geometry": {
                "type": "MultiPolygon",
                "coordinates": [
                    [
                        [
                            [
                                28.8541087,
                                41.1024091
                            ],
                            [
                                28.8552762,
                                41.1006409
                            ],
                            [
                                28.8561742,
                                41.0996915
                            ],
                            [
                                28.8574499,
                                41.09812
                            ],
                            [
                                28.8588162,
                                41.0959701
                            ],
                            [
                                28.8604849,
                                41.0941875
                            ],
                            [
                                28.8616351,
                                41.0928608
                            ],
                            [
                                28.8624047,
                                41.091763
                            ],
                            [
                                28.8631601,
                                41.0907742
                            ],
                            [
                                28.8635334,
                                41.0904523
                            ],
                            [
                                28.8643225,
                                41.0899113
                            ],
                            [
                                28.864913,
                                41.0894131
                            ],
                            [
                                28.8646992,
                                41.089711
                            ],
                            [
                                28.8645463,
                                41.0901658
                            ],
                            [
                                28.8643666,
                                41.0910755
                            ],
                            [
                                28.8641762,
                                41.0919892
                            ],
                            [
                                28.8638785,
                                41.0934426
                            ],
                            [
                                28.8637402,
                                41.0940711
                            ],
                            [
                                28.8635164,
                                41.095183
                            ],
                            [
                                28.8632723,
                                41.0963655
                            ],
                            [
                                28.8631596,
                                41.0970245
                            ],
                            [
                                28.8631006,
                                41.0975621
                            ],
                            [
                                28.8630524,
                                41.098312
                            ],
                            [
                                28.8629585,
                                41.0994742
                            ],
                            [
                                28.8629014,
                                41.1007105
                            ],
                            [
                                28.8628695,
                                41.1011612
                            ],
                            [
                                28.8628412,
                                41.1013452
                            ],
                            [
                                28.8627457,
                                41.1015799
                            ],
                            [
                                28.8620732,
                                41.1030094
                            ],
                            [
                                28.8616424,
                                41.103912
                            ],
                            [
                                28.8614457,
                                41.1043692
                            ],
                            [
                                28.8594698,
                                41.1038735
                            ],
                            [
                                28.8541087,
                                41.1024091
                            ]
                        ]
                    ]
                ]
            }
        },
        {
            "type": "Feature",
            "properties": {
                "type": "relation",
                "id": 9390849,
                "tags": {
                    "admin_level": "8",
                    "boundary": "administrative",
                    "name": "İsmetpaşa Mahallesi",
                    "type": "boundary",
                    "wikidata": "Q6082809",
                    "wikipedia": "tr:İsmetpaşa, Sultangazi"
                }
            },
            "geometry": {
                "type": "MultiPolygon",
                "coordinates": [
                    [
                        [
                            [
                                28.8476584,
                                41.1111308
                            ],
                            [
                                28.8482577,
                                41.1102503
                            ],
                            [
                                28.8498493,
                                41.1074275
                            ],
                            [
                                28.8501464,
                                41.1059498
                            ],
                            [
                                28.8502675,
                                41.1066041
                            ],
                            [
                                28.8502584,
                                41.1074486
                            ],
                            [
                                28.8501702,
                                41.1078405
                            ],
                            [
                                28.8501527,
                                41.1079173
                            ],
                            [
                                28.850607,
                                41.1074804
                            ],
                            [
                                28.8518804,
                                41.1062891
                            ],
                            [
                                28.8527359,
                                41.1047703
                            ],
                            [
                                28.8541087,
                                41.1024091
                            ],
                            [
                                28.8594698,
                                41.1038735
                            ],
                            [
                                28.8614457,
                                41.1043692
                            ],
                            [
                                28.8606214,
                                41.1061137
                            ],
                            [
                                28.8587492,
                                41.1099778
                            ],
                            [
                                28.8572633,
                                41.1130091
                            ],
                            [
                                28.8569253,
                                41.1136073
                            ],
                            [
                                28.8565873,
                                41.113975
                            ],
                            [
                                28.8562347,
                                41.1142124
                            ],
                            [
                                28.8554286,
                                41.1145772
                            ],
                            [
                                28.8543289,
                                41.1149127
                            ],
                            [
                                28.8535296,
                                41.1151511
                            ],
                            [
                                28.8526552,
                                41.1153855
                            ],
                            [
                                28.8522418,
                                41.1155397
                            ],
                            [
                                28.8519363,
                                41.1149002
                            ],
                            [
                                28.8511152,
                                41.1136203
                            ],
                            [
                                28.8505574,
                                41.1130612
                            ],
                            [
                                28.8503533,
                                41.1129158
                            ],
                            [
                                28.8494183,
                                41.1124238
                            ],
                            [
                                28.8488687,
                                41.1121161
                            ],
                            [
                                28.848602,
                                41.1119648
                            ],
                            [
                                28.8481389,
                                41.1117459
                            ],
                            [
                                28.8476584,
                                41.1111308
                            ]
                        ]
                    ]
                ]
            }
        },
        {
            "type": "Feature",
            "properties": {
                "type": "relation",
                "id": 9390850,
                "tags": {
                    "admin_level": "8",
                    "boundary": "administrative",
                    "name": "Malkoçoğlu Mahallesi",
                    "type": "boundary",
                    "wikidata": "Q6070341",
                    "wikipedia": "tr:Malkoçoğlu, Sultangazi"
                }
            },
            "geometry": {
                "type": "MultiPolygon",
                "coordinates": [
                    [
                        [
                            [
                                28.8320619,
                                41.127869
                            ],
                            [
                                28.8348548,
                                41.1263986
                            ],
                            [
                                28.8353189,
                                41.1261309
                            ],
                            [
                                28.8369783,
                                41.1250255
                            ],
                            [
                                28.8441865,
                                41.1200454
                            ],
                            [
                                28.8446595,
                                41.1196559
                            ],
                            [
                                28.845005,
                                41.1192999
                            ],
                            [
                                28.8452424,
                                41.1189913
                            ],
                            [
                                28.8454204,
                                41.1186752
                            ],
                            [
                                28.8455364,
                                41.1184288
                            ],
                            [
                                28.8456593,
                                41.1180665
                            ],
                            [
                                28.8457214,
                                41.1177474
                            ],
                            [
                                28.8457566,
                                41.1174262
                            ],
                            [
                                28.8457376,
                                41.1170558
                            ],
                            [
                                28.8457145,
                                41.116867
                            ],
                            [
                                28.8456393,
                                41.1165368
                            ],
                            [
                                28.8455233,
                                41.1161981
                            ],
                            [
                                28.8452008,
                                41.1155681
                            ],
                            [
                                28.8450938,
                                41.1152601
                            ],
                            [
                                28.8450544,
                                41.1150836
                            ],
                            [
                                28.8450316,
                                41.1148403
                            ],
                            [
                                28.845039,
                                41.1139906
                            ],
                            [
                                28.8450761,
                                41.1128866
                            ],
                            [
                                28.8454242,
                                41.1123267
                            ],
                            [
                                28.8455773,
                                41.1121539
                            ],
                            [
                                28.8460092,
                                41.1118905
                            ],
                            [
                                28.8470995,
                                41.1114463
                            ],
                            [
                                28.8476584,
                                41.1111308
                            ],
                            [
                                28.8481389,
                                41.1117459
                            ],
                            [
                                28.848602,
                                41.1119648
                            ],
                            [
                                28.8488687,
                                41.1121161
                            ],
                            [
                                28.8494183,
                                41.1124238
                            ],
                            [
                                28.8503533,
                                41.1129158
                            ],
                            [
                                28.8505574,
                                41.1130612
                            ],
                            [
                                28.8511152,
                                41.1136203
                            ],
                            [
                                28.8519363,
                                41.1149002
                            ],
                            [
                                28.8522418,
                                41.1155397
                            ],
                            [
                                28.8519453,
                                41.1156886
                            ],
                            [
                                28.8514491,
                                41.1160442
                            ],
                            [
                                28.8507383,
                                41.1165838
                            ],
                            [
                                28.8502019,
                                41.116998
                            ],
                            [
                                28.8493221,
                                41.1176729
                            ],
                            [
                                28.8482975,
                                41.1186247
                            ],
                            [
                                28.8478618,
                                41.1190097
                            ],
                            [
                                28.8470266,
                                41.119623
                            ],
                            [
                                28.8461205,
                                41.1202095
                            ],
                            [
                                28.8451422,
                                41.1208629
                            ],
                            [
                                28.8445555,
                                41.1212656
                            ],
                            [
                                28.844374,
                                41.1213309
                            ],
                            [
                                28.8442099,
                                41.1213999
                            ],
                            [
                                28.8437907,
                                41.1216455
                            ],
                            [
                                28.8436044,
                                41.1218093
                            ],
                            [
                                28.8434957,
                                41.121973
                            ],
                            [
                                28.843387,
                                41.122207
                            ],
                            [
                                28.843356,
                                41.1224643
                            ],
                            [
                                28.8433094,
                                41.122745
                            ],
                            [
                                28.8433094,
                                41.1230608
                            ],
                            [
                                28.8432784,
                                41.1234701
                            ],
                            [
                                28.8432784,
                                41.1237274
                            ],
                            [
                                28.8432628,
                                41.1239262
                            ],
                            [
                                28.8432163,
                                41.1240666
                            ],
                            [
                                28.8416546,
                                41.1265565
                            ],
                            [
                                28.8389653,
                                41.1262668
                            ],
                            [
                                28.8388761,
                                41.1267101
                            ],
                            [
                                28.8384659,
                                41.1266967
                            ],
                            [
                                28.8383505,
                                41.126711
                            ],
                            [
                                28.8382917,
                                41.1267819
                            ],
                            [
                                28.8382211,
                                41.1268616
                            ],
                            [
                                28.8381387,
                                41.1268882
                            ],
                            [
                                28.8380799,
                                41.1268262
                            ],
                            [
                                28.8379975,
                                41.1267907
                            ],
                            [
                                28.8366208,
                                41.126711
                            ],
                            [
                                28.8362561,
                                41.1267464
                            ],
                            [
                                28.8359148,
                                41.1268262
                            ],
                            [
                                28.8354559,
                                41.1269946
                            ],
                            [
                                28.8349147,
                                41.1271984
                            ],
                            [
                                28.8339263,
                                41.1275441
                            ],
                            [
                                28.8334203,
                                41.1276682
                            ],
                            [
                                28.8320619,
                                41.127869
                            ]
                        ]
                    ]
                ]
            }
        },
        {
            "type": "Feature",
            "properties": {
                "type": "relation",
                "id": 9390851,
                "tags": {
                    "admin_level": "8",
                    "boundary": "administrative",
                    "name": "Cebeci Mahallesi",
                    "type": "boundary",
                    "wikidata": "Q6059313",
                    "wikipedia": "tr:Cebeci, Sultangazi"
                }
            },
            "geometry": {
                "type": "MultiPolygon",
                "coordinates": [
                    [
                        [
                            [
                                28.8445555,
                                41.1212656
                            ],
                            [
                                28.8451422,
                                41.1208629
                            ],
                            [
                                28.8461205,
                                41.1202095
                            ],
                            [
                                28.8470266,
                                41.119623
                            ],
                            [
                                28.8478618,
                                41.1190097
                            ],
                            [
                                28.8482975,
                                41.1186247
                            ],
                            [
                                28.8493221,
                                41.1176729
                            ],
                            [
                                28.8502019,
                                41.116998
                            ],
                            [
                                28.8507383,
                                41.1165838
                            ],
                            [
                                28.8514491,
                                41.1160442
                            ],
                            [
                                28.8519453,
                                41.1156886
                            ],
                            [
                                28.8522418,
                                41.1155397
                            ],
                            [
                                28.8526552,
                                41.1153855
                            ],
                            [
                                28.8535296,
                                41.1151511
                            ],
                            [
                                28.8543289,
                                41.1149127
                            ],
                            [
                                28.8554286,
                                41.1145772
                            ],
                            [
                                28.8562347,
                                41.1142124
                            ],
                            [
                                28.8565873,
                                41.113975
                            ],
                            [
                                28.8569253,
                                41.1136073
                            ],
                            [
                                28.8572633,
                                41.1130091
                            ],
                            [
                                28.8587492,
                                41.1099778
                            ],
                            [
                                28.8606214,
                                41.1061137
                            ],
                            [
                                28.8614457,
                                41.1043692
                            ],
                            [
                                28.8661687,
                                41.1056694
                            ],
                            [
                                28.8703317,
                                41.1068396
                            ],
                            [
                                28.8732393,
                                41.1076716
                            ],
                            [
                                28.8776883,
                                41.1089106
                            ],
                            [
                                28.8777112,
                                41.1089153
                            ],
                            [
                                28.877984,
                                41.109
                            ],
                            [
                                28.8794311,
                                41.1096665
                            ],
                            [
                                28.8830518,
                                41.1068409
                            ],
                            [
                                28.8838438,
                                41.1065457
                            ],
                            [
                                28.8845208,
                                41.106314
                            ],
                            [
                                28.8850295,
                                41.1061628
                            ],
                            [
                                28.8855142,
                                41.1060308
                            ],
                            [
                                28.8883882,
                                41.1050569
                            ],
                            [
                                28.8895047,
                                41.10504
                            ],
                            [
                                28.8892832,
                                41.1061778
                            ],
                            [
                                28.8895313,
                                41.1075962
                            ],
                            [
                                28.8902035,
                                41.1103988
                            ],
                            [
                                28.8904225,
                                41.1106376
                            ],
                            [
                                28.8907221,
                                41.1107065
                            ],
                            [
                                28.8911101,
                                41.1106755
                            ],
                            [
                                28.8913209,
                                41.1105109
                            ],
                            [
                                28.8914517,
                                41.1099057
                            ],
                            [
                                28.8914517,
                                41.1096665
                            ],
                            [
                                28.8919747,
                                41.108822
                            ],
                            [
                                28.8922362,
                                41.1084138
                            ],
                            [
                                28.8926223,
                                41.1071081
                            ],
                            [
                                28.8929076,
                                41.1074627
                            ],
                            [
                                28.8932786,
                                41.1077913
                            ],
                            [
                                28.8939691,
                                41.1082149
                            ],
                            [
                                28.8944251,
                                41.1084134
                            ],
                            [
                                28.8948085,
                                41.1085896
                            ],
                            [
                                28.8952545,
                                41.1087042
                            ],
                            [
                                28.8964899,
                                41.1092664
                            ],
                            [
                                28.8965537,
                                41.1094445
                            ],
                            [
                                28.8966867,
                                41.1097043
                            ],
                            [
                                28.896768,
                                41.1098859
                            ],
                            [
                                28.8969435,
                                41.1102412
                            ],
                            [
                                28.8970482,
                                41.1104317
                            ],
                            [
                                28.897067,
                                41.1105156
                            ],
                            [
                                28.8970583,
                                41.1105967
                            ],
                            [
                                28.8969948,
                                41.1107245
                            ],
                            [
                                28.8968239,
                                41.1110326
                            ],
                            [
                                28.8967023,
                                41.1113456
                            ],
                            [
                                28.8962131,
                                41.1120922
                            ],
                            [
                                28.8961389,
                                41.112221
                            ],
                            [
                                28.8961014,
                                41.112338
                            ],
                            [
                                28.8960989,
                                41.112427
                            ],
                            [
                                28.8959856,
                                41.1126225
                            ],
                            [
                                28.8957532,
                                41.1129443
                            ],
                            [
                                28.8955406,
                                41.1132302
                            ],
                            [
                                28.8954161,
                                41.1143473
                            ],
                            [
                                28.8952512,
                                41.1153664
                            ],
                            [
                                28.8952654,
                                41.1157152
                            ],
                            [
                                28.8960344,
                                41.1173027
                            ],
                            [
                                28.8967144,
                                41.1176439
                            ],
                            [
                                28.8971741,
                                41.1187335
                            ],
                            [
                                28.8974369,
                                41.119226
                            ],
                            [
                                28.8987274,
                                41.1202461
                            ],
                            [
                                28.899717,
                                41.1204955
                            ],
                            [
                                28.9006419,
                                41.1206028
                            ],
                            [
                                28.9016221,
                                41.1211919
                            ],
                            [
                                28.9013252,
                                41.121633
                            ],
                            [
                                28.9016751,
                                41.1221596
                            ],
                            [
                                28.9025527,
                                41.1222166
                            ],
                            [
                                28.9041648,
                                41.1221397
                            ],
                            [
                                28.9046675,
                                41.1223295
                            ],
                            [
                                28.90502,
                                41.1233295
                            ],
                            [
                                28.9057821,
                                41.1236728
                            ],
                            [
                                28.9062952,
                                41.1238443
                            ],
                            [
                                28.9065442,
                                41.1246916
                            ],
                            [
                                28.9027158,
                                41.1268521
                            ],
                            [
                                28.901259,
                                41.1284812
                            ],
                            [
                                28.8992472,
                                41.1331901
                            ],
                            [
                                28.8960748,
                                41.1351084
                            ],
                            [
                                28.8906978,
                                41.1366842
                            ],
                            [
                                28.8899911,
                                41.1372791
                            ],
                            [
                                28.8890614,
                                41.1367552
                            ],
                            [
                                28.8886589,
                                41.1366015
                            ],
                            [
                                28.8878681,
                                41.1361266
                            ],
                            [
                                28.8870122,
                                41.1356906
                            ],
                            [
                                28.8862891,
                                41.1354977
                            ],
                            [
                                28.8853214,
                                41.1353044
                            ],
                            [
                                28.8837021,
                                41.1349086
                            ],
                            [
                                28.8832963,
                                41.134838
                            ],
                            [
                                28.8827169,
                                41.1348106
                            ],
                            [
                                28.8820522,
                                41.1348216
                            ],
                            [
                                28.8797997,
                                41.1345021
                            ],
                            [
                                28.8785135,
                                41.1349062
                            ],
                            [
                                28.8776551,
                                41.1345992
                            ],
                            [
                                28.8768183,
                                41.1342275
                            ],
                            [
                                28.8762389,
                                41.1338396
                            ],
                            [
                                28.8757025,
                                41.1334032
                            ],
                            [
                                28.8751446,
                                41.1333871
                            ],
                            [
                                28.8746511,
                                41.1332739
                            ],
                            [
                                28.8739001,
                                41.1332578
                            ],
                            [
                                28.8725268,
                                41.1333224
                            ],
                            [
                                28.862785,
                                41.1287162
                            ],
                            [
                                28.8620955,
                                41.1283966
                            ],
                            [
                                28.8531703,
                                41.1239849
                            ],
                            [
                                28.8515161,
                                41.1228258
                            ],
                            [
                                28.8492331,
                                41.1245242
                            ],
                            [
                                28.8491982,
                                41.124534
                            ],
                            [
                                28.8488618,
                                41.1244388
                            ],
                            [
                                28.8488152,
                                41.1244165
                            ],
                            [
                                28.8483891,
                                41.1240393
                            ],
                            [
                                28.8477531,
                                41.1235028
                            ],
                            [
                                28.8475721,
                                41.1233717
                            ],
                            [
                                28.8474747,
                                41.1232772
                            ],
                            [
                                28.8474532,
                                41.1232305
                            ],
                            [
                                28.8475027,
                                41.123113
                            ],
                            [
                                28.8475134,
                                41.1230216
                            ],
                            [
                                28.84751,
                                41.1229477
                            ],
                            [
                                28.8473577,
                                41.1228409
                            ],
                            [
                                28.8471071,
                                41.1225982
                            ],
                            [
                                28.8467481,
                                41.1223257
                            ],
                            [
                                28.8466162,
                                41.1222035
                            ],
                            [
                                28.846288,
                                41.121986
                            ],
                            [
                                28.8447942,
                                41.1214762
                            ],
                            [
                                28.8445555,
                                41.1212656
                            ]
                        ]
                    ]
                ]
            }
        },
        {
            "type": "Feature",
            "properties": {
                "type": "relation",
                "id": 9390946,
                "tags": {
                    "admin_level": "8",
                    "alt_name": "Eskihabipler Mahallesi",
                    "boundary": "administrative",
                    "name": "Eski Habipler Mahallesi",
                    "type": "boundary",
                    "wikidata": "Q6068354",
                    "wikipedia": "tr:Eski Habipler"
                }
            },
            "geometry": {
                "type": "MultiPolygon",
                "coordinates": [
                    [
                        [
                            [
                                28.8238482,
                                41.1352322
                            ],
                            [
                                28.823972,
                                41.1351129
                            ],
                            [
                                28.8243892,
                                41.1345855
                            ],
                            [
                                28.8247329,
                                41.1341685
                            ],
                            [
                                28.8259085,
                                41.1326387
                            ],
                            [
                                28.827126,
                                41.1311721
                            ],
                            [
                                28.8272718,
                                41.1310161
                            ],
                            [
                                28.8274092,
                                41.1308881
                            ],
                            [
                                28.8277787,
                                41.1305552
                            ],
                            [
                                28.8287654,
                                41.1298714
                            ],
                            [
                                28.8294471,
                                41.1294282
                            ],
                            [
                                28.8295091,
                                41.1293901
                            ],
                            [
                                28.8301719,
                                41.1289735
                            ],
                            [
                                28.8306525,
                                41.1286903
                            ],
                            [
                                28.8320619,
                                41.127869
                            ],
                            [
                                28.8334203,
                                41.1276682
                            ],
                            [
                                28.8339263,
                                41.1275441
                            ],
                            [
                                28.8349147,
                                41.1271984
                            ],
                            [
                                28.8354559,
                                41.1269946
                            ],
                            [
                                28.8359148,
                                41.1268262
                            ],
                            [
                                28.8362561,
                                41.1267464
                            ],
                            [
                                28.8366208,
                                41.126711
                            ],
                            [
                                28.8379975,
                                41.1267907
                            ],
                            [
                                28.8380799,
                                41.1268262
                            ],
                            [
                                28.8381387,
                                41.1268882
                            ],
                            [
                                28.8382211,
                                41.1268616
                            ],
                            [
                                28.8382917,
                                41.1267819
                            ],
                            [
                                28.8383505,
                                41.126711
                            ],
                            [
                                28.8384659,
                                41.1266967
                            ],
                            [
                                28.8388761,
                                41.1267101
                            ],
                            [
                                28.8389653,
                                41.1262668
                            ],
                            [
                                28.8416546,
                                41.1265565
                            ],
                            [
                                28.8415931,
                                41.1267137
                            ],
                            [
                                28.8414575,
                                41.1268819
                            ],
                            [
                                28.8407378,
                                41.127324
                            ],
                            [
                                28.8406439,
                                41.1273624
                            ],
                            [
                                28.8399519,
                                41.1277665
                            ],
                            [
                                28.839217,
                                41.1281988
                            ],
                            [
                                28.8385867,
                                41.1286797
                            ],
                            [
                                28.8361459,
                                41.1309949
                            ],
                            [
                                28.835596,
                                41.1315121
                            ],
                            [
                                28.8342013,
                                41.1328839
                            ],
                            [
                                28.8336461,
                                41.1333687
                            ],
                            [
                                28.8332648,
                                41.1336412
                            ],
                            [
                                28.8330641,
                                41.1337469
                            ],
                            [
                                28.832798,
                                41.1338924
                            ],
                            [
                                28.8320732,
                                41.1343004
                            ],
                            [
                                28.8312654,
                                41.1347663
                            ],
                            [
                                28.830582,
                                41.1351078
                            ],
                            [
                                28.8299668,
                                41.1352882
                            ],
                            [
                                28.8297029,
                                41.1353601
                            ],
                            [
                                28.8291736,
                                41.1354957
                            ],
                            [
                                28.8286894,
                                41.1355944
                            ],
                            [
                                28.8280115,
                                41.1356649
                            ],
                            [
                                28.8271475,
                                41.1357126
                            ],
                            [
                                28.8266557,
                                41.1357078
                            ],
                            [
                                28.8262528,
                                41.1356713
                            ],
                            [
                                28.8256168,
                                41.1355388
                            ],
                            [
                                28.8254008,
                                41.1355018
                            ],
                            [
                                28.8248705,
                                41.1354213
                            ],
                            [
                                28.82464,
                                41.1353827
                            ],
                            [
                                28.8238482,
                                41.1352322
                            ]
                        ]
                    ]
                ]
            }
        },
        {
            "type": "Feature",
            "properties": {
                "type": "relation",
                "id": 9391277,
                "tags": {
                    "admin_level": "8",
                    "boundary": "administrative",
                    "name": "Yayla Mahallesi",
                    "type": "boundary",
                    "wikidata": "Q6067612",
                    "wikipedia": "tr:Yayla, Sultangazi"
                }
            },
            "geometry": {
                "type": "MultiPolygon",
                "coordinates": [
                    [
                        [
                            [
                                28.8332648,
                                41.1336412
                            ],
                            [
                                28.8344987,
                                41.1343752
                            ],
                            [
                                28.8345518,
                                41.1345111
                            ],
                            [
                                28.8348137,
                                41.1347137
                            ],
                            [
                                28.8348809,
                                41.1349003
                            ],
                            [
                                28.8351995,
                                41.1350869
                            ],
                            [
                                28.8352986,
                                41.1350949
                            ],
                            [
                                28.8360312,
                                41.1355401
                            ],
                            [
                                28.8363497,
                                41.135716
                            ],
                            [
                                28.8375035,
                                41.1362438
                            ],
                            [
                                28.8379911,
                                41.1362959
                            ],
                            [
                                28.8401601,
                                41.1369039
                            ],
                            [
                                28.8411153,
                                41.1377485
                            ],
                            [
                                28.8415035,
                                41.1384307
                            ],
                            [
                                28.8426811,
                                41.1393896
                            ],
                            [
                                28.8433521,
                                41.139925
                            ],
                            [
                                28.8444551,
                                41.1406722
                            ],
                            [
                                28.8449789,
                                41.1410713
                            ],
                            [
                                28.845133,
                                41.1418091
                            ],
                            [
                                28.8452315,
                                41.1422918
                            ],
                            [
                                28.8457492,
                                41.1429275
                            ],
                            [
                                28.8461004,
                                41.1430853
                            ],
                            [
                                28.8475847,
                                41.1432327
                            ],
                            [
                                28.8490053,
                                41.1432262
                            ],
                            [
                                28.8531825,
                                41.1425075
                            ],
                            [
                                28.8553094,
                                41.1420438
                            ],
                            [
                                28.8604099,
                                41.1422432
                            ],
                            [
                                28.8624188,
                                41.1409252
                            ],
                            [
                                28.8642304,
                                41.1404797
                            ],
                            [
                                28.8712059,
                                41.1416956
                            ],
                            [
                                28.8740607,
                                41.1429819
                            ],
                            [
                                28.8739426,
                                41.143734
                            ],
                            [
                                28.8750815,
                                41.1460584
                            ],
                            [
                                28.8755388,
                                41.1466651
                            ],
                            [
                                28.8757577,
                                41.1473687
                            ],
                            [
                                28.8756879,
                                41.147749
                            ],
                            [
                                28.8757787,
                                41.1503433
                            ],
                            [
                                28.874347,
                                41.151611
                            ],
                            [
                                28.8734007,
                                41.1521378
                            ],
                            [
                                28.8723612,
                                41.1524051
                            ],
                            [
                                28.8706383,
                                41.1525436
                            ],
                            [
                                28.8686585,
                                41.1520732
                            ],
                            [
                                28.8677873,
                                41.1517186
                            ],
                            [
                                28.8665702,
                                41.1518291
                            ],
                            [
                                28.8661051,
                                41.1520167
                            ],
                            [
                                28.8658302,
                                41.1523863
                            ],
                            [
                                28.8657188,
                                41.1530022
                            ],
                            [
                                28.8659124,
                                41.1535935
                            ],
                            [
                                28.8669813,
                                41.1562554
                            ],
                            [
                                28.8669401,
                                41.1571531
                            ],
                            [
                                28.8641942,
                                41.1581437
                            ],
                            [
                                28.8623071,
                                41.158681
                            ],
                            [
                                28.8622105,
                                41.1592788
                            ],
                            [
                                28.8613912,
                                41.1598111
                            ],
                            [
                                28.8602231,
                                41.1593344
                            ],
                            [
                                28.8589076,
                                41.1587276
                            ],
                            [
                                28.8578424,
                                41.1582
                            ],
                            [
                                28.8559429,
                                41.1574062
                            ],
                            [
                                28.854652,
                                41.1568999
                            ],
                            [
                                28.8534524,
                                41.1555529
                            ],
                            [
                                28.8525929,
                                41.155327
                            ],
                            [
                                28.848262,
                                41.1541987
                            ],
                            [
                                28.8484079,
                                41.154008
                            ],
                            [
                                28.8484722,
                                41.1538383
                            ],
                            [
                                28.8485312,
                                41.1535717
                            ],
                            [
                                28.8485098,
                                41.1532325
                            ],
                            [
                                28.8483561,
                                41.1531004
                            ],
                            [
                                28.8480163,
                                41.1530668
                            ],
                            [
                                28.8473833,
                                41.1530951
                            ],
                            [
                                28.8470292,
                                41.1530224
                            ],
                            [
                                28.8468408,
                                41.1528738
                            ],
                            [
                                28.8466176,
                                41.1524453
                            ],
                            [
                                28.8464874,
                                41.1523156
                            ],
                            [
                                28.8462084,
                                41.1521338
                            ],
                            [
                                28.8456657,
                                41.1518293
                            ],
                            [
                                28.8452965,
                                41.1517137
                            ],
                            [
                                28.8446367,
                                41.1516531
                            ],
                            [
                                28.8440466,
                                41.1515481
                            ],
                            [
                                28.8432742,
                                41.1513675
                            ],
                            [
                                28.8430729,
                                41.1513037
                            ],
                            [
                                28.8429528,
                                41.1512366
                            ],
                            [
                                28.8428342,
                                41.1511159
                            ],
                            [
                                28.8427445,
                                41.150961
                            ],
                            [
                                28.8423246,
                                41.1499445
                            ],
                            [
                                28.8417448,
                                41.1488275
                            ],
                            [
                                28.8413751,
                                41.1482318
                            ],
                            [
                                28.8409547,
                                41.1477413
                            ],
                            [
                                28.8392145,
                                41.1464221
                            ],
                            [
                                28.8381672,
                                41.1454203
                            ],
                            [
                                28.836531,
                                41.1441397
                            ],
                            [
                                28.8356137,
                                41.1435378
                            ],
                            [
                                28.8348064,
                                41.1432516
                            ],
                            [
                                28.8340312,
                                41.1429924
                            ],
                            [
                                28.8335663,
                                41.1427334
                            ],
                            [
                                28.8329425,
                                41.141954
                            ],
                            [
                                28.8327706,
                                41.1417279
                            ],
                            [
                                28.8326794,
                                41.1414896
                            ],
                            [
                                28.832703,
                                41.1411087
                            ],
                            [
                                28.8330247,
                                41.1401893
                            ],
                            [
                                28.8329836,
                                41.1394153
                            ],
                            [
                                28.8328832,
                                41.1387061
                            ],
                            [
                                28.8327599,
                                41.1376031
                            ],
                            [
                                28.83256,
                                41.1367433
                            ],
                            [
                                28.8326043,
                                41.1364194
                            ],
                            [
                                28.8328192,
                                41.1360096
                            ],
                            [
                                28.8336021,
                                41.1346538
                            ],
                            [
                                28.8336647,
                                41.1343375
                            ],
                            [
                                28.833586,
                                41.1340235
                            ],
                            [
                                28.8332648,
                                41.1336412
                            ]
                        ]
                    ]
                ]
            }
        },
        {
            "type": "Feature",
            "properties": {
                "type": "relation",
                "id": 9391290,
                "tags": {
                    "admin_level": "8",
                    "alt_name": "Habipler Mahallesi",
                    "boundary": "administrative",
                    "name": "Habibler Mahallesi",
                    "type": "boundary",
                    "wikidata": "Q6075361",
                    "wikipedia": "tr:Habibler, Sultangazi"
                }
            },
            "geometry": {
                "type": "MultiPolygon",
                "coordinates": [
                    [
                        [
                            [
                                28.8332648,
                                41.1336412
                            ],
                            [
                                28.8336461,
                                41.1333687
                            ],
                            [
                                28.8342013,
                                41.1328839
                            ],
                            [
                                28.835596,
                                41.1315121
                            ],
                            [
                                28.8361459,
                                41.1309949
                            ],
                            [
                                28.8385867,
                                41.1286797
                            ],
                            [
                                28.839217,
                                41.1281988
                            ],
                            [
                                28.8399519,
                                41.1277665
                            ],
                            [
                                28.8406439,
                                41.1273624
                            ],
                            [
                                28.8407378,
                                41.127324
                            ],
                            [
                                28.8414575,
                                41.1268819
                            ],
                            [
                                28.8415931,
                                41.1267137
                            ],
                            [
                                28.8416546,
                                41.1265565
                            ],
                            [
                                28.8432163,
                                41.1240666
                            ],
                            [
                                28.8432628,
                                41.1239262
                            ],
                            [
                                28.8432784,
                                41.1237274
                            ],
                            [
                                28.8432784,
                                41.1234701
                            ],
                            [
                                28.8433094,
                                41.1230608
                            ],
                            [
                                28.8433094,
                                41.122745
                            ],
                            [
                                28.843356,
                                41.1224643
                            ],
                            [
                                28.843387,
                                41.122207
                            ],
                            [
                                28.8434957,
                                41.121973
                            ],
                            [
                                28.8436044,
                                41.1218093
                            ],
                            [
                                28.8437907,
                                41.1216455
                            ],
                            [
                                28.8442099,
                                41.1213999
                            ],
                            [
                                28.844374,
                                41.1213309
                            ],
                            [
                                28.8445555,
                                41.1212656
                            ],
                            [
                                28.8447942,
                                41.1214762
                            ],
                            [
                                28.846288,
                                41.121986
                            ],
                            [
                                28.8466162,
                                41.1222035
                            ],
                            [
                                28.8467481,
                                41.1223257
                            ],
                            [
                                28.8471071,
                                41.1225982
                            ],
                            [
                                28.8473577,
                                41.1228409
                            ],
                            [
                                28.84751,
                                41.1229477
                            ],
                            [
                                28.8475134,
                                41.1230216
                            ],
                            [
                                28.8475027,
                                41.123113
                            ],
                            [
                                28.8474532,
                                41.1232305
                            ],
                            [
                                28.8474747,
                                41.1232772
                            ],
                            [
                                28.8475721,
                                41.1233717
                            ],
                            [
                                28.8477531,
                                41.1235028
                            ],
                            [
                                28.8483891,
                                41.1240393
                            ],
                            [
                                28.8488152,
                                41.1244165
                            ],
                            [
                                28.8488618,
                                41.1244388
                            ],
                            [
                                28.8491982,
                                41.124534
                            ],
                            [
                                28.8492331,
                                41.1245242
                            ],
                            [
                                28.8515161,
                                41.1228258
                            ],
                            [
                                28.8531703,
                                41.1239849
                            ],
                            [
                                28.8620955,
                                41.1283966
                            ],
                            [
                                28.862785,
                                41.1287162
                            ],
                            [
                                28.8725268,
                                41.1333224
                            ],
                            [
                                28.8739001,
                                41.1332578
                            ],
                            [
                                28.8746511,
                                41.1332739
                            ],
                            [
                                28.8751446,
                                41.1333871
                            ],
                            [
                                28.8757025,
                                41.1334032
                            ],
                            [
                                28.8762389,
                                41.1338396
                            ],
                            [
                                28.8768183,
                                41.1342275
                            ],
                            [
                                28.8776551,
                                41.1345992
                            ],
                            [
                                28.8785135,
                                41.1349062
                            ],
                            [
                                28.8797997,
                                41.1345021
                            ],
                            [
                                28.8820522,
                                41.1348216
                            ],
                            [
                                28.8827169,
                                41.1348106
                            ],
                            [
                                28.8832963,
                                41.134838
                            ],
                            [
                                28.8837021,
                                41.1349086
                            ],
                            [
                                28.8853214,
                                41.1353044
                            ],
                            [
                                28.8862891,
                                41.1354977
                            ],
                            [
                                28.8870122,
                                41.1356906
                            ],
                            [
                                28.8878681,
                                41.1361266
                            ],
                            [
                                28.8886589,
                                41.1366015
                            ],
                            [
                                28.8890614,
                                41.1367552
                            ],
                            [
                                28.8899911,
                                41.1372791
                            ],
                            [
                                28.888199,
                                41.1390438
                            ],
                            [
                                28.8851157,
                                41.1451388
                            ],
                            [
                                28.883079,
                                41.1469093
                            ],
                            [
                                28.8812995,
                                41.1470038
                            ],
                            [
                                28.8799549,
                                41.1460885
                            ],
                            [
                                28.8795901,
                                41.1452838
                            ],
                            [
                                28.8791034,
                                41.1441022
                            ],
                            [
                                28.8778933,
                                41.1428355
                            ],
                            [
                                28.8761487,
                                41.1421975
                            ],
                            [
                                28.8748743,
                                41.1423255
                            ],
                            [
                                28.8740607,
                                41.1429819
                            ],
                            [
                                28.8712059,
                                41.1416956
                            ],
                            [
                                28.8642304,
                                41.1404797
                            ],
                            [
                                28.8624188,
                                41.1409252
                            ],
                            [
                                28.8604099,
                                41.1422432
                            ],
                            [
                                28.8553094,
                                41.1420438
                            ],
                            [
                                28.8531825,
                                41.1425075
                            ],
                            [
                                28.8490053,
                                41.1432262
                            ],
                            [
                                28.8475847,
                                41.1432327
                            ],
                            [
                                28.8461004,
                                41.1430853
                            ],
                            [
                                28.8457492,
                                41.1429275
                            ],
                            [
                                28.8452315,
                                41.1422918
                            ],
                            [
                                28.845133,
                                41.1418091
                            ],
                            [
                                28.8449789,
                                41.1410713
                            ],
                            [
                                28.8444551,
                                41.1406722
                            ],
                            [
                                28.8433521,
                                41.139925
                            ],
                            [
                                28.8426811,
                                41.1393896
                            ],
                            [
                                28.8415035,
                                41.1384307
                            ],
                            [
                                28.8411153,
                                41.1377485
                            ],
                            [
                                28.8401601,
                                41.1369039
                            ],
                            [
                                28.8379911,
                                41.1362959
                            ],
                            [
                                28.8375035,
                                41.1362438
                            ],
                            [
                                28.8363497,
                                41.135716
                            ],
                            [
                                28.8360312,
                                41.1355401
                            ],
                            [
                                28.8352986,
                                41.1350949
                            ],
                            [
                                28.8351995,
                                41.1350869
                            ],
                            [
                                28.8348809,
                                41.1349003
                            ],
                            [
                                28.8348137,
                                41.1347137
                            ],
                            [
                                28.8345518,
                                41.1345111
                            ],
                            [
                                28.8344987,
                                41.1343752
                            ],
                            [
                                28.8332648,
                                41.1336412
                            ]
                        ]
                    ]
                ]
            }
        }
    ]
}