{
    "type": "FeatureCollection",
    "features": [
        {
            "type": "Feature",
            "properties": {
                "type": "relation",
                "id": 7666484,
                "tags": {
                    "admin_level": "8",
                    "boundary": "administrative",
                    "name": "Necip Fazıl Mahallesi",
                    "name:ar": "نجيب فاضل",
                    "network": "TR34-Mahalle",
                    "type": "boundary",
                    "wikidata": "Q97227538"
                }
            },
            "geometry": {
                "type": "MultiPolygon",
                "coordinates": [
                    [
                        [
                            [
                                29.250623,
                                40.9421012
                            ],
                            [
                                29.2505107,
                                40.9417854
                            ],
                            [
                                29.2504299,
                                40.9414353
                            ],
                            [
                                29.2504194,
                                40.9411578
                            ],
                            [
                                29.2504902,
                                40.9408625
                            ],
                            [
                                29.2507161,
                                40.9404571
                            ],
                            [
                                29.2516658,
                                40.9395296
                            ],
                            [
                                29.2518939,
                                40.9392766
                            ],
                            [
                                29.2521342,
                                40.9392406
                            ],
                            [
                                29.2522517,
                                40.939213
                            ],
                            [
                                29.2523114,
                                40.9391318
                            ],
                            [
                                29.2520862,
                                40.9389121
                            ],
                            [
                                29.2519167,
                                40.9387021
                            ],
                            [
                                29.2519,
                                40.9377313
                            ],
                            [
                                29.2520699,
                                40.9361614
                            ],
                            [
                                29.2520987,
                                40.9356393
                            ],
                            [
                                29.2522777,
                                40.9348136
                            ],
                            [
                                29.2524565,
                                40.9346507
                            ],
                            [
                                29.2527125,
                                40.9344927
                            ],
                            [
                                29.253501,
                                40.9337727
                            ],
                            [
                                29.2537847,
                                40.9335108
                            ],
                            [
                                29.2539361,
                                40.9333418
                            ],
                            [
                                29.2541831,
                                40.9329801
                            ],
                            [
                                29.2545412,
                                40.9326064
                            ],
                            [
                                29.2551653,
                                40.9320913
                            ],
                            [
                                29.2560121,
                                40.9320725
                            ],
                            [
                                29.2565716,
                                40.9321587
                            ],
                            [
                                29.2568134,
                                40.9321766
                            ],
                            [
                                29.2576706,
                                40.9321385
                            ],
                            [
                                29.2735697,
                                40.9317408
                            ],
                            [
                                29.2739926,
                                40.931894
                            ],
                            [
                                29.274377,
                                40.9320501
                            ],
                            [
                                29.2745173,
                                40.9321028
                            ],
                            [
                                29.2746214,
                                40.9321375
                            ],
                            [
                                29.2749109,
                                40.9322072
                            ],
                            [
                                29.2770119,
                                40.9324632
                            ],
                            [
                                29.2779169,
                                40.9326307
                            ],
                            [
                                29.2781275,
                                40.9327282
                            ],
                            [
                                29.2786854,
                                40.9329866
                            ],
                            [
                                29.2790092,
                                40.9332313
                            ],
                            [
                                29.2791886,
                                40.9334121
                            ],
                            [
                                29.2793885,
                                40.9336674
                            ],
                            [
                                29.2797553,
                                40.934283
                            ],
                            [
                                29.28027,
                                40.9346357
                            ],
                            [
                                29.2817228,
                                40.9348322
                            ],
                            [
                                29.2829437,
                                40.9350999
                            ],
                            [
                                29.2834378,
                                40.9352536
                            ],
                            [
                                29.2843902,
                                40.9355499
                            ],
                            [
                                29.2840915,
                                40.9362379
                            ],
                            [
                                29.2840504,
                                40.9363274
                            ],
                            [
                                29.2839151,
                                40.9366951
                            ],
                            [
                                29.2836231,
                                40.9375554
                            ],
                            [
                                29.283527,
                                40.9378439
                            ],
                            [
                                29.2835031,
                                40.9379516
                            ],
                            [
                                29.2835138,
                                40.9379733
                            ],
                            [
                                29.2835552,
                                40.9380062
                            ],
                            [
                                29.2836021,
                                40.938031
                            ],
                            [
                                29.2836835,
                                40.938104
                            ],
                            [
                                29.2838159,
                                40.9384943
                            ],
                            [
                                29.2839671,
                                40.938797
                            ],
                            [
                                29.2840222,
                                40.9388883
                            ],
                            [
                                29.2840865,
                                40.9389562
                            ],
                            [
                                29.2844613,
                                40.9394864
                            ],
                            [
                                29.28467,
                                40.9398503
                            ],
                            [
                                29.284759,
                                40.9400349
                            ],
                            [
                                29.2848642,
                                40.9403016
                            ],
                            [
                                29.2850717,
                                40.9409397
                            ],
                            [
                                29.2851373,
                                40.9413566
                            ],
                            [
                                29.2851278,
                                40.9416706
                            ],
                            [
                                29.2851099,
                                40.9417961
                            ],
                            [
                                29.2850236,
                                40.94219
                            ],
                            [
                                29.2848735,
                                40.9426058
                            ],
                            [
                                29.2847717,
                                40.9428203
                            ],
                            [
                                29.2845019,
                                40.9432926
                            ],
                            [
                                29.2844357,
                                40.9434445
                            ],
                            [
                                29.284347,
                                40.9435835
                            ],
                            [
                                29.2842532,
                                40.9438318
                            ],
                            [
                                29.2842372,
                                40.9439094
                            ],
                            [
                                29.2842053,
                                40.9445698
                            ],
                            [
                                29.284255,
                                40.9447389
                            ],
                            [
                                29.2843151,
                                40.9448508
                            ],
                            [
                                29.2844084,
                                40.9449071
                            ],
                            [
                                29.2844378,
                                40.9450234
                            ],
                            [
                                29.284327,
                                40.9452533
                            ],
                            [
                                29.2842085,
                                40.9454579
                            ],
                            [
                                29.2835743,
                                40.9452226
                            ],
                            [
                                29.2832062,
                                40.9451019
                            ],
                            [
                                29.2826434,
                                40.9449796
                            ],
                            [
                                29.2822371,
                                40.94488
                            ],
                            [
                                29.2815946,
                                40.944676
                            ],
                            [
                                29.2814929,
                                40.9445952
                            ],
                            [
                                29.2812008,
                                40.9445107
                            ],
                            [
                                29.281088,
                                40.9444814
                            ],
                            [
                                29.2807801,
                                40.9443881
                            ],
                            [
                                29.2805482,
                                40.9443308
                            ],
                            [
                                29.2801389,
                                40.9442668
                            ],
                            [
                                29.2797851,
                                40.9442294
                            ],
                            [
                                29.2793912,
                                40.9441592
                            ],
                            [
                                29.2787857,
                                40.9440422
                            ],
                            [
                                29.2783142,
                                40.9439425
                            ],
                            [
                                29.2781234,
                                40.943918
                            ],
                            [
                                29.2774157,
                                40.9438504
                            ],
                            [
                                29.2768368,
                                40.9438285
                            ],
                            [
                                29.2764434,
                                40.9439432
                            ],
                            [
                                29.2759787,
                                40.9440261
                            ],
                            [
                                29.2753251,
                                40.944008
                            ],
                            [
                                29.2748393,
                                40.9440045
                            ],
                            [
                                29.2746125,
                                40.9440164
                            ],
                            [
                                29.27441,
                                40.9440448
                            ],
                            [
                                29.2742931,
                                40.9440738
                            ],
                            [
                                29.2742039,
                                40.9441049
                            ],
                            [
                                29.2737989,
                                40.9440752
                            ],
                            [
                                29.2733571,
                                40.9439669
                            ],
                            [
                                29.2732421,
                                40.9439573
                            ],
                            [
                                29.2726667,
                                40.9438222
                            ],
                            [
                                29.2719128,
                                40.9437123
                            ],
                            [
                                29.27123,
                                40.9437148
                            ],
                            [
                                29.2710652,
                                40.9437207
                            ],
                            [
                                29.270803,
                                40.9437089
                            ],
                            [
                                29.270583,
                                40.9437062
                            ],
                            [
                                29.2705041,
                                40.9436743
                            ],
                            [
                                29.2699145,
                                40.943553
                            ],
                            [
                                29.2689654,
                                40.9433777
                            ],
                            [
                                29.250623,
                                40.9421012
                            ]
                        ]
                    ]
                ]
            }
        },
        {
            "type": "Feature",
            "properties": {
                "type": "relation",
                "id": 7666485,
                "tags": {
                    "admin_level": "8",
                    "boundary": "administrative",
                    "name": "Orhangazi Mahallesi",
                    "name:ar": "أورهانغازي",
                    "network": "TR34-Mahalle",
                    "type": "boundary",
                    "wikidata": "Q97227595"
                }
            },
            "geometry": {
                "type": "MultiPolygon",
                "coordinates": [
                    [
                        [
                            [
                                29.2835697,
                                40.9480977
                            ],
                            [
                                29.2837869,
                                40.9475859
                            ],
                            [
                                29.2838475,
                                40.9474941
                            ],
                            [
                                29.2839527,
                                40.9472445
                            ],
                            [
                                29.2839925,
                                40.9470189
                            ],
                            [
                                29.2840548,
                                40.946118
                            ],
                            [
                                29.2841589,
                                40.9457125
                            ],
                            [
                                29.2842085,
                                40.9454579
                            ],
                            [
                                29.284327,
                                40.9452533
                            ],
                            [
                                29.2844378,
                                40.9450234
                            ],
                            [
                                29.2844084,
                                40.9449071
                            ],
                            [
                                29.2843151,
                                40.9448508
                            ],
                            [
                                29.284255,
                                40.9447389
                            ],
                            [
                                29.2842053,
                                40.9445698
                            ],
                            [
                                29.2842372,
                                40.9439094
                            ],
                            [
                                29.2842532,
                                40.9438318
                            ],
                            [
                                29.284347,
                                40.9435835
                            ],
                            [
                                29.2844357,
                                40.9434445
                            ],
                            [
                                29.2845019,
                                40.9432926
                            ],
                            [
                                29.2847717,
                                40.9428203
                            ],
                            [
                                29.2848735,
                                40.9426058
                            ],
                            [
                                29.2850236,
                                40.94219
                            ],
                            [
                                29.2851099,
                                40.9417961
                            ],
                            [
                                29.2851278,
                                40.9416706
                            ],
                            [
                                29.2851373,
                                40.9413566
                            ],
                            [
                                29.2850717,
                                40.9409397
                            ],
                            [
                                29.2848642,
                                40.9403016
                            ],
                            [
                                29.284759,
                                40.9400349
                            ],
                            [
                                29.28467,
                                40.9398503
                            ],
                            [
                                29.2844613,
                                40.9394864
                            ],
                            [
                                29.2840865,
                                40.9389562
                            ],
                            [
                                29.2840222,
                                40.9388883
                            ],
                            [
                                29.2839671,
                                40.938797
                            ],
                            [
                                29.2838159,
                                40.9384943
                            ],
                            [
                                29.2836835,
                                40.938104
                            ],
                            [
                                29.2836021,
                                40.938031
                            ],
                            [
                                29.2835552,
                                40.9380062
                            ],
                            [
                                29.2835138,
                                40.9379733
                            ],
                            [
                                29.2835031,
                                40.9379516
                            ],
                            [
                                29.283527,
                                40.9378439
                            ],
                            [
                                29.2836231,
                                40.9375554
                            ],
                            [
                                29.2839151,
                                40.9366951
                            ],
                            [
                                29.2840504,
                                40.9363274
                            ],
                            [
                                29.2840915,
                                40.9362379
                            ],
                            [
                                29.2843902,
                                40.9355499
                            ],
                            [
                                29.2858008,
                                40.9358217
                            ],
                            [
                                29.2883658,
                                40.9363035
                            ],
                            [
                                29.2929322,
                                40.9375345
                            ],
                            [
                                29.2956735,
                                40.9382302
                            ],
                            [
                                29.2954998,
                                40.9384503
                            ],
                            [
                                29.2950319,
                                40.9394161
                            ],
                            [
                                29.2949819,
                                40.9395441
                            ],
                            [
                                29.2947358,
                                40.9400781
                            ],
                            [
                                29.2947556,
                                40.9402574
                            ],
                            [
                                29.2948649,
                                40.9409177
                            ],
                            [
                                29.2949199,
                                40.9413376
                            ],
                            [
                                29.2949238,
                                40.9414169
                            ],
                            [
                                29.2949097,
                                40.9414854
                            ],
                            [
                                29.2948672,
                                40.9415495
                            ],
                            [
                                29.2948201,
                                40.9416015
                            ],
                            [
                                29.2947988,
                                40.9416563
                            ],
                            [
                                29.2947837,
                                40.9419449
                            ],
                            [
                                29.2947975,
                                40.9421325
                            ],
                            [
                                29.2948241,
                                40.9423115
                            ],
                            [
                                29.2948684,
                                40.9424201
                            ],
                            [
                                29.2949869,
                                40.942594
                            ],
                            [
                                29.2951552,
                                40.9428262
                            ],
                            [
                                29.2953772,
                                40.9430457
                            ],
                            [
                                29.2956132,
                                40.9431899
                            ],
                            [
                                29.2958835,
                                40.9433156
                            ],
                            [
                                29.2960384,
                                40.94338
                            ],
                            [
                                29.2960547,
                                40.9434071
                            ],
                            [
                                29.2960811,
                                40.9434277
                            ],
                            [
                                29.2961273,
                                40.9434523
                            ],
                            [
                                29.2963258,
                                40.9436116
                            ],
                            [
                                29.296474,
                                40.9437488
                            ],
                            [
                                29.2965857,
                                40.9438647
                            ],
                            [
                                29.2967305,
                                40.9440673
                            ],
                            [
                                29.2967912,
                                40.9441613
                            ],
                            [
                                29.2968307,
                                40.9442501
                            ],
                            [
                                29.2964357,
                                40.9444383
                            ],
                            [
                                29.2962789,
                                40.9444997
                            ],
                            [
                                29.295962,
                                40.9446282
                            ],
                            [
                                29.2958278,
                                40.9446789
                            ],
                            [
                                29.2956703,
                                40.9447977
                            ],
                            [
                                29.2954916,
                                40.9449483
                            ],
                            [
                                29.2953328,
                                40.9450931
                            ],
                            [
                                29.2951541,
                                40.9452385
                            ],
                            [
                                29.2947806,
                                40.9454895
                            ],
                            [
                                29.2944204,
                                40.9456879
                            ],
                            [
                                29.2937336,
                                40.946079
                            ],
                            [
                                29.291769,
                                40.9469709
                            ],
                            [
                                29.2915964,
                                40.9470847
                            ],
                            [
                                29.291328,
                                40.9471986
                            ],
                            [
                                29.2910599,
                                40.9472637
                            ],
                            [
                                29.2908793,
                                40.9472818
                            ],
                            [
                                29.2907543,
                                40.9472652
                            ],
                            [
                                29.2901731,
                                40.9472463
                            ],
                            [
                                29.2899558,
                                40.9472658
                            ],
                            [
                                29.2896009,
                                40.94728
                            ],
                            [
                                29.289299,
                                40.9473364
                            ],
                            [
                                29.2889035,
                                40.947424
                            ],
                            [
                                29.288533,
                                40.9474841
                            ],
                            [
                                29.2883581,
                                40.9474963
                            ],
                            [
                                29.2878072,
                                40.9475102
                            ],
                            [
                                29.2868853,
                                40.94757
                            ],
                            [
                                29.2855823,
                                40.9476862
                            ],
                            [
                                29.2850548,
                                40.9476886
                            ],
                            [
                                29.284772,
                                40.9477012
                            ],
                            [
                                29.2846228,
                                40.9477197
                            ],
                            [
                                29.2845022,
                                40.9477524
                            ],
                            [
                                29.283809,
                                40.9480145
                            ],
                            [
                                29.2835697,
                                40.9480977
                            ]
                        ]
                    ]
                ]
            }
        },
        {
            "type": "Feature",
            "properties": {
                "type": "relation",
                "id": 7666486,
                "tags": {
                    "admin_level": "8",
                    "boundary": "administrative",
                    "name": "Yavuz Selim Mahallesi",
                    "name:ar": "يفوز سليم",
                    "network": "TR34-Mahalle",
                    "type": "boundary",
                    "wikidata": "Q97228650"
                }
            },
            "geometry": {
                "type": "MultiPolygon",
                "coordinates": [
                    [
                        [
                            [
                                29.2498894,
                                40.9465262
                            ],
                            [
                                29.2498955,
                                40.9463688
                            ],
                            [
                                29.24992,
                                40.9457693
                            ],
                            [
                                29.2502256,
                                40.9446688
                            ],
                            [
                                29.2505755,
                                40.9444033
                            ],
                            [
                                29.2502921,
                                40.9434378
                            ],
                            [
                                29.2501615,
                                40.9430232
                            ],
                            [
                                29.2501916,
                                40.9427927
                            ],
                            [
                                29.2502596,
                                40.9425258
                            ],
                            [
                                29.250623,
                                40.9421012
                            ],
                            [
                                29.2689654,
                                40.9433777
                            ],
                            [
                                29.2699145,
                                40.943553
                            ],
                            [
                                29.2705041,
                                40.9436743
                            ],
                            [
                                29.270583,
                                40.9437062
                            ],
                            [
                                29.270803,
                                40.9437089
                            ],
                            [
                                29.2710652,
                                40.9437207
                            ],
                            [
                                29.27123,
                                40.9437148
                            ],
                            [
                                29.2719128,
                                40.9437123
                            ],
                            [
                                29.2726667,
                                40.9438222
                            ],
                            [
                                29.2732421,
                                40.9439573
                            ],
                            [
                                29.2733571,
                                40.9439669
                            ],
                            [
                                29.2737989,
                                40.9440752
                            ],
                            [
                                29.2742039,
                                40.9441049
                            ],
                            [
                                29.2742931,
                                40.9440738
                            ],
                            [
                                29.27441,
                                40.9440448
                            ],
                            [
                                29.2746125,
                                40.9440164
                            ],
                            [
                                29.2748393,
                                40.9440045
                            ],
                            [
                                29.2753251,
                                40.944008
                            ],
                            [
                                29.2759787,
                                40.9440261
                            ],
                            [
                                29.2764434,
                                40.9439432
                            ],
                            [
                                29.2768368,
                                40.9438285
                            ],
                            [
                                29.2774157,
                                40.9438504
                            ],
                            [
                                29.2781234,
                                40.943918
                            ],
                            [
                                29.2783142,
                                40.9439425
                            ],
                            [
                                29.2787857,
                                40.9440422
                            ],
                            [
                                29.2793912,
                                40.9441592
                            ],
                            [
                                29.2797851,
                                40.9442294
                            ],
                            [
                                29.2801389,
                                40.9442668
                            ],
                            [
                                29.2805482,
                                40.9443308
                            ],
                            [
                                29.2807801,
                                40.9443881
                            ],
                            [
                                29.281088,
                                40.9444814
                            ],
                            [
                                29.2812008,
                                40.9445107
                            ],
                            [
                                29.2814929,
                                40.9445952
                            ],
                            [
                                29.2815946,
                                40.944676
                            ],
                            [
                                29.2822371,
                                40.94488
                            ],
                            [
                                29.2826434,
                                40.9449796
                            ],
                            [
                                29.2832062,
                                40.9451019
                            ],
                            [
                                29.2835743,
                                40.9452226
                            ],
                            [
                                29.2842085,
                                40.9454579
                            ],
                            [
                                29.2841589,
                                40.9457125
                            ],
                            [
                                29.2840548,
                                40.946118
                            ],
                            [
                                29.2839925,
                                40.9470189
                            ],
                            [
                                29.2839527,
                                40.9472445
                            ],
                            [
                                29.2838475,
                                40.9474941
                            ],
                            [
                                29.2837869,
                                40.9475859
                            ],
                            [
                                29.2835697,
                                40.9480977
                            ],
                            [
                                29.2835331,
                                40.9481592
                            ],
                            [
                                29.2832241,
                                40.9488043
                            ],
                            [
                                29.2830903,
                                40.9491086
                            ],
                            [
                                29.2830078,
                                40.9492496
                            ],
                            [
                                29.2828577,
                                40.9494975
                            ],
                            [
                                29.2824929,
                                40.9499551
                            ],
                            [
                                29.2822095,
                                40.950379
                            ],
                            [
                                29.2821215,
                                40.9505564
                            ],
                            [
                                29.282041,
                                40.9507982
                            ],
                            [
                                29.2820364,
                                40.9509492
                            ],
                            [
                                29.2820584,
                                40.9509876
                            ],
                            [
                                29.282239,
                                40.951159
                            ],
                            [
                                29.282434,
                                40.9513288
                            ],
                            [
                                29.2822401,
                                40.9514049
                            ],
                            [
                                29.2818803,
                                40.9515858
                            ],
                            [
                                29.2816109,
                                40.951756
                            ],
                            [
                                29.2813518,
                                40.9519718
                            ],
                            [
                                29.2811531,
                                40.9521134
                            ],
                            [
                                29.2810182,
                                40.9522186
                            ],
                            [
                                29.280659,
                                40.9525242
                            ],
                            [
                                29.2803997,
                                40.9528368
                            ],
                            [
                                29.280356,
                                40.9529296
                            ],
                            [
                                29.2801246,
                                40.9532135
                            ],
                            [
                                29.2799547,
                                40.9534347
                            ],
                            [
                                29.2798601,
                                40.9536627
                            ],
                            [
                                29.2798333,
                                40.9538086
                            ],
                            [
                                29.2798408,
                                40.9539732
                            ],
                            [
                                29.2798712,
                                40.9541359
                            ],
                            [
                                29.2799391,
                                40.9543637
                            ],
                            [
                                29.2800534,
                                40.9546779
                            ],
                            [
                                29.2793753,
                                40.9550269
                            ],
                            [
                                29.2786988,
                                40.9542587
                            ],
                            [
                                29.2775411,
                                40.9531632
                            ],
                            [
                                29.2766918,
                                40.9523518
                            ],
                            [
                                29.2754715,
                                40.9514402
                            ],
                            [
                                29.2747265,
                                40.9508195
                            ],
                            [
                                29.2737647,
                                40.9500267
                            ],
                            [
                                29.2733942,
                                40.9500452
                            ],
                            [
                                29.2731531,
                                40.9499785
                            ],
                            [
                                29.2725501,
                                40.9499248
                            ],
                            [
                                29.2713411,
                                40.9493356
                            ],
                            [
                                29.2703265,
                                40.9490643
                            ],
                            [
                                29.2692344,
                                40.9489366
                            ],
                            [
                                29.2679449,
                                40.9486162
                            ],
                            [
                                29.2676162,
                                40.9484998
                            ],
                            [
                                29.2675598,
                                40.9484866
                            ],
                            [
                                29.2670967,
                                40.9484375
                            ],
                            [
                                29.2666911,
                                40.9484013
                            ],
                            [
                                29.2664864,
                                40.9483888
                            ],
                            [
                                29.2665278,
                                40.9482645
                            ],
                            [
                                29.2665759,
                                40.9481973
                            ],
                            [
                                29.2665881,
                                40.9481667
                            ],
                            [
                                29.2603804,
                                40.9459198
                            ],
                            [
                                29.2498894,
                                40.9465262
                            ]
                        ]
                    ]
                ]
            }
        },
        {
            "type": "Feature",
            "properties": {
                "type": "relation",
                "id": 7666487,
                "tags": {
                    "admin_level": "8",
                    "boundary": "administrative",
                    "name": "Fatih Mahallesi",
                    "name:ar": "فاتح",
                    "network": "TR34-Mahalle",
                    "type": "boundary",
                    "wikidata": "Q20472141",
                    "wikipedia": "tr:Fatih, Sultanbeyli"
                }
            },
            "geometry": {
                "type": "MultiPolygon",
                "coordinates": [
                    [
                        [
                            [
                                29.2481047,
                                40.9487259
                            ],
                            [
                                29.2488749,
                                40.947473
                            ],
                            [
                                29.2493037,
                                40.9469952
                            ],
                            [
                                29.2496315,
                                40.9467177
                            ],
                            [
                                29.2498894,
                                40.9465262
                            ],
                            [
                                29.2603804,
                                40.9459198
                            ],
                            [
                                29.2665881,
                                40.9481667
                            ],
                            [
                                29.2665759,
                                40.9481973
                            ],
                            [
                                29.2665278,
                                40.9482645
                            ],
                            [
                                29.2664864,
                                40.9483888
                            ],
                            [
                                29.2666911,
                                40.9484013
                            ],
                            [
                                29.2670967,
                                40.9484375
                            ],
                            [
                                29.2675598,
                                40.9484866
                            ],
                            [
                                29.2676162,
                                40.9484998
                            ],
                            [
                                29.2679449,
                                40.9486162
                            ],
                            [
                                29.2692344,
                                40.9489366
                            ],
                            [
                                29.2703265,
                                40.9490643
                            ],
                            [
                                29.2713411,
                                40.9493356
                            ],
                            [
                                29.2725501,
                                40.9499248
                            ],
                            [
                                29.2731531,
                                40.9499785
                            ],
                            [
                                29.2733942,
                                40.9500452
                            ],
                            [
                                29.2737647,
                                40.9500267
                            ],
                            [
                                29.2747265,
                                40.9508195
                            ],
                            [
                                29.2754715,
                                40.9514402
                            ],
                            [
                                29.2766918,
                                40.9523518
                            ],
                            [
                                29.2775411,
                                40.9531632
                            ],
                            [
                                29.2786988,
                                40.9542587
                            ],
                            [
                                29.2793753,
                                40.9550269
                            ],
                            [
                                29.2797946,
                                40.9554632
                            ],
                            [
                                29.2806382,
                                40.9567985
                            ],
                            [
                                29.2809374,
                                40.9576893
                            ],
                            [
                                29.2811457,
                                40.9580084
                            ],
                            [
                                29.2812254,
                                40.9581716
                            ],
                            [
                                29.2814279,
                                40.958464
                            ],
                            [
                                29.2814813,
                                40.958561
                            ],
                            [
                                29.2815228,
                                40.958652
                            ],
                            [
                                29.2815596,
                                40.9587006
                            ],
                            [
                                29.2815955,
                                40.9587985
                            ],
                            [
                                29.2817135,
                                40.9590817
                            ],
                            [
                                29.281816,
                                40.959349
                            ],
                            [
                                29.2819238,
                                40.9595971
                            ],
                            [
                                29.2820171,
                                40.9597852
                            ],
                            [
                                29.2821424,
                                40.9600155
                            ],
                            [
                                29.2822558,
                                40.9602054
                            ],
                            [
                                29.2824545,
                                40.9605372
                            ],
                            [
                                29.2817176,
                                40.9608575
                            ],
                            [
                                29.2813775,
                                40.9610094
                            ],
                            [
                                29.280527,
                                40.9614018
                            ],
                            [
                                29.2796762,
                                40.9618199
                            ],
                            [
                                29.2791881,
                                40.962082
                            ],
                            [
                                29.2787372,
                                40.9623247
                            ],
                            [
                                29.2777464,
                                40.9628855
                            ],
                            [
                                29.2772012,
                                40.9632157
                            ],
                            [
                                29.2767751,
                                40.9634824
                            ],
                            [
                                29.2758884,
                                40.9640701
                            ],
                            [
                                29.2756954,
                                40.9641984
                            ],
                            [
                                29.2755183,
                                40.9639868
                            ],
                            [
                                29.2753281,
                                40.9637729
                            ],
                            [
                                29.275125,
                                40.9634235
                            ],
                            [
                                29.2750713,
                                40.963321
                            ],
                            [
                                29.2750601,
                                40.9632534
                            ],
                            [
                                29.2750303,
                                40.9631759
                            ],
                            [
                                29.2750329,
                                40.9630642
                            ],
                            [
                                29.2750657,
                                40.9630149
                            ],
                            [
                                29.2751417,
                                40.9629266
                            ],
                            [
                                29.2751536,
                                40.9628756
                            ],
                            [
                                29.2751466,
                                40.9628244
                            ],
                            [
                                29.2751191,
                                40.9627495
                            ],
                            [
                                29.2750313,
                                40.9626049
                            ],
                            [
                                29.2743891,
                                40.9614593
                            ],
                            [
                                29.2742625,
                                40.9614825
                            ],
                            [
                                29.2741332,
                                40.9614963
                            ],
                            [
                                29.2740601,
                                40.9614828
                            ],
                            [
                                29.2739071,
                                40.961299
                            ],
                            [
                                29.2733201,
                                40.9606409
                            ],
                            [
                                29.2732272,
                                40.9605534
                            ],
                            [
                                29.2730794,
                                40.9603513
                            ],
                            [
                                29.2727571,
                                40.9598739
                            ],
                            [
                                29.2727278,
                                40.959817
                            ],
                            [
                                29.272732,
                                40.9597195
                            ],
                            [
                                29.272707,
                                40.9596578
                            ],
                            [
                                29.2725308,
                                40.9593301
                            ],
                            [
                                29.2724728,
                                40.9592429
                            ],
                            [
                                29.2723802,
                                40.9592005
                            ],
                            [
                                29.2720813,
                                40.9587175
                            ],
                            [
                                29.2720589,
                                40.9586346
                            ],
                            [
                                29.272068,
                                40.9585505
                            ],
                            [
                                29.2722348,
                                40.9581918
                            ],
                            [
                                29.2721991,
                                40.9578764
                            ],
                            [
                                29.2721814,
                                40.9577611
                            ],
                            [
                                29.2720957,
                                40.9573803
                            ],
                            [
                                29.2719971,
                                40.9568028
                            ],
                            [
                                29.2719395,
                                40.9565118
                            ],
                            [
                                29.2718913,
                                40.9563254
                            ],
                            [
                                29.271827,
                                40.9562151
                            ],
                            [
                                29.2715666,
                                40.9561205
                            ],
                            [
                                29.2713423,
                                40.9560218
                            ],
                            [
                                29.2713521,
                                40.9559713
                            ],
                            [
                                29.2713567,
                                40.9558259
                            ],
                            [
                                29.2713453,
                                40.9557488
                            ],
                            [
                                29.2712701,
                                40.9554956
                            ],
                            [
                                29.2710644,
                                40.9551724
                            ],
                            [
                                29.2709766,
                                40.9550451
                            ],
                            [
                                29.2708198,
                                40.9548466
                            ],
                            [
                                29.2705531,
                                40.9545673
                            ],
                            [
                                29.2703309,
                                40.954363
                            ],
                            [
                                29.2700782,
                                40.9541028
                            ],
                            [
                                29.2698213,
                                40.9538651
                            ],
                            [
                                29.2696477,
                                40.9536967
                            ],
                            [
                                29.2693879,
                                40.953457
                            ],
                            [
                                29.2692771,
                                40.9533476
                            ],
                            [
                                29.2691394,
                                40.9531912
                            ],
                            [
                                29.2690716,
                                40.9531029
                            ],
                            [
                                29.2690274,
                                40.9530217
                            ],
                            [
                                29.2690175,
                                40.9529898
                            ],
                            [
                                29.2686394,
                                40.9530051
                            ],
                            [
                                29.2685218,
                                40.9529956
                            ],
                            [
                                29.2684447,
                                40.9528513
                            ],
                            [
                                29.2683661,
                                40.9526753
                            ],
                            [
                                29.2682847,
                                40.9525271
                            ],
                            [
                                29.2681866,
                                40.9523694
                            ],
                            [
                                29.2681143,
                                40.9523527
                            ],
                            [
                                29.2680319,
                                40.9523396
                            ],
                            [
                                29.2678889,
                                40.9521346
                            ],
                            [
                                29.2678484,
                                40.9520489
                            ],
                            [
                                29.2675052,
                                40.9516811
                            ],
                            [
                                29.2672166,
                                40.9513957
                            ],
                            [
                                29.2671787,
                                40.9514073
                            ],
                            [
                                29.2668366,
                                40.9515115
                            ],
                            [
                                29.2663123,
                                40.9516542
                            ],
                            [
                                29.2664342,
                                40.9513508
                            ],
                            [
                                29.2664179,
                                40.9512817
                            ],
                            [
                                29.2661112,
                                40.9513285
                            ],
                            [
                                29.2660115,
                                40.9512693
                            ],
                            [
                                29.2661994,
                                40.9507773
                            ],
                            [
                                29.2659419,
                                40.9507069
                            ],
                            [
                                29.2657061,
                                40.950665
                            ],
                            [
                                29.2651226,
                                40.9505874
                            ],
                            [
                                29.2647578,
                                40.9504416
                            ],
                            [
                                29.2637278,
                                40.9494044
                            ],
                            [
                                29.256823,
                                40.9490347
                            ],
                            [
                                29.2481047,
                                40.9487259
                            ]
                        ]
                    ]
                ]
            }
        },
        {
            "type": "Feature",
            "properties": {
                "type": "relation",
                "id": 7666488,
                "tags": {
                    "admin_level": "8",
                    "boundary": "administrative",
                    "name": "Mehmet Akif Mahallesi",
                    "name:ar": "محمد عاكف",
                    "network": "TR34-Mahalle",
                    "type": "boundary",
                    "wikidata": "Q97227330",
                    "wikipedia": "tr:Mehmet Akif, Sultanbeyli"
                }
            },
            "geometry": {
                "type": "MultiPolygon",
                "coordinates": [
                    [
                        [
                            [
                                29.256823,
                                40.9490347
                            ],
                            [
                                29.2637278,
                                40.9494044
                            ],
                            [
                                29.2647578,
                                40.9504416
                            ],
                            [
                                29.2651226,
                                40.9505874
                            ],
                            [
                                29.2657061,
                                40.950665
                            ],
                            [
                                29.2659419,
                                40.9507069
                            ],
                            [
                                29.2661994,
                                40.9507773
                            ],
                            [
                                29.2660115,
                                40.9512693
                            ],
                            [
                                29.2661112,
                                40.9513285
                            ],
                            [
                                29.2664179,
                                40.9512817
                            ],
                            [
                                29.2664342,
                                40.9513508
                            ],
                            [
                                29.2663123,
                                40.9516542
                            ],
                            [
                                29.2668366,
                                40.9515115
                            ],
                            [
                                29.2671787,
                                40.9514073
                            ],
                            [
                                29.2672166,
                                40.9513957
                            ],
                            [
                                29.2675052,
                                40.9516811
                            ],
                            [
                                29.2678484,
                                40.9520489
                            ],
                            [
                                29.2678889,
                                40.9521346
                            ],
                            [
                                29.2680319,
                                40.9523396
                            ],
                            [
                                29.2681143,
                                40.9523527
                            ],
                            [
                                29.2681866,
                                40.9523694
                            ],
                            [
                                29.2682847,
                                40.9525271
                            ],
                            [
                                29.2683661,
                                40.9526753
                            ],
                            [
                                29.2684447,
                                40.9528513
                            ],
                            [
                                29.2685218,
                                40.9529956
                            ],
                            [
                                29.2686394,
                                40.9530051
                            ],
                            [
                                29.2690175,
                                40.9529898
                            ],
                            [
                                29.2690274,
                                40.9530217
                            ],
                            [
                                29.2690716,
                                40.9531029
                            ],
                            [
                                29.2691394,
                                40.9531912
                            ],
                            [
                                29.2692771,
                                40.9533476
                            ],
                            [
                                29.2693879,
                                40.953457
                            ],
                            [
                                29.2696477,
                                40.9536967
                            ],
                            [
                                29.2698213,
                                40.9538651
                            ],
                            [
                                29.2700782,
                                40.9541028
                            ],
                            [
                                29.2703309,
                                40.954363
                            ],
                            [
                                29.2705531,
                                40.9545673
                            ],
                            [
                                29.2708198,
                                40.9548466
                            ],
                            [
                                29.2709766,
                                40.9550451
                            ],
                            [
                                29.2710644,
                                40.9551724
                            ],
                            [
                                29.2712701,
                                40.9554956
                            ],
                            [
                                29.2713453,
                                40.9557488
                            ],
                            [
                                29.2713567,
                                40.9558259
                            ],
                            [
                                29.2713521,
                                40.9559713
                            ],
                            [
                                29.2713423,
                                40.9560218
                            ],
                            [
                                29.2715666,
                                40.9561205
                            ],
                            [
                                29.271827,
                                40.9562151
                            ],
                            [
                                29.2718913,
                                40.9563254
                            ],
                            [
                                29.2719395,
                                40.9565118
                            ],
                            [
                                29.2719971,
                                40.9568028
                            ],
                            [
                                29.2720957,
                                40.9573803
                            ],
                            [
                                29.2721814,
                                40.9577611
                            ],
                            [
                                29.2721991,
                                40.9578764
                            ],
                            [
                                29.2722348,
                                40.9581918
                            ],
                            [
                                29.272068,
                                40.9585505
                            ],
                            [
                                29.2720589,
                                40.9586346
                            ],
                            [
                                29.2720813,
                                40.9587175
                            ],
                            [
                                29.2723802,
                                40.9592005
                            ],
                            [
                                29.2724728,
                                40.9592429
                            ],
                            [
                                29.2725308,
                                40.9593301
                            ],
                            [
                                29.272707,
                                40.9596578
                            ],
                            [
                                29.272732,
                                40.9597195
                            ],
                            [
                                29.2727278,
                                40.959817
                            ],
                            [
                                29.2727571,
                                40.9598739
                            ],
                            [
                                29.2730794,
                                40.9603513
                            ],
                            [
                                29.2732272,
                                40.9605534
                            ],
                            [
                                29.2733201,
                                40.9606409
                            ],
                            [
                                29.2739071,
                                40.961299
                            ],
                            [
                                29.2740601,
                                40.9614828
                            ],
                            [
                                29.2741332,
                                40.9614963
                            ],
                            [
                                29.2742625,
                                40.9614825
                            ],
                            [
                                29.2743891,
                                40.9614593
                            ],
                            [
                                29.2750313,
                                40.9626049
                            ],
                            [
                                29.2751191,
                                40.9627495
                            ],
                            [
                                29.2751466,
                                40.9628244
                            ],
                            [
                                29.2751536,
                                40.9628756
                            ],
                            [
                                29.2751417,
                                40.9629266
                            ],
                            [
                                29.2750657,
                                40.9630149
                            ],
                            [
                                29.2750329,
                                40.9630642
                            ],
                            [
                                29.2750303,
                                40.9631759
                            ],
                            [
                                29.2750601,
                                40.9632534
                            ],
                            [
                                29.2750713,
                                40.963321
                            ],
                            [
                                29.275125,
                                40.9634235
                            ],
                            [
                                29.2753281,
                                40.9637729
                            ],
                            [
                                29.2755183,
                                40.9639868
                            ],
                            [
                                29.2756954,
                                40.9641984
                            ],
                            [
                                29.2748494,
                                40.9648235
                            ],
                            [
                                29.2744268,
                                40.9651484
                            ],
                            [
                                29.2738578,
                                40.9655895
                            ],
                            [
                                29.2734868,
                                40.9658988
                            ],
                            [
                                29.2732314,
                                40.9661117
                            ],
                            [
                                29.2727814,
                                40.9665066
                            ],
                            [
                                29.2718134,
                                40.9673087
                            ],
                            [
                                29.2714208,
                                40.9676056
                            ],
                            [
                                29.2710342,
                                40.9678854
                            ],
                            [
                                29.270494,
                                40.9682541
                            ],
                            [
                                29.2700054,
                                40.9685589
                            ],
                            [
                                29.2690006,
                                40.969117
                            ],
                            [
                                29.2683935,
                                40.9694254
                            ],
                            [
                                29.2673616,
                                40.9698764
                            ],
                            [
                                29.2667836,
                                40.9700994
                            ],
                            [
                                29.2663191,
                                40.9702675
                            ],
                            [
                                29.265413,
                                40.9705611
                            ],
                            [
                                29.2646151,
                                40.9707742
                            ],
                            [
                                29.2644382,
                                40.9702186
                            ],
                            [
                                29.2643469,
                                40.9697868
                            ],
                            [
                                29.2642727,
                                40.9687301
                            ],
                            [
                                29.2642934,
                                40.9685063
                            ],
                            [
                                29.2641935,
                                40.9679881
                            ],
                            [
                                29.2644377,
                                40.967931
                            ],
                            [
                                29.2643617,
                                40.9676336
                            ],
                            [
                                29.2642579,
                                40.9673544
                            ],
                            [
                                29.2642309,
                                40.9673126
                            ],
                            [
                                29.2641561,
                                40.9671649
                            ],
                            [
                                29.2638019,
                                40.9664327
                            ],
                            [
                                29.2633963,
                                40.9655161
                            ],
                            [
                                29.2632365,
                                40.9651681
                            ],
                            [
                                29.2627868,
                                40.9642354
                            ],
                            [
                                29.2625121,
                                40.9636483
                            ],
                            [
                                29.2624213,
                                40.9634993
                            ],
                            [
                                29.2621192,
                                40.9630869
                            ],
                            [
                                29.2620413,
                                40.962938
                            ],
                            [
                                29.2620128,
                                40.9628704
                            ],
                            [
                                29.2619617,
                                40.9627021
                            ],
                            [
                                29.2619305,
                                40.9622035
                            ],
                            [
                                29.2619208,
                                40.9619741
                            ],
                            [
                                29.261934,
                                40.961651
                            ],
                            [
                                29.2619254,
                                40.9614765
                            ],
                            [
                                29.2619155,
                                40.9613903
                            ],
                            [
                                29.2618658,
                                40.9611273
                            ],
                            [
                                29.2616657,
                                40.9611389
                            ],
                            [
                                29.2615972,
                                40.9608593
                            ],
                            [
                                29.2614507,
                                40.9605767
                            ],
                            [
                                29.2612737,
                                40.9602352
                            ],
                            [
                                29.2608913,
                                40.9591309
                            ],
                            [
                                29.2607925,
                                40.9586847
                            ],
                            [
                                29.2606994,
                                40.9584249
                            ],
                            [
                                29.2605687,
                                40.9577367
                            ],
                            [
                                29.2605379,
                                40.9573922
                            ],
                            [
                                29.2604366,
                                40.9571472
                            ],
                            [
                                29.2599726,
                                40.9563286
                            ],
                            [
                                29.2594661,
                                40.9560979
                            ],
                            [
                                29.2592974,
                                40.956033
                            ],
                            [
                                29.2591651,
                                40.9559631
                            ],
                            [
                                29.2590723,
                                40.9559033
                            ],
                            [
                                29.2589934,
                                40.9558665
                            ],
                            [
                                29.2588257,
                                40.9558194
                            ],
                            [
                                29.2582682,
                                40.9556825
                            ],
                            [
                                29.2578057,
                                40.9555507
                            ],
                            [
                                29.2576498,
                                40.9554993
                            ],
                            [
                                29.2575024,
                                40.9554335
                            ],
                            [
                                29.2573548,
                                40.955353
                            ],
                            [
                                29.2572076,
                                40.9552512
                            ],
                            [
                                29.2571095,
                                40.9551532
                            ],
                            [
                                29.2570485,
                                40.95508
                            ],
                            [
                                29.2570228,
                                40.9550567
                            ],
                            [
                                29.2561505,
                                40.9533377
                            ],
                            [
                                29.256823,
                                40.9490347
                            ]
                        ]
                    ]
                ]
            }
        },
        {
            "type": "Feature",
            "properties": {
                "type": "relation",
                "id": 7666489,
                "tags": {
                    "admin_level": "8",
                    "boundary": "administrative",
                    "name": "Abdurrahmangazi Mahallesi",
                    "name:ar": "عبدالرحمن غازي",
                    "network": "TR34-Mahalle",
                    "type": "boundary",
                    "wikidata": "Q85967455",
                    "wikipedia": "tr:Abdurrahmangazi, Sultanbeyli"
                }
            },
            "geometry": {
                "type": "MultiPolygon",
                "coordinates": [
                    [
                        [
                            [
                                29.2465976,
                                40.9512968
                            ],
                            [
                                29.2466739,
                                40.9511027
                            ],
                            [
                                29.2466168,
                                40.9509398
                            ],
                            [
                                29.2478974,
                                40.9488775
                            ],
                            [
                                29.2481047,
                                40.9487259
                            ],
                            [
                                29.256823,
                                40.9490347
                            ],
                            [
                                29.2561505,
                                40.9533377
                            ],
                            [
                                29.2570228,
                                40.9550567
                            ],
                            [
                                29.2570485,
                                40.95508
                            ],
                            [
                                29.2571095,
                                40.9551532
                            ],
                            [
                                29.2572076,
                                40.9552512
                            ],
                            [
                                29.2573548,
                                40.955353
                            ],
                            [
                                29.2575024,
                                40.9554335
                            ],
                            [
                                29.2576498,
                                40.9554993
                            ],
                            [
                                29.2578057,
                                40.9555507
                            ],
                            [
                                29.2582682,
                                40.9556825
                            ],
                            [
                                29.2588257,
                                40.9558194
                            ],
                            [
                                29.2589934,
                                40.9558665
                            ],
                            [
                                29.2590723,
                                40.9559033
                            ],
                            [
                                29.2591651,
                                40.9559631
                            ],
                            [
                                29.2592974,
                                40.956033
                            ],
                            [
                                29.2594661,
                                40.9560979
                            ],
                            [
                                29.2599726,
                                40.9563286
                            ],
                            [
                                29.2604366,
                                40.9571472
                            ],
                            [
                                29.2605379,
                                40.9573922
                            ],
                            [
                                29.2605687,
                                40.9577367
                            ],
                            [
                                29.2606994,
                                40.9584249
                            ],
                            [
                                29.2607925,
                                40.9586847
                            ],
                            [
                                29.2608913,
                                40.9591309
                            ],
                            [
                                29.2612737,
                                40.9602352
                            ],
                            [
                                29.2614507,
                                40.9605767
                            ],
                            [
                                29.2615972,
                                40.9608593
                            ],
                            [
                                29.2616657,
                                40.9611389
                            ],
                            [
                                29.2618658,
                                40.9611273
                            ],
                            [
                                29.2619155,
                                40.9613903
                            ],
                            [
                                29.2619254,
                                40.9614765
                            ],
                            [
                                29.261934,
                                40.961651
                            ],
                            [
                                29.2619208,
                                40.9619741
                            ],
                            [
                                29.2619305,
                                40.9622035
                            ],
                            [
                                29.2619617,
                                40.9627021
                            ],
                            [
                                29.2620128,
                                40.9628704
                            ],
                            [
                                29.2620413,
                                40.962938
                            ],
                            [
                                29.2621192,
                                40.9630869
                            ],
                            [
                                29.2624213,
                                40.9634993
                            ],
                            [
                                29.2625121,
                                40.9636483
                            ],
                            [
                                29.2627868,
                                40.9642354
                            ],
                            [
                                29.2632365,
                                40.9651681
                            ],
                            [
                                29.2633963,
                                40.9655161
                            ],
                            [
                                29.2638019,
                                40.9664327
                            ],
                            [
                                29.2641561,
                                40.9671649
                            ],
                            [
                                29.2642309,
                                40.9673126
                            ],
                            [
                                29.2642579,
                                40.9673544
                            ],
                            [
                                29.2643617,
                                40.9676336
                            ],
                            [
                                29.2644377,
                                40.967931
                            ],
                            [
                                29.2641935,
                                40.9679881
                            ],
                            [
                                29.2642934,
                                40.9685063
                            ],
                            [
                                29.2642727,
                                40.9687301
                            ],
                            [
                                29.2643469,
                                40.9697868
                            ],
                            [
                                29.2644382,
                                40.9702186
                            ],
                            [
                                29.2646151,
                                40.9707742
                            ],
                            [
                                29.2641116,
                                40.970895
                            ],
                            [
                                29.2635516,
                                40.971024
                            ],
                            [
                                29.2626808,
                                40.9711852
                            ],
                            [
                                29.2623984,
                                40.9712266
                            ],
                            [
                                29.2621778,
                                40.9712589
                            ],
                            [
                                29.2613586,
                                40.9713563
                            ],
                            [
                                29.2601157,
                                40.9714937
                            ],
                            [
                                29.2593926,
                                40.9715661
                            ],
                            [
                                29.2589999,
                                40.9716001
                            ],
                            [
                                29.2577684,
                                40.9717722
                            ],
                            [
                                29.2572112,
                                40.9718771
                            ],
                            [
                                29.2556271,
                                40.9722475
                            ],
                            [
                                29.2544381,
                                40.9726033
                            ],
                            [
                                29.2540076,
                                40.9727588
                            ],
                            [
                                29.2541551,
                                40.9722632
                            ],
                            [
                                29.2541734,
                                40.9722028
                            ],
                            [
                                29.2545103,
                                40.9713453
                            ],
                            [
                                29.2547002,
                                40.9708983
                            ],
                            [
                                29.2548548,
                                40.9702921
                            ],
                            [
                                29.2549595,
                                40.9697799
                            ],
                            [
                                29.2551022,
                                40.9691591
                            ],
                            [
                                29.2552817,
                                40.9687873
                            ],
                            [
                                29.2541993,
                                40.9683874
                            ],
                            [
                                29.2536914,
                                40.9682832
                            ],
                            [
                                29.253556,
                                40.9678044
                            ],
                            [
                                29.2532872,
                                40.9667962
                            ],
                            [
                                29.2532479,
                                40.966684
                            ],
                            [
                                29.2532493,
                                40.9666465
                            ],
                            [
                                29.2531233,
                                40.9662843
                            ],
                            [
                                29.252706,
                                40.9652583
                            ],
                            [
                                29.2524393,
                                40.9646562
                            ],
                            [
                                29.2523616,
                                40.9645067
                            ],
                            [
                                29.2523065,
                                40.9643758
                            ],
                            [
                                29.2522412,
                                40.964248
                            ],
                            [
                                29.2521771,
                                40.9641388
                            ],
                            [
                                29.252326,
                                40.9639935
                            ],
                            [
                                29.2523825,
                                40.963953
                            ],
                            [
                                29.2524435,
                                40.9639021
                            ],
                            [
                                29.2526136,
                                40.9636955
                            ],
                            [
                                29.2524686,
                                40.9635944
                            ],
                            [
                                29.2519861,
                                40.9631923
                            ],
                            [
                                29.2522782,
                                40.962959
                            ],
                            [
                                29.2518373,
                                40.962542
                            ],
                            [
                                29.2517542,
                                40.9624493
                            ],
                            [
                                29.2516127,
                                40.9622735
                            ],
                            [
                                29.251411,
                                40.9619928
                            ],
                            [
                                29.2513674,
                                40.9619453
                            ],
                            [
                                29.2512938,
                                40.961887
                            ],
                            [
                                29.2511801,
                                40.9618093
                            ],
                            [
                                29.2510369,
                                40.961725
                            ],
                            [
                                29.2511662,
                                40.9616449
                            ],
                            [
                                29.2514533,
                                40.9614763
                            ],
                            [
                                29.2517843,
                                40.9612958
                            ],
                            [
                                29.2520539,
                                40.9610568
                            ],
                            [
                                29.2522503,
                                40.9608906
                            ],
                            [
                                29.2524198,
                                40.960538
                            ],
                            [
                                29.2525734,
                                40.9603406
                            ],
                            [
                                29.252539,
                                40.9602931
                            ],
                            [
                                29.252442,
                                40.9602294
                            ],
                            [
                                29.2522753,
                                40.960134
                            ],
                            [
                                29.25225,
                                40.9601453
                            ],
                            [
                                29.2521646,
                                40.9601828
                            ],
                            [
                                29.2520864,
                                40.9602737
                            ],
                            [
                                29.2520842,
                                40.9603826
                            ],
                            [
                                29.2519576,
                                40.9605278
                            ],
                            [
                                29.2518685,
                                40.9605711
                            ],
                            [
                                29.2515776,
                                40.9607703
                            ],
                            [
                                29.2514093,
                                40.9606371
                            ],
                            [
                                29.251254,
                                40.960496
                            ],
                            [
                                29.2489939,
                                40.9581675
                            ],
                            [
                                29.2491251,
                                40.9581154
                            ],
                            [
                                29.2491829,
                                40.9579711
                            ],
                            [
                                29.2491273,
                                40.957733
                            ],
                            [
                                29.2491093,
                                40.9572203
                            ],
                            [
                                29.2495131,
                                40.9558365
                            ],
                            [
                                29.2496219,
                                40.9557222
                            ],
                            [
                                29.2497287,
                                40.9555594
                            ],
                            [
                                29.2497883,
                                40.9554107
                            ],
                            [
                                29.2496861,
                                40.955272
                            ],
                            [
                                29.2495796,
                                40.9540203
                            ],
                            [
                                29.2494423,
                                40.9539274
                            ],
                            [
                                29.2495023,
                                40.9538079
                            ],
                            [
                                29.2494437,
                                40.953594
                            ],
                            [
                                29.2493422,
                                40.9534449
                            ],
                            [
                                29.2491051,
                                40.9530987
                            ],
                            [
                                29.2491142,
                                40.9527265
                            ],
                            [
                                29.2493673,
                                40.9524083
                            ],
                            [
                                29.2464301,
                                40.951948
                            ],
                            [
                                29.2466067,
                                40.9514476
                            ],
                            [
                                29.2465976,
                                40.9512968
                            ]
                        ]
                    ]
                ]
            }
        },
        {
            "type": "Feature",
            "properties": {
                "type": "relation",
                "id": 7666490,
                "tags": {
                    "admin_level": "8",
                    "boundary": "administrative",
                    "name": "Hasanpaşa Mahallesi",
                    "name:ar": "حسن باشا",
                    "network": "TR34-Mahalle",
                    "type": "boundary",
                    "wikidata": "Q97226167",
                    "wikipedia": "tr:Hasanpaşa, Sultanbeyli"
                }
            },
            "geometry": {
                "type": "MultiPolygon",
                "coordinates": [
                    [
                        [
                            [
                                29.2489939,
                                40.9581675
                            ],
                            [
                                29.251254,
                                40.960496
                            ],
                            [
                                29.2514093,
                                40.9606371
                            ],
                            [
                                29.2515776,
                                40.9607703
                            ],
                            [
                                29.2518685,
                                40.9605711
                            ],
                            [
                                29.2519576,
                                40.9605278
                            ],
                            [
                                29.2520842,
                                40.9603826
                            ],
                            [
                                29.2520864,
                                40.9602737
                            ],
                            [
                                29.2521646,
                                40.9601828
                            ],
                            [
                                29.25225,
                                40.9601453
                            ],
                            [
                                29.2522753,
                                40.960134
                            ],
                            [
                                29.252442,
                                40.9602294
                            ],
                            [
                                29.252539,
                                40.9602931
                            ],
                            [
                                29.2525734,
                                40.9603406
                            ],
                            [
                                29.2524198,
                                40.960538
                            ],
                            [
                                29.2522503,
                                40.9608906
                            ],
                            [
                                29.2520539,
                                40.9610568
                            ],
                            [
                                29.2517843,
                                40.9612958
                            ],
                            [
                                29.2514533,
                                40.9614763
                            ],
                            [
                                29.2511662,
                                40.9616449
                            ],
                            [
                                29.2510369,
                                40.961725
                            ],
                            [
                                29.2511801,
                                40.9618093
                            ],
                            [
                                29.2512938,
                                40.961887
                            ],
                            [
                                29.2513674,
                                40.9619453
                            ],
                            [
                                29.251411,
                                40.9619928
                            ],
                            [
                                29.2516127,
                                40.9622735
                            ],
                            [
                                29.2517542,
                                40.9624493
                            ],
                            [
                                29.2518373,
                                40.962542
                            ],
                            [
                                29.2522782,
                                40.962959
                            ],
                            [
                                29.2519861,
                                40.9631923
                            ],
                            [
                                29.2524686,
                                40.9635944
                            ],
                            [
                                29.2526136,
                                40.9636955
                            ],
                            [
                                29.2524435,
                                40.9639021
                            ],
                            [
                                29.2523825,
                                40.963953
                            ],
                            [
                                29.252326,
                                40.9639935
                            ],
                            [
                                29.2521771,
                                40.9641388
                            ],
                            [
                                29.2522412,
                                40.964248
                            ],
                            [
                                29.2523065,
                                40.9643758
                            ],
                            [
                                29.2523616,
                                40.9645067
                            ],
                            [
                                29.2524393,
                                40.9646562
                            ],
                            [
                                29.252706,
                                40.9652583
                            ],
                            [
                                29.2531233,
                                40.9662843
                            ],
                            [
                                29.2532493,
                                40.9666465
                            ],
                            [
                                29.2532479,
                                40.966684
                            ],
                            [
                                29.2532872,
                                40.9667962
                            ],
                            [
                                29.253556,
                                40.9678044
                            ],
                            [
                                29.2536914,
                                40.9682832
                            ],
                            [
                                29.2541993,
                                40.9683874
                            ],
                            [
                                29.2552817,
                                40.9687873
                            ],
                            [
                                29.2551022,
                                40.9691591
                            ],
                            [
                                29.2549595,
                                40.9697799
                            ],
                            [
                                29.2548548,
                                40.9702921
                            ],
                            [
                                29.2547002,
                                40.9708983
                            ],
                            [
                                29.2545103,
                                40.9713453
                            ],
                            [
                                29.2541734,
                                40.9722028
                            ],
                            [
                                29.2541551,
                                40.9722632
                            ],
                            [
                                29.2540076,
                                40.9727588
                            ],
                            [
                                29.2533446,
                                40.9730025
                            ],
                            [
                                29.2530217,
                                40.9731287
                            ],
                            [
                                29.2526758,
                                40.9732761
                            ],
                            [
                                29.2511674,
                                40.9739378
                            ],
                            [
                                29.2504167,
                                40.9742366
                            ],
                            [
                                29.2501436,
                                40.9738692
                            ],
                            [
                                29.2489943,
                                40.972728
                            ],
                            [
                                29.2487877,
                                40.9727526
                            ],
                            [
                                29.2486407,
                                40.9727216
                            ],
                            [
                                29.2484084,
                                40.9727037
                            ],
                            [
                                29.2481509,
                                40.9726115
                            ],
                            [
                                29.2479618,
                                40.9723826
                            ],
                            [
                                29.2477632,
                                40.9721423
                            ],
                            [
                                29.2471919,
                                40.9717396
                            ],
                            [
                                29.2467682,
                                40.9714343
                            ],
                            [
                                29.2466782,
                                40.9713139
                            ],
                            [
                                29.2466637,
                                40.9712061
                            ],
                            [
                                29.2466602,
                                40.9711283
                            ],
                            [
                                29.2465748,
                                40.9710261
                            ],
                            [
                                29.2463668,
                                40.9708182
                            ],
                            [
                                29.2462148,
                                40.9706918
                            ],
                            [
                                29.2461146,
                                40.9706439
                            ],
                            [
                                29.2457037,
                                40.9705253
                            ],
                            [
                                29.2455264,
                                40.9703795
                            ],
                            [
                                29.2454651,
                                40.970021
                            ],
                            [
                                29.2451643,
                                40.969496
                            ],
                            [
                                29.2450503,
                                40.9693363
                            ],
                            [
                                29.2449499,
                                40.9691547
                            ],
                            [
                                29.2447988,
                                40.9683751
                            ],
                            [
                                29.2448009,
                                40.9680216
                            ],
                            [
                                29.2447622,
                                40.9679318
                            ],
                            [
                                29.2447211,
                                40.967708
                            ],
                            [
                                29.2448453,
                                40.9671269
                            ],
                            [
                                29.244892,
                                40.9669435
                            ],
                            [
                                29.2449698,
                                40.9666194
                            ],
                            [
                                29.2450617,
                                40.9660404
                            ],
                            [
                                29.2451109,
                                40.9654827
                            ],
                            [
                                29.2453399,
                                40.9652534
                            ],
                            [
                                29.2453908,
                                40.9650113
                            ],
                            [
                                29.2453395,
                                40.9648785
                            ],
                            [
                                29.2459514,
                                40.9643625
                            ],
                            [
                                29.2466814,
                                40.9639253
                            ],
                            [
                                29.2468604,
                                40.9636225
                            ],
                            [
                                29.2471588,
                                40.9629343
                            ],
                            [
                                29.2471816,
                                40.9627378
                            ],
                            [
                                29.2471533,
                                40.9626163
                            ],
                            [
                                29.2470278,
                                40.962334
                            ],
                            [
                                29.2469873,
                                40.9622007
                            ],
                            [
                                29.2469918,
                                40.9620778
                            ],
                            [
                                29.2470479,
                                40.9618672
                            ],
                            [
                                29.2471719,
                                40.9617493
                            ],
                            [
                                29.2482803,
                                40.9611223
                            ],
                            [
                                29.2478229,
                                40.9607591
                            ],
                            [
                                29.2477321,
                                40.9603952
                            ],
                            [
                                29.2476418,
                                40.9598349
                            ],
                            [
                                29.2478711,
                                40.9591002
                            ],
                            [
                                29.248293,
                                40.9587392
                            ],
                            [
                                29.2486594,
                                40.9585661
                            ],
                            [
                                29.248862,
                                40.9584173
                            ],
                            [
                                29.2489939,
                                40.9581675
                            ]
                        ]
                    ]
                ]
            }
        },
        {
            "type": "Feature",
            "properties": {
                "type": "relation",
                "id": 7666491,
                "tags": {
                    "admin_level": "8",
                    "boundary": "administrative",
                    "name": "Akşemsettin Mahallesi",
                    "name:ar": "أكشامسيتين",
                    "network": "TR34-Mahalle",
                    "type": "boundary",
                    "wikidata": "Q97224199"
                }
            },
            "geometry": {
                "type": "MultiPolygon",
                "coordinates": [
                    [
                        [
                            [
                                29.2908793,
                                40.9472818
                            ],
                            [
                                29.2910599,
                                40.9472637
                            ],
                            [
                                29.291328,
                                40.9471986
                            ],
                            [
                                29.2915964,
                                40.9470847
                            ],
                            [
                                29.291769,
                                40.9469709
                            ],
                            [
                                29.2937336,
                                40.946079
                            ],
                            [
                                29.2944204,
                                40.9456879
                            ],
                            [
                                29.2947806,
                                40.9454895
                            ],
                            [
                                29.2951541,
                                40.9452385
                            ],
                            [
                                29.2953328,
                                40.9450931
                            ],
                            [
                                29.2954916,
                                40.9449483
                            ],
                            [
                                29.2956703,
                                40.9447977
                            ],
                            [
                                29.2958278,
                                40.9446789
                            ],
                            [
                                29.295962,
                                40.9446282
                            ],
                            [
                                29.2962789,
                                40.9444997
                            ],
                            [
                                29.2964357,
                                40.9444383
                            ],
                            [
                                29.2968307,
                                40.9442501
                            ],
                            [
                                29.2967912,
                                40.9441613
                            ],
                            [
                                29.2967305,
                                40.9440673
                            ],
                            [
                                29.2965857,
                                40.9438647
                            ],
                            [
                                29.296474,
                                40.9437488
                            ],
                            [
                                29.2963258,
                                40.9436116
                            ],
                            [
                                29.2961273,
                                40.9434523
                            ],
                            [
                                29.2960811,
                                40.9434277
                            ],
                            [
                                29.2960547,
                                40.9434071
                            ],
                            [
                                29.2960384,
                                40.94338
                            ],
                            [
                                29.2958835,
                                40.9433156
                            ],
                            [
                                29.2956132,
                                40.9431899
                            ],
                            [
                                29.2953772,
                                40.9430457
                            ],
                            [
                                29.2951552,
                                40.9428262
                            ],
                            [
                                29.2949869,
                                40.942594
                            ],
                            [
                                29.2948684,
                                40.9424201
                            ],
                            [
                                29.2948241,
                                40.9423115
                            ],
                            [
                                29.2947975,
                                40.9421325
                            ],
                            [
                                29.2947837,
                                40.9419449
                            ],
                            [
                                29.2947988,
                                40.9416563
                            ],
                            [
                                29.2948201,
                                40.9416015
                            ],
                            [
                                29.2948672,
                                40.9415495
                            ],
                            [
                                29.2949097,
                                40.9414854
                            ],
                            [
                                29.2949238,
                                40.9414169
                            ],
                            [
                                29.2949199,
                                40.9413376
                            ],
                            [
                                29.2948649,
                                40.9409177
                            ],
                            [
                                29.2947556,
                                40.9402574
                            ],
                            [
                                29.2947358,
                                40.9400781
                            ],
                            [
                                29.2949819,
                                40.9395441
                            ],
                            [
                                29.2950319,
                                40.9394161
                            ],
                            [
                                29.2954998,
                                40.9384503
                            ],
                            [
                                29.2956735,
                                40.9382302
                            ],
                            [
                                29.2959583,
                                40.9383382
                            ],
                            [
                                29.2963886,
                                40.9385013
                            ],
                            [
                                29.2968007,
                                40.9389486
                            ],
                            [
                                29.2972022,
                                40.9393296
                            ],
                            [
                                29.2975934,
                                40.9396152
                            ],
                            [
                                29.3000943,
                                40.9409083
                            ],
                            [
                                29.3012247,
                                40.9415218
                            ],
                            [
                                29.3023002,
                                40.942096
                            ],
                            [
                                29.302526,
                                40.9422488
                            ],
                            [
                                29.303162,
                                40.9428904
                            ],
                            [
                                29.3037175,
                                40.9435463
                            ],
                            [
                                29.3040722,
                                40.9440898
                            ],
                            [
                                29.3044564,
                                40.9444084
                            ],
                            [
                                29.3046738,
                                40.9445317
                            ],
                            [
                                29.3053645,
                                40.9448061
                            ],
                            [
                                29.3057602,
                                40.9450197
                            ],
                            [
                                29.3063065,
                                40.9456118
                            ],
                            [
                                29.3065685,
                                40.9459527
                            ],
                            [
                                29.3068515,
                                40.9463854
                            ],
                            [
                                29.3077219,
                                40.9471219
                            ],
                            [
                                29.3080605,
                                40.9474737
                            ],
                            [
                                29.3083493,
                                40.9479213
                            ],
                            [
                                29.3087049,
                                40.9485079
                            ],
                            [
                                29.3074401,
                                40.9492885
                            ],
                            [
                                29.3068612,
                                40.9496186
                            ],
                            [
                                29.3067608,
                                40.949671
                            ],
                            [
                                29.3064637,
                                40.9498383
                            ],
                            [
                                29.305834,
                                40.9501639
                            ],
                            [
                                29.3051616,
                                40.9504953
                            ],
                            [
                                29.3045741,
                                40.9507733
                            ],
                            [
                                29.3043606,
                                40.9508694
                            ],
                            [
                                29.3038888,
                                40.9510763
                            ],
                            [
                                29.3033525,
                                40.9512992
                            ],
                            [
                                29.302783,
                                40.9515266
                            ],
                            [
                                29.3017913,
                                40.9518988
                            ],
                            [
                                29.3011495,
                                40.9521401
                            ],
                            [
                                29.3001723,
                                40.9524796
                            ],
                            [
                                29.2982994,
                                40.9531598
                            ],
                            [
                                29.2974124,
                                40.9535258
                            ],
                            [
                                29.2972925,
                                40.952985
                            ],
                            [
                                29.2971925,
                                40.9521663
                            ],
                            [
                                29.2969708,
                                40.9521943
                            ],
                            [
                                29.2967948,
                                40.9522073
                            ],
                            [
                                29.2966675,
                                40.9521999
                            ],
                            [
                                29.2963666,
                                40.9520703
                            ],
                            [
                                29.2958815,
                                40.9517714
                            ],
                            [
                                29.2956252,
                                40.9516403
                            ],
                            [
                                29.2950718,
                                40.9513816
                            ],
                            [
                                29.2944118,
                                40.951095
                            ],
                            [
                                29.2943448,
                                40.9510016
                            ],
                            [
                                29.2940588,
                                40.9507869
                            ],
                            [
                                29.2939096,
                                40.9506832
                            ],
                            [
                                29.2937956,
                                40.9505864
                            ],
                            [
                                29.2933773,
                                40.9502079
                            ],
                            [
                                29.2931031,
                                40.9502757
                            ],
                            [
                                29.2928857,
                                40.9500241
                            ],
                            [
                                29.2927949,
                                40.9499273
                            ],
                            [
                                29.2926194,
                                40.9497616
                            ],
                            [
                                29.292478,
                                40.9496415
                            ],
                            [
                                29.2922775,
                                40.9494957
                            ],
                            [
                                29.292178,
                                40.9494012
                            ],
                            [
                                29.2921561,
                                40.9493803
                            ],
                            [
                                29.2920943,
                                40.9493051
                            ],
                            [
                                29.2918154,
                                40.9490575
                            ],
                            [
                                29.2916384,
                                40.9488875
                            ],
                            [
                                29.2911823,
                                40.948471
                            ],
                            [
                                29.2907619,
                                40.9481188
                            ],
                            [
                                29.2903671,
                                40.9477664
                            ],
                            [
                                29.2902741,
                                40.9476511
                            ],
                            [
                                29.2901781,
                                40.9475499
                            ],
                            [
                                29.2908053,
                                40.94734
                            ],
                            [
                                29.2908483,
                                40.9473062
                            ],
                            [
                                29.2908793,
                                40.9472818
                            ]
                        ]
                    ]
                ]
            }
        },
        {
            "type": "Feature",
            "properties": {
                "type": "relation",
                "id": 7666492,
                "tags": {
                    "admin_level": "8",
                    "boundary": "administrative",
                    "name": "Mecidiye Mahallesi",
                    "name:ar": "مجدية",
                    "network": "TR34-Mahalle",
                    "type": "boundary",
                    "wikidata": "Q97227319"
                }
            },
            "geometry": {
                "type": "MultiPolygon",
                "coordinates": [
                    [
                        [
                            [
                                29.2885173,
                                40.9581345
                            ],
                            [
                                29.2889763,
                                40.957908
                            ],
                            [
                                29.2893844,
                                40.9577147
                            ],
                            [
                                29.2900881,
                                40.9573299
                            ],
                            [
                                29.2908201,
                                40.9569239
                            ],
                            [
                                29.2920006,
                                40.9562553
                            ],
                            [
                                29.2933119,
                                40.9554894
                            ],
                            [
                                29.2941515,
                                40.9550498
                            ],
                            [
                                29.295144,
                                40.9545469
                            ],
                            [
                                29.2956714,
                                40.9542892
                            ],
                            [
                                29.2968448,
                                40.9537575
                            ],
                            [
                                29.2974124,
                                40.9535258
                            ],
                            [
                                29.2982994,
                                40.9531598
                            ],
                            [
                                29.3001723,
                                40.9524796
                            ],
                            [
                                29.3011495,
                                40.9521401
                            ],
                            [
                                29.3017913,
                                40.9518988
                            ],
                            [
                                29.302783,
                                40.9515266
                            ],
                            [
                                29.3033525,
                                40.9512992
                            ],
                            [
                                29.3038888,
                                40.9510763
                            ],
                            [
                                29.3043606,
                                40.9508694
                            ],
                            [
                                29.3045741,
                                40.9507733
                            ],
                            [
                                29.3051616,
                                40.9504953
                            ],
                            [
                                29.305834,
                                40.9501639
                            ],
                            [
                                29.3064637,
                                40.9498383
                            ],
                            [
                                29.3067608,
                                40.949671
                            ],
                            [
                                29.3068612,
                                40.9496186
                            ],
                            [
                                29.3074401,
                                40.9492885
                            ],
                            [
                                29.3087049,
                                40.9485079
                            ],
                            [
                                29.3099644,
                                40.9492854
                            ],
                            [
                                29.3100263,
                                40.9507886
                            ],
                            [
                                29.3096973,
                                40.9513828
                            ],
                            [
                                29.3109092,
                                40.9541682
                            ],
                            [
                                29.3114388,
                                40.9548993
                            ],
                            [
                                29.3119449,
                                40.9555785
                            ],
                            [
                                29.3117751,
                                40.9590355
                            ],
                            [
                                29.3108029,
                                40.9600343
                            ],
                            [
                                29.3072943,
                                40.9590281
                            ],
                            [
                                29.3053442,
                                40.9586556
                            ],
                            [
                                29.3035236,
                                40.9584416
                            ],
                            [
                                29.3031744,
                                40.9586933
                            ],
                            [
                                29.3027668,
                                40.9589668
                            ],
                            [
                                29.3023489,
                                40.9605714
                            ],
                            [
                                29.3009153,
                                40.9617592
                            ],
                            [
                                29.3004182,
                                40.9623104
                            ],
                            [
                                29.2997342,
                                40.9634117
                            ],
                            [
                                29.2997127,
                                40.9637432
                            ],
                            [
                                29.2998547,
                                40.963955
                            ],
                            [
                                29.2998286,
                                40.9641386
                            ],
                            [
                                29.2989897,
                                40.9647178
                            ],
                            [
                                29.2985316,
                                40.9652009
                            ],
                            [
                                29.2978847,
                                40.9662207
                            ],
                            [
                                29.2974182,
                                40.9662298
                            ],
                            [
                                29.2922423,
                                40.9624998
                            ],
                            [
                                29.2918618,
                                40.9621193
                            ],
                            [
                                29.2918191,
                                40.9620766
                            ],
                            [
                                29.2918041,
                                40.9620616
                            ],
                            [
                                29.2917439,
                                40.9620014
                            ],
                            [
                                29.2916118,
                                40.9618717
                            ],
                            [
                                29.2910306,
                                40.961328
                            ],
                            [
                                29.2909891,
                                40.9612872
                            ],
                            [
                                29.2908764,
                                40.9611764
                            ],
                            [
                                29.2909412,
                                40.9610137
                            ],
                            [
                                29.2905552,
                                40.9605104
                            ],
                            [
                                29.290322,
                                40.9602446
                            ],
                            [
                                29.2896915,
                                40.9594196
                            ],
                            [
                                29.2896415,
                                40.9593895
                            ],
                            [
                                29.2895872,
                                40.9593477
                            ],
                            [
                                29.2893386,
                                40.9590582
                            ],
                            [
                                29.2890554,
                                40.9587463
                            ],
                            [
                                29.2888624,
                                40.9585464
                            ],
                            [
                                29.2885173,
                                40.9581345
                            ]
                        ]
                    ]
                ]
            }
        },
        {
            "type": "Feature",
            "properties": {
                "type": "relation",
                "id": 7666493,
                "tags": {
                    "admin_level": "8",
                    "boundary": "administrative",
                    "name": "Turgut Reis Mahallesi",
                    "name:ar": "تورجوت رييس",
                    "network": "TR34-Mahalle",
                    "type": "boundary",
                    "wikidata": "Q97228451"
                }
            },
            "geometry": {
                "type": "MultiPolygon",
                "coordinates": [
                    [
                        [
                            [
                                29.2734868,
                                40.9658988
                            ],
                            [
                                29.2738578,
                                40.9655895
                            ],
                            [
                                29.2744268,
                                40.9651484
                            ],
                            [
                                29.2748494,
                                40.9648235
                            ],
                            [
                                29.2756954,
                                40.9641984
                            ],
                            [
                                29.2758884,
                                40.9640701
                            ],
                            [
                                29.2767751,
                                40.9634824
                            ],
                            [
                                29.2772012,
                                40.9632157
                            ],
                            [
                                29.2777464,
                                40.9628855
                            ],
                            [
                                29.2787372,
                                40.9623247
                            ],
                            [
                                29.2791881,
                                40.962082
                            ],
                            [
                                29.2796762,
                                40.9618199
                            ],
                            [
                                29.280527,
                                40.9614018
                            ],
                            [
                                29.2813775,
                                40.9610094
                            ],
                            [
                                29.2817176,
                                40.9608575
                            ],
                            [
                                29.2824545,
                                40.9605372
                            ],
                            [
                                29.2834766,
                                40.96014
                            ],
                            [
                                29.2845272,
                                40.9597551
                            ],
                            [
                                29.2853661,
                                40.9594433
                            ],
                            [
                                29.2861977,
                                40.9591325
                            ],
                            [
                                29.2870147,
                                40.9587949
                            ],
                            [
                                29.2880292,
                                40.9583564
                            ],
                            [
                                29.2885173,
                                40.9581345
                            ],
                            [
                                29.2888624,
                                40.9585464
                            ],
                            [
                                29.2890554,
                                40.9587463
                            ],
                            [
                                29.2893386,
                                40.9590582
                            ],
                            [
                                29.2895872,
                                40.9593477
                            ],
                            [
                                29.2896415,
                                40.9593895
                            ],
                            [
                                29.2896915,
                                40.9594196
                            ],
                            [
                                29.290322,
                                40.9602446
                            ],
                            [
                                29.2905552,
                                40.9605104
                            ],
                            [
                                29.2909412,
                                40.9610137
                            ],
                            [
                                29.2908764,
                                40.9611764
                            ],
                            [
                                29.2909891,
                                40.9612872
                            ],
                            [
                                29.2910306,
                                40.961328
                            ],
                            [
                                29.2916118,
                                40.9618717
                            ],
                            [
                                29.2917439,
                                40.9620014
                            ],
                            [
                                29.2918041,
                                40.9620616
                            ],
                            [
                                29.2918191,
                                40.9620766
                            ],
                            [
                                29.2918618,
                                40.9621193
                            ],
                            [
                                29.2922423,
                                40.9624998
                            ],
                            [
                                29.2974182,
                                40.9662298
                            ],
                            [
                                29.2978847,
                                40.9662207
                            ],
                            [
                                29.2964192,
                                40.9675376
                            ],
                            [
                                29.2953312,
                                40.9679228
                            ],
                            [
                                29.2935757,
                                40.9688849
                            ],
                            [
                                29.2930944,
                                40.9702746
                            ],
                            [
                                29.2905177,
                                40.972498
                            ],
                            [
                                29.2834987,
                                40.9712392
                            ],
                            [
                                29.2834964,
                                40.9712294
                            ],
                            [
                                29.2834887,
                                40.9711972
                            ],
                            [
                                29.2834756,
                                40.97117
                            ],
                            [
                                29.2834338,
                                40.9711081
                            ],
                            [
                                29.2833012,
                                40.9709656
                            ],
                            [
                                29.2832429,
                                40.9709088
                            ],
                            [
                                29.2831354,
                                40.9708405
                            ],
                            [
                                29.2830649,
                                40.9708014
                            ],
                            [
                                29.2829426,
                                40.9707481
                            ],
                            [
                                29.2828812,
                                40.9707287
                            ],
                            [
                                29.282788,
                                40.970715
                            ],
                            [
                                29.2825588,
                                40.9706959
                            ],
                            [
                                29.2822981,
                                40.970681
                            ],
                            [
                                29.2822041,
                                40.97067
                            ],
                            [
                                29.2819867,
                                40.9706121
                            ],
                            [
                                29.2817438,
                                40.9705375
                            ],
                            [
                                29.281406,
                                40.9704049
                            ],
                            [
                                29.2810634,
                                40.9702865
                            ],
                            [
                                29.2805667,
                                40.9700918
                            ],
                            [
                                29.2802344,
                                40.9699415
                            ],
                            [
                                29.2798308,
                                40.9697981
                            ],
                            [
                                29.2796397,
                                40.9697183
                            ],
                            [
                                29.2793242,
                                40.969567
                            ],
                            [
                                29.2791449,
                                40.9695078
                            ],
                            [
                                29.2788912,
                                40.9694303
                            ],
                            [
                                29.2786029,
                                40.9693618
                            ],
                            [
                                29.2785276,
                                40.9693391
                            ],
                            [
                                29.2783101,
                                40.9692576
                            ],
                            [
                                29.2777622,
                                40.9690854
                            ],
                            [
                                29.2776941,
                                40.969073
                            ],
                            [
                                29.2774168,
                                40.9689782
                            ],
                            [
                                29.277203,
                                40.9689134
                            ],
                            [
                                29.2770354,
                                40.9688541
                            ],
                            [
                                29.2767128,
                                40.9687498
                            ],
                            [
                                29.2762515,
                                40.9685752
                            ],
                            [
                                29.2758698,
                                40.9683863
                            ],
                            [
                                29.2756112,
                                40.968201
                            ],
                            [
                                29.2755637,
                                40.9681628
                            ],
                            [
                                29.2754533,
                                40.96807
                            ],
                            [
                                29.27536,
                                40.967975
                            ],
                            [
                                29.2752354,
                                40.9678178
                            ],
                            [
                                29.2748527,
                                40.9672173
                            ],
                            [
                                29.2748151,
                                40.9671724
                            ],
                            [
                                29.2749412,
                                40.9671434
                            ],
                            [
                                29.2751847,
                                40.9671089
                            ],
                            [
                                29.2751543,
                                40.967019
                            ],
                            [
                                29.27508,
                                40.9668801
                            ],
                            [
                                29.2748642,
                                40.9665827
                            ],
                            [
                                29.2748054,
                                40.9664796
                            ],
                            [
                                29.2746495,
                                40.9661621
                            ],
                            [
                                29.274426,
                                40.9661552
                            ],
                            [
                                29.2742211,
                                40.9661331
                            ],
                            [
                                29.274071,
                                40.966097
                            ],
                            [
                                29.2738264,
                                40.9660038
                            ],
                            [
                                29.2734868,
                                40.9658988
                            ]
                        ]
                    ]
                ]
            }
        },
        {
            "type": "Feature",
            "properties": {
                "type": "relation",
                "id": 7666495,
                "tags": {
                    "admin_level": "8",
                    "boundary": "administrative",
                    "name": "Adil Mahallesi",
                    "name:ar": "عدل",
                    "network": "TR34-Mahalle",
                    "type": "boundary",
                    "wikidata": "Q97224087",
                    "wikipedia": "tr:Adil, Sultanbeyli"
                }
            },
            "geometry": {
                "type": "MultiPolygon",
                "coordinates": [
                    [
                        [
                            [
                                29.2504167,
                                40.9742366
                            ],
                            [
                                29.2511674,
                                40.9739378
                            ],
                            [
                                29.2526758,
                                40.9732761
                            ],
                            [
                                29.2530217,
                                40.9731287
                            ],
                            [
                                29.2533446,
                                40.9730025
                            ],
                            [
                                29.2540076,
                                40.9727588
                            ],
                            [
                                29.2544381,
                                40.9726033
                            ],
                            [
                                29.2556271,
                                40.9722475
                            ],
                            [
                                29.2572112,
                                40.9718771
                            ],
                            [
                                29.2577684,
                                40.9717722
                            ],
                            [
                                29.2589999,
                                40.9716001
                            ],
                            [
                                29.2593926,
                                40.9715661
                            ],
                            [
                                29.2601157,
                                40.9714937
                            ],
                            [
                                29.2613586,
                                40.9713563
                            ],
                            [
                                29.2621778,
                                40.9712589
                            ],
                            [
                                29.2623984,
                                40.9712266
                            ],
                            [
                                29.2624357,
                                40.9714075
                            ],
                            [
                                29.2624597,
                                40.9715236
                            ],
                            [
                                29.2625794,
                                40.9719618
                            ],
                            [
                                29.2626258,
                                40.9720766
                            ],
                            [
                                29.2626672,
                                40.9721612
                            ],
                            [
                                29.2627063,
                                40.972231
                            ],
                            [
                                29.2628603,
                                40.9724355
                            ],
                            [
                                29.2630666,
                                40.9726958
                            ],
                            [
                                29.2632549,
                                40.972922
                            ],
                            [
                                29.2634428,
                                40.9731762
                            ],
                            [
                                29.2635495,
                                40.9733616
                            ],
                            [
                                29.2637595,
                                40.9737686
                            ],
                            [
                                29.2637931,
                                40.9738451
                            ],
                            [
                                29.2638867,
                                40.9740064
                            ],
                            [
                                29.2639614,
                                40.9742016
                            ],
                            [
                                29.2641571,
                                40.9749418
                            ],
                            [
                                29.2642186,
                                40.975135
                            ],
                            [
                                29.2643328,
                                40.9753546
                            ],
                            [
                                29.2647672,
                                40.9760763
                            ],
                            [
                                29.2649659,
                                40.976426
                            ],
                            [
                                29.2650394,
                                40.9766568
                            ],
                            [
                                29.2651125,
                                40.9769296
                            ],
                            [
                                29.2653019,
                                40.9774331
                            ],
                            [
                                29.2653586,
                                40.9776057
                            ],
                            [
                                29.2654232,
                                40.9778256
                            ],
                            [
                                29.2656953,
                                40.9788901
                            ],
                            [
                                29.2657382,
                                40.9791
                            ],
                            [
                                29.2657571,
                                40.9792517
                            ],
                            [
                                29.2657647,
                                40.9793756
                            ],
                            [
                                29.2657549,
                                40.9799227
                            ],
                            [
                                29.2657614,
                                40.9802401
                            ],
                            [
                                29.2657825,
                                40.9803786
                            ],
                            [
                                29.2658268,
                                40.9805677
                            ],
                            [
                                29.2658993,
                                40.9807018
                            ],
                            [
                                29.2660426,
                                40.9809329
                            ],
                            [
                                29.266324,
                                40.9813445
                            ],
                            [
                                29.266602,
                                40.981741
                            ],
                            [
                                29.266717,
                                40.9818933
                            ],
                            [
                                29.2669473,
                                40.9821822
                            ],
                            [
                                29.2670181,
                                40.9822521
                            ],
                            [
                                29.2666738,
                                40.9823907
                            ],
                            [
                                29.2665165,
                                40.9824614
                            ],
                            [
                                29.2663876,
                                40.9825308
                            ],
                            [
                                29.2661771,
                                40.982656
                            ],
                            [
                                29.2661074,
                                40.982701
                            ],
                            [
                                29.2659474,
                                40.9828202
                            ],
                            [
                                29.2657493,
                                40.9829984
                            ],
                            [
                                29.2655304,
                                40.9832138
                            ],
                            [
                                29.2653891,
                                40.9833859
                            ],
                            [
                                29.2653338,
                                40.9834621
                            ],
                            [
                                29.265238,
                                40.9836159
                            ],
                            [
                                29.2650436,
                                40.9839858
                            ],
                            [
                                29.2648218,
                                40.9845378
                            ],
                            [
                                29.2646988,
                                40.9848441
                            ],
                            [
                                29.2643882,
                                40.9857257
                            ],
                            [
                                29.2642639,
                                40.986196
                            ],
                            [
                                29.2641997,
                                40.9864901
                            ],
                            [
                                29.2640366,
                                40.987183
                            ],
                            [
                                29.2640147,
                                40.987256
                            ],
                            [
                                29.2639842,
                                40.9874074
                            ],
                            [
                                29.2638923,
                                40.9876947
                            ],
                            [
                                29.2633061,
                                40.9892327
                            ],
                            [
                                29.2632366,
                                40.9894297
                            ],
                            [
                                29.2630964,
                                40.989819
                            ],
                            [
                                29.2624938,
                                40.9897931
                            ],
                            [
                                29.2617714,
                                40.9897309
                            ],
                            [
                                29.2609582,
                                40.989625
                            ],
                            [
                                29.2605846,
                                40.9895725
                            ],
                            [
                                29.2603192,
                                40.9895299
                            ],
                            [
                                29.2599077,
                                40.9894721
                            ],
                            [
                                29.2583762,
                                40.9891964
                            ],
                            [
                                29.2575776,
                                40.9890474
                            ],
                            [
                                29.2572702,
                                40.9889836
                            ],
                            [
                                29.2570277,
                                40.9889177
                            ],
                            [
                                29.2564514,
                                40.9887751
                            ],
                            [
                                29.2552971,
                                40.9885078
                            ],
                            [
                                29.2552073,
                                40.988473
                            ],
                            [
                                29.2551322,
                                40.9884218
                            ],
                            [
                                29.2546547,
                                40.9879744
                            ],
                            [
                                29.2544969,
                                40.9879025
                            ],
                            [
                                29.2544406,
                                40.9878769
                            ],
                            [
                                29.2544152,
                                40.9877206
                            ],
                            [
                                29.2544416,
                                40.98731
                            ],
                            [
                                29.2544578,
                                40.9868337
                            ],
                            [
                                29.2544786,
                                40.9864312
                            ],
                            [
                                29.2544702,
                                40.9862135
                            ],
                            [
                                29.2544502,
                                40.9860572
                            ],
                            [
                                29.2544697,
                                40.9857739
                            ],
                            [
                                29.2543725,
                                40.985268
                            ],
                            [
                                29.25335,
                                40.9825139
                            ],
                            [
                                29.2530121,
                                40.9815835
                            ],
                            [
                                29.252642,
                                40.9808415
                            ],
                            [
                                29.2523145,
                                40.9803073
                            ],
                            [
                                29.2519884,
                                40.9798919
                            ],
                            [
                                29.2518076,
                                40.9795785
                            ],
                            [
                                29.2517507,
                                40.9793399
                            ],
                            [
                                29.2517889,
                                40.9788431
                            ],
                            [
                                29.2518243,
                                40.9785886
                            ],
                            [
                                29.2520212,
                                40.9783604
                            ],
                            [
                                29.252032,
                                40.9771367
                            ],
                            [
                                29.251971,
                                40.97706
                            ],
                            [
                                29.251954,
                                40.9769566
                            ],
                            [
                                29.252024,
                                40.9767918
                            ],
                            [
                                29.2520717,
                                40.9765959
                            ],
                            [
                                29.2519743,
                                40.9763681
                            ],
                            [
                                29.2517433,
                                40.975927
                            ],
                            [
                                29.2515595,
                                40.9757743
                            ],
                            [
                                29.2504167,
                                40.9742366
                            ]
                        ]
                    ]
                ]
            }
        },
        {
            "type": "Feature",
            "properties": {
                "type": "relation",
                "id": 7666496,
                "tags": {
                    "admin_level": "8",
                    "boundary": "administrative",
                    "name": "Battalgazi Mahallesi",
                    "name:ar": "بتالغازي",
                    "network": "TR34-Mahalle",
                    "type": "boundary",
                    "wikidata": "Q97224650"
                }
            },
            "geometry": {
                "type": "MultiPolygon",
                "coordinates": [
                    [
                        [
                            [
                                29.2630964,
                                40.989819
                            ],
                            [
                                29.2632366,
                                40.9894297
                            ],
                            [
                                29.2633061,
                                40.9892327
                            ],
                            [
                                29.2638923,
                                40.9876947
                            ],
                            [
                                29.2639842,
                                40.9874074
                            ],
                            [
                                29.2640147,
                                40.987256
                            ],
                            [
                                29.2640366,
                                40.987183
                            ],
                            [
                                29.2641997,
                                40.9864901
                            ],
                            [
                                29.2642639,
                                40.986196
                            ],
                            [
                                29.2643882,
                                40.9857257
                            ],
                            [
                                29.2646988,
                                40.9848441
                            ],
                            [
                                29.2648218,
                                40.9845378
                            ],
                            [
                                29.2650436,
                                40.9839858
                            ],
                            [
                                29.265238,
                                40.9836159
                            ],
                            [
                                29.2653338,
                                40.9834621
                            ],
                            [
                                29.2653891,
                                40.9833859
                            ],
                            [
                                29.2655304,
                                40.9832138
                            ],
                            [
                                29.2657493,
                                40.9829984
                            ],
                            [
                                29.2659474,
                                40.9828202
                            ],
                            [
                                29.2661074,
                                40.982701
                            ],
                            [
                                29.2661771,
                                40.982656
                            ],
                            [
                                29.2663876,
                                40.9825308
                            ],
                            [
                                29.2665165,
                                40.9824614
                            ],
                            [
                                29.2666738,
                                40.9823907
                            ],
                            [
                                29.2670181,
                                40.9822521
                            ],
                            [
                                29.2669473,
                                40.9821822
                            ],
                            [
                                29.266717,
                                40.9818933
                            ],
                            [
                                29.266602,
                                40.981741
                            ],
                            [
                                29.266324,
                                40.9813445
                            ],
                            [
                                29.2660426,
                                40.9809329
                            ],
                            [
                                29.2658993,
                                40.9807018
                            ],
                            [
                                29.2658268,
                                40.9805677
                            ],
                            [
                                29.2657825,
                                40.9803786
                            ],
                            [
                                29.2657614,
                                40.9802401
                            ],
                            [
                                29.2657549,
                                40.9799227
                            ],
                            [
                                29.2657647,
                                40.9793756
                            ],
                            [
                                29.2657571,
                                40.9792517
                            ],
                            [
                                29.2657382,
                                40.9791
                            ],
                            [
                                29.2656953,
                                40.9788901
                            ],
                            [
                                29.2654232,
                                40.9778256
                            ],
                            [
                                29.2653586,
                                40.9776057
                            ],
                            [
                                29.2653019,
                                40.9774331
                            ],
                            [
                                29.2651125,
                                40.9769296
                            ],
                            [
                                29.2650394,
                                40.9766568
                            ],
                            [
                                29.2650881,
                                40.9766586
                            ],
                            [
                                29.2652773,
                                40.9767876
                            ],
                            [
                                29.2660284,
                                40.9772118
                            ],
                            [
                                29.2662493,
                                40.9768758
                            ],
                            [
                                29.2662819,
                                40.9767926
                            ],
                            [
                                29.2663505,
                                40.9764917
                            ],
                            [
                                29.2665612,
                                40.9764681
                            ],
                            [
                                29.2670222,
                                40.9764599
                            ],
                            [
                                29.2674591,
                                40.9763194
                            ],
                            [
                                29.267697,
                                40.9762525
                            ],
                            [
                                29.2680494,
                                40.9761474
                            ],
                            [
                                29.2683744,
                                40.9760862
                            ],
                            [
                                29.2686038,
                                40.9760759
                            ],
                            [
                                29.2687547,
                                40.9760792
                            ],
                            [
                                29.2688147,
                                40.9760749
                            ],
                            [
                                29.2691309,
                                40.9761159
                            ],
                            [
                                29.2695701,
                                40.9761088
                            ],
                            [
                                29.2698587,
                                40.9760808
                            ],
                            [
                                29.2700282,
                                40.9760531
                            ],
                            [
                                29.2704051,
                                40.9760348
                            ],
                            [
                                29.2706391,
                                40.976034
                            ],
                            [
                                29.2708165,
                                40.9760425
                            ],
                            [
                                29.2711042,
                                40.9760709
                            ],
                            [
                                29.2713216,
                                40.9761095
                            ],
                            [
                                29.2715324,
                                40.9761109
                            ],
                            [
                                29.2718103,
                                40.9760753
                            ],
                            [
                                29.272261,
                                40.9759877
                            ],
                            [
                                29.2724862,
                                40.9759518
                            ],
                            [
                                29.2725862,
                                40.9759521
                            ],
                            [
                                29.2726898,
                                40.9759637
                            ],
                            [
                                29.2731107,
                                40.9760303
                            ],
                            [
                                29.2735805,
                                40.9761185
                            ],
                            [
                                29.2738342,
                                40.9761533
                            ],
                            [
                                29.2742322,
                                40.9761848
                            ],
                            [
                                29.2745205,
                                40.9762155
                            ],
                            [
                                29.2747625,
                                40.9762502
                            ],
                            [
                                29.2752065,
                                40.9763299
                            ],
                            [
                                29.2756795,
                                40.9764262
                            ],
                            [
                                29.2757859,
                                40.9764525
                            ],
                            [
                                29.2760265,
                                40.9765238
                            ],
                            [
                                29.2764516,
                                40.9766743
                            ],
                            [
                                29.2765461,
                                40.9767013
                            ],
                            [
                                29.2766388,
                                40.9767345
                            ],
                            [
                                29.2770663,
                                40.9768142
                            ],
                            [
                                29.2772297,
                                40.976839
                            ],
                            [
                                29.2775103,
                                40.9768887
                            ],
                            [
                                29.2776875,
                                40.9769124
                            ],
                            [
                                29.2778611,
                                40.9769281
                            ],
                            [
                                29.278223,
                                40.9769304
                            ],
                            [
                                29.2784974,
                                40.9769398
                            ],
                            [
                                29.2787216,
                                40.9769442
                            ],
                            [
                                29.2789649,
                                40.9769423
                            ],
                            [
                                29.2789877,
                                40.9769469
                            ],
                            [
                                29.2801569,
                                40.9767721
                            ],
                            [
                                29.2803856,
                                40.9767436
                            ],
                            [
                                29.280555,
                                40.9767309
                            ],
                            [
                                29.2808309,
                                40.976735
                            ],
                            [
                                29.2893285,
                                40.97703
                            ],
                            [
                                29.2893851,
                                40.9780347
                            ],
                            [
                                29.2900364,
                                40.9784409
                            ],
                            [
                                29.2900364,
                                40.9791249
                            ],
                            [
                                29.2895045,
                                40.9797618
                            ],
                            [
                                29.2892152,
                                40.9801082
                            ],
                            [
                                29.2887339,
                                40.9834428
                            ],
                            [
                                29.2878844,
                                40.9872474
                            ],
                            [
                                29.2879933,
                                40.9879375
                            ],
                            [
                                29.288026,
                                40.9881451
                            ],
                            [
                                29.2879227,
                                40.9885631
                            ],
                            [
                                29.2878633,
                                40.9888033
                            ],
                            [
                                29.2877094,
                                40.9889925
                            ],
                            [
                                29.2875031,
                                40.989246
                            ],
                            [
                                29.2872459,
                                40.9913074
                            ],
                            [
                                29.2872449,
                                40.9913156
                            ],
                            [
                                29.2874263,
                                40.9924666
                            ],
                            [
                                29.2876475,
                                40.9939404
                            ],
                            [
                                29.2876822,
                                40.9941715
                            ],
                            [
                                29.287709,
                                40.9942954
                            ],
                            [
                                29.2878314,
                                40.9948609
                            ],
                            [
                                29.2877619,
                                40.9968283
                            ],
                            [
                                29.2876436,
                                40.9973136
                            ],
                            [
                                29.2868096,
                                40.9973376
                            ],
                            [
                                29.2861858,
                                40.9974356
                            ],
                            [
                                29.2858678,
                                40.9974985
                            ],
                            [
                                29.2852509,
                                40.997695
                            ],
                            [
                                29.284236,
                                40.9980029
                            ],
                            [
                                29.2840388,
                                40.9980518
                            ],
                            [
                                29.283927,
                                40.9980577
                            ],
                            [
                                29.283853,
                                40.9980515
                            ],
                            [
                                29.2828631,
                                40.9978946
                            ],
                            [
                                29.2818519,
                                40.9977727
                            ],
                            [
                                29.2811167,
                                40.9976641
                            ],
                            [
                                29.2805484,
                                40.9974608
                            ],
                            [
                                29.280241,
                                40.9973616
                            ],
                            [
                                29.2799321,
                                40.9972815
                            ],
                            [
                                29.2795255,
                                40.9972072
                            ],
                            [
                                29.2791996,
                                40.9971956
                            ],
                            [
                                29.278864,
                                40.9972327
                            ],
                            [
                                29.2786833,
                                40.9972218
                            ],
                            [
                                29.2777482,
                                40.9971262
                            ],
                            [
                                29.2769084,
                                40.9970453
                            ],
                            [
                                29.2766594,
                                40.9969959
                            ],
                            [
                                29.2761096,
                                40.9969063
                            ],
                            [
                                29.2760123,
                                40.9968505
                            ],
                            [
                                29.27575,
                                40.9966868
                            ],
                            [
                                29.275236,
                                40.9963015
                            ],
                            [
                                29.274829,
                                40.9959782
                            ],
                            [
                                29.2746411,
                                40.9958466
                            ],
                            [
                                29.2744301,
                                40.9957322
                            ],
                            [
                                29.2745898,
                                40.9953797
                            ],
                            [
                                29.2746576,
                                40.9951887
                            ],
                            [
                                29.2747074,
                                40.9949405
                            ],
                            [
                                29.2746768,
                                40.9946652
                            ],
                            [
                                29.2745686,
                                40.9941155
                            ],
                            [
                                29.2745693,
                                40.9940416
                            ],
                            [
                                29.274623,
                                40.9937604
                            ],
                            [
                                29.2749291,
                                40.992986
                            ],
                            [
                                29.2750003,
                                40.9928586
                            ],
                            [
                                29.2751861,
                                40.9924759
                            ],
                            [
                                29.2753064,
                                40.9921612
                            ],
                            [
                                29.2753309,
                                40.9920567
                            ],
                            [
                                29.2753821,
                                40.9917867
                            ],
                            [
                                29.2754023,
                                40.9916255
                            ],
                            [
                                29.2754527,
                                40.9914148
                            ],
                            [
                                29.2755373,
                                40.9910602
                            ],
                            [
                                29.2756624,
                                40.9906164
                            ],
                            [
                                29.2756725,
                                40.9905805
                            ],
                            [
                                29.2757048,
                                40.9904732
                            ],
                            [
                                29.2758268,
                                40.9901605
                            ],
                            [
                                29.2759227,
                                40.9899804
                            ],
                            [
                                29.2760166,
                                40.9895619
                            ],
                            [
                                29.2761388,
                                40.9887943
                            ],
                            [
                                29.2761803,
                                40.9885621
                            ],
                            [
                                29.2760921,
                                40.9885343
                            ],
                            [
                                29.2752178,
                                40.9885033
                            ],
                            [
                                29.2750015,
                                40.9884925
                            ],
                            [
                                29.2748409,
                                40.9884539
                            ],
                            [
                                29.2745639,
                                40.988309
                            ],
                            [
                                29.2741041,
                                40.9882969
                            ],
                            [
                                29.2738822,
                                40.9883092
                            ],
                            [
                                29.2735638,
                                40.9883269
                            ],
                            [
                                29.2730219,
                                40.9883477
                            ],
                            [
                                29.272434,
                                40.9883764
                            ],
                            [
                                29.2718797,
                                40.9883819
                            ],
                            [
                                29.2714401,
                                40.9883905
                            ],
                            [
                                29.2709309,
                                40.988421
                            ],
                            [
                                29.2695454,
                                40.9886078
                            ],
                            [
                                29.2692044,
                                40.9886881
                            ],
                            [
                                29.2689738,
                                40.9887366
                            ],
                            [
                                29.2684169,
                                40.9890349
                            ],
                            [
                                29.2682968,
                                40.9891217
                            ],
                            [
                                29.2681294,
                                40.9892303
                            ],
                            [
                                29.2676611,
                                40.9895542
                            ],
                            [
                                29.2670846,
                                40.989686
                            ],
                            [
                                29.2666688,
                                40.989731
                            ],
                            [
                                29.2662079,
                                40.9897868
                            ],
                            [
                                29.2656312,
                                40.9898725
                            ],
                            [
                                29.2646493,
                                40.9901334
                            ],
                            [
                                29.2641022,
                                40.9903005
                            ],
                            [
                                29.2638205,
                                40.9902355
                            ],
                            [
                                29.2633292,
                                40.9900049
                            ],
                            [
                                29.2630964,
                                40.989819
                            ]
                        ]
                    ]
                ]
            }
        },
        {
            "type": "Feature",
            "properties": {
                "type": "relation",
                "id": 7666497,
                "tags": {
                    "admin_level": "8",
                    "boundary": "administrative",
                    "name": "Mimar Sinan Mahallesi",
                    "name:ar": "معمار سنان",
                    "network": "TR34-Mahalle",
                    "type": "boundary",
                    "wikidata": "Q97227393"
                }
            },
            "geometry": {
                "type": "MultiPolygon",
                "coordinates": [
                    [
                        [
                            [
                                29.2544406,
                                40.9878769
                            ],
                            [
                                29.2544969,
                                40.9879025
                            ],
                            [
                                29.2546547,
                                40.9879744
                            ],
                            [
                                29.2551322,
                                40.9884218
                            ],
                            [
                                29.2552073,
                                40.988473
                            ],
                            [
                                29.2552971,
                                40.9885078
                            ],
                            [
                                29.2564514,
                                40.9887751
                            ],
                            [
                                29.2570277,
                                40.9889177
                            ],
                            [
                                29.2572702,
                                40.9889836
                            ],
                            [
                                29.2575776,
                                40.9890474
                            ],
                            [
                                29.2583762,
                                40.9891964
                            ],
                            [
                                29.2599077,
                                40.9894721
                            ],
                            [
                                29.2603192,
                                40.9895299
                            ],
                            [
                                29.2605846,
                                40.9895725
                            ],
                            [
                                29.2609582,
                                40.989625
                            ],
                            [
                                29.2617714,
                                40.9897309
                            ],
                            [
                                29.2624938,
                                40.9897931
                            ],
                            [
                                29.2630964,
                                40.989819
                            ],
                            [
                                29.2633292,
                                40.9900049
                            ],
                            [
                                29.2638205,
                                40.9902355
                            ],
                            [
                                29.2641022,
                                40.9903005
                            ],
                            [
                                29.2646493,
                                40.9901334
                            ],
                            [
                                29.2656312,
                                40.9898725
                            ],
                            [
                                29.2662079,
                                40.9897868
                            ],
                            [
                                29.2666688,
                                40.989731
                            ],
                            [
                                29.2670846,
                                40.989686
                            ],
                            [
                                29.2676611,
                                40.9895542
                            ],
                            [
                                29.2681294,
                                40.9892303
                            ],
                            [
                                29.2682968,
                                40.9891217
                            ],
                            [
                                29.2684169,
                                40.9890349
                            ],
                            [
                                29.2689738,
                                40.9887366
                            ],
                            [
                                29.2692044,
                                40.9886881
                            ],
                            [
                                29.2695454,
                                40.9886078
                            ],
                            [
                                29.2709309,
                                40.988421
                            ],
                            [
                                29.2714401,
                                40.9883905
                            ],
                            [
                                29.2718797,
                                40.9883819
                            ],
                            [
                                29.272434,
                                40.9883764
                            ],
                            [
                                29.2730219,
                                40.9883477
                            ],
                            [
                                29.2735638,
                                40.9883269
                            ],
                            [
                                29.2738822,
                                40.9883092
                            ],
                            [
                                29.2741041,
                                40.9882969
                            ],
                            [
                                29.2745639,
                                40.988309
                            ],
                            [
                                29.2748409,
                                40.9884539
                            ],
                            [
                                29.2750015,
                                40.9884925
                            ],
                            [
                                29.2752178,
                                40.9885033
                            ],
                            [
                                29.2760921,
                                40.9885343
                            ],
                            [
                                29.2761803,
                                40.9885621
                            ],
                            [
                                29.2761388,
                                40.9887943
                            ],
                            [
                                29.2760166,
                                40.9895619
                            ],
                            [
                                29.2759227,
                                40.9899804
                            ],
                            [
                                29.2758268,
                                40.9901605
                            ],
                            [
                                29.2757048,
                                40.9904732
                            ],
                            [
                                29.2756725,
                                40.9905805
                            ],
                            [
                                29.2756624,
                                40.9906164
                            ],
                            [
                                29.2755373,
                                40.9910602
                            ],
                            [
                                29.2754527,
                                40.9914148
                            ],
                            [
                                29.2754023,
                                40.9916255
                            ],
                            [
                                29.2753821,
                                40.9917867
                            ],
                            [
                                29.2753309,
                                40.9920567
                            ],
                            [
                                29.2753064,
                                40.9921612
                            ],
                            [
                                29.2751861,
                                40.9924759
                            ],
                            [
                                29.2750003,
                                40.9928586
                            ],
                            [
                                29.2749291,
                                40.992986
                            ],
                            [
                                29.274623,
                                40.9937604
                            ],
                            [
                                29.2745693,
                                40.9940416
                            ],
                            [
                                29.2745686,
                                40.9941155
                            ],
                            [
                                29.2746768,
                                40.9946652
                            ],
                            [
                                29.2747074,
                                40.9949405
                            ],
                            [
                                29.2746576,
                                40.9951887
                            ],
                            [
                                29.2745898,
                                40.9953797
                            ],
                            [
                                29.2744301,
                                40.9957322
                            ],
                            [
                                29.2746411,
                                40.9958466
                            ],
                            [
                                29.274829,
                                40.9959782
                            ],
                            [
                                29.275236,
                                40.9963015
                            ],
                            [
                                29.27575,
                                40.9966868
                            ],
                            [
                                29.2760123,
                                40.9968505
                            ],
                            [
                                29.2761096,
                                40.9969063
                            ],
                            [
                                29.2766594,
                                40.9969959
                            ],
                            [
                                29.2769084,
                                40.9970453
                            ],
                            [
                                29.2777482,
                                40.9971262
                            ],
                            [
                                29.2786833,
                                40.9972218
                            ],
                            [
                                29.278864,
                                40.9972327
                            ],
                            [
                                29.2791996,
                                40.9971956
                            ],
                            [
                                29.2795255,
                                40.9972072
                            ],
                            [
                                29.2799321,
                                40.9972815
                            ],
                            [
                                29.280241,
                                40.9973616
                            ],
                            [
                                29.2805484,
                                40.9974608
                            ],
                            [
                                29.2811167,
                                40.9976641
                            ],
                            [
                                29.2818519,
                                40.9977727
                            ],
                            [
                                29.2828631,
                                40.9978946
                            ],
                            [
                                29.283853,
                                40.9980515
                            ],
                            [
                                29.283927,
                                40.9980577
                            ],
                            [
                                29.2840388,
                                40.9980518
                            ],
                            [
                                29.284236,
                                40.9980029
                            ],
                            [
                                29.2852509,
                                40.997695
                            ],
                            [
                                29.2858678,
                                40.9974985
                            ],
                            [
                                29.2861858,
                                40.9974356
                            ],
                            [
                                29.2868096,
                                40.9973376
                            ],
                            [
                                29.2876436,
                                40.9973136
                            ],
                            [
                                29.2871675,
                                40.9984515
                            ],
                            [
                                29.2869016,
                                40.9988198
                            ],
                            [
                                29.2867563,
                                40.9990223
                            ],
                            [
                                29.286641,
                                40.999145
                            ],
                            [
                                29.2864926,
                                40.9993457
                            ],
                            [
                                29.2863912,
                                40.9994759
                            ],
                            [
                                29.2863211,
                                40.9996277
                            ],
                            [
                                29.2862174,
                                41.0009144
                            ],
                            [
                                29.2866158,
                                41.0015157
                            ],
                            [
                                29.2868823,
                                41.0023819
                            ],
                            [
                                29.2867737,
                                41.0023896
                            ],
                            [
                                29.2833358,
                                41.0029557
                            ],
                            [
                                29.2826085,
                                41.0029699
                            ],
                            [
                                29.2808638,
                                41.0030038
                            ],
                            [
                                29.2759529,
                                41.0030285
                            ],
                            [
                                29.2710815,
                                41.0031807
                            ],
                            [
                                29.2694146,
                                41.0035315
                            ],
                            [
                                29.2657677,
                                41.0042989
                            ],
                            [
                                29.2630308,
                                41.0048748
                            ],
                            [
                                29.2624509,
                                41.0048762
                            ],
                            [
                                29.2622935,
                                41.004819
                            ],
                            [
                                29.262111,
                                41.0047937
                            ],
                            [
                                29.2616995,
                                41.0044365
                            ],
                            [
                                29.2614143,
                                41.0042219
                            ],
                            [
                                29.2612818,
                                41.0041305
                            ],
                            [
                                29.2610215,
                                41.0040321
                            ],
                            [
                                29.2607603,
                                41.0037164
                            ],
                            [
                                29.2604025,
                                41.0035291
                            ],
                            [
                                29.2599368,
                                41.0033337
                            ],
                            [
                                29.2597997,
                                41.0032573
                            ],
                            [
                                29.2597273,
                                41.0031925
                            ],
                            [
                                29.2595878,
                                41.0029456
                            ],
                            [
                                29.2595315,
                                41.0028221
                            ],
                            [
                                29.2594698,
                                41.0026278
                            ],
                            [
                                29.2594926,
                                41.002477
                            ],
                            [
                                29.259569,
                                41.0022675
                            ],
                            [
                                29.2596088,
                                41.002122
                            ],
                            [
                                29.259738,
                                41.0019143
                            ],
                            [
                                29.2597729,
                                41.0018242
                            ],
                            [
                                29.2597997,
                                41.0015813
                            ],
                            [
                                29.2598346,
                                41.0013667
                            ],
                            [
                                29.2596602,
                                41.000889
                            ],
                            [
                                29.2596576,
                                41.00081
                            ],
                            [
                                29.2596334,
                                41.0007108
                            ],
                            [
                                29.2596603,
                                41.0005617
                            ],
                            [
                                29.2596495,
                                41.0004801
                            ],
                            [
                                29.2596361,
                                41.0002473
                            ],
                            [
                                29.2595664,
                                41.0000954
                            ],
                            [
                                29.2594671,
                                40.9999112
                            ],
                            [
                                29.259443,
                                40.9997857
                            ],
                            [
                                29.2594859,
                                40.9996137
                            ],
                            [
                                29.2595074,
                                40.9995043
                            ],
                            [
                                29.2595035,
                                40.9993722
                            ],
                            [
                                29.2594658,
                                40.9992548
                            ],
                            [
                                29.2594068,
                                40.998972
                            ],
                            [
                                29.2593384,
                                40.9988798
                            ],
                            [
                                29.2592767,
                                40.9985529
                            ],
                            [
                                29.2591754,
                                40.9983738
                            ],
                            [
                                29.2591159,
                                40.9982448
                            ],
                            [
                                29.259008,
                                40.9980065
                            ],
                            [
                                29.2588858,
                                40.9978692
                            ],
                            [
                                29.2586898,
                                40.9976619
                            ],
                            [
                                29.2586323,
                                40.9975771
                            ],
                            [
                                29.2585461,
                                40.9975046
                            ],
                            [
                                29.2584692,
                                40.9974076
                            ],
                            [
                                29.2583417,
                                40.9971991
                            ],
                            [
                                29.2582798,
                                40.9970662
                            ],
                            [
                                29.2582534,
                                40.9969711
                            ],
                            [
                                29.2582633,
                                40.996864
                            ],
                            [
                                29.2582005,
                                40.996374
                            ],
                            [
                                29.2581346,
                                40.9960413
                            ],
                            [
                                29.2580039,
                                40.9956561
                            ],
                            [
                                29.2579287,
                                40.9953499
                            ],
                            [
                                29.2579448,
                                40.9952987
                            ],
                            [
                                29.2578443,
                                40.994694
                            ],
                            [
                                29.257812,
                                40.9945373
                            ],
                            [
                                29.2576473,
                                40.9943177
                            ],
                            [
                                29.2572886,
                                40.9936377
                            ],
                            [
                                29.2572105,
                                40.9935578
                            ],
                            [
                                29.2568382,
                                40.993212
                            ],
                            [
                                29.2566403,
                                40.9928109
                            ],
                            [
                                29.2545267,
                                40.990334
                            ],
                            [
                                29.2543963,
                                40.9898895
                            ],
                            [
                                29.2543981,
                                40.9897251
                            ],
                            [
                                29.25447,
                                40.9895983
                            ],
                            [
                                29.2546068,
                                40.98948
                            ],
                            [
                                29.2547598,
                                40.9893783
                            ],
                            [
                                29.2548043,
                                40.9892759
                            ],
                            [
                                29.2548336,
                                40.989083
                            ],
                            [
                                29.2548474,
                                40.9888243
                            ],
                            [
                                29.2548392,
                                40.988586
                            ],
                            [
                                29.2548029,
                                40.9884379
                            ],
                            [
                                29.2547019,
                                40.9882648
                            ],
                            [
                                29.2545147,
                                40.9880335
                            ],
                            [
                                29.2544406,
                                40.9878769
                            ]
                        ]
                    ]
                ]
            }
        },
        {
            "type": "Feature",
            "properties": {
                "type": "relation",
                "id": 7772852,
                "tags": {
                    "admin_level": "8",
                    "boundary": "administrative",
                    "name": "Ahmet Yesevi Mahallesi",
                    "name:ar": "أحمد يسفي",
                    "network": "TR34-Mahalle",
                    "type": "boundary",
                    "wikidata": "Q6072796"
                }
            },
            "geometry": {
                "type": "MultiPolygon",
                "coordinates": [
                    [
                        [
                            [
                                29.2623984,
                                40.9712266
                            ],
                            [
                                29.2626808,
                                40.9711852
                            ],
                            [
                                29.2635516,
                                40.971024
                            ],
                            [
                                29.2641116,
                                40.970895
                            ],
                            [
                                29.2646151,
                                40.9707742
                            ],
                            [
                                29.265413,
                                40.9705611
                            ],
                            [
                                29.2663191,
                                40.9702675
                            ],
                            [
                                29.2667836,
                                40.9700994
                            ],
                            [
                                29.2673616,
                                40.9698764
                            ],
                            [
                                29.2683935,
                                40.9694254
                            ],
                            [
                                29.2690006,
                                40.969117
                            ],
                            [
                                29.2700054,
                                40.9685589
                            ],
                            [
                                29.270494,
                                40.9682541
                            ],
                            [
                                29.2710342,
                                40.9678854
                            ],
                            [
                                29.2714208,
                                40.9676056
                            ],
                            [
                                29.2718134,
                                40.9673087
                            ],
                            [
                                29.2727814,
                                40.9665066
                            ],
                            [
                                29.2732314,
                                40.9661117
                            ],
                            [
                                29.2734868,
                                40.9658988
                            ],
                            [
                                29.2738264,
                                40.9660038
                            ],
                            [
                                29.274071,
                                40.966097
                            ],
                            [
                                29.2742211,
                                40.9661331
                            ],
                            [
                                29.274426,
                                40.9661552
                            ],
                            [
                                29.2746495,
                                40.9661621
                            ],
                            [
                                29.2748054,
                                40.9664796
                            ],
                            [
                                29.2748642,
                                40.9665827
                            ],
                            [
                                29.27508,
                                40.9668801
                            ],
                            [
                                29.2751543,
                                40.967019
                            ],
                            [
                                29.2751847,
                                40.9671089
                            ],
                            [
                                29.2749412,
                                40.9671434
                            ],
                            [
                                29.2748151,
                                40.9671724
                            ],
                            [
                                29.2748527,
                                40.9672173
                            ],
                            [
                                29.2752354,
                                40.9678178
                            ],
                            [
                                29.27536,
                                40.967975
                            ],
                            [
                                29.2754533,
                                40.96807
                            ],
                            [
                                29.2755637,
                                40.9681628
                            ],
                            [
                                29.2756112,
                                40.968201
                            ],
                            [
                                29.2758698,
                                40.9683863
                            ],
                            [
                                29.2762515,
                                40.9685752
                            ],
                            [
                                29.2767128,
                                40.9687498
                            ],
                            [
                                29.2770354,
                                40.9688541
                            ],
                            [
                                29.277203,
                                40.9689134
                            ],
                            [
                                29.2774168,
                                40.9689782
                            ],
                            [
                                29.2776941,
                                40.969073
                            ],
                            [
                                29.2777622,
                                40.9690854
                            ],
                            [
                                29.2783101,
                                40.9692576
                            ],
                            [
                                29.2785276,
                                40.9693391
                            ],
                            [
                                29.2786029,
                                40.9693618
                            ],
                            [
                                29.2788912,
                                40.9694303
                            ],
                            [
                                29.2791449,
                                40.9695078
                            ],
                            [
                                29.2793242,
                                40.969567
                            ],
                            [
                                29.2796397,
                                40.9697183
                            ],
                            [
                                29.2798308,
                                40.9697981
                            ],
                            [
                                29.2802344,
                                40.9699415
                            ],
                            [
                                29.2805667,
                                40.9700918
                            ],
                            [
                                29.2810634,
                                40.9702865
                            ],
                            [
                                29.281406,
                                40.9704049
                            ],
                            [
                                29.2817438,
                                40.9705375
                            ],
                            [
                                29.2819867,
                                40.9706121
                            ],
                            [
                                29.2822041,
                                40.97067
                            ],
                            [
                                29.2822981,
                                40.970681
                            ],
                            [
                                29.2825588,
                                40.9706959
                            ],
                            [
                                29.282788,
                                40.970715
                            ],
                            [
                                29.2828812,
                                40.9707287
                            ],
                            [
                                29.2829426,
                                40.9707481
                            ],
                            [
                                29.2830649,
                                40.9708014
                            ],
                            [
                                29.2831354,
                                40.9708405
                            ],
                            [
                                29.2832429,
                                40.9709088
                            ],
                            [
                                29.2833012,
                                40.9709656
                            ],
                            [
                                29.2834338,
                                40.9711081
                            ],
                            [
                                29.2834756,
                                40.97117
                            ],
                            [
                                29.2834887,
                                40.9711972
                            ],
                            [
                                29.2834964,
                                40.9712294
                            ],
                            [
                                29.2834987,
                                40.9712392
                            ],
                            [
                                29.2905177,
                                40.972498
                            ],
                            [
                                29.2901496,
                                40.9740158
                            ],
                            [
                                29.2889887,
                                40.9757474
                            ],
                            [
                                29.2898665,
                                40.9756405
                            ],
                            [
                                29.2902062,
                                40.9760894
                            ],
                            [
                                29.290008,
                                40.9767307
                            ],
                            [
                                29.2893285,
                                40.97703
                            ],
                            [
                                29.2808309,
                                40.976735
                            ],
                            [
                                29.280555,
                                40.9767309
                            ],
                            [
                                29.2803856,
                                40.9767436
                            ],
                            [
                                29.2801569,
                                40.9767721
                            ],
                            [
                                29.2789877,
                                40.9769469
                            ],
                            [
                                29.2789649,
                                40.9769423
                            ],
                            [
                                29.2787216,
                                40.9769442
                            ],
                            [
                                29.2784974,
                                40.9769398
                            ],
                            [
                                29.278223,
                                40.9769304
                            ],
                            [
                                29.2778611,
                                40.9769281
                            ],
                            [
                                29.2776875,
                                40.9769124
                            ],
                            [
                                29.2775103,
                                40.9768887
                            ],
                            [
                                29.2772297,
                                40.976839
                            ],
                            [
                                29.2770663,
                                40.9768142
                            ],
                            [
                                29.2766388,
                                40.9767345
                            ],
                            [
                                29.2765461,
                                40.9767013
                            ],
                            [
                                29.2764516,
                                40.9766743
                            ],
                            [
                                29.2760265,
                                40.9765238
                            ],
                            [
                                29.2757859,
                                40.9764525
                            ],
                            [
                                29.2756795,
                                40.9764262
                            ],
                            [
                                29.2752065,
                                40.9763299
                            ],
                            [
                                29.2747625,
                                40.9762502
                            ],
                            [
                                29.2745205,
                                40.9762155
                            ],
                            [
                                29.2742322,
                                40.9761848
                            ],
                            [
                                29.2738342,
                                40.9761533
                            ],
                            [
                                29.2735805,
                                40.9761185
                            ],
                            [
                                29.2731107,
                                40.9760303
                            ],
                            [
                                29.2726898,
                                40.9759637
                            ],
                            [
                                29.2725862,
                                40.9759521
                            ],
                            [
                                29.2724862,
                                40.9759518
                            ],
                            [
                                29.272261,
                                40.9759877
                            ],
                            [
                                29.2718103,
                                40.9760753
                            ],
                            [
                                29.2715324,
                                40.9761109
                            ],
                            [
                                29.2713216,
                                40.9761095
                            ],
                            [
                                29.2711042,
                                40.9760709
                            ],
                            [
                                29.2708165,
                                40.9760425
                            ],
                            [
                                29.2706391,
                                40.976034
                            ],
                            [
                                29.2704051,
                                40.9760348
                            ],
                            [
                                29.2700282,
                                40.9760531
                            ],
                            [
                                29.2698587,
                                40.9760808
                            ],
                            [
                                29.2695701,
                                40.9761088
                            ],
                            [
                                29.2691309,
                                40.9761159
                            ],
                            [
                                29.2688147,
                                40.9760749
                            ],
                            [
                                29.2687547,
                                40.9760792
                            ],
                            [
                                29.2686038,
                                40.9760759
                            ],
                            [
                                29.2683744,
                                40.9760862
                            ],
                            [
                                29.2680494,
                                40.9761474
                            ],
                            [
                                29.267697,
                                40.9762525
                            ],
                            [
                                29.2674591,
                                40.9763194
                            ],
                            [
                                29.2670222,
                                40.9764599
                            ],
                            [
                                29.2665612,
                                40.9764681
                            ],
                            [
                                29.2663505,
                                40.9764917
                            ],
                            [
                                29.2662819,
                                40.9767926
                            ],
                            [
                                29.2662493,
                                40.9768758
                            ],
                            [
                                29.2660284,
                                40.9772118
                            ],
                            [
                                29.2652773,
                                40.9767876
                            ],
                            [
                                29.2650881,
                                40.9766586
                            ],
                            [
                                29.2650394,
                                40.9766568
                            ],
                            [
                                29.2649659,
                                40.976426
                            ],
                            [
                                29.2647672,
                                40.9760763
                            ],
                            [
                                29.2643328,
                                40.9753546
                            ],
                            [
                                29.2642186,
                                40.975135
                            ],
                            [
                                29.2641571,
                                40.9749418
                            ],
                            [
                                29.2639614,
                                40.9742016
                            ],
                            [
                                29.2638867,
                                40.9740064
                            ],
                            [
                                29.2637931,
                                40.9738451
                            ],
                            [
                                29.2637595,
                                40.9737686
                            ],
                            [
                                29.2635495,
                                40.9733616
                            ],
                            [
                                29.2634428,
                                40.9731762
                            ],
                            [
                                29.2632549,
                                40.972922
                            ],
                            [
                                29.2630666,
                                40.9726958
                            ],
                            [
                                29.2628603,
                                40.9724355
                            ],
                            [
                                29.2627063,
                                40.972231
                            ],
                            [
                                29.2626672,
                                40.9721612
                            ],
                            [
                                29.2626258,
                                40.9720766
                            ],
                            [
                                29.2625794,
                                40.9719618
                            ],
                            [
                                29.2624597,
                                40.9715236
                            ],
                            [
                                29.2624357,
                                40.9714075
                            ],
                            [
                                29.2623984,
                                40.9712266
                            ]
                        ]
                    ]
                ]
            }
        },
        {
            "type": "Feature",
            "properties": {
                "type": "relation",
                "id": 8320926,
                "tags": {
                    "admin_level": "8",
                    "boundary": "administrative",
                    "name": "Hamidiye Mahallesi",
                    "name:ar": "الحميدية",
                    "network": "TR34-Mahalle",
                    "type": "boundary",
                    "wikidata": "Q109962108"
                }
            },
            "geometry": {
                "type": "MultiPolygon",
                "coordinates": [
                    [
                        [
                            [
                                29.2793753,
                                40.9550269
                            ],
                            [
                                29.2800534,
                                40.9546779
                            ],
                            [
                                29.2799391,
                                40.9543637
                            ],
                            [
                                29.2798712,
                                40.9541359
                            ],
                            [
                                29.2798408,
                                40.9539732
                            ],
                            [
                                29.2798333,
                                40.9538086
                            ],
                            [
                                29.2798601,
                                40.9536627
                            ],
                            [
                                29.2799547,
                                40.9534347
                            ],
                            [
                                29.2801246,
                                40.9532135
                            ],
                            [
                                29.280356,
                                40.9529296
                            ],
                            [
                                29.2803997,
                                40.9528368
                            ],
                            [
                                29.280659,
                                40.9525242
                            ],
                            [
                                29.2810182,
                                40.9522186
                            ],
                            [
                                29.2811531,
                                40.9521134
                            ],
                            [
                                29.2813518,
                                40.9519718
                            ],
                            [
                                29.2816109,
                                40.951756
                            ],
                            [
                                29.2818803,
                                40.9515858
                            ],
                            [
                                29.2822401,
                                40.9514049
                            ],
                            [
                                29.282434,
                                40.9513288
                            ],
                            [
                                29.282239,
                                40.951159
                            ],
                            [
                                29.2820584,
                                40.9509876
                            ],
                            [
                                29.2820364,
                                40.9509492
                            ],
                            [
                                29.282041,
                                40.9507982
                            ],
                            [
                                29.2821215,
                                40.9505564
                            ],
                            [
                                29.2822095,
                                40.950379
                            ],
                            [
                                29.2824929,
                                40.9499551
                            ],
                            [
                                29.2828577,
                                40.9494975
                            ],
                            [
                                29.2830078,
                                40.9492496
                            ],
                            [
                                29.2830903,
                                40.9491086
                            ],
                            [
                                29.2832241,
                                40.9488043
                            ],
                            [
                                29.2835331,
                                40.9481592
                            ],
                            [
                                29.2835697,
                                40.9480977
                            ],
                            [
                                29.283809,
                                40.9480145
                            ],
                            [
                                29.2845022,
                                40.9477524
                            ],
                            [
                                29.2846228,
                                40.9477197
                            ],
                            [
                                29.284772,
                                40.9477012
                            ],
                            [
                                29.2850548,
                                40.9476886
                            ],
                            [
                                29.2855823,
                                40.9476862
                            ],
                            [
                                29.2868853,
                                40.94757
                            ],
                            [
                                29.2878072,
                                40.9475102
                            ],
                            [
                                29.2883581,
                                40.9474963
                            ],
                            [
                                29.288533,
                                40.9474841
                            ],
                            [
                                29.2889035,
                                40.947424
                            ],
                            [
                                29.289299,
                                40.9473364
                            ],
                            [
                                29.2896009,
                                40.94728
                            ],
                            [
                                29.2899558,
                                40.9472658
                            ],
                            [
                                29.2901731,
                                40.9472463
                            ],
                            [
                                29.2907543,
                                40.9472652
                            ],
                            [
                                29.2908793,
                                40.9472818
                            ],
                            [
                                29.2908483,
                                40.9473062
                            ],
                            [
                                29.2908053,
                                40.94734
                            ],
                            [
                                29.2901781,
                                40.9475499
                            ],
                            [
                                29.2902741,
                                40.9476511
                            ],
                            [
                                29.2903671,
                                40.9477664
                            ],
                            [
                                29.2907619,
                                40.9481188
                            ],
                            [
                                29.2911823,
                                40.948471
                            ],
                            [
                                29.2916384,
                                40.9488875
                            ],
                            [
                                29.2918154,
                                40.9490575
                            ],
                            [
                                29.2920943,
                                40.9493051
                            ],
                            [
                                29.2921561,
                                40.9493803
                            ],
                            [
                                29.292178,
                                40.9494012
                            ],
                            [
                                29.2922775,
                                40.9494957
                            ],
                            [
                                29.292478,
                                40.9496415
                            ],
                            [
                                29.2926194,
                                40.9497616
                            ],
                            [
                                29.2927949,
                                40.9499273
                            ],
                            [
                                29.2928857,
                                40.9500241
                            ],
                            [
                                29.2931031,
                                40.9502757
                            ],
                            [
                                29.2933773,
                                40.9502079
                            ],
                            [
                                29.2937956,
                                40.9505864
                            ],
                            [
                                29.2939096,
                                40.9506832
                            ],
                            [
                                29.2940588,
                                40.9507869
                            ],
                            [
                                29.2943448,
                                40.9510016
                            ],
                            [
                                29.2944118,
                                40.951095
                            ],
                            [
                                29.2950718,
                                40.9513816
                            ],
                            [
                                29.2956252,
                                40.9516403
                            ],
                            [
                                29.2958815,
                                40.9517714
                            ],
                            [
                                29.2963666,
                                40.9520703
                            ],
                            [
                                29.2966675,
                                40.9521999
                            ],
                            [
                                29.2967948,
                                40.9522073
                            ],
                            [
                                29.2969708,
                                40.9521943
                            ],
                            [
                                29.2971925,
                                40.9521663
                            ],
                            [
                                29.2972925,
                                40.952985
                            ],
                            [
                                29.2974124,
                                40.9535258
                            ],
                            [
                                29.2968448,
                                40.9537575
                            ],
                            [
                                29.2956714,
                                40.9542892
                            ],
                            [
                                29.295144,
                                40.9545469
                            ],
                            [
                                29.2941515,
                                40.9550498
                            ],
                            [
                                29.2933119,
                                40.9554894
                            ],
                            [
                                29.2920006,
                                40.9562553
                            ],
                            [
                                29.2908201,
                                40.9569239
                            ],
                            [
                                29.2900881,
                                40.9573299
                            ],
                            [
                                29.2893844,
                                40.9577147
                            ],
                            [
                                29.2889763,
                                40.957908
                            ],
                            [
                                29.2885173,
                                40.9581345
                            ],
                            [
                                29.2880292,
                                40.9583564
                            ],
                            [
                                29.2870147,
                                40.9587949
                            ],
                            [
                                29.2861977,
                                40.9591325
                            ],
                            [
                                29.2853661,
                                40.9594433
                            ],
                            [
                                29.2845272,
                                40.9597551
                            ],
                            [
                                29.2834766,
                                40.96014
                            ],
                            [
                                29.2824545,
                                40.9605372
                            ],
                            [
                                29.2822558,
                                40.9602054
                            ],
                            [
                                29.2821424,
                                40.9600155
                            ],
                            [
                                29.2820171,
                                40.9597852
                            ],
                            [
                                29.2819238,
                                40.9595971
                            ],
                            [
                                29.281816,
                                40.959349
                            ],
                            [
                                29.2817135,
                                40.9590817
                            ],
                            [
                                29.2815955,
                                40.9587985
                            ],
                            [
                                29.2815596,
                                40.9587006
                            ],
                            [
                                29.2815228,
                                40.958652
                            ],
                            [
                                29.2814813,
                                40.958561
                            ],
                            [
                                29.2814279,
                                40.958464
                            ],
                            [
                                29.2812254,
                                40.9581716
                            ],
                            [
                                29.2811457,
                                40.9580084
                            ],
                            [
                                29.2809374,
                                40.9576893
                            ],
                            [
                                29.2806382,
                                40.9567985
                            ],
                            [
                                29.2797946,
                                40.9554632
                            ],
                            [
                                29.2793753,
                                40.9550269
                            ]
                        ]
                    ]
                ]
            }
        }
    ]
}