{
    "type": "FeatureCollection",
    "features": [
        {
            "type": "Feature",
            "properties": {
                "type": "relation",
                "id": 3866327,
                "tags": {
                    "admin_level": "8",
                    "alt_name": "Cumhuriyet",
                    "boundary": "administrative",
                    "name": "Cumhuriyet Mahallesi",
                    "network": "TR34-suburbs",
                    "type": "boundary",
                    "wikidata": "Q6039430",
                    "wikipedia": "tr:Cumhuriyet, Üsküdar"
                }
            },
            "geometry": {
                "type": "MultiPolygon",
                "coordinates": [
                    [
                        [
                            [
                                29.0726392,
                                41.0056665
                            ],
                            [
                                29.0738694,
                                41.005781
                            ],
                            [
                                29.0753882,
                                41.0060555
                            ],
                            [
                                29.0767782,
                                41.0064307
                            ],
                            [
                                29.0775729,
                                41.0066838
                            ],
                            [
                                29.0785461,
                                41.0070638
                            ],
                            [
                                29.0814741,
                                41.0082072
                            ],
                            [
                                29.08346,
                                41.0088827
                            ],
                            [
                                29.0851591,
                                41.0092204
                            ],
                            [
                                29.0870361,
                                41.0094538
                            ],
                            [
                                29.0870841,
                                41.0094598
                            ],
                            [
                                29.0888092,
                                41.0094893
                            ],
                            [
                                29.0890691,
                                41.0094836
                            ],
                            [
                                29.0894421,
                                41.0094753
                            ],
                            [
                                29.0893821,
                                41.0100059
                            ],
                            [
                                29.0893227,
                                41.0102341
                            ],
                            [
                                29.0892849,
                                41.0103792
                            ],
                            [
                                29.0892807,
                                41.0104834
                            ],
                            [
                                29.0892748,
                                41.0106322
                            ],
                            [
                                29.0892579,
                                41.0109075
                            ],
                            [
                                29.0893658,
                                41.0110954
                            ],
                            [
                                29.0893737,
                                41.0112263
                            ],
                            [
                                29.0893546,
                                41.0113694
                            ],
                            [
                                29.0892576,
                                41.0115952
                            ],
                            [
                                29.0891316,
                                41.0119404
                            ],
                            [
                                29.0886524,
                                41.0119708
                            ],
                            [
                                29.0881341,
                                41.0119357
                            ],
                            [
                                29.0876894,
                                41.0136003
                            ],
                            [
                                29.087473,
                                41.0140839
                            ],
                            [
                                29.0873369,
                                41.0143716
                            ],
                            [
                                29.0870082,
                                41.0150678
                            ],
                            [
                                29.085803,
                                41.0147199
                            ],
                            [
                                29.0852201,
                                41.0145594
                            ],
                            [
                                29.0834767,
                                41.0141223
                            ],
                            [
                                29.0820926,
                                41.0139442
                            ],
                            [
                                29.0815401,
                                41.0140332
                            ],
                            [
                                29.081068,
                                41.0144946
                            ],
                            [
                                29.0808213,
                                41.0147092
                            ],
                            [
                                29.0798235,
                                41.0150006
                            ],
                            [
                                29.0791154,
                                41.015203
                            ],
                            [
                                29.0784019,
                                41.014863
                            ],
                            [
                                29.0772378,
                                41.0143854
                            ],
                            [
                                29.0775865,
                                41.0137499
                            ],
                            [
                                29.076701,
                                41.0137941
                            ],
                            [
                                29.0753174,
                                41.0138632
                            ],
                            [
                                29.0750211,
                                41.0116305
                            ],
                            [
                                29.0748212,
                                41.0111856
                            ],
                            [
                                29.0746415,
                                41.0108253
                            ],
                            [
                                29.074569,
                                41.0103517
                            ],
                            [
                                29.0745181,
                                41.0100906
                            ],
                            [
                                29.0744081,
                                41.0096089
                            ],
                            [
                                29.0742579,
                                41.0092324
                            ],
                            [
                                29.0740567,
                                41.0087082
                            ],
                            [
                                29.0736946,
                                41.0080787
                            ],
                            [
                                29.0734237,
                                41.0076294
                            ],
                            [
                                29.0730777,
                                41.0069615
                            ],
                            [
                                29.0729275,
                                41.0066194
                            ],
                            [
                                29.0728497,
                                41.0063036
                            ],
                            [
                                29.0727049,
                                41.0058604
                            ],
                            [
                                29.0726392,
                                41.0056665
                            ]
                        ]
                    ]
                ]
            }
        },
        {
            "type": "Feature",
            "properties": {
                "type": "relation",
                "id": 3866328,
                "tags": {
                    "admin_level": "8",
                    "alt_name": "Ünalan",
                    "boundary": "administrative",
                    "name": "Ünalan Mahallesi",
                    "network": "TR34-suburbs",
                    "type": "boundary",
                    "wikidata": "Q6042506",
                    "wikimedia_commons": "Category:Ünalan",
                    "wikipedia": "tr:Ünalan, Üsküdar"
                }
            },
            "geometry": {
                "type": "MultiPolygon",
                "coordinates": [
                    [
                        [
                            [
                                29.0565187,
                                40.9988534
                            ],
                            [
                                29.059901,
                                40.9975607
                            ],
                            [
                                29.0607074,
                                40.9972628
                            ],
                            [
                                29.0630476,
                                40.9963892
                            ],
                            [
                                29.0649537,
                                40.9956815
                            ],
                            [
                                29.0657006,
                                40.9953906
                            ],
                            [
                                29.0665505,
                                40.995079
                            ],
                            [
                                29.0673768,
                                40.9947671
                            ],
                            [
                                29.0681598,
                                40.9944697
                            ],
                            [
                                29.0692736,
                                40.9940557
                            ],
                            [
                                29.073352,
                                40.992524
                            ],
                            [
                                29.0737715,
                                40.9940496
                            ],
                            [
                                29.0739266,
                                40.9950583
                            ],
                            [
                                29.0740516,
                                40.9963271
                            ],
                            [
                                29.0740329,
                                40.9967136
                            ],
                            [
                                29.0740048,
                                40.9968923
                            ],
                            [
                                29.0739806,
                                40.9970388
                            ],
                            [
                                29.0736691,
                                40.9989872
                            ],
                            [
                                29.0734398,
                                41.0001643
                            ],
                            [
                                29.0728989,
                                41.0014003
                            ],
                            [
                                29.0724861,
                                41.002115
                            ],
                            [
                                29.0723182,
                                41.0025163
                            ],
                            [
                                29.0722964,
                                41.0026695
                            ],
                            [
                                29.072293,
                                41.0029064
                            ],
                            [
                                29.0723558,
                                41.0035645
                            ],
                            [
                                29.0724477,
                                41.0044348
                            ],
                            [
                                29.0725219,
                                41.0051901
                            ],
                            [
                                29.0725775,
                                41.0054446
                            ],
                            [
                                29.0726392,
                                41.0056665
                            ],
                            [
                                29.0718682,
                                41.0056063
                            ],
                            [
                                29.0712513,
                                41.0055927
                            ],
                            [
                                29.0700656,
                                41.0056053
                            ],
                            [
                                29.0692848,
                                41.0056865
                            ],
                            [
                                29.068467,
                                41.0057956
                            ],
                            [
                                29.0676516,
                                41.0059373
                            ],
                            [
                                29.0664339,
                                41.0062652
                            ],
                            [
                                29.065361,
                                41.0066457
                            ],
                            [
                                29.0641379,
                                41.0071315
                            ],
                            [
                                29.0616407,
                                41.0089413
                            ],
                            [
                                29.0616143,
                                41.0087382
                            ],
                            [
                                29.0615192,
                                41.0083081
                            ],
                            [
                                29.0613926,
                                41.0078807
                            ],
                            [
                                29.0612903,
                                41.0075848
                            ],
                            [
                                29.0611459,
                                41.0072042
                            ],
                            [
                                29.0610584,
                                41.0070083
                            ],
                            [
                                29.0608855,
                                41.0066349
                            ],
                            [
                                29.0607661,
                                41.0064005
                            ],
                            [
                                29.0604994,
                                41.0058608
                            ],
                            [
                                29.0603669,
                                41.005596
                            ],
                            [
                                29.0601855,
                                41.0052297
                            ],
                            [
                                29.0599073,
                                41.0046708
                            ],
                            [
                                29.059778,
                                41.0044172
                            ],
                            [
                                29.0596646,
                                41.0041934
                            ],
                            [
                                29.0594041,
                                41.0036662
                            ],
                            [
                                29.0590797,
                                41.0030128
                            ],
                            [
                                29.0587016,
                                41.0022564
                            ],
                            [
                                29.0582501,
                                41.001353
                            ],
                            [
                                29.0581144,
                                41.0010747
                            ],
                            [
                                29.057693,
                                41.0002364
                            ],
                            [
                                29.0575736,
                                41.0000275
                            ],
                            [
                                29.0572777,
                                40.9995984
                            ],
                            [
                                29.0571169,
                                40.9994004
                            ],
                            [
                                29.0568174,
                                40.9991069
                            ],
                            [
                                29.0565187,
                                40.9988534
                            ]
                        ]
                    ]
                ]
            }
        },
        {
            "type": "Feature",
            "properties": {
                "type": "relation",
                "id": 3866467,
                "tags": {
                    "admin_level": "8",
                    "alt_name": "Bulgurlu",
                    "boundary": "administrative",
                    "name": "Bulgurlu Mahallesi",
                    "network": "TR34-suburbs",
                    "type": "boundary",
                    "wikidata": "Q6085494",
                    "wikipedia": "tr:Bulgurlu, Üsküdar"
                }
            },
            "geometry": {
                "type": "MultiPolygon",
                "coordinates": [
                    [
                        [
                            [
                                29.0693947,
                                41.0199207
                            ],
                            [
                                29.0692234,
                                41.0196714
                            ],
                            [
                                29.0696391,
                                41.0194225
                            ],
                            [
                                29.0700737,
                                41.0191351
                            ],
                            [
                                29.0703043,
                                41.0189996
                            ],
                            [
                                29.0707201,
                                41.018785
                            ],
                            [
                                29.0709802,
                                41.018613
                            ],
                            [
                                29.0716186,
                                41.0182022
                            ],
                            [
                                29.0719351,
                                41.0179816
                            ],
                            [
                                29.0720251,
                                41.0178924
                            ],
                            [
                                29.0720719,
                                41.017846
                            ],
                            [
                                29.0721068,
                                41.0175971
                            ],
                            [
                                29.0721604,
                                41.0174858
                            ],
                            [
                                29.0725306,
                                41.0172207
                            ],
                            [
                                29.0728187,
                                41.0169948
                            ],
                            [
                                29.0729436,
                                41.0168969
                            ],
                            [
                                29.0734372,
                                41.0166237
                            ],
                            [
                                29.0740165,
                                41.016312
                            ],
                            [
                                29.0742384,
                                41.0162042
                            ],
                            [
                                29.074958,
                                41.0155693
                            ],
                            [
                                29.0753281,
                                41.0152961
                            ],
                            [
                                29.0754756,
                                41.0151888
                            ],
                            [
                                29.0753818,
                                41.0144825
                            ],
                            [
                                29.0753174,
                                41.0138632
                            ],
                            [
                                29.076701,
                                41.0137941
                            ],
                            [
                                29.0775865,
                                41.0137499
                            ],
                            [
                                29.0772378,
                                41.0143854
                            ],
                            [
                                29.0784019,
                                41.014863
                            ],
                            [
                                29.0791154,
                                41.015203
                            ],
                            [
                                29.0798235,
                                41.0150006
                            ],
                            [
                                29.0808213,
                                41.0147092
                            ],
                            [
                                29.081068,
                                41.0144946
                            ],
                            [
                                29.0815401,
                                41.0140332
                            ],
                            [
                                29.0820926,
                                41.0139442
                            ],
                            [
                                29.0834767,
                                41.0141223
                            ],
                            [
                                29.0852201,
                                41.0145594
                            ],
                            [
                                29.085803,
                                41.0147199
                            ],
                            [
                                29.0870082,
                                41.0150678
                            ],
                            [
                                29.0868991,
                                41.0153029
                            ],
                            [
                                29.0867711,
                                41.0155851
                            ],
                            [
                                29.0866702,
                                41.0157709
                            ],
                            [
                                29.0857778,
                                41.0174051
                            ],
                            [
                                29.0854902,
                                41.018105
                            ],
                            [
                                29.085304,
                                41.0181407
                            ],
                            [
                                29.0848775,
                                41.0182266
                            ],
                            [
                                29.0844505,
                                41.0183737
                            ],
                            [
                                29.0843529,
                                41.0185296
                            ],
                            [
                                29.0842596,
                                41.0188384
                            ],
                            [
                                29.0842269,
                                41.0189465
                            ],
                            [
                                29.0839648,
                                41.0195278
                            ],
                            [
                                29.0836672,
                                41.0200416
                            ],
                            [
                                29.0834095,
                                41.0205945
                            ],
                            [
                                29.0832266,
                                41.0211155
                            ],
                            [
                                29.0832427,
                                41.0213799
                            ],
                            [
                                29.0833099,
                                41.0217747
                            ],
                            [
                                29.0834066,
                                41.0221121
                            ],
                            [
                                29.0834938,
                                41.0224166
                            ],
                            [
                                29.0835679,
                                41.0227997
                            ],
                            [
                                29.0835476,
                                41.0230981
                            ],
                            [
                                29.0833801,
                                41.0236842
                            ],
                            [
                                29.0830935,
                                41.0241339
                            ],
                            [
                                29.0823394,
                                41.0239069
                            ],
                            [
                                29.0818647,
                                41.0237612
                            ],
                            [
                                29.0815106,
                                41.0236681
                            ],
                            [
                                29.0809661,
                                41.0235224
                            ],
                            [
                                29.0805772,
                                41.023405
                            ],
                            [
                                29.0802607,
                                41.0233119
                            ],
                            [
                                29.0798262,
                                41.0230893
                            ],
                            [
                                29.0796009,
                                41.022976
                            ],
                            [
                                29.0793514,
                                41.0228728
                            ],
                            [
                                29.078961,
                                41.0227501
                            ],
                            [
                                29.0787379,
                                41.0227073
                            ],
                            [
                                29.0785148,
                                41.0226999
                            ],
                            [
                                29.0781094,
                                41.0225063
                            ],
                            [
                                29.0761891,
                                41.0215291
                            ],
                            [
                                29.0758391,
                                41.0213409
                            ],
                            [
                                29.0741654,
                                41.0204819
                            ],
                            [
                                29.073763,
                                41.0202785
                            ],
                            [
                                29.0735602,
                                41.0201946
                            ],
                            [
                                29.0733138,
                                41.0201025
                            ],
                            [
                                29.0730547,
                                41.0200142
                            ],
                            [
                                29.072831,
                                41.0199527
                            ],
                            [
                                29.0724493,
                                41.0198575
                            ],
                            [
                                29.0720623,
                                41.0197906
                            ],
                            [
                                29.0716211,
                                41.0197362
                            ],
                            [
                                29.0712346,
                                41.0197285
                            ],
                            [
                                29.0708008,
                                41.0197307
                            ],
                            [
                                29.0703002,
                                41.019752
                            ],
                            [
                                29.0698427,
                                41.0198222
                            ],
                            [
                                29.0693947,
                                41.0199207
                            ]
                        ]
                    ]
                ]
            }
        },
        {
            "type": "Feature",
            "properties": {
                "type": "relation",
                "id": 3866468,
                "tags": {
                    "admin_level": "8",
                    "alt_name": "Kısıklı",
                    "boundary": "administrative",
                    "name": "Kısıklı Mahallesi",
                    "network": "TR34-suburbs",
                    "type": "boundary",
                    "wikidata": "Q6052058",
                    "wikimedia_commons": "Category:Kısıklı, Üsküdar",
                    "wikipedia": "tr:Kısıklı, Üsküdar"
                }
            },
            "geometry": {
                "type": "MultiPolygon",
                "coordinates": [
                    [
                        [
                            [
                                29.0611821,
                                41.0220472
                            ],
                            [
                                29.0617293,
                                41.0220047
                            ],
                            [
                                29.0628666,
                                41.0219845
                            ],
                            [
                                29.0634352,
                                41.0219642
                            ],
                            [
                                29.0636069,
                                41.0219237
                            ],
                            [
                                29.0638697,
                                41.0217517
                            ],
                            [
                                29.0643954,
                                41.0213976
                            ],
                            [
                                29.0648273,
                                41.0211042
                            ],
                            [
                                29.0650177,
                                41.0210334
                            ],
                            [
                                29.0656507,
                                41.0208755
                            ],
                            [
                                29.0669864,
                                41.0205052
                            ],
                            [
                                29.0678394,
                                41.0203372
                            ],
                            [
                                29.0686119,
                                41.0201268
                            ],
                            [
                                29.0693947,
                                41.0199207
                            ],
                            [
                                29.0698427,
                                41.0198222
                            ],
                            [
                                29.0703002,
                                41.019752
                            ],
                            [
                                29.0708008,
                                41.0197307
                            ],
                            [
                                29.0712346,
                                41.0197285
                            ],
                            [
                                29.0716211,
                                41.0197362
                            ],
                            [
                                29.0720623,
                                41.0197906
                            ],
                            [
                                29.0724493,
                                41.0198575
                            ],
                            [
                                29.072831,
                                41.0199527
                            ],
                            [
                                29.0730547,
                                41.0200142
                            ],
                            [
                                29.0733138,
                                41.0201025
                            ],
                            [
                                29.0735602,
                                41.0201946
                            ],
                            [
                                29.073763,
                                41.0202785
                            ],
                            [
                                29.0741654,
                                41.0204819
                            ],
                            [
                                29.0758391,
                                41.0213409
                            ],
                            [
                                29.0761891,
                                41.0215291
                            ],
                            [
                                29.0781094,
                                41.0225063
                            ],
                            [
                                29.0785148,
                                41.0226999
                            ],
                            [
                                29.0787379,
                                41.0227073
                            ],
                            [
                                29.078961,
                                41.0227501
                            ],
                            [
                                29.0793514,
                                41.0228728
                            ],
                            [
                                29.0796009,
                                41.022976
                            ],
                            [
                                29.0798262,
                                41.0230893
                            ],
                            [
                                29.0802607,
                                41.0233119
                            ],
                            [
                                29.0805772,
                                41.023405
                            ],
                            [
                                29.0809661,
                                41.0235224
                            ],
                            [
                                29.0815106,
                                41.0236681
                            ],
                            [
                                29.0818647,
                                41.0237612
                            ],
                            [
                                29.0823394,
                                41.0239069
                            ],
                            [
                                29.0830935,
                                41.0241339
                            ],
                            [
                                29.0836373,
                                41.0242219
                            ],
                            [
                                29.0839326,
                                41.0241692
                            ],
                            [
                                29.0845766,
                                41.0241682
                            ],
                            [
                                29.0845663,
                                41.0244097
                            ],
                            [
                                29.0845963,
                                41.0247094
                            ],
                            [
                                29.0830577,
                                41.0257116
                            ],
                            [
                                29.0827884,
                                41.0259615
                            ],
                            [
                                29.0822777,
                                41.0263077
                            ],
                            [
                                29.0819262,
                                41.0265225
                            ],
                            [
                                29.0813916,
                                41.0270281
                            ],
                            [
                                29.0809568,
                                41.0275699
                            ],
                            [
                                29.0807832,
                                41.0278242
                            ],
                            [
                                29.0806017,
                                41.0281899
                            ],
                            [
                                29.0804601,
                                41.0287271
                            ],
                            [
                                29.0803543,
                                41.02943
                            ],
                            [
                                29.0791932,
                                41.0289008
                            ],
                            [
                                29.0785494,
                                41.0286256
                            ],
                            [
                                29.078351,
                                41.0285528
                            ],
                            [
                                29.0782142,
                                41.0285204
                            ],
                            [
                                29.0780774,
                                41.0285245
                            ],
                            [
                                29.0779379,
                                41.0286499
                            ],
                            [
                                29.0776831,
                                41.0285305
                            ],
                            [
                                29.077085,
                                41.0281967
                            ],
                            [
                                29.0767926,
                                41.0280267
                            ],
                            [
                                29.0765861,
                                41.0278486
                            ],
                            [
                                29.0762642,
                                41.0277697
                            ],
                            [
                                29.076248,
                                41.0277993
                            ],
                            [
                                29.0762038,
                                41.0278801
                            ],
                            [
                                29.0760604,
                                41.028142
                            ],
                            [
                                29.0758726,
                                41.0282068
                            ],
                            [
                                29.0744752,
                                41.0286418
                            ],
                            [
                                29.0742338,
                                41.0287207
                            ],
                            [
                                29.073987,
                                41.0288158
                            ],
                            [
                                29.0735766,
                                41.0288745
                            ],
                            [
                                29.0732601,
                                41.0288482
                            ],
                            [
                                29.0726083,
                                41.0287369
                            ],
                            [
                                29.0723857,
                                41.0287126
                            ],
                            [
                                29.0714174,
                                41.0287996
                            ],
                            [
                                29.0710768,
                                41.0288745
                            ],
                            [
                                29.0706691,
                                41.0289716
                            ],
                            [
                                29.0703499,
                                41.0291214
                            ],
                            [
                                29.0702775,
                                41.0292428
                            ],
                            [
                                29.0700307,
                                41.0292003
                            ],
                            [
                                29.0697169,
                                41.0293095
                            ],
                            [
                                29.0692046,
                                41.0293743
                            ],
                            [
                                29.0689579,
                                41.0292812
                            ],
                            [
                                29.0683758,
                                41.0290384
                            ],
                            [
                                29.0675014,
                                41.0288057
                            ],
                            [
                                29.0671527,
                                41.0287329
                            ],
                            [
                                29.0670401,
                                41.028745
                            ],
                            [
                                29.0670079,
                                41.028834
                            ],
                            [
                                29.0671152,
                                41.0292063
                            ],
                            [
                                29.0670669,
                                41.0292428
                            ],
                            [
                                29.0669328,
                                41.0292266
                            ],
                            [
                                29.0666324,
                                41.0291011
                            ],
                            [
                                29.0664124,
                                41.0290485
                            ],
                            [
                                29.0659082,
                                41.0291214
                            ],
                            [
                                29.0656561,
                                41.0291375
                            ],
                            [
                                29.0653932,
                                41.0290404
                            ],
                            [
                                29.0650177,
                                41.0287936
                            ],
                            [
                                29.0648192,
                                41.0285953
                            ],
                            [
                                29.0648192,
                                41.0289919
                            ],
                            [
                                29.0645832,
                                41.0292428
                            ],
                            [
                                29.0642157,
                                41.0295969
                            ],
                            [
                                29.0638912,
                                41.0297527
                            ],
                            [
                                29.063639,
                                41.0298053
                            ],
                            [
                                29.0630731,
                                41.0298275
                            ],
                            [
                                29.0627754,
                                41.0297951
                            ],
                            [
                                29.062593,
                                41.0297081
                            ],
                            [
                                29.0622416,
                                41.0294087
                            ],
                            [
                                29.0621316,
                                41.0292326
                            ],
                            [
                                29.0619814,
                                41.0289858
                            ],
                            [
                                29.0621826,
                                41.0286216
                            ],
                            [
                                29.0623033,
                                41.028399
                            ],
                            [
                                29.0623569,
                                41.0282634
                            ],
                            [
                                29.0623865,
                                41.0281279
                            ],
                            [
                                29.0622818,
                                41.0278931
                            ],
                            [
                                29.062086,
                                41.0276948
                            ],
                            [
                                29.0618554,
                                41.0272416
                            ],
                            [
                                29.0617186,
                                41.0271242
                            ],
                            [
                                29.0614209,
                                41.0271161
                            ],
                            [
                                29.060635,
                                41.0265536
                            ],
                            [
                                29.0605411,
                                41.0264848
                            ],
                            [
                                29.0602165,
                                41.026159
                            ],
                            [
                                29.0597619,
                                41.0255925
                            ],
                            [
                                29.0605169,
                                41.0246697
                            ],
                            [
                                29.0607959,
                                41.0242772
                            ],
                            [
                                29.0610588,
                                41.0237349
                            ],
                            [
                                29.0613323,
                                41.0230104
                            ],
                            [
                                29.0613431,
                                41.0227635
                            ],
                            [
                                29.0612251,
                                41.0222212
                            ],
                            [
                                29.0611821,
                                41.0220472
                            ]
                        ]
                    ]
                ]
            }
        },
        {
            "type": "Feature",
            "properties": {
                "type": "relation",
                "id": 9441289,
                "tags": {
                    "admin_level": "8",
                    "boundary": "administrative",
                    "name": "Selimiye Mahallesi",
                    "type": "boundary",
                    "wikidata": "Q12811767"
                }
            },
            "geometry": {
                "type": "MultiPolygon",
                "coordinates": [
                    [
                        [
                            [
                                29.0109847,
                                41.0124632
                            ],
                            [
                                29.0110146,
                                41.0123251
                            ],
                            [
                                29.0104653,
                                41.0112112
                            ],
                            [
                                29.0103021,
                                41.0111376
                            ],
                            [
                                29.0102581,
                                41.0110582
                            ],
                            [
                                29.0101211,
                                41.0110748
                            ],
                            [
                                29.0100893,
                                41.0110065
                            ],
                            [
                                29.0099946,
                                41.0110059
                            ],
                            [
                                29.0099238,
                                41.0108274
                            ],
                            [
                                29.0098988,
                                41.0107643
                            ],
                            [
                                29.0096798,
                                41.0108139
                            ],
                            [
                                29.0094245,
                                41.0108616
                            ],
                            [
                                29.0091757,
                                41.0109388
                            ],
                            [
                                29.0089197,
                                41.0109548
                            ],
                            [
                                29.008896,
                                41.0109117
                            ],
                            [
                                29.0094181,
                                41.0106283
                            ],
                            [
                                29.0100515,
                                41.0104624
                            ],
                            [
                                29.009994,
                                41.0103455
                            ],
                            [
                                29.0097866,
                                41.0099243
                            ],
                            [
                                29.0100344,
                                41.0095251
                            ],
                            [
                                29.0098428,
                                41.009463
                            ],
                            [
                                29.0096174,
                                41.0096511
                            ],
                            [
                                29.0095545,
                                41.0096293
                            ],
                            [
                                29.009829,
                                41.0092283
                            ],
                            [
                                29.0096267,
                                41.0091578
                            ],
                            [
                                29.0093706,
                                41.0093614
                            ],
                            [
                                29.0091609,
                                41.0092061
                            ],
                            [
                                29.008087,
                                41.0095183
                            ],
                            [
                                29.007199,
                                41.0109158
                            ],
                            [
                                29.0070716,
                                41.0108636
                            ],
                            [
                                29.006983,
                                41.0110027
                            ],
                            [
                                29.0068601,
                                41.0109525
                            ],
                            [
                                29.0075788,
                                41.0098223
                            ],
                            [
                                29.0073,
                                41.0096975
                            ],
                            [
                                29.0074105,
                                41.0095001
                            ],
                            [
                                29.0091757,
                                41.0090004
                            ],
                            [
                                29.0103569,
                                41.0072237
                            ],
                            [
                                29.0102347,
                                41.0071007
                            ],
                            [
                                29.0067059,
                                41.0074352
                            ],
                            [
                                29.0066612,
                                41.0073035
                            ],
                            [
                                29.0079134,
                                41.0055001
                            ],
                            [
                                29.0079665,
                                41.0054235
                            ],
                            [
                                29.0083587,
                                41.0048587
                            ],
                            [
                                29.01244,
                                41.0044517
                            ],
                            [
                                29.0124275,
                                41.004262
                            ],
                            [
                                29.0134669,
                                41.0026265
                            ],
                            [
                                29.0133872,
                                41.0025344
                            ],
                            [
                                29.0104854,
                                41.0028165
                            ],
                            [
                                29.0103433,
                                41.0026696
                            ],
                            [
                                29.0115514,
                                41.0008972
                            ],
                            [
                                29.015483,
                                41.0005265
                            ],
                            [
                                29.0157564,
                                41.0002827
                            ],
                            [
                                29.0157894,
                                41.0002533
                            ],
                            [
                                29.0176451,
                                41.0012922
                            ],
                            [
                                29.0189642,
                                41.0000735
                            ],
                            [
                                29.0201199,
                                40.9989566
                            ],
                            [
                                29.0206207,
                                40.9989714
                            ],
                            [
                                29.0211828,
                                40.9984136
                            ],
                            [
                                29.0214836,
                                40.9984092
                            ],
                            [
                                29.021628,
                                40.9984637
                            ],
                            [
                                29.0218033,
                                40.9985299
                            ],
                            [
                                29.0221404,
                                40.9987851
                            ],
                            [
                                29.022103,
                                40.9989938
                            ],
                            [
                                29.0223502,
                                40.9991889
                            ],
                            [
                                29.0225737,
                                40.9993602
                            ],
                            [
                                29.0230431,
                                40.9996001
                            ],
                            [
                                29.0233401,
                                40.9997634
                            ],
                            [
                                29.0236235,
                                41.0001215
                            ],
                            [
                                29.0238308,
                                41.0003993
                            ],
                            [
                                29.0255548,
                                41.0012833
                            ],
                            [
                                29.026524,
                                41.0018127
                            ],
                            [
                                29.0273994,
                                41.0023502
                            ],
                            [
                                29.0278035,
                                41.0025488
                            ],
                            [
                                29.0281249,
                                41.0028268
                            ],
                            [
                                29.0275286,
                                41.0035289
                            ],
                            [
                                29.0248865,
                                41.006674
                            ],
                            [
                                29.0238512,
                                41.0078642
                            ],
                            [
                                29.0223759,
                                41.0095684
                            ],
                            [
                                29.0218931,
                                41.0101311
                            ],
                            [
                                29.021582,
                                41.0104792
                            ],
                            [
                                29.0212172,
                                41.0109528
                            ],
                            [
                                29.0209544,
                                41.0113009
                            ],
                            [
                                29.0205896,
                                41.0119233
                            ],
                            [
                                29.0203777,
                                41.012321
                            ],
                            [
                                29.0202302,
                                41.0123493
                            ],
                            [
                                29.0201068,
                                41.012321
                            ],
                            [
                                29.01986,
                                41.0121631
                            ],
                            [
                                29.0194631,
                                41.0117462
                            ],
                            [
                                29.018881,
                                41.0121672
                            ],
                            [
                                29.0184277,
                                41.012493
                            ],
                            [
                                29.0180629,
                                41.0127602
                            ],
                            [
                                29.0176365,
                                41.013084
                            ],
                            [
                                29.0174004,
                                41.0132702
                            ],
                            [
                                29.0172368,
                                41.0133937
                            ],
                            [
                                29.0167621,
                                41.0131763
                            ],
                            [
                                29.0166092,
                                41.0131063
                            ],
                            [
                                29.015767,
                                41.0126934
                            ],
                            [
                                29.0153754,
                                41.0125315
                            ],
                            [
                                29.0149516,
                                41.0123412
                            ],
                            [
                                29.0145278,
                                41.0121429
                            ],
                            [
                                29.0138465,
                                41.0119324
                            ],
                            [
                                29.0130848,
                                41.011726
                            ],
                            [
                                29.0124839,
                                41.0116652
                            ],
                            [
                                29.0121943,
                                41.0118555
                            ],
                            [
                                29.0117007,
                                41.012406
                            ],
                            [
                                29.0114593,
                                41.0125234
                            ],
                            [
                                29.0114111,
                                41.0124991
                            ],
                            [
                                29.0109847,
                                41.0124632
                            ]
                        ]
                    ]
                ]
            }
        },
        {
            "type": "Feature",
            "properties": {
                "type": "relation",
                "id": 9463224,
                "tags": {
                    "admin_level": "8",
                    "boundary": "administrative",
                    "name": "Salacak Mahallesi",
                    "type": "boundary",
                    "wikidata": "Q7403368"
                }
            },
            "geometry": {
                "type": "MultiPolygon",
                "coordinates": [
                    [
                        [
                            [
                                29.0068245,
                                41.0222091
                            ],
                            [
                                29.0063631,
                                41.0221357
                            ],
                            [
                                29.0064332,
                                41.0218007
                            ],
                            [
                                29.0065435,
                                41.0214671
                            ],
                            [
                                29.0068446,
                                41.0209944
                            ],
                            [
                                29.0069368,
                                41.0209682
                            ],
                            [
                                29.0071098,
                                41.0207215
                            ],
                            [
                                29.0070272,
                                41.0206399
                            ],
                            [
                                29.0075127,
                                41.0200835
                            ],
                            [
                                29.0076722,
                                41.0199356
                            ],
                            [
                                29.0084351,
                                41.0193304
                            ],
                            [
                                29.0085185,
                                41.0193417
                            ],
                            [
                                29.0086212,
                                41.0192273
                            ],
                            [
                                29.0086188,
                                41.0190316
                            ],
                            [
                                29.0086604,
                                41.0188322
                            ],
                            [
                                29.0084867,
                                41.018751
                            ],
                            [
                                29.0085172,
                                41.0186978
                            ],
                            [
                                29.0086604,
                                41.0187085
                            ],
                            [
                                29.008653,
                                41.0186033
                            ],
                            [
                                29.0086212,
                                41.0183929
                            ],
                            [
                                29.0086259,
                                41.0180631
                            ],
                            [
                                29.0083448,
                                41.0180218
                            ],
                            [
                                29.0082473,
                                41.0180759
                            ],
                            [
                                29.008126,
                                41.0185256
                            ],
                            [
                                29.0083692,
                                41.0186365
                            ],
                            [
                                29.0083257,
                                41.0186986
                            ],
                            [
                                29.007948,
                                41.018595
                            ],
                            [
                                29.0080218,
                                41.0182655
                            ],
                            [
                                29.0081785,
                                41.0179347
                            ],
                            [
                                29.0083815,
                                41.0178926
                            ],
                            [
                                29.0084402,
                                41.017828
                            ],
                            [
                                29.008446,
                                41.0177283
                            ],
                            [
                                29.0085234,
                                41.0176194
                            ],
                            [
                                29.0087143,
                                41.0175321
                            ],
                            [
                                29.0092379,
                                41.0172277
                            ],
                            [
                                29.0095898,
                                41.0169622
                            ],
                            [
                                29.0099881,
                                41.0165421
                            ],
                            [
                                29.010313,
                                41.0160759
                            ],
                            [
                                29.0105654,
                                41.0156236
                            ],
                            [
                                29.0106736,
                                41.0152656
                            ],
                            [
                                29.0107571,
                                41.0148963
                            ],
                            [
                                29.0108881,
                                41.0143718
                            ],
                            [
                                29.0109911,
                                41.0137372
                            ],
                            [
                                29.0111505,
                                41.0129903
                            ],
                            [
                                29.0110266,
                                41.0129422
                            ],
                            [
                                29.0100303,
                                41.013191
                            ],
                            [
                                29.0095092,
                                41.0139146
                            ],
                            [
                                29.0094428,
                                41.0138767
                            ],
                            [
                                29.0100349,
                                41.0130004
                            ],
                            [
                                29.0106172,
                                41.0128293
                            ],
                            [
                                29.0106153,
                                41.0127826
                            ],
                            [
                                29.0108747,
                                41.0126046
                            ],
                            [
                                29.0109847,
                                41.0124632
                            ],
                            [
                                29.0114111,
                                41.0124991
                            ],
                            [
                                29.0114593,
                                41.0125234
                            ],
                            [
                                29.0117007,
                                41.012406
                            ],
                            [
                                29.0121943,
                                41.0118555
                            ],
                            [
                                29.0124839,
                                41.0116652
                            ],
                            [
                                29.0130848,
                                41.011726
                            ],
                            [
                                29.0138465,
                                41.0119324
                            ],
                            [
                                29.0145278,
                                41.0121429
                            ],
                            [
                                29.0149516,
                                41.0123412
                            ],
                            [
                                29.0153754,
                                41.0125315
                            ],
                            [
                                29.015767,
                                41.0126934
                            ],
                            [
                                29.0166092,
                                41.0131063
                            ],
                            [
                                29.0167621,
                                41.0131763
                            ],
                            [
                                29.0172368,
                                41.0133937
                            ],
                            [
                                29.017041,
                                41.0135434
                            ],
                            [
                                29.0167674,
                                41.0137539
                            ],
                            [
                                29.0165555,
                                41.013932
                            ],
                            [
                                29.0163678,
                                41.0141546
                            ],
                            [
                                29.0162766,
                                41.0143773
                            ],
                            [
                                29.0162229,
                                41.0146727
                            ],
                            [
                                29.0162431,
                                41.0155784
                            ],
                            [
                                29.0157831,
                                41.015713
                            ],
                            [
                                29.0154719,
                                41.0159599
                            ],
                            [
                                29.0149087,
                                41.0165185
                            ],
                            [
                                29.0146458,
                                41.0169273
                            ],
                            [
                                29.0144527,
                                41.0172551
                            ],
                            [
                                29.0142971,
                                41.0174939
                            ],
                            [
                                29.0141845,
                                41.0176882
                            ],
                            [
                                29.0140772,
                                41.0178663
                            ],
                            [
                                29.0139377,
                                41.0179796
                            ],
                            [
                                29.0136695,
                                41.0181617
                            ],
                            [
                                29.0132149,
                                41.0184208
                            ],
                            [
                                29.0129668,
                                41.0185483
                            ],
                            [
                                29.0126207,
                                41.0187345
                            ],
                            [
                                29.0123123,
                                41.0188832
                            ],
                            [
                                29.0121903,
                                41.0189216
                            ],
                            [
                                29.0120494,
                                41.0189601
                            ],
                            [
                                29.011749,
                                41.0191412
                            ],
                            [
                                29.0115747,
                                41.0192343
                            ],
                            [
                                29.0113306,
                                41.0193922
                            ],
                            [
                                29.0111053,
                                41.0195581
                            ],
                            [
                                29.011024,
                                41.0196109
                            ],
                            [
                                29.010601,
                                41.0198859
                            ],
                            [
                                29.0104777,
                                41.020064
                            ],
                            [
                                29.0104133,
                                41.0202502
                            ],
                            [
                                29.0103731,
                                41.0209504
                            ],
                            [
                                29.0103623,
                                41.0211892
                            ],
                            [
                                29.0104026,
                                41.0212782
                            ],
                            [
                                29.0105313,
                                41.0216323
                            ],
                            [
                                29.0101772,
                                41.0215494
                            ],
                            [
                                29.0099788,
                                41.0215453
                            ],
                            [
                                29.0097266,
                                41.0216263
                            ],
                            [
                                29.0095442,
                                41.0217234
                            ],
                            [
                                29.0093404,
                                41.0217801
                            ],
                            [
                                29.0090024,
                                41.021857
                            ],
                            [
                                29.0086269,
                                41.0219339
                            ],
                            [
                                29.0082031,
                                41.0222253
                            ],
                            [
                                29.0075165,
                                41.0222496
                            ],
                            [
                                29.0068245,
                                41.0222091
                            ]
                        ]
                    ],
                    [
                        [
                            [
                                29.003896,
                                41.0212494
                            ],
                            [
                                29.0038691,
                                41.0212332
                            ],
                            [
                                29.0038777,
                                41.02096
                            ],
                            [
                                29.0039055,
                                41.0209127
                            ],
                            [
                                29.003945,
                                41.0208801
                            ],
                            [
                                29.004418,
                                41.0209432
                            ],
                            [
                                29.0043673,
                                41.0211432
                            ],
                            [
                                29.0044793,
                                41.0211522
                            ],
                            [
                                29.0044732,
                                41.0211674
                            ],
                            [
                                29.004468,
                                41.0211806
                            ],
                            [
                                29.0043435,
                                41.0211759
                            ],
                            [
                                29.0042462,
                                41.0212859
                            ],
                            [
                                29.003896,
                                41.0212494
                            ]
                        ]
                    ]
                ]
            }
        },
        {
            "type": "Feature",
            "properties": {
                "type": "relation",
                "id": 9463235,
                "tags": {
                    "admin_level": "8",
                    "boundary": "administrative",
                    "name": "Aziz Mahmut Hüdayi Mahallesi",
                    "type": "boundary",
                    "wikidata": "Q6049495",
                    "wikipedia": "tr:Aziz Mahmut Hüdayi, Üsküdar"
                }
            },
            "geometry": {
                "type": "MultiPolygon",
                "coordinates": [
                    [
                        [
                            [
                                29.0063631,
                                41.0221357
                            ],
                            [
                                29.0068245,
                                41.0222091
                            ],
                            [
                                29.0075165,
                                41.0222496
                            ],
                            [
                                29.0082031,
                                41.0222253
                            ],
                            [
                                29.0086269,
                                41.0219339
                            ],
                            [
                                29.0090024,
                                41.021857
                            ],
                            [
                                29.0093404,
                                41.0217801
                            ],
                            [
                                29.0095442,
                                41.0217234
                            ],
                            [
                                29.0097266,
                                41.0216263
                            ],
                            [
                                29.0099788,
                                41.0215453
                            ],
                            [
                                29.0101772,
                                41.0215494
                            ],
                            [
                                29.0105313,
                                41.0216323
                            ],
                            [
                                29.0104026,
                                41.0212782
                            ],
                            [
                                29.0103623,
                                41.0211892
                            ],
                            [
                                29.0103731,
                                41.0209504
                            ],
                            [
                                29.0104133,
                                41.0202502
                            ],
                            [
                                29.0104777,
                                41.020064
                            ],
                            [
                                29.010601,
                                41.0198859
                            ],
                            [
                                29.011024,
                                41.0196109
                            ],
                            [
                                29.0111053,
                                41.0195581
                            ],
                            [
                                29.0113306,
                                41.0193922
                            ],
                            [
                                29.0115747,
                                41.0192343
                            ],
                            [
                                29.011749,
                                41.0191412
                            ],
                            [
                                29.0120494,
                                41.0189601
                            ],
                            [
                                29.0121903,
                                41.0189216
                            ],
                            [
                                29.0123029,
                                41.0189955
                            ],
                            [
                                29.0129167,
                                41.0193733
                            ],
                            [
                                29.0131748,
                                41.0194952
                            ],
                            [
                                29.01353,
                                41.0196573
                            ],
                            [
                                29.0137607,
                                41.0197544
                            ],
                            [
                                29.014053,
                                41.0198778
                            ],
                            [
                                29.0145546,
                                41.020149
                            ],
                            [
                                29.0150347,
                                41.020404
                            ],
                            [
                                29.0152252,
                                41.0206205
                            ],
                            [
                                29.0154639,
                                41.0208836
                            ],
                            [
                                29.0156355,
                                41.0210657
                            ],
                            [
                                29.0160084,
                                41.0213976
                            ],
                            [
                                29.0163227,
                                41.0216917
                            ],
                            [
                                29.0164214,
                                41.0217841
                            ],
                            [
                                29.0162632,
                                41.0219035
                            ],
                            [
                                29.0160486,
                                41.0221463
                            ],
                            [
                                29.015952,
                                41.0223366
                            ],
                            [
                                29.0157804,
                                41.0234374
                            ],
                            [
                                29.015708,
                                41.024004
                            ],
                            [
                                29.0154907,
                                41.0240384
                            ],
                            [
                                29.01467,
                                41.0241861
                            ],
                            [
                                29.013302,
                                41.0244674
                            ],
                            [
                                29.0129963,
                                41.0244107
                            ],
                            [
                                29.0126342,
                                41.0243824
                            ],
                            [
                                29.0124705,
                                41.0244269
                            ],
                            [
                                29.0122747,
                                41.0241315
                            ],
                            [
                                29.0120682,
                                41.0241881
                            ],
                            [
                                29.0119786,
                                41.0242322
                            ],
                            [
                                29.0117329,
                                41.0243439
                            ],
                            [
                                29.0115532,
                                41.0244998
                            ],
                            [
                                29.0112635,
                                41.0247669
                            ],
                            [
                                29.011049,
                                41.0249105
                            ],
                            [
                                29.0106413,
                                41.02521
                            ],
                            [
                                29.0102711,
                                41.0254893
                            ],
                            [
                                29.0099761,
                                41.0256754
                            ],
                            [
                                29.0098044,
                                41.0257847
                            ],
                            [
                                29.0095189,
                                41.0259551
                            ],
                            [
                                29.0094893,
                                41.0259203
                            ],
                            [
                                29.0094946,
                                41.0258899
                            ],
                            [
                                29.0094142,
                                41.0258242
                            ],
                            [
                                29.0094075,
                                41.0258039
                            ],
                            [
                                29.0089044,
                                41.0254839
                            ],
                            [
                                29.0087274,
                                41.0253515
                            ],
                            [
                                29.0085609,
                                41.0252224
                            ],
                            [
                                29.0084258,
                                41.0250866
                            ],
                            [
                                29.0079997,
                                41.0246297
                            ],
                            [
                                29.0076511,
                                41.0242615
                            ],
                            [
                                29.00745,
                                41.0240377
                            ],
                            [
                                29.0072381,
                                41.0237643
                            ],
                            [
                                29.007113,
                                41.0235214
                            ],
                            [
                                29.006993,
                                41.023305
                            ],
                            [
                                29.0068866,
                                41.0231534
                            ],
                            [
                                29.006788,
                                41.0230991
                            ],
                            [
                                29.0064614,
                                41.0225292
                            ],
                            [
                                29.0063673,
                                41.0223138
                            ],
                            [
                                29.0063631,
                                41.0221357
                            ]
                        ]
                    ]
                ]
            }
        },
        {
            "type": "Feature",
            "properties": {
                "type": "relation",
                "id": 9463238,
                "tags": {
                    "admin_level": "8",
                    "boundary": "administrative",
                    "name": "Ahmediye Mahallesi",
                    "type": "boundary",
                    "wikidata": "Q6065883"
                }
            },
            "geometry": {
                "type": "MultiPolygon",
                "coordinates": [
                    [
                        [
                            [
                                29.0121903,
                                41.0189216
                            ],
                            [
                                29.0123123,
                                41.0188832
                            ],
                            [
                                29.0126207,
                                41.0187345
                            ],
                            [
                                29.0129668,
                                41.0185483
                            ],
                            [
                                29.0132149,
                                41.0184208
                            ],
                            [
                                29.0136695,
                                41.0181617
                            ],
                            [
                                29.0139377,
                                41.0179796
                            ],
                            [
                                29.0140772,
                                41.0178663
                            ],
                            [
                                29.0141845,
                                41.0176882
                            ],
                            [
                                29.0142971,
                                41.0174939
                            ],
                            [
                                29.0144527,
                                41.0172551
                            ],
                            [
                                29.0146458,
                                41.0169273
                            ],
                            [
                                29.0149087,
                                41.0165185
                            ],
                            [
                                29.0154719,
                                41.0159599
                            ],
                            [
                                29.0157831,
                                41.015713
                            ],
                            [
                                29.0162431,
                                41.0155784
                            ],
                            [
                                29.0162498,
                                41.0159154
                            ],
                            [
                                29.0169874,
                                41.0159174
                            ],
                            [
                                29.0173817,
                                41.0159821
                            ],
                            [
                                29.0176043,
                                41.0162452
                            ],
                            [
                                29.0183473,
                                41.0164071
                            ],
                            [
                                29.0182266,
                                41.0167087
                            ],
                            [
                                29.0183204,
                                41.0167168
                            ],
                            [
                                29.0184975,
                                41.0167228
                            ],
                            [
                                29.0186745,
                                41.0167289
                            ],
                            [
                                29.018932,
                                41.0167856
                            ],
                            [
                                29.0192324,
                                41.0168848
                            ],
                            [
                                29.0194845,
                                41.0175222
                            ],
                            [
                                29.0196571,
                                41.0179917
                            ],
                            [
                                29.0196884,
                                41.0180767
                            ],
                            [
                                29.0198064,
                                41.0185301
                            ],
                            [
                                29.01986,
                                41.0189065
                            ],
                            [
                                29.0193289,
                                41.0192606
                            ],
                            [
                                29.0187576,
                                41.0196836
                            ],
                            [
                                29.0180522,
                                41.0201531
                            ],
                            [
                                29.0175372,
                                41.0205699
                            ],
                            [
                                29.0173361,
                                41.0207581
                            ],
                            [
                                29.0170088,
                                41.0212438
                            ],
                            [
                                29.0166762,
                                41.021687
                            ],
                            [
                                29.0164214,
                                41.0217841
                            ],
                            [
                                29.0163227,
                                41.0216917
                            ],
                            [
                                29.0160084,
                                41.0213976
                            ],
                            [
                                29.0156355,
                                41.0210657
                            ],
                            [
                                29.0154639,
                                41.0208836
                            ],
                            [
                                29.0152252,
                                41.0206205
                            ],
                            [
                                29.0150347,
                                41.020404
                            ],
                            [
                                29.0145546,
                                41.020149
                            ],
                            [
                                29.014053,
                                41.0198778
                            ],
                            [
                                29.0137607,
                                41.0197544
                            ],
                            [
                                29.01353,
                                41.0196573
                            ],
                            [
                                29.0131748,
                                41.0194952
                            ],
                            [
                                29.0129167,
                                41.0193733
                            ],
                            [
                                29.0123029,
                                41.0189955
                            ],
                            [
                                29.0121903,
                                41.0189216
                            ]
                        ]
                    ]
                ]
            }
        },
        {
            "type": "Feature",
            "properties": {
                "type": "relation",
                "id": 9463242,
                "tags": {
                    "admin_level": "8",
                    "boundary": "administrative",
                    "name": "Mimar Sinan Mahallesi",
                    "type": "boundary",
                    "wikidata": "Q6049446"
                }
            },
            "geometry": {
                "type": "MultiPolygon",
                "coordinates": [
                    [
                        [
                            [
                                29.0095189,
                                41.0259551
                            ],
                            [
                                29.0098044,
                                41.0257847
                            ],
                            [
                                29.0099761,
                                41.0256754
                            ],
                            [
                                29.0102711,
                                41.0254893
                            ],
                            [
                                29.0106413,
                                41.02521
                            ],
                            [
                                29.011049,
                                41.0249105
                            ],
                            [
                                29.0112635,
                                41.0247669
                            ],
                            [
                                29.0115532,
                                41.0244998
                            ],
                            [
                                29.0117329,
                                41.0243439
                            ],
                            [
                                29.0119786,
                                41.0242322
                            ],
                            [
                                29.0120682,
                                41.0241881
                            ],
                            [
                                29.0122747,
                                41.0241315
                            ],
                            [
                                29.0124705,
                                41.0244269
                            ],
                            [
                                29.0126342,
                                41.0243824
                            ],
                            [
                                29.0129963,
                                41.0244107
                            ],
                            [
                                29.013302,
                                41.0244674
                            ],
                            [
                                29.01467,
                                41.0241861
                            ],
                            [
                                29.0154907,
                                41.0240384
                            ],
                            [
                                29.015708,
                                41.024004
                            ],
                            [
                                29.0157804,
                                41.0234374
                            ],
                            [
                                29.015952,
                                41.0223366
                            ],
                            [
                                29.0160486,
                                41.0221463
                            ],
                            [
                                29.0162632,
                                41.0219035
                            ],
                            [
                                29.0164214,
                                41.0217841
                            ],
                            [
                                29.0166762,
                                41.021687
                            ],
                            [
                                29.0170088,
                                41.0212438
                            ],
                            [
                                29.0173361,
                                41.0207581
                            ],
                            [
                                29.0175372,
                                41.0205699
                            ],
                            [
                                29.0180522,
                                41.0201531
                            ],
                            [
                                29.0187576,
                                41.0196836
                            ],
                            [
                                29.0193289,
                                41.0192606
                            ],
                            [
                                29.01986,
                                41.0189065
                            ],
                            [
                                29.0199137,
                                41.0201409
                            ],
                            [
                                29.0201658,
                                41.0201045
                            ],
                            [
                                29.0208095,
                                41.0199507
                            ],
                            [
                                29.0212494,
                                41.0199224
                            ],
                            [
                                29.0214323,
                                41.0199756
                            ],
                            [
                                29.0218341,
                                41.0200924
                            ],
                            [
                                29.0221243,
                                41.0201692
                            ],
                            [
                                29.0228587,
                                41.0203635
                            ],
                            [
                                29.0232021,
                                41.0204526
                            ],
                            [
                                29.0233254,
                                41.0209382
                            ],
                            [
                                29.023481,
                                41.0215211
                            ],
                            [
                                29.0235186,
                                41.021811
                            ],
                            [
                                29.0236007,
                                41.0223037
                            ],
                            [
                                29.0236045,
                                41.0223527
                            ],
                            [
                                29.0236068,
                                41.0225992
                            ],
                            [
                                29.0234507,
                                41.0229991
                            ],
                            [
                                29.0234341,
                                41.0232948
                            ],
                            [
                                29.0233831,
                                41.0237369
                            ],
                            [
                                29.0233711,
                                41.0238176
                            ],
                            [
                                29.0233648,
                                41.0242215
                            ],
                            [
                                29.0233735,
                                41.0244702
                            ],
                            [
                                29.0232016,
                                41.0246168
                            ],
                            [
                                29.0232933,
                                41.0249915
                            ],
                            [
                                29.0232665,
                                41.0251199
                            ],
                            [
                                29.0231182,
                                41.0254981
                            ],
                            [
                                29.0228878,
                                41.0261126
                            ],
                            [
                                29.0227582,
                                41.0261064
                            ],
                            [
                                29.0225097,
                                41.0261674
                            ],
                            [
                                29.0223481,
                                41.0262444
                            ],
                            [
                                29.0211207,
                                41.0258373
                            ],
                            [
                                29.0200049,
                                41.0254994
                            ],
                            [
                                29.0193035,
                                41.0252879
                            ],
                            [
                                29.0186705,
                                41.0251574
                            ],
                            [
                                29.0178873,
                                41.0250077
                            ],
                            [
                                29.0173388,
                                41.0252495
                            ],
                            [
                                29.0163758,
                                41.0257382
                            ],
                            [
                                29.0161975,
                                41.0258262
                            ],
                            [
                                29.0161009,
                                41.0258525
                            ],
                            [
                                29.0163431,
                                41.0259388
                            ],
                            [
                                29.0163061,
                                41.0260963
                            ],
                            [
                                29.0160862,
                                41.0265192
                            ],
                            [
                                29.0162551,
                                41.0266325
                            ],
                            [
                                29.0166226,
                                41.0273144
                            ],
                            [
                                29.0166065,
                                41.0276948
                            ],
                            [
                                29.0167245,
                                41.028055
                            ],
                            [
                                29.0168479,
                                41.0283262
                            ],
                            [
                                29.0169686,
                                41.0285305
                            ],
                            [
                                29.0170249,
                                41.029006
                            ],
                            [
                                29.0168372,
                                41.0292421
                            ],
                            [
                                29.0167277,
                                41.0291162
                            ],
                            [
                                29.0166597,
                                41.0291161
                            ],
                            [
                                29.0165321,
                                41.0289897
                            ],
                            [
                                29.0164034,
                                41.0288624
                            ],
                            [
                                29.0162899,
                                41.0287502
                            ],
                            [
                                29.016345,
                                41.0287123
                            ],
                            [
                                29.0161299,
                                41.0285509
                            ],
                            [
                                29.0160409,
                                41.0283783
                            ],
                            [
                                29.0161079,
                                41.0283142
                            ],
                            [
                                29.0160556,
                                41.0282721
                            ],
                            [
                                29.0159251,
                                41.0281629
                            ],
                            [
                                29.0157836,
                                41.0280444
                            ],
                            [
                                29.0157405,
                                41.0280083
                            ],
                            [
                                29.0156905,
                                41.0280423
                            ],
                            [
                                29.0155857,
                                41.0279547
                            ],
                            [
                                29.0155045,
                                41.0281329
                            ],
                            [
                                29.0153843,
                                41.0282226
                            ],
                            [
                                29.0152875,
                                41.0281402
                            ],
                            [
                                29.015176,
                                41.0280439
                            ],
                            [
                                29.0152824,
                                41.0279736
                            ],
                            [
                                29.0150849,
                                41.0278286
                            ],
                            [
                                29.0150029,
                                41.0278174
                            ],
                            [
                                29.014792,
                                41.0276035
                            ],
                            [
                                29.0146967,
                                41.0274852
                            ],
                            [
                                29.014668,
                                41.0274495
                            ],
                            [
                                29.0146423,
                                41.0274121
                            ],
                            [
                                29.0147844,
                                41.0273216
                            ],
                            [
                                29.0144712,
                                41.0271027
                            ],
                            [
                                29.0144379,
                                41.027144
                            ],
                            [
                                29.0143208,
                                41.0271013
                            ],
                            [
                                29.0141644,
                                41.0270371
                            ],
                            [
                                29.0139874,
                                41.0269474
                            ],
                            [
                                29.0137916,
                                41.0268088
                            ],
                            [
                                29.0136011,
                                41.0266307
                            ],
                            [
                                29.013458,
                                41.0264429
                            ],
                            [
                                29.0135121,
                                41.0264219
                            ],
                            [
                                29.0132985,
                                41.0262248
                            ],
                            [
                                29.013168,
                                41.0261531
                            ],
                            [
                                29.0126905,
                                41.0260605
                            ],
                            [
                                29.0125493,
                                41.0260707
                            ],
                            [
                                29.0124084,
                                41.0261044
                            ],
                            [
                                29.0120315,
                                41.0261899
                            ],
                            [
                                29.0116781,
                                41.0261994
                            ],
                            [
                                29.0113429,
                                41.0260859
                            ],
                            [
                                29.0110203,
                                41.026103
                            ],
                            [
                                29.0107774,
                                41.026162
                            ],
                            [
                                29.0106133,
                                41.0261464
                            ],
                            [
                                29.0102818,
                                41.0260935
                            ],
                            [
                                29.0101426,
                                41.0260639
                            ],
                            [
                                29.0098422,
                                41.0259944
                            ],
                            [
                                29.0096328,
                                41.0259405
                            ],
                            [
                                29.0095791,
                                41.0259628
                            ],
                            [
                                29.0095189,
                                41.0259551
                            ]
                        ]
                    ]
                ]
            }
        },
        {
            "type": "Feature",
            "properties": {
                "type": "relation",
                "id": 9463258,
                "tags": {
                    "admin_level": "8",
                    "boundary": "administrative",
                    "name": "Sultantepe Mahallesi",
                    "type": "boundary",
                    "wikidata": "Q7636823"
                }
            },
            "geometry": {
                "type": "MultiPolygon",
                "coordinates": [
                    [
                        [
                            [
                                29.0168372,
                                41.0292421
                            ],
                            [
                                29.0170249,
                                41.029006
                            ],
                            [
                                29.0169686,
                                41.0285305
                            ],
                            [
                                29.0168479,
                                41.0283262
                            ],
                            [
                                29.0167245,
                                41.028055
                            ],
                            [
                                29.0166065,
                                41.0276948
                            ],
                            [
                                29.0166226,
                                41.0273144
                            ],
                            [
                                29.0162551,
                                41.0266325
                            ],
                            [
                                29.0160862,
                                41.0265192
                            ],
                            [
                                29.0163061,
                                41.0260963
                            ],
                            [
                                29.0163431,
                                41.0259388
                            ],
                            [
                                29.0161009,
                                41.0258525
                            ],
                            [
                                29.0161975,
                                41.0258262
                            ],
                            [
                                29.0163758,
                                41.0257382
                            ],
                            [
                                29.0173388,
                                41.0252495
                            ],
                            [
                                29.0178873,
                                41.0250077
                            ],
                            [
                                29.0186705,
                                41.0251574
                            ],
                            [
                                29.0193035,
                                41.0252879
                            ],
                            [
                                29.0200049,
                                41.0254994
                            ],
                            [
                                29.0211207,
                                41.0258373
                            ],
                            [
                                29.0223481,
                                41.0262444
                            ],
                            [
                                29.0229392,
                                41.0264889
                            ],
                            [
                                29.0240269,
                                41.0269027
                            ],
                            [
                                29.0250715,
                                41.0273286
                            ],
                            [
                                29.0257944,
                                41.0276787
                            ],
                            [
                                29.0263242,
                                41.0278992
                            ],
                            [
                                29.0269812,
                                41.0280368
                            ],
                            [
                                29.0279576,
                                41.0281491
                            ],
                            [
                                29.0280681,
                                41.0289768
                            ],
                            [
                                29.0281307,
                                41.0298949
                            ],
                            [
                                29.0275647,
                                41.0303304
                            ],
                            [
                                29.0273032,
                                41.0302585
                            ],
                            [
                                29.0267023,
                                41.0300096
                            ],
                            [
                                29.0261686,
                                41.0306895
                            ],
                            [
                                29.0253612,
                                41.0314846
                            ],
                            [
                                29.0250179,
                                41.0318003
                            ],
                            [
                                29.0252513,
                                41.0319156
                            ],
                            [
                                29.0251145,
                                41.0320795
                            ],
                            [
                                29.0244091,
                                41.0327957
                            ],
                            [
                                29.0243876,
                                41.0329293
                            ],
                            [
                                29.0239857,
                                41.0332885
                            ],
                            [
                                29.0238151,
                                41.0331763
                            ],
                            [
                                29.0235524,
                                41.0330121
                            ],
                            [
                                29.0231626,
                                41.032748
                            ],
                            [
                                29.0231449,
                                41.0327617
                            ],
                            [
                                29.0227713,
                                41.0325134
                            ],
                            [
                                29.0228066,
                                41.0324811
                            ],
                            [
                                29.0223404,
                                41.0321994
                            ],
                            [
                                29.0223549,
                                41.0321884
                            ],
                            [
                                29.0224209,
                                41.0321275
                            ],
                            [
                                29.0222102,
                                41.0320034
                            ],
                            [
                                29.0221487,
                                41.0320682
                            ],
                            [
                                29.0221394,
                                41.0320818
                            ],
                            [
                                29.0220901,
                                41.032051
                            ],
                            [
                                29.0219459,
                                41.0319293
                            ],
                            [
                                29.0217672,
                                41.031862
                            ],
                            [
                                29.021708,
                                41.0319506
                            ],
                            [
                                29.0216968,
                                41.0319796
                            ],
                            [
                                29.0217981,
                                41.032015
                            ],
                            [
                                29.0217688,
                                41.032057
                            ],
                            [
                                29.0214676,
                                41.0319499
                            ],
                            [
                                29.0214959,
                                41.0319019
                            ],
                            [
                                29.0215884,
                                41.0319367
                            ],
                            [
                                29.0216045,
                                41.0319125
                            ],
                            [
                                29.0216607,
                                41.0318293
                            ],
                            [
                                29.021005,
                                41.0315902
                            ],
                            [
                                29.0203908,
                                41.0315604
                            ],
                            [
                                29.0201493,
                                41.0315029
                            ],
                            [
                                29.0200951,
                                41.0315505
                            ],
                            [
                                29.019344,
                                41.0310675
                            ],
                            [
                                29.0191084,
                                41.0309295
                            ],
                            [
                                29.0187086,
                                41.0306622
                            ],
                            [
                                29.0180458,
                                41.030233
                            ],
                            [
                                29.017537,
                                41.0299596
                            ],
                            [
                                29.0173153,
                                41.0297636
                            ],
                            [
                                29.0171304,
                                41.029579
                            ],
                            [
                                29.0168372,
                                41.0292421
                            ]
                        ]
                    ]
                ]
            }
        },
        {
            "type": "Feature",
            "properties": {
                "type": "relation",
                "id": 9463276,
                "tags": {
                    "admin_level": "8",
                    "boundary": "administrative",
                    "name": "Zeynep Kamil Mahallesi",
                    "type": "boundary",
                    "wikidata": "Q6087375"
                }
            },
            "geometry": {
                "type": "MultiPolygon",
                "coordinates": [
                    [
                        [
                            [
                                29.0162431,
                                41.0155784
                            ],
                            [
                                29.0162229,
                                41.0146727
                            ],
                            [
                                29.0162766,
                                41.0143773
                            ],
                            [
                                29.0163678,
                                41.0141546
                            ],
                            [
                                29.0165555,
                                41.013932
                            ],
                            [
                                29.0167674,
                                41.0137539
                            ],
                            [
                                29.017041,
                                41.0135434
                            ],
                            [
                                29.0172368,
                                41.0133937
                            ],
                            [
                                29.0174004,
                                41.0132702
                            ],
                            [
                                29.0176365,
                                41.013084
                            ],
                            [
                                29.0180629,
                                41.0127602
                            ],
                            [
                                29.0184277,
                                41.012493
                            ],
                            [
                                29.018881,
                                41.0121672
                            ],
                            [
                                29.0194631,
                                41.0117462
                            ],
                            [
                                29.01986,
                                41.0121631
                            ],
                            [
                                29.0201068,
                                41.012321
                            ],
                            [
                                29.0202302,
                                41.0123493
                            ],
                            [
                                29.0203777,
                                41.012321
                            ],
                            [
                                29.020206,
                                41.012659
                            ],
                            [
                                29.0200478,
                                41.0130091
                            ],
                            [
                                29.0204152,
                                41.0129788
                            ],
                            [
                                29.0206942,
                                41.0130354
                            ],
                            [
                                29.0217644,
                                41.0130719
                            ],
                            [
                                29.0221721,
                                41.0131042
                            ],
                            [
                                29.0226254,
                                41.0132196
                            ],
                            [
                                29.0235347,
                                41.0134422
                            ],
                            [
                                29.0250689,
                                41.0138268
                            ],
                            [
                                29.026418,
                                41.0141809
                            ],
                            [
                                29.026992,
                                41.0143287
                            ],
                            [
                                29.0273461,
                                41.0144582
                            ],
                            [
                                29.0275982,
                                41.0145857
                            ],
                            [
                                29.0278396,
                                41.0147132
                            ],
                            [
                                29.0283599,
                                41.0151342
                            ],
                            [
                                29.0276223,
                                41.0154742
                            ],
                            [
                                29.0269089,
                                41.0158344
                            ],
                            [
                                29.0259111,
                                41.0162877
                            ],
                            [
                                29.025203,
                                41.0164294
                            ],
                            [
                                29.0246558,
                                41.0165852
                            ],
                            [
                                29.023996,
                                41.0167724
                            ],
                            [
                                29.0234488,
                                41.0169273
                            ],
                            [
                                29.0227702,
                                41.0171984
                            ],
                            [
                                29.0222284,
                                41.0174413
                            ],
                            [
                                29.0216491,
                                41.0176922
                            ],
                            [
                                29.0212387,
                                41.0179634
                            ],
                            [
                                29.0207291,
                                41.0183176
                            ],
                            [
                                29.0202141,
                                41.0186697
                            ],
                            [
                                29.01986,
                                41.0189065
                            ],
                            [
                                29.0198064,
                                41.0185301
                            ],
                            [
                                29.0196884,
                                41.0180767
                            ],
                            [
                                29.0196571,
                                41.0179917
                            ],
                            [
                                29.0194845,
                                41.0175222
                            ],
                            [
                                29.0192324,
                                41.0168848
                            ],
                            [
                                29.018932,
                                41.0167856
                            ],
                            [
                                29.0186745,
                                41.0167289
                            ],
                            [
                                29.0184975,
                                41.0167228
                            ],
                            [
                                29.0183204,
                                41.0167168
                            ],
                            [
                                29.0182266,
                                41.0167087
                            ],
                            [
                                29.0183473,
                                41.0164071
                            ],
                            [
                                29.0176043,
                                41.0162452
                            ],
                            [
                                29.0173817,
                                41.0159821
                            ],
                            [
                                29.0169874,
                                41.0159174
                            ],
                            [
                                29.0162498,
                                41.0159154
                            ],
                            [
                                29.0162431,
                                41.0155784
                            ]
                        ]
                    ]
                ]
            }
        },
        {
            "type": "Feature",
            "properties": {
                "type": "relation",
                "id": 9463280,
                "tags": {
                    "admin_level": "8",
                    "boundary": "administrative",
                    "name": "Barbaros Mahallesi",
                    "type": "boundary",
                    "wikidata": "Q6044237"
                }
            },
            "geometry": {
                "type": "MultiPolygon",
                "coordinates": [
                    [
                        [
                            [
                                29.0203777,
                                41.012321
                            ],
                            [
                                29.0205896,
                                41.0119233
                            ],
                            [
                                29.0209544,
                                41.0113009
                            ],
                            [
                                29.0212172,
                                41.0109528
                            ],
                            [
                                29.021582,
                                41.0104792
                            ],
                            [
                                29.0218931,
                                41.0101311
                            ],
                            [
                                29.0223759,
                                41.0095684
                            ],
                            [
                                29.0238512,
                                41.0078642
                            ],
                            [
                                29.0248865,
                                41.006674
                            ],
                            [
                                29.0275286,
                                41.0035289
                            ],
                            [
                                29.0274453,
                                41.0039698
                            ],
                            [
                                29.027456,
                                41.0041439
                            ],
                            [
                                29.0275472,
                                41.0043099
                            ],
                            [
                                29.0277457,
                                41.0045082
                            ],
                            [
                                29.0279177,
                                41.0047044
                            ],
                            [
                                29.0282339,
                                41.0048159
                            ],
                            [
                                29.0286799,
                                41.0050249
                            ],
                            [
                                29.0288809,
                                41.0052305
                            ],
                            [
                                29.0289636,
                                41.0054009
                            ],
                            [
                                29.0291436,
                                41.0056869
                            ],
                            [
                                29.0292321,
                                41.0058997
                            ],
                            [
                                29.0293216,
                                41.0060436
                            ],
                            [
                                29.0294731,
                                41.0062409
                            ],
                            [
                                29.0297037,
                                41.0063704
                            ],
                            [
                                29.0302867,
                                41.0064566
                            ],
                            [
                                29.0305349,
                                41.006712
                            ],
                            [
                                29.0306698,
                                41.0068598
                            ],
                            [
                                29.0310667,
                                41.0070298
                            ],
                            [
                                29.0311314,
                                41.0070819
                            ],
                            [
                                29.0312277,
                                41.0071594
                            ],
                            [
                                29.0320444,
                                41.0076478
                            ],
                            [
                                29.0322187,
                                41.007758
                            ],
                            [
                                29.0328155,
                                41.0081795
                            ],
                            [
                                29.0329338,
                                41.008292
                            ],
                            [
                                29.0330623,
                                41.0084143
                            ],
                            [
                                29.0332258,
                                41.0085807
                            ],
                            [
                                29.0334673,
                                41.0088311
                            ],
                            [
                                29.0334961,
                                41.008859
                            ],
                            [
                                29.0335982,
                                41.008978
                            ],
                            [
                                29.0340895,
                                41.0095211
                            ],
                            [
                                29.0344006,
                                41.0098505
                            ],
                            [
                                29.0346313,
                                41.0102225
                            ],
                            [
                                29.0346206,
                                41.010335
                            ],
                            [
                                29.0348004,
                                41.0106326
                            ],
                            [
                                29.0350471,
                                41.0110617
                            ],
                            [
                                29.0351567,
                                41.0112687
                            ],
                            [
                                29.0352309,
                                41.0113895
                            ],
                            [
                                29.035487,
                                41.0115555
                            ],
                            [
                                29.035714,
                                41.0117161
                            ],
                            [
                                29.0359161,
                                41.0118013
                            ],
                            [
                                29.0360054,
                                41.0118257
                            ],
                            [
                                29.0361169,
                                41.0118562
                            ],
                            [
                                29.0362885,
                                41.0119123
                            ],
                            [
                                29.0365555,
                                41.0120185
                            ],
                            [
                                29.0365838,
                                41.0120298
                            ],
                            [
                                29.0368713,
                                41.0121722
                            ],
                            [
                                29.0371097,
                                41.0123011
                            ],
                            [
                                29.0372254,
                                41.012286
                            ],
                            [
                                29.0381491,
                                41.0120548
                            ],
                            [
                                29.0388608,
                                41.0118527
                            ],
                            [
                                29.0392899,
                                41.0124101
                            ],
                            [
                                29.0395903,
                                41.0127096
                            ],
                            [
                                29.0402126,
                                41.0131103
                            ],
                            [
                                29.0403537,
                                41.0131977
                            ],
                            [
                                29.0408724,
                                41.0135191
                            ],
                            [
                                29.0414143,
                                41.0139158
                            ],
                            [
                                29.0422136,
                                41.0150168
                            ],
                            [
                                29.042412,
                                41.0153082
                            ],
                            [
                                29.0429893,
                                41.0162355
                            ],
                            [
                                29.0433079,
                                41.0167532
                            ],
                            [
                                29.0434474,
                                41.0169596
                            ],
                            [
                                29.0420204,
                                41.0177206
                            ],
                            [
                                29.0417468,
                                41.0177934
                            ],
                            [
                                29.040674,
                                41.0178379
                            ],
                            [
                                29.0403244,
                                41.0179058
                            ],
                            [
                                29.0397352,
                                41.0180201
                            ],
                            [
                                29.0392323,
                                41.0180575
                            ],
                            [
                                29.0390378,
                                41.0180899
                            ],
                            [
                                29.0385792,
                                41.018184
                            ],
                            [
                                29.0384544,
                                41.0182225
                            ],
                            [
                                29.0382184,
                                41.0183044
                            ],
                            [
                                29.0373172,
                                41.0183014
                            ],
                            [
                                29.0367647,
                                41.0182538
                            ],
                            [
                                29.0362886,
                                41.0182225
                            ],
                            [
                                29.0362108,
                                41.0181911
                            ],
                            [
                                29.0360954,
                                41.0181557
                            ],
                            [
                                29.0356582,
                                41.0180049
                            ],
                            [
                                29.0355375,
                                41.0179563
                            ],
                            [
                                29.0353659,
                                41.0178865
                            ],
                            [
                                29.034808,
                                41.0183155
                            ],
                            [
                                29.0345558,
                                41.0185523
                            ],
                            [
                                29.0340677,
                                41.018953
                            ],
                            [
                                29.0335903,
                                41.019295
                            ],
                            [
                                29.0332872,
                                41.0190765
                            ],
                            [
                                29.0321928,
                                41.0182589
                            ],
                            [
                                29.0317047,
                                41.0179068
                            ],
                            [
                                29.0307739,
                                41.0172369
                            ],
                            [
                                29.0301731,
                                41.0168018
                            ],
                            [
                                29.0297842,
                                41.016482
                            ],
                            [
                                29.0296367,
                                41.0163464
                            ],
                            [
                                29.0290064,
                                41.0157089
                            ],
                            [
                                29.0288883,
                                41.0155916
                            ],
                            [
                                29.0287167,
                                41.0154398
                            ],
                            [
                                29.0284887,
                                41.0152414
                            ],
                            [
                                29.0283599,
                                41.0151342
                            ],
                            [
                                29.0278396,
                                41.0147132
                            ],
                            [
                                29.0275982,
                                41.0145857
                            ],
                            [
                                29.0273461,
                                41.0144582
                            ],
                            [
                                29.026992,
                                41.0143287
                            ],
                            [
                                29.026418,
                                41.0141809
                            ],
                            [
                                29.0250689,
                                41.0138268
                            ],
                            [
                                29.0235347,
                                41.0134422
                            ],
                            [
                                29.0226254,
                                41.0132196
                            ],
                            [
                                29.0221721,
                                41.0131042
                            ],
                            [
                                29.0217644,
                                41.0130719
                            ],
                            [
                                29.0206942,
                                41.0130354
                            ],
                            [
                                29.0204152,
                                41.0129788
                            ],
                            [
                                29.0200478,
                                41.0130091
                            ],
                            [
                                29.020206,
                                41.012659
                            ],
                            [
                                29.0203777,
                                41.012321
                            ]
                        ]
                    ]
                ]
            }
        },
        {
            "type": "Feature",
            "properties": {
                "type": "relation",
                "id": 9463281,
                "tags": {
                    "admin_level": "8",
                    "boundary": "administrative",
                    "name": "Valide-i Atik Mahallesi",
                    "type": "boundary",
                    "wikidata": "Q6041030"
                }
            },
            "geometry": {
                "type": "MultiPolygon",
                "coordinates": [
                    [
                        [
                            [
                                29.01986,
                                41.0189065
                            ],
                            [
                                29.0202141,
                                41.0186697
                            ],
                            [
                                29.0207291,
                                41.0183176
                            ],
                            [
                                29.0212387,
                                41.0179634
                            ],
                            [
                                29.0216491,
                                41.0176922
                            ],
                            [
                                29.0222284,
                                41.0174413
                            ],
                            [
                                29.0227702,
                                41.0171984
                            ],
                            [
                                29.0234488,
                                41.0169273
                            ],
                            [
                                29.023996,
                                41.0167724
                            ],
                            [
                                29.0246558,
                                41.0165852
                            ],
                            [
                                29.025203,
                                41.0164294
                            ],
                            [
                                29.0259111,
                                41.0162877
                            ],
                            [
                                29.0269089,
                                41.0158344
                            ],
                            [
                                29.0276223,
                                41.0154742
                            ],
                            [
                                29.0283599,
                                41.0151342
                            ],
                            [
                                29.0284887,
                                41.0152414
                            ],
                            [
                                29.0287167,
                                41.0154398
                            ],
                            [
                                29.0288883,
                                41.0155916
                            ],
                            [
                                29.0290064,
                                41.0157089
                            ],
                            [
                                29.0296367,
                                41.0163464
                            ],
                            [
                                29.0297842,
                                41.016482
                            ],
                            [
                                29.0301731,
                                41.0168018
                            ],
                            [
                                29.0307739,
                                41.0172369
                            ],
                            [
                                29.0317047,
                                41.0179068
                            ],
                            [
                                29.0321928,
                                41.0182589
                            ],
                            [
                                29.0332872,
                                41.0190765
                            ],
                            [
                                29.0335903,
                                41.019295
                            ],
                            [
                                29.0338933,
                                41.0195257
                            ],
                            [
                                29.0342367,
                                41.019805
                            ],
                            [
                                29.0346417,
                                41.0201409
                            ],
                            [
                                29.0347624,
                                41.0202522
                            ],
                            [
                                29.0349099,
                                41.020404
                            ],
                            [
                                29.0349984,
                                41.0205274
                            ],
                            [
                                29.0350735,
                                41.0206509
                            ],
                            [
                                29.0352613,
                                41.0211022
                            ],
                            [
                                29.0351593,
                                41.0210941
                            ],
                            [
                                29.0348777,
                                41.0210131
                            ],
                            [
                                29.03458,
                                41.0208674
                            ],
                            [
                                29.034459,
                                41.0208164
                            ],
                            [
                                29.0336627,
                                41.0204809
                            ],
                            [
                                29.0332872,
                                41.0204404
                            ],
                            [
                                29.0322733,
                                41.0204728
                            ],
                            [
                                29.0316886,
                                41.0205497
                            ],
                            [
                                29.0312701,
                                41.0205699
                            ],
                            [
                                29.0308249,
                                41.020578
                            ],
                            [
                                29.0306264,
                                41.0205659
                            ],
                            [
                                29.0303475,
                                41.0204809
                            ],
                            [
                                29.0297359,
                                41.0200883
                            ],
                            [
                                29.028824,
                                41.020151
                            ],
                            [
                                29.0283841,
                                41.0200843
                            ],
                            [
                                29.0277672,
                                41.0199689
                            ],
                            [
                                29.0268579,
                                41.0198353
                            ],
                            [
                                29.0265065,
                                41.0197544
                            ],
                            [
                                29.0261739,
                                41.0197888
                            ],
                            [
                                29.0258655,
                                41.0198799
                            ],
                            [
                                29.0256965,
                                41.0199608
                            ],
                            [
                                29.0256804,
                                41.0199609
                            ],
                            [
                                29.025195,
                                41.0203595
                            ],
                            [
                                29.0249777,
                                41.0204971
                            ],
                            [
                                29.0245566,
                                41.0205295
                            ],
                            [
                                29.023473,
                                41.0204708
                            ],
                            [
                                29.0232021,
                                41.0204526
                            ],
                            [
                                29.0228587,
                                41.0203635
                            ],
                            [
                                29.0221243,
                                41.0201692
                            ],
                            [
                                29.0218341,
                                41.0200924
                            ],
                            [
                                29.0214323,
                                41.0199756
                            ],
                            [
                                29.0212494,
                                41.0199224
                            ],
                            [
                                29.0208095,
                                41.0199507
                            ],
                            [
                                29.0201658,
                                41.0201045
                            ],
                            [
                                29.0199137,
                                41.0201409
                            ],
                            [
                                29.01986,
                                41.0189065
                            ]
                        ]
                    ]
                ]
            }
        },
        {
            "type": "Feature",
            "properties": {
                "type": "relation",
                "id": 9463285,
                "tags": {
                    "admin_level": "8",
                    "boundary": "administrative",
                    "name": "Muratreis Mahallesi",
                    "type": "boundary",
                    "wikidata": "Q6035454"
                }
            },
            "geometry": {
                "type": "MultiPolygon",
                "coordinates": [
                    [
                        [
                            [
                                29.0232021,
                                41.0204526
                            ],
                            [
                                29.023473,
                                41.0204708
                            ],
                            [
                                29.0245566,
                                41.0205295
                            ],
                            [
                                29.0249777,
                                41.0204971
                            ],
                            [
                                29.025195,
                                41.0203595
                            ],
                            [
                                29.0256804,
                                41.0199609
                            ],
                            [
                                29.0256965,
                                41.0199608
                            ],
                            [
                                29.0258655,
                                41.0198799
                            ],
                            [
                                29.0261739,
                                41.0197888
                            ],
                            [
                                29.0265065,
                                41.0197544
                            ],
                            [
                                29.0268579,
                                41.0198353
                            ],
                            [
                                29.0277672,
                                41.0199689
                            ],
                            [
                                29.0283841,
                                41.0200843
                            ],
                            [
                                29.028824,
                                41.020151
                            ],
                            [
                                29.0297359,
                                41.0200883
                            ],
                            [
                                29.0303475,
                                41.0204809
                            ],
                            [
                                29.0306264,
                                41.0205659
                            ],
                            [
                                29.0308249,
                                41.020578
                            ],
                            [
                                29.0312701,
                                41.0205699
                            ],
                            [
                                29.0316886,
                                41.0205497
                            ],
                            [
                                29.0322733,
                                41.0204728
                            ],
                            [
                                29.0332872,
                                41.0204404
                            ],
                            [
                                29.0336627,
                                41.0204809
                            ],
                            [
                                29.034459,
                                41.0208164
                            ],
                            [
                                29.03458,
                                41.0208674
                            ],
                            [
                                29.0348777,
                                41.0210131
                            ],
                            [
                                29.0351593,
                                41.0210941
                            ],
                            [
                                29.0352613,
                                41.0211022
                            ],
                            [
                                29.0354973,
                                41.0216243
                            ],
                            [
                                29.0361088,
                                41.0226988
                            ],
                            [
                                29.0364414,
                                41.0231541
                            ],
                            [
                                29.0366936,
                                41.023658
                            ],
                            [
                                29.0354115,
                                41.023662
                            ],
                            [
                                29.0343374,
                                41.0236859
                            ],
                            [
                                29.0337986,
                                41.0237371
                            ],
                            [
                                29.0329724,
                                41.0238778
                            ],
                            [
                                29.0322405,
                                41.0240306
                            ],
                            [
                                29.0312317,
                                41.0239411
                            ],
                            [
                                29.0297466,
                                41.0236215
                            ],
                            [
                                29.0291407,
                                41.0234973
                            ],
                            [
                                29.0280482,
                                41.0234641
                            ],
                            [
                                29.0272467,
                                41.023444
                            ],
                            [
                                29.0263674,
                                41.0233225
                            ],
                            [
                                29.0259186,
                                41.0233248
                            ],
                            [
                                29.0252034,
                                41.0234081
                            ],
                            [
                                29.0244671,
                                41.023411
                            ],
                            [
                                29.0234341,
                                41.0232948
                            ],
                            [
                                29.0234507,
                                41.0229991
                            ],
                            [
                                29.0236068,
                                41.0225992
                            ],
                            [
                                29.0236045,
                                41.0223527
                            ],
                            [
                                29.0236007,
                                41.0223037
                            ],
                            [
                                29.0235186,
                                41.021811
                            ],
                            [
                                29.023481,
                                41.0215211
                            ],
                            [
                                29.0233254,
                                41.0209382
                            ],
                            [
                                29.0232021,
                                41.0204526
                            ]
                        ]
                    ]
                ]
            }
        },
        {
            "type": "Feature",
            "properties": {
                "type": "relation",
                "id": 9463286,
                "tags": {
                    "admin_level": "8",
                    "boundary": "administrative",
                    "name": "Selami Ali Mahallesi",
                    "type": "boundary",
                    "wikidata": "Q6039085"
                }
            },
            "geometry": {
                "type": "MultiPolygon",
                "coordinates": [
                    [
                        [
                            [
                                29.0223481,
                                41.0262444
                            ],
                            [
                                29.0225097,
                                41.0261674
                            ],
                            [
                                29.0227582,
                                41.0261064
                            ],
                            [
                                29.0228878,
                                41.0261126
                            ],
                            [
                                29.0231182,
                                41.0254981
                            ],
                            [
                                29.0232665,
                                41.0251199
                            ],
                            [
                                29.0232933,
                                41.0249915
                            ],
                            [
                                29.0232016,
                                41.0246168
                            ],
                            [
                                29.0233735,
                                41.0244702
                            ],
                            [
                                29.0233648,
                                41.0242215
                            ],
                            [
                                29.0233711,
                                41.0238176
                            ],
                            [
                                29.0233831,
                                41.0237369
                            ],
                            [
                                29.0234341,
                                41.0232948
                            ],
                            [
                                29.0244671,
                                41.023411
                            ],
                            [
                                29.0252034,
                                41.0234081
                            ],
                            [
                                29.0259186,
                                41.0233248
                            ],
                            [
                                29.0263674,
                                41.0233225
                            ],
                            [
                                29.0272467,
                                41.023444
                            ],
                            [
                                29.0280482,
                                41.0234641
                            ],
                            [
                                29.0291407,
                                41.0234973
                            ],
                            [
                                29.0297466,
                                41.0236215
                            ],
                            [
                                29.0312317,
                                41.0239411
                            ],
                            [
                                29.0322405,
                                41.0240306
                            ],
                            [
                                29.0329724,
                                41.0238778
                            ],
                            [
                                29.0337986,
                                41.0237371
                            ],
                            [
                                29.0343374,
                                41.0236859
                            ],
                            [
                                29.0354115,
                                41.023662
                            ],
                            [
                                29.0366936,
                                41.023658
                            ],
                            [
                                29.0368062,
                                41.0238259
                            ],
                            [
                                29.0363556,
                                41.0243298
                            ],
                            [
                                29.0349762,
                                41.0257839
                            ],
                            [
                                29.0345049,
                                41.0262663
                            ],
                            [
                                29.0335285,
                                41.0267818
                            ],
                            [
                                29.0331853,
                                41.0269412
                            ],
                            [
                                29.0326518,
                                41.0273617
                            ],
                            [
                                29.0323813,
                                41.027448
                            ],
                            [
                                29.0306181,
                                41.0277481
                            ],
                            [
                                29.0287368,
                                41.0280955
                            ],
                            [
                                29.0283171,
                                41.028135
                            ],
                            [
                                29.0282043,
                                41.028139
                            ],
                            [
                                29.0279576,
                                41.0281491
                            ],
                            [
                                29.0269812,
                                41.0280368
                            ],
                            [
                                29.0263242,
                                41.0278992
                            ],
                            [
                                29.0257944,
                                41.0276787
                            ],
                            [
                                29.0250715,
                                41.0273286
                            ],
                            [
                                29.0240269,
                                41.0269027
                            ],
                            [
                                29.0229392,
                                41.0264889
                            ],
                            [
                                29.0223481,
                                41.0262444
                            ]
                        ]
                    ]
                ]
            }
        },
        {
            "type": "Feature",
            "properties": {
                "type": "relation",
                "id": 9463313,
                "tags": {
                    "admin_level": "8",
                    "boundary": "administrative",
                    "name": "Kuzguncuk Mahallesi",
                    "type": "boundary",
                    "wikidata": "Q2555555"
                }
            },
            "geometry": {
                "type": "MultiPolygon",
                "coordinates": [
                    [
                        [
                            [
                                29.0239857,
                                41.0332885
                            ],
                            [
                                29.0243876,
                                41.0329293
                            ],
                            [
                                29.0244091,
                                41.0327957
                            ],
                            [
                                29.0251145,
                                41.0320795
                            ],
                            [
                                29.0252513,
                                41.0319156
                            ],
                            [
                                29.0250179,
                                41.0318003
                            ],
                            [
                                29.0253612,
                                41.0314846
                            ],
                            [
                                29.0261686,
                                41.0306895
                            ],
                            [
                                29.0267023,
                                41.0300096
                            ],
                            [
                                29.0273032,
                                41.0302585
                            ],
                            [
                                29.0275647,
                                41.0303304
                            ],
                            [
                                29.0281307,
                                41.0298949
                            ],
                            [
                                29.0288173,
                                41.0304565
                            ],
                            [
                                29.028486,
                                41.0306227
                            ],
                            [
                                29.0287033,
                                41.0309565
                            ],
                            [
                                29.0288195,
                                41.0309639
                            ],
                            [
                                29.0289688,
                                41.0309748
                            ],
                            [
                                29.0291753,
                                41.0309545
                            ],
                            [
                                29.0291834,
                                41.0312823
                            ],
                            [
                                29.029237,
                                41.0315514
                            ],
                            [
                                29.0294355,
                                41.0318893
                            ],
                            [
                                29.0295321,
                                41.0319419
                            ],
                            [
                                29.0295643,
                                41.0320269
                            ],
                            [
                                29.0298298,
                                41.032387
                            ],
                            [
                                29.0300363,
                                41.0323304
                            ],
                            [
                                29.0303743,
                                41.0322697
                            ],
                            [
                                29.0311038,
                                41.0321867
                            ],
                            [
                                29.0316081,
                                41.0320593
                            ],
                            [
                                29.0317462,
                                41.0320361
                            ],
                            [
                                29.0323806,
                                41.0319176
                            ],
                            [
                                29.0326998,
                                41.031865
                            ],
                            [
                                29.0329117,
                                41.0318529
                            ],
                            [
                                29.0331289,
                                41.0316
                            ],
                            [
                                29.033424,
                                41.0312257
                            ],
                            [
                                29.03366,
                                41.0310638
                            ],
                            [
                                29.0344432,
                                41.0308311
                            ],
                            [
                                29.0348724,
                                41.0307137
                            ],
                            [
                                29.0350494,
                                41.0306389
                            ],
                            [
                                29.0351378,
                                41.0305629
                            ],
                            [
                                29.0352023,
                                41.0305215
                            ],
                            [
                                29.0353712,
                                41.0302848
                            ],
                            [
                                29.0354758,
                                41.0302888
                            ],
                            [
                                29.0365219,
                                41.0299995
                            ],
                            [
                                29.0368277,
                                41.0299469
                            ],
                            [
                                29.0372488,
                                41.0298902
                            ],
                            [
                                29.0373883,
                                41.0298761
                            ],
                            [
                                29.037627,
                                41.0297486
                            ],
                            [
                                29.0376833,
                                41.0297041
                            ],
                            [
                                29.0378389,
                                41.0295766
                            ],
                            [
                                29.0380481,
                                41.0295159
                            ],
                            [
                                29.0382224,
                                41.0295119
                            ],
                            [
                                29.0383914,
                                41.0294937
                            ],
                            [
                                29.038606,
                                41.029433
                            ],
                            [
                                29.0392202,
                                41.0291982
                            ],
                            [
                                29.0393651,
                                41.0290546
                            ],
                            [
                                29.039534,
                                41.0289049
                            ],
                            [
                                29.0396842,
                                41.0287106
                            ],
                            [
                                29.0396199,
                                41.0286115
                            ],
                            [
                                29.0405268,
                                41.0284516
                            ],
                            [
                                29.040564,
                                41.0284688
                            ],
                            [
                                29.0406767,
                                41.0283586
                            ],
                            [
                                29.0411353,
                                41.0279316
                            ],
                            [
                                29.0417254,
                                41.0273893
                            ],
                            [
                                29.0421897,
                                41.0269916
                            ],
                            [
                                29.0422404,
                                41.0269482
                            ],
                            [
                                29.0425998,
                                41.0266811
                            ],
                            [
                                29.0430019,
                                41.0265607
                            ],
                            [
                                29.0441065,
                                41.0262479
                            ],
                            [
                                29.044339,
                                41.0261882
                            ],
                            [
                                29.0446984,
                                41.0260842
                            ],
                            [
                                29.0450123,
                                41.025998
                            ],
                            [
                                29.0453035,
                                41.0258737
                            ],
                            [
                                29.0454267,
                                41.0257723
                            ],
                            [
                                29.0456521,
                                41.025556
                            ],
                            [
                                29.0458184,
                                41.0253658
                            ],
                            [
                                29.0464796,
                                41.0255125
                            ],
                            [
                                29.0460705,
                                41.0268612
                            ],
                            [
                                29.0458734,
                                41.0277242
                            ],
                            [
                                29.0458184,
                                41.0280853
                            ],
                            [
                                29.0457835,
                                41.0283379
                            ],
                            [
                                29.0457416,
                                41.0287373
                            ],
                            [
                                29.0456951,
                                41.0294629
                            ],
                            [
                                29.0456766,
                                41.0299421
                            ],
                            [
                                29.0456419,
                                41.030311
                            ],
                            [
                                29.0455902,
                                41.0306918
                            ],
                            [
                                29.0455343,
                                41.0313462
                            ],
                            [
                                29.045454,
                                41.0318584
                            ],
                            [
                                29.0453923,
                                41.0322217
                            ],
                            [
                                29.0453049,
                                41.0325876
                            ],
                            [
                                29.0450709,
                                41.0333387
                            ],
                            [
                                29.0448018,
                                41.0340811
                            ],
                            [
                                29.044693,
                                41.0343303
                            ],
                            [
                                29.0444856,
                                41.0347968
                            ],
                            [
                                29.0439368,
                                41.0357523
                            ],
                            [
                                29.0437407,
                                41.0360481
                            ],
                            [
                                29.0433937,
                                41.0359115
                            ],
                            [
                                29.0424871,
                                41.0368179
                            ],
                            [
                                29.0422511,
                                41.0369919
                            ],
                            [
                                29.0418488,
                                41.037178
                            ],
                            [
                                29.0412748,
                                41.0375624
                            ],
                            [
                                29.0396601,
                                41.0384607
                            ],
                            [
                                29.0385925,
                                41.0391676
                            ],
                            [
                                29.038551,
                                41.0391951
                            ],
                            [
                                29.0383257,
                                41.0392173
                            ],
                            [
                                29.0381902,
                                41.0392517
                            ],
                            [
                                29.0377329,
                                41.0393377
                            ],
                            [
                                29.0375639,
                                41.0393519
                            ],
                            [
                                29.0371884,
                                41.0393306
                            ],
                            [
                                29.0370932,
                                41.0393185
                            ],
                            [
                                29.0369779,
                                41.0392912
                            ],
                            [
                                29.0367566,
                                41.0392689
                            ],
                            [
                                29.036538,
                                41.0392719
                            ],
                            [
                                29.0362376,
                                41.0393387
                            ],
                            [
                                29.0360364,
                                41.0394358
                            ],
                            [
                                29.0357923,
                                41.0395815
                            ],
                            [
                                29.0353791,
                                41.039987
                            ],
                            [
                                29.0353304,
                                41.0399482
                            ],
                            [
                                29.035174,
                                41.0398932
                            ],
                            [
                                29.0351464,
                                41.0398954
                            ],
                            [
                                29.0349543,
                                41.0398158
                            ],
                            [
                                29.0349581,
                                41.0398011
                            ],
                            [
                                29.0349239,
                                41.0397926
                            ],
                            [
                                29.0348365,
                                41.0397711
                            ],
                            [
                                29.0348412,
                                41.0397562
                            ],
                            [
                                29.0347701,
                                41.0397216
                            ],
                            [
                                29.0347733,
                                41.0397063
                            ],
                            [
                                29.0346481,
                                41.0396766
                            ],
                            [
                                29.0346447,
                                41.0396892
                            ],
                            [
                                29.0345919,
                                41.0396765
                            ],
                            [
                                29.0345971,
                                41.0396646
                            ],
                            [
                                29.0344556,
                                41.0396311
                            ],
                            [
                                29.034461,
                                41.0396188
                            ],
                            [
                                29.0343502,
                                41.0395912
                            ],
                            [
                                29.0342993,
                                41.0395752
                            ],
                            [
                                29.0343102,
                                41.0395514
                            ],
                            [
                                29.0341081,
                                41.0394896
                            ],
                            [
                                29.0340342,
                                41.0394591
                            ],
                            [
                                29.0340112,
                                41.0394529
                            ],
                            [
                                29.0339426,
                                41.0394345
                            ],
                            [
                                29.0338384,
                                41.0393823
                            ],
                            [
                                29.0334951,
                                41.0393199
                            ],
                            [
                                29.0333536,
                                41.0392389
                            ],
                            [
                                29.0332764,
                                41.039109
                            ],
                            [
                                29.0329025,
                                41.0388634
                            ],
                            [
                                29.0328022,
                                41.0387346
                            ],
                            [
                                29.0325221,
                                41.0386359
                            ],
                            [
                                29.0318727,
                                41.0385288
                            ],
                            [
                                29.0317806,
                                41.0384943
                            ],
                            [
                                29.0315999,
                                41.0384123
                            ],
                            [
                                29.0316266,
                                41.038371
                            ],
                            [
                                29.0314279,
                                41.0382731
                            ],
                            [
                                29.0312434,
                                41.0381498
                            ],
                            [
                                29.0312243,
                                41.0381369
                            ],
                            [
                                29.031272,
                                41.0380967
                            ],
                            [
                                29.0312153,
                                41.0380611
                            ],
                            [
                                29.0310246,
                                41.0379414
                            ],
                            [
                                29.0309723,
                                41.03797
                            ],
                            [
                                29.0308991,
                                41.0379087
                            ],
                            [
                                29.0307403,
                                41.0377535
                            ],
                            [
                                29.0305589,
                                41.0375288
                            ],
                            [
                                29.0304438,
                                41.037423
                            ],
                            [
                                29.0302886,
                                41.037333
                            ],
                            [
                                29.030136,
                                41.0371973
                            ],
                            [
                                29.029998,
                                41.0371089
                            ],
                            [
                                29.0298473,
                                41.0370075
                            ],
                            [
                                29.0297807,
                                41.0369713
                            ],
                            [
                                29.029683,
                                41.0370784
                            ],
                            [
                                29.029555,
                                41.0370124
                            ],
                            [
                                29.029645,
                                41.0369131
                            ],
                            [
                                29.0295988,
                                41.0368892
                            ],
                            [
                                29.029621,
                                41.0368648
                            ],
                            [
                                29.0295383,
                                41.0368145
                            ],
                            [
                                29.0295241,
                                41.0368366
                            ],
                            [
                                29.0293764,
                                41.0367606
                            ],
                            [
                                29.0294067,
                                41.0367021
                            ],
                            [
                                29.029361,
                                41.0366901
                            ],
                            [
                                29.0293654,
                                41.0366756
                            ],
                            [
                                29.0293241,
                                41.0366584
                            ],
                            [
                                29.029308,
                                41.0366989
                            ],
                            [
                                29.0291846,
                                41.0366503
                            ],
                            [
                                29.0291614,
                                41.036677
                            ],
                            [
                                29.0287968,
                                41.0365255
                            ],
                            [
                                29.0285329,
                                41.036394
                            ],
                            [
                                29.0282177,
                                41.0362346
                            ],
                            [
                                29.0277997,
                                41.0360274
                            ],
                            [
                                29.0275398,
                                41.0358741
                            ],
                            [
                                29.0271266,
                                41.0355413
                            ],
                            [
                                29.0266527,
                                41.0351337
                            ],
                            [
                                29.0264764,
                                41.0350076
                            ],
                            [
                                29.0264296,
                                41.0350207
                            ],
                            [
                                29.026331,
                                41.034962
                            ],
                            [
                                29.026184,
                                41.034898
                            ],
                            [
                                29.0262151,
                                41.0348693
                            ],
                            [
                                29.0261113,
                                41.0348184
                            ],
                            [
                                29.0260577,
                                41.0348419
                            ],
                            [
                                29.025896,
                                41.0347199
                            ],
                            [
                                29.0255802,
                                41.0344569
                            ],
                            [
                                29.025383,
                                41.0343134
                            ],
                            [
                                29.0252221,
                                41.0341685
                            ],
                            [
                                29.0251822,
                                41.0341811
                            ],
                            [
                                29.0250816,
                                41.0341031
                            ],
                            [
                                29.0248068,
                                41.0338827
                            ],
                            [
                                29.0245256,
                                41.0336794
                            ],
                            [
                                29.0243453,
                                41.0335314
                            ],
                            [
                                29.0243612,
                                41.0335139
                            ],
                            [
                                29.0242453,
                                41.0334436
                            ],
                            [
                                29.0240554,
                                41.0333343
                            ],
                            [
                                29.0239857,
                                41.0332885
                            ]
                        ]
                    ]
                ]
            }
        },
        {
            "type": "Feature",
            "properties": {
                "type": "relation",
                "id": 9463324,
                "tags": {
                    "admin_level": "8",
                    "boundary": "administrative",
                    "name": "Kandilli Mahallesi",
                    "type": "boundary",
                    "wikidata": "Q12810206"
                }
            },
            "geometry": {
                "type": "MultiPolygon",
                "coordinates": [
                    [
                        [
                            [
                                29.052454,
                                41.0610468
                            ],
                            [
                                29.0529746,
                                41.0611237
                            ],
                            [
                                29.053275,
                                41.0611277
                            ],
                            [
                                29.0535861,
                                41.0612248
                            ],
                            [
                                29.0537953,
                                41.061241
                            ],
                            [
                                29.0539187,
                                41.0612046
                            ],
                            [
                                29.0539938,
                                41.061063
                            ],
                            [
                                29.0541547,
                                41.0606909
                            ],
                            [
                                29.0544203,
                                41.0612147
                            ],
                            [
                                29.0545437,
                                41.061425
                            ],
                            [
                                29.0547368,
                                41.0615261
                            ],
                            [
                                29.0550211,
                                41.0615059
                            ],
                            [
                                29.055233,
                                41.0614675
                            ],
                            [
                                29.0556005,
                                41.0615383
                            ],
                            [
                                29.0558553,
                                41.0616738
                            ],
                            [
                                29.0563166,
                                41.0619407
                            ],
                            [
                                29.057073,
                                41.0624746
                            ],
                            [
                                29.0576309,
                                41.0627294
                            ],
                            [
                                29.058516,
                                41.0631501
                            ],
                            [
                                29.0588647,
                                41.0631946
                            ],
                            [
                                29.0593904,
                                41.0631582
                            ],
                            [
                                29.0601468,
                                41.0630773
                            ],
                            [
                                29.0604472,
                                41.0630935
                            ],
                            [
                                29.0606779,
                                41.0631744
                            ],
                            [
                                29.0615469,
                                41.0631825
                            ],
                            [
                                29.0625822,
                                41.0631096
                            ],
                            [
                                29.0631187,
                                41.0631946
                            ],
                            [
                                29.0637571,
                                41.0630894
                            ],
                            [
                                29.0643418,
                                41.062956
                            ],
                            [
                                29.0644035,
                                41.0629188
                            ],
                            [
                                29.0647978,
                                41.0626809
                            ],
                            [
                                29.0649801,
                                41.0625596
                            ],
                            [
                                29.0651894,
                                41.0623816
                            ],
                            [
                                29.0652806,
                                41.0622926
                            ],
                            [
                                29.0654361,
                                41.0620054
                            ],
                            [
                                29.06555,
                                41.0616618
                            ],
                            [
                                29.0656138,
                                41.0617662
                            ],
                            [
                                29.0657708,
                                41.0621118
                            ],
                            [
                                29.0658637,
                                41.0623585
                            ],
                            [
                                29.0659576,
                                41.0626668
                            ],
                            [
                                29.0660035,
                                41.0629521
                            ],
                            [
                                29.0660791,
                                41.063743
                            ],
                            [
                                29.0661871,
                                41.0643109
                            ],
                            [
                                29.066273,
                                41.0648084
                            ],
                            [
                                29.066273,
                                41.0651279
                            ],
                            [
                                29.0661702,
                                41.0653948
                            ],
                            [
                                29.0660742,
                                41.0656217
                            ],
                            [
                                29.0656636,
                                41.0663078
                            ],
                            [
                                29.065699,
                                41.066592
                            ],
                            [
                                29.0657298,
                                41.067314
                            ],
                            [
                                29.0656626,
                                41.0683439
                            ],
                            [
                                29.0656842,
                                41.0685233
                            ],
                            [
                                29.0657164,
                                41.0686699
                            ],
                            [
                                29.0658316,
                                41.0690674
                            ],
                            [
                                29.0654879,
                                41.0693319
                            ],
                            [
                                29.0647548,
                                41.0704382
                            ],
                            [
                                29.0648041,
                                41.0708995
                            ],
                            [
                                29.0647401,
                                41.071112
                            ],
                            [
                                29.0647313,
                                41.0712125
                            ],
                            [
                                29.0650231,
                                41.0716353
                            ],
                            [
                                29.0652074,
                                41.0718885
                            ],
                            [
                                29.0652612,
                                41.0720065
                            ],
                            [
                                29.0652435,
                                41.0721337
                            ],
                            [
                                29.065125,
                                41.0723511
                            ],
                            [
                                29.0650767,
                                41.0724563
                            ],
                            [
                                29.0650874,
                                41.0728647
                            ],
                            [
                                29.0651497,
                                41.0731776
                            ],
                            [
                                29.0651735,
                                41.0732753
                            ],
                            [
                                29.0652891,
                                41.0737125
                            ],
                            [
                                29.0654576,
                                41.0740577
                            ],
                            [
                                29.0654898,
                                41.0741265
                            ],
                            [
                                29.0656568,
                                41.0741737
                            ],
                            [
                                29.0660439,
                                41.0740435
                            ],
                            [
                                29.066027,
                                41.0742028
                            ],
                            [
                                29.0660701,
                                41.0743067
                            ],
                            [
                                29.066171,
                                41.0745066
                            ],
                            [
                                29.0662018,
                                41.07459
                            ],
                            [
                                29.0662481,
                                41.0747619
                            ],
                            [
                                29.0663534,
                                41.0749151
                            ],
                            [
                                29.0664554,
                                41.0750526
                            ],
                            [
                                29.0668899,
                                41.0749353
                            ],
                            [
                                29.0670884,
                                41.0751496
                            ],
                            [
                                29.0671796,
                                41.0753195
                            ],
                            [
                                29.0671216,
                                41.0755272
                            ],
                            [
                                29.0672107,
                                41.0755454
                            ],
                            [
                                29.0673572,
                                41.0755754
                            ],
                            [
                                29.0675534,
                                41.0756155
                            ],
                            [
                                29.0677402,
                                41.0756745
                            ],
                            [
                                29.0678748,
                                41.0757472
                            ],
                            [
                                29.0676958,
                                41.0759102
                            ],
                            [
                                29.066762,
                                41.076747
                            ],
                            [
                                29.0662579,
                                41.0770072
                            ],
                            [
                                29.0652741,
                                41.077406
                            ],
                            [
                                29.0642506,
                                41.0778919
                            ],
                            [
                                29.0643017,
                                41.0777076
                            ],
                            [
                                29.0643418,
                                41.077603
                            ],
                            [
                                29.0643613,
                                41.0775869
                            ],
                            [
                                29.0644925,
                                41.077533
                            ],
                            [
                                29.0643261,
                                41.077148
                            ],
                            [
                                29.0641772,
                                41.0771916
                            ],
                            [
                                29.06388,
                                41.0766292
                            ],
                            [
                                29.063693,
                                41.0763721
                            ],
                            [
                                29.0633595,
                                41.0763642
                            ],
                            [
                                29.0633601,
                                41.076397
                            ],
                            [
                                29.063243,
                                41.0763966
                            ],
                            [
                                29.0632422,
                                41.0763807
                            ],
                            [
                                29.0630343,
                                41.0763858
                            ],
                            [
                                29.0629036,
                                41.0763844
                            ],
                            [
                                29.0628179,
                                41.0763755
                            ],
                            [
                                29.0628167,
                                41.0763546
                            ],
                            [
                                29.0625512,
                                41.0763546
                            ],
                            [
                                29.0624556,
                                41.0763231
                            ],
                            [
                                29.0624951,
                                41.0760852
                            ],
                            [
                                29.0622769,
                                41.0760274
                            ],
                            [
                                29.0622545,
                                41.0761752
                            ],
                            [
                                29.062044,
                                41.0761721
                            ],
                            [
                                29.0620486,
                                41.0761424
                            ],
                            [
                                29.0620644,
                                41.0761425
                            ],
                            [
                                29.0620715,
                                41.0761125
                            ],
                            [
                                29.0619893,
                                41.0761019
                            ],
                            [
                                29.0619995,
                                41.0760529
                            ],
                            [
                                29.0619556,
                                41.0760448
                            ],
                            [
                                29.0619577,
                                41.0760194
                            ],
                            [
                                29.0617935,
                                41.0759689
                            ],
                            [
                                29.0616486,
                                41.0759113
                            ],
                            [
                                29.0616779,
                                41.075849
                            ],
                            [
                                29.0615358,
                                41.0758073
                            ],
                            [
                                29.0615427,
                                41.075787
                            ],
                            [
                                29.0614969,
                                41.0757743
                            ],
                            [
                                29.0615333,
                                41.0756983
                            ],
                            [
                                29.0613763,
                                41.0756507
                            ],
                            [
                                29.0613803,
                                41.0756385
                            ],
                            [
                                29.0613477,
                                41.0756284
                            ],
                            [
                                29.0613818,
                                41.075561
                            ],
                            [
                                29.0612931,
                                41.075529
                            ],
                            [
                                29.061063,
                                41.0754449
                            ],
                            [
                                29.061147,
                                41.075322
                            ],
                            [
                                29.0611163,
                                41.0753102
                            ],
                            [
                                29.0611068,
                                41.0753244
                            ],
                            [
                                29.0610714,
                                41.0753117
                            ],
                            [
                                29.0610277,
                                41.0753768
                            ],
                            [
                                29.0610534,
                                41.0753906
                            ],
                            [
                                29.0610292,
                                41.0754267
                            ],
                            [
                                29.0606778,
                                41.0752869
                            ],
                            [
                                29.0602898,
                                41.0751747
                            ],
                            [
                                29.060256,
                                41.0751323
                            ],
                            [
                                29.0598871,
                                41.0749537
                            ],
                            [
                                29.0598919,
                                41.0749242
                            ],
                            [
                                29.0598103,
                                41.0748946
                            ],
                            [
                                29.0597918,
                                41.0749199
                            ],
                            [
                                29.0595114,
                                41.074837
                            ],
                            [
                                29.0595389,
                                41.0747882
                            ],
                            [
                                29.0590568,
                                41.0746517
                            ],
                            [
                                29.05904,
                                41.0746827
                            ],
                            [
                                29.0585848,
                                41.0745443
                            ],
                            [
                                29.0583884,
                                41.0744846
                            ],
                            [
                                29.0583299,
                                41.0744696
                            ],
                            [
                                29.0582813,
                                41.0745739
                            ],
                            [
                                29.0583273,
                                41.0745854
                            ],
                            [
                                29.0582947,
                                41.0746611
                            ],
                            [
                                29.0580532,
                                41.0745965
                            ],
                            [
                                29.0580921,
                                41.0745205
                            ],
                            [
                                29.058128,
                                41.0745303
                            ],
                            [
                                29.0581701,
                                41.0744286
                            ],
                            [
                                29.0580966,
                                41.0744393
                            ],
                            [
                                29.0576585,
                                41.0744449
                            ],
                            [
                                29.057019,
                                41.0744424
                            ],
                            [
                                29.0563152,
                                41.0744412
                            ],
                            [
                                29.0561678,
                                41.0744075
                            ],
                            [
                                29.0560248,
                                41.0743599
                            ],
                            [
                                29.055917,
                                41.0743206
                            ],
                            [
                                29.0558405,
                                41.0742771
                            ],
                            [
                                29.0557869,
                                41.0742336
                            ],
                            [
                                29.055741,
                                41.0741715
                            ],
                            [
                                29.0557225,
                                41.074084
                            ],
                            [
                                29.0555626,
                                41.0737585
                            ],
                            [
                                29.0555482,
                                41.0737511
                            ],
                            [
                                29.0553974,
                                41.0734638
                            ],
                            [
                                29.0553725,
                                41.0733895
                            ],
                            [
                                29.0553524,
                                41.0732843
                            ],
                            [
                                29.0553524,
                                41.0732449
                            ],
                            [
                                29.0553671,
                                41.0731852
                            ],
                            [
                                29.055388,
                                41.0731194
                            ],
                            [
                                29.0554181,
                                41.0729557
                            ],
                            [
                                29.0554824,
                                41.0725715
                            ],
                            [
                                29.0556045,
                                41.0722652
                            ],
                            [
                                29.0555723,
                                41.0722581
                            ],
                            [
                                29.0555884,
                                41.072154
                            ],
                            [
                                29.0558789,
                                41.0716031
                            ],
                            [
                                29.0559761,
                                41.0712987
                            ],
                            [
                                29.0560537,
                                41.0710403
                            ],
                            [
                                29.0560482,
                                41.0708896
                            ],
                            [
                                29.0560822,
                                41.0707453
                            ],
                            [
                                29.0561236,
                                41.0706076
                            ],
                            [
                                29.0561491,
                                41.0705552
                            ],
                            [
                                29.0562331,
                                41.0705291
                            ],
                            [
                                29.0562973,
                                41.0704864
                            ],
                            [
                                29.0564334,
                                41.0703323
                            ],
                            [
                                29.0564089,
                                41.0703166
                            ],
                            [
                                29.0564342,
                                41.0702893
                            ],
                            [
                                29.0564594,
                                41.0703036
                            ],
                            [
                                29.0565055,
                                41.0702423
                            ],
                            [
                                29.0565285,
                                41.0702479
                            ],
                            [
                                29.0565373,
                                41.070229
                            ],
                            [
                                29.0564924,
                                41.070217
                            ],
                            [
                                29.0565112,
                                41.070153
                            ],
                            [
                                29.0565598,
                                41.0701623
                            ],
                            [
                                29.0565679,
                                41.0701345
                            ],
                            [
                                29.0565786,
                                41.0701361
                            ],
                            [
                                29.0567052,
                                41.0697368
                            ],
                            [
                                29.0566746,
                                41.0697288
                            ],
                            [
                                29.0566545,
                                41.0696159
                            ],
                            [
                                29.0566554,
                                41.0695561
                            ],
                            [
                                29.0566652,
                                41.0695015
                            ],
                            [
                                29.0566824,
                                41.0694562
                            ],
                            [
                                29.0567219,
                                41.0693859
                            ],
                            [
                                29.0566949,
                                41.0693773
                            ],
                            [
                                29.0567077,
                                41.0693556
                            ],
                            [
                                29.0567328,
                                41.0693641
                            ],
                            [
                                29.0567622,
                                41.0693255
                            ],
                            [
                                29.0568358,
                                41.0692286
                            ],
                            [
                                29.0568102,
                                41.0692183
                            ],
                            [
                                29.0568315,
                                41.0691843
                            ],
                            [
                                29.0568619,
                                41.0691972
                            ],
                            [
                                29.0569584,
                                41.0690392
                            ],
                            [
                                29.0569963,
                                41.0689568
                            ],
                            [
                                29.0570209,
                                41.0689618
                            ],
                            [
                                29.0571431,
                                41.0685778
                            ],
                            [
                                29.0570455,
                                41.0683861
                            ],
                            [
                                29.0569902,
                                41.0681509
                            ],
                            [
                                29.0569683,
                                41.0681541
                            ],
                            [
                                29.0568132,
                                41.0677514
                            ],
                            [
                                29.0568278,
                                41.0675941
                            ],
                            [
                                29.0567971,
                                41.0675931
                            ],
                            [
                                29.0567949,
                                41.0676067
                            ],
                            [
                                29.0567742,
                                41.0676054
                            ],
                            [
                                29.0567802,
                                41.0675217
                            ],
                            [
                                29.0568037,
                                41.0675231
                            ],
                            [
                                29.0568038,
                                41.0675323
                            ],
                            [
                                29.0568388,
                                41.0675342
                            ],
                            [
                                29.0568562,
                                41.0673866
                            ],
                            [
                                29.0569432,
                                41.0673876
                            ],
                            [
                                29.0569459,
                                41.0672781
                            ],
                            [
                                29.0569135,
                                41.067276
                            ],
                            [
                                29.0569178,
                                41.0671871
                            ],
                            [
                                29.0569776,
                                41.0671866
                            ],
                            [
                                29.0569435,
                                41.0668432
                            ],
                            [
                                29.0569597,
                                41.0664207
                            ],
                            [
                                29.0563418,
                                41.0657153
                            ],
                            [
                                29.0558611,
                                41.0653076
                            ],
                            [
                                29.0553547,
                                41.0646799
                            ],
                            [
                                29.054889,
                                41.064052
                            ],
                            [
                                29.054534,
                                41.063545
                            ],
                            [
                                29.054178,
                                41.063038
                            ],
                            [
                                29.054006,
                                41.062912
                            ],
                            [
                                29.0537325,
                                41.0626025
                            ],
                            [
                                29.053485,
                                41.062537
                            ],
                            [
                                29.0528141,
                                41.0620978
                            ],
                            [
                                29.0524193,
                                41.0615024
                            ],
                            [
                                29.052454,
                                41.0610468
                            ]
                        ]
                    ]
                ]
            }
        },
        {
            "type": "Feature",
            "properties": {
                "type": "relation",
                "id": 9463333,
                "tags": {
                    "admin_level": "8",
                    "boundary": "administrative",
                    "name": "İcadiye Mahallesi",
                    "type": "boundary",
                    "wikidata": "Q8080040"
                }
            },
            "geometry": {
                "type": "MultiPolygon",
                "coordinates": [
                    [
                        [
                            [
                                29.0279576,
                                41.0281491
                            ],
                            [
                                29.0282043,
                                41.028139
                            ],
                            [
                                29.0283171,
                                41.028135
                            ],
                            [
                                29.0287368,
                                41.0280955
                            ],
                            [
                                29.0306181,
                                41.0277481
                            ],
                            [
                                29.0323813,
                                41.027448
                            ],
                            [
                                29.0326518,
                                41.0273617
                            ],
                            [
                                29.0331853,
                                41.0269412
                            ],
                            [
                                29.0335285,
                                41.0267818
                            ],
                            [
                                29.0345049,
                                41.0262663
                            ],
                            [
                                29.0349762,
                                41.0257839
                            ],
                            [
                                29.0363556,
                                41.0243298
                            ],
                            [
                                29.0368062,
                                41.0238259
                            ],
                            [
                                29.0370324,
                                41.0239897
                            ],
                            [
                                29.0375629,
                                41.024411
                            ],
                            [
                                29.038319,
                                41.0250684
                            ],
                            [
                                29.0383239,
                                41.025074
                            ],
                            [
                                29.0384638,
                                41.0252343
                            ],
                            [
                                29.0386328,
                                41.0254184
                            ],
                            [
                                29.0389969,
                                41.0258205
                            ],
                            [
                                29.0392792,
                                41.0261408
                            ],
                            [
                                29.039467,
                                41.0263553
                            ],
                            [
                                29.039562,
                                41.0264916
                            ],
                            [
                                29.0396306,
                                41.0265854
                            ],
                            [
                                29.0396842,
                                41.0266669
                            ],
                            [
                                29.0400061,
                                41.027106
                            ],
                            [
                                29.0403387,
                                41.0276159
                            ],
                            [
                                29.0403762,
                                41.0277778
                            ],
                            [
                                29.0405824,
                                41.0283968
                            ],
                            [
                                29.040564,
                                41.0284688
                            ],
                            [
                                29.0405268,
                                41.0284516
                            ],
                            [
                                29.0396199,
                                41.0286115
                            ],
                            [
                                29.0396842,
                                41.0287106
                            ],
                            [
                                29.039534,
                                41.0289049
                            ],
                            [
                                29.0393651,
                                41.0290546
                            ],
                            [
                                29.0392202,
                                41.0291982
                            ],
                            [
                                29.038606,
                                41.029433
                            ],
                            [
                                29.0383914,
                                41.0294937
                            ],
                            [
                                29.0382224,
                                41.0295119
                            ],
                            [
                                29.0380481,
                                41.0295159
                            ],
                            [
                                29.0378389,
                                41.0295766
                            ],
                            [
                                29.0376833,
                                41.0297041
                            ],
                            [
                                29.037627,
                                41.0297486
                            ],
                            [
                                29.0373883,
                                41.0298761
                            ],
                            [
                                29.0372488,
                                41.0298902
                            ],
                            [
                                29.0368277,
                                41.0299469
                            ],
                            [
                                29.0365219,
                                41.0299995
                            ],
                            [
                                29.0354758,
                                41.0302888
                            ],
                            [
                                29.0353712,
                                41.0302848
                            ],
                            [
                                29.0352023,
                                41.0305215
                            ],
                            [
                                29.0351378,
                                41.0305629
                            ],
                            [
                                29.0350494,
                                41.0306389
                            ],
                            [
                                29.0348724,
                                41.0307137
                            ],
                            [
                                29.0344432,
                                41.0308311
                            ],
                            [
                                29.03366,
                                41.0310638
                            ],
                            [
                                29.033424,
                                41.0312257
                            ],
                            [
                                29.0331289,
                                41.0316
                            ],
                            [
                                29.0329117,
                                41.0318529
                            ],
                            [
                                29.0326998,
                                41.031865
                            ],
                            [
                                29.0323806,
                                41.0319176
                            ],
                            [
                                29.0317462,
                                41.0320361
                            ],
                            [
                                29.0316081,
                                41.0320593
                            ],
                            [
                                29.0311038,
                                41.0321867
                            ],
                            [
                                29.0303743,
                                41.0322697
                            ],
                            [
                                29.0300363,
                                41.0323304
                            ],
                            [
                                29.0298298,
                                41.032387
                            ],
                            [
                                29.0295643,
                                41.0320269
                            ],
                            [
                                29.0295321,
                                41.0319419
                            ],
                            [
                                29.0294355,
                                41.0318893
                            ],
                            [
                                29.029237,
                                41.0315514
                            ],
                            [
                                29.0291834,
                                41.0312823
                            ],
                            [
                                29.0291753,
                                41.0309545
                            ],
                            [
                                29.0289688,
                                41.0309748
                            ],
                            [
                                29.0288195,
                                41.0309639
                            ],
                            [
                                29.0287033,
                                41.0309565
                            ],
                            [
                                29.028486,
                                41.0306227
                            ],
                            [
                                29.0288173,
                                41.0304565
                            ],
                            [
                                29.0281307,
                                41.0298949
                            ],
                            [
                                29.0280681,
                                41.0289768
                            ],
                            [
                                29.0279576,
                                41.0281491
                            ]
                        ]
                    ]
                ]
            }
        },
        {
            "type": "Feature",
            "properties": {
                "type": "relation",
                "id": 9463364,
                "tags": {
                    "admin_level": "8",
                    "boundary": "administrative",
                    "name": "Beylerbeyi Mahallesi",
                    "type": "boundary",
                    "wikidata": "Q853184"
                }
            },
            "geometry": {
                "type": "MultiPolygon",
                "coordinates": [
                    [
                        [
                            [
                                29.0353791,
                                41.039987
                            ],
                            [
                                29.0357923,
                                41.0395815
                            ],
                            [
                                29.0360364,
                                41.0394358
                            ],
                            [
                                29.0362376,
                                41.0393387
                            ],
                            [
                                29.036538,
                                41.0392719
                            ],
                            [
                                29.0367566,
                                41.0392689
                            ],
                            [
                                29.0369779,
                                41.0392912
                            ],
                            [
                                29.0370932,
                                41.0393185
                            ],
                            [
                                29.0371884,
                                41.0393306
                            ],
                            [
                                29.0375639,
                                41.0393519
                            ],
                            [
                                29.0377329,
                                41.0393377
                            ],
                            [
                                29.0381902,
                                41.0392517
                            ],
                            [
                                29.0383257,
                                41.0392173
                            ],
                            [
                                29.038551,
                                41.0391951
                            ],
                            [
                                29.0385925,
                                41.0391676
                            ],
                            [
                                29.0396601,
                                41.0384607
                            ],
                            [
                                29.0412748,
                                41.0375624
                            ],
                            [
                                29.0418488,
                                41.037178
                            ],
                            [
                                29.0422511,
                                41.0369919
                            ],
                            [
                                29.0424871,
                                41.0368179
                            ],
                            [
                                29.0433937,
                                41.0359115
                            ],
                            [
                                29.0437407,
                                41.0360481
                            ],
                            [
                                29.0435761,
                                41.0362959
                            ],
                            [
                                29.043702,
                                41.036383
                            ],
                            [
                                29.0439141,
                                41.0364881
                            ],
                            [
                                29.0444317,
                                41.0366682
                            ],
                            [
                                29.0449762,
                                41.0363688
                            ],
                            [
                                29.0452793,
                                41.0363162
                            ],
                            [
                                29.0453839,
                                41.0363202
                            ],
                            [
                                29.0455744,
                                41.0363566
                            ],
                            [
                                29.0457702,
                                41.0363789
                            ],
                            [
                                29.0459365,
                                41.0363688
                            ],
                            [
                                29.0461564,
                                41.0362919
                            ],
                            [
                                29.0463388,
                                41.0362251
                            ],
                            [
                                29.0466177,
                                41.0361826
                            ],
                            [
                                29.0467867,
                                41.0361624
                            ],
                            [
                                29.0470228,
                                41.0363242
                            ],
                            [
                                29.0468565,
                                41.0366075
                            ],
                            [
                                29.0465963,
                                41.0370708
                            ],
                            [
                                29.0463871,
                                41.0374006
                            ],
                            [
                                29.0467706,
                                41.037526
                            ],
                            [
                                29.0470174,
                                41.0375806
                            ],
                            [
                                29.0472427,
                                41.0375563
                            ],
                            [
                                29.0473875,
                                41.0375604
                            ],
                            [
                                29.0484255,
                                41.038663
                            ],
                            [
                                29.048329,
                                41.0389017
                            ],
                            [
                                29.0483183,
                                41.0390474
                            ],
                            [
                                29.0484255,
                                41.0393508
                            ],
                            [
                                29.0482271,
                                41.0396219
                            ],
                            [
                                29.0483719,
                                41.0400872
                            ],
                            [
                                29.0493402,
                                41.0400104
                            ],
                            [
                                29.0496057,
                                41.0399679
                            ],
                            [
                                29.0501261,
                                41.0397959
                            ],
                            [
                                29.0507591,
                                41.0395855
                            ],
                            [
                                29.0512097,
                                41.0395086
                            ],
                            [
                                29.0519661,
                                41.0393751
                            ],
                            [
                                29.0520358,
                                41.0393792
                            ],
                            [
                                29.0522236,
                                41.0392881
                            ],
                            [
                                29.0525615,
                                41.0391485
                            ],
                            [
                                29.0528995,
                                41.0390332
                            ],
                            [
                                29.0533233,
                                41.0389665
                            ],
                            [
                                29.053688,
                                41.03893
                            ],
                            [
                                29.0537538,
                                41.039098
                            ],
                            [
                                29.0540904,
                                41.0399497
                            ],
                            [
                                29.0542728,
                                41.0404919
                            ],
                            [
                                29.0543425,
                                41.0407144
                            ],
                            [
                                29.0544176,
                                41.0407629
                            ],
                            [
                                29.0545785,
                                41.0411069
                            ],
                            [
                                29.0546322,
                                41.0412727
                            ],
                            [
                                29.0547019,
                                41.0415479
                            ],
                            [
                                29.0548682,
                                41.0423247
                            ],
                            [
                                29.0549219,
                                41.0425675
                            ],
                            [
                                29.055056,
                                41.0427981
                            ],
                            [
                                29.0549326,
                                41.0429842
                            ],
                            [
                                29.0546751,
                                41.0432634
                            ],
                            [
                                29.0541065,
                                41.0438581
                            ],
                            [
                                29.0538222,
                                41.0441332
                            ],
                            [
                                29.0536505,
                                41.0441858
                            ],
                            [
                                29.0542674,
                                41.0446511
                            ],
                            [
                                29.0538543,
                                41.0453793
                            ],
                            [
                                29.0538758,
                                41.0457475
                            ],
                            [
                                29.0533179,
                                41.046407
                            ],
                            [
                                29.0529478,
                                41.0470583
                            ],
                            [
                                29.0527439,
                                41.0473213
                            ],
                            [
                                29.0531784,
                                41.0474669
                            ],
                            [
                                29.0520578,
                                41.0483035
                            ],
                            [
                                29.0521167,
                                41.0482385
                            ],
                            [
                                29.0511923,
                                41.0478139
                            ],
                            [
                                29.0512319,
                                41.0477629
                            ],
                            [
                                29.0507534,
                                41.0475487
                            ],
                            [
                                29.0494535,
                                41.0472965
                            ],
                            [
                                29.0494674,
                                41.0471465
                            ],
                            [
                                29.0489501,
                                41.0469375
                            ],
                            [
                                29.048184,
                                41.046588
                            ],
                            [
                                29.0478151,
                                41.0464234
                            ],
                            [
                                29.0476851,
                                41.0463377
                            ],
                            [
                                29.0474393,
                                41.0462474
                            ],
                            [
                                29.046843,
                                41.0459688
                            ],
                            [
                                29.0462853,
                                41.0457127
                            ],
                            [
                                29.0460299,
                                41.0455794
                            ],
                            [
                                29.045833,
                                41.045473
                            ],
                            [
                                29.0457904,
                                41.0455258
                            ],
                            [
                                29.0456332,
                                41.0455063
                            ],
                            [
                                29.0452954,
                                41.0453081
                            ],
                            [
                                29.045284,
                                41.0452744
                            ],
                            [
                                29.0453085,
                                41.045209
                            ],
                            [
                                29.045005,
                                41.0450957
                            ],
                            [
                                29.0447901,
                                41.0449999
                            ],
                            [
                                29.0445546,
                                41.0449233
                            ],
                            [
                                29.0445361,
                                41.0449164
                            ],
                            [
                                29.0444462,
                                41.0448818
                            ],
                            [
                                29.0439176,
                                41.0446783
                            ],
                            [
                                29.043818,
                                41.0446399
                            ],
                            [
                                29.0436526,
                                41.0445207
                            ],
                            [
                                29.0433701,
                                41.0442631
                            ],
                            [
                                29.043116,
                                41.0440161
                            ],
                            [
                                29.0428002,
                                41.0438946
                            ],
                            [
                                29.0427446,
                                41.043892
                            ],
                            [
                                29.042224,
                                41.043868
                            ],
                            [
                                29.0421656,
                                41.0437885
                            ],
                            [
                                29.0421454,
                                41.0437611
                            ],
                            [
                                29.0410224,
                                41.0436345
                            ],
                            [
                                29.0407125,
                                41.0434801
                            ],
                            [
                                29.0392515,
                                41.042662
                            ],
                            [
                                29.0384762,
                                41.0421844
                            ],
                            [
                                29.0383073,
                                41.0420803
                            ],
                            [
                                29.0378538,
                                41.0417608
                            ],
                            [
                                29.0376024,
                                41.0416271
                            ],
                            [
                                29.0375345,
                                41.0416852
                            ],
                            [
                                29.0369461,
                                41.0413576
                            ],
                            [
                                29.0370006,
                                41.0413046
                            ],
                            [
                                29.0370491,
                                41.0413294
                            ],
                            [
                                29.0370293,
                                41.0413515
                            ],
                            [
                                29.0374945,
                                41.0416129
                            ],
                            [
                                29.0376304,
                                41.0414907
                            ],
                            [
                                29.0371663,
                                41.0412213
                            ],
                            [
                                29.0371054,
                                41.0412773
                            ],
                            [
                                29.0370565,
                                41.0412493
                            ],
                            [
                                29.0371261,
                                41.0411804
                            ],
                            [
                                29.037054,
                                41.041136
                            ],
                            [
                                29.0368669,
                                41.0410292
                            ],
                            [
                                29.0362036,
                                41.0406743
                            ],
                            [
                                29.0356712,
                                41.0402622
                            ],
                            [
                                29.0356955,
                                41.0402395
                            ],
                            [
                                29.0353791,
                                41.039987
                            ]
                        ]
                    ]
                ]
            }
        },
        {
            "type": "Feature",
            "properties": {
                "type": "relation",
                "id": 9463376,
                "tags": {
                    "admin_level": "8",
                    "boundary": "administrative",
                    "name": "Çengelköy Mahallesi",
                    "type": "boundary",
                    "wikidata": "Q2921300"
                }
            },
            "geometry": {
                "type": "MultiPolygon",
                "coordinates": [
                    [
                        [
                            [
                                29.0520578,
                                41.0483035
                            ],
                            [
                                29.0531784,
                                41.0474669
                            ],
                            [
                                29.0527439,
                                41.0473213
                            ],
                            [
                                29.0529478,
                                41.0470583
                            ],
                            [
                                29.0533179,
                                41.046407
                            ],
                            [
                                29.0538758,
                                41.0457475
                            ],
                            [
                                29.0538543,
                                41.0453793
                            ],
                            [
                                29.0542674,
                                41.0446511
                            ],
                            [
                                29.0536505,
                                41.0441858
                            ],
                            [
                                29.0538222,
                                41.0441332
                            ],
                            [
                                29.0541065,
                                41.0438581
                            ],
                            [
                                29.0546751,
                                41.0432634
                            ],
                            [
                                29.0549326,
                                41.0429842
                            ],
                            [
                                29.055056,
                                41.0427981
                            ],
                            [
                                29.0553832,
                                41.0423813
                            ],
                            [
                                29.05622,
                                41.0411675
                            ],
                            [
                                29.0566331,
                                41.0405525
                            ],
                            [
                                29.0590578,
                                41.0413739
                            ],
                            [
                                29.0591919,
                                41.0414831
                            ],
                            [
                                29.0595353,
                                41.0415964
                            ],
                            [
                                29.0603238,
                                41.0418554
                            ],
                            [
                                29.0598088,
                                41.0426322
                            ],
                            [
                                29.0595889,
                                41.0428183
                            ],
                            [
                                29.0592349,
                                41.0431865
                            ],
                            [
                                29.0599322,
                                41.0433928
                            ],
                            [
                                29.0603453,
                                41.0434899
                            ],
                            [
                                29.0597445,
                                41.0442829
                            ],
                            [
                                29.0604472,
                                41.0445014
                            ],
                            [
                                29.0607476,
                                41.0447077
                            ],
                            [
                                29.0616006,
                                41.0449667
                            ],
                            [
                                29.0619171,
                                41.0452337
                            ],
                            [
                                29.0621585,
                                41.0454158
                            ],
                            [
                                29.0623462,
                                41.0454886
                            ],
                            [
                                29.062432,
                                41.0455816
                            ],
                            [
                                29.0626627,
                                41.045529
                            ],
                            [
                                29.0628987,
                                41.0453227
                            ],
                            [
                                29.0632904,
                                41.0456019
                            ],
                            [
                                29.0629256,
                                41.0458284
                            ],
                            [
                                29.0627164,
                                41.0459579
                            ],
                            [
                                29.0615898,
                                41.0463261
                            ],
                            [
                                29.0610266,
                                41.0467023
                            ],
                            [
                                29.0608013,
                                41.0471109
                            ],
                            [
                                29.0608174,
                                41.0472161
                            ],
                            [
                                29.0611124,
                                41.0473334
                            ],
                            [
                                29.06196,
                                41.0478715
                            ],
                            [
                                29.0619814,
                                41.0480252
                            ],
                            [
                                29.0621155,
                                41.0482882
                            ],
                            [
                                29.0623677,
                                41.0486078
                            ],
                            [
                                29.0626305,
                                41.0487939
                            ],
                            [
                                29.0628344,
                                41.048895
                            ],
                            [
                                29.0629524,
                                41.0492308
                            ],
                            [
                                29.0626949,
                                41.0494007
                            ],
                            [
                                29.0625125,
                                41.0494736
                            ],
                            [
                                29.0631938,
                                41.050404
                            ],
                            [
                                29.0633303,
                                41.0505612
                            ],
                            [
                                29.0635908,
                                41.0508612
                            ],
                            [
                                29.0639019,
                                41.051023
                            ],
                            [
                                29.0640229,
                                41.0510672
                            ],
                            [
                                29.0642559,
                                41.0511524
                            ],
                            [
                                29.0646207,
                                41.0512091
                            ],
                            [
                                29.0650821,
                                41.0514275
                            ],
                            [
                                29.0655434,
                                41.0516986
                            ],
                            [
                                29.0653986,
                                41.0517431
                            ],
                            [
                                29.0662837,
                                41.0520707
                            ],
                            [
                                29.0672868,
                                41.0523984
                            ],
                            [
                                29.0677375,
                                41.0525279
                            ],
                            [
                                29.0684187,
                                41.0525805
                            ],
                            [
                                29.0685314,
                                41.0525885
                            ],
                            [
                                29.068644,
                                41.0525946
                            ],
                            [
                                29.068813,
                                41.0527301
                            ],
                            [
                                29.0690678,
                                41.0528616
                            ],
                            [
                                29.0691673,
                                41.0529292
                            ],
                            [
                                29.0693924,
                                41.0530821
                            ],
                            [
                                29.0699261,
                                41.0537293
                            ],
                            [
                                29.0702507,
                                41.0545768
                            ],
                            [
                                29.0702614,
                                41.0549651
                            ],
                            [
                                29.0703312,
                                41.0551532
                            ],
                            [
                                29.0704948,
                                41.0553474
                            ],
                            [
                                29.0708622,
                                41.0556811
                            ],
                            [
                                29.0710205,
                                41.0557357
                            ],
                            [
                                29.0713531,
                                41.0558207
                            ],
                            [
                                29.0717125,
                                41.0560472
                            ],
                            [
                                29.0718788,
                                41.0562171
                            ],
                            [
                                29.0720451,
                                41.0563028
                            ],
                            [
                                29.0725064,
                                41.0565407
                            ],
                            [
                                29.0732937,
                                41.0569169
                            ],
                            [
                                29.0728229,
                                41.0573255
                            ],
                            [
                                29.0725547,
                                41.0575237
                            ],
                            [
                                29.0722704,
                                41.0577704
                            ],
                            [
                                29.0719807,
                                41.057912
                            ],
                            [
                                29.0711117,
                                41.0581264
                            ],
                            [
                                29.0710105,
                                41.0581296
                            ],
                            [
                                29.0701729,
                                41.0581668
                            ],
                            [
                                29.0695184,
                                41.0581709
                            ],
                            [
                                29.0694835,
                                41.0581695
                            ],
                            [
                                29.0688372,
                                41.0581426
                            ],
                            [
                                29.0684885,
                                41.0580576
                            ],
                            [
                                29.0676355,
                                41.0578554
                            ],
                            [
                                29.0675053,
                                41.0578242
                            ],
                            [
                                29.0669596,
                                41.0576936
                            ],
                            [
                                29.0661067,
                                41.0575237
                            ],
                            [
                                29.0653932,
                                41.0574185
                            ],
                            [
                                29.0647656,
                                41.0574185
                            ],
                            [
                                29.0643498,
                                41.0574954
                            ],
                            [
                                29.0640843,
                                41.0576167
                            ],
                            [
                                29.0634835,
                                41.0576693
                            ],
                            [
                                29.0632099,
                                41.0576329
                            ],
                            [
                                29.0629899,
                                41.0575318
                            ],
                            [
                                29.0626842,
                                41.0573821
                            ],
                            [
                                29.0624911,
                                41.0572972
                            ],
                            [
                                29.0622711,
                                41.0571434
                            ],
                            [
                                29.0618527,
                                41.0568684
                            ],
                            [
                                29.0615308,
                                41.056654
                            ],
                            [
                                29.0611392,
                                41.0563911
                            ],
                            [
                                29.05909,
                                41.0555497
                            ],
                            [
                                29.0585643,
                                41.0551775
                            ],
                            [
                                29.0582317,
                                41.0548741
                            ],
                            [
                                29.0580064,
                                41.0546314
                            ],
                            [
                                29.0579152,
                                41.0546719
                            ],
                            [
                                29.0573734,
                                41.0545991
                            ],
                            [
                                29.0572447,
                                41.0548054
                            ],
                            [
                                29.0572607,
                                41.0549105
                            ],
                            [
                                29.0564983,
                                41.0552858
                            ],
                            [
                                29.056102,
                                41.0554809
                            ],
                            [
                                29.0558553,
                                41.0555173
                            ],
                            [
                                29.0556514,
                                41.0553717
                            ],
                            [
                                29.0552276,
                                41.0552301
                            ],
                            [
                                29.0534735,
                                41.0558126
                            ],
                            [
                                29.0530497,
                                41.0560755
                            ],
                            [
                                29.053334,
                                41.0561484
                            ],
                            [
                                29.0533233,
                                41.056387
                            ],
                            [
                                29.0533769,
                                41.0571515
                            ],
                            [
                                29.0533519,
                                41.0572035
                            ],
                            [
                                29.0532776,
                                41.0574639
                            ],
                            [
                                29.05296,
                                41.0571856
                            ],
                            [
                                29.0528399,
                                41.0569591
                            ],
                            [
                                29.0526682,
                                41.0567131
                            ],
                            [
                                29.0521704,
                                41.0559106
                            ],
                            [
                                29.0519558,
                                41.0553863
                            ],
                            [
                                29.0519706,
                                41.0553258
                            ],
                            [
                                29.0516909,
                                41.0543876
                            ],
                            [
                                29.0516367,
                                41.0541265
                            ],
                            [
                                29.0516297,
                                41.0539883
                            ],
                            [
                                29.0516245,
                                41.0536195
                            ],
                            [
                                29.0516829,
                                41.0535227
                            ],
                            [
                                29.0517145,
                                41.0535265
                            ],
                            [
                                29.0517366,
                                41.0535246
                            ],
                            [
                                29.0517689,
                                41.0533948
                            ],
                            [
                                29.0516864,
                                41.0527334
                            ],
                            [
                                29.0513979,
                                41.0521566
                            ],
                            [
                                29.0514203,
                                41.0515431
                            ],
                            [
                                29.0514376,
                                41.0512167
                            ],
                            [
                                29.0515054,
                                41.0511116
                            ],
                            [
                                29.0513584,
                                41.0510521
                            ],
                            [
                                29.0514572,
                                41.0509261
                            ],
                            [
                                29.0516743,
                                41.0510154
                            ],
                            [
                                29.0520416,
                                41.0506938
                            ],
                            [
                                29.052385,
                                41.0504219
                            ],
                            [
                                29.052179,
                                41.0499106
                            ],
                            [
                                29.0523099,
                                41.0498629
                            ],
                            [
                                29.0524781,
                                41.0496623
                            ],
                            [
                                29.0525495,
                                41.0496678
                            ],
                            [
                                29.052588,
                                41.0494417
                            ],
                            [
                                29.0522155,
                                41.0492126
                            ],
                            [
                                29.0521506,
                                41.0490634
                            ],
                            [
                                29.0522517,
                                41.0488172
                            ],
                            [
                                29.0522123,
                                41.0487973
                            ],
                            [
                                29.0523378,
                                41.0485591
                            ],
                            [
                                29.0520578,
                                41.0483035
                            ]
                        ]
                    ]
                ]
            }
        },
        {
            "type": "Feature",
            "properties": {
                "type": "relation",
                "id": 9463385,
                "tags": {
                    "admin_level": "8",
                    "boundary": "administrative",
                    "name": "Küçük Çamlıca Mahallesi",
                    "type": "boundary",
                    "wikidata": "Q6047027"
                }
            },
            "geometry": {
                "type": "MultiPolygon",
                "coordinates": [
                    [
                        [
                            [
                                29.0477886,
                                41.0227541
                            ],
                            [
                                29.047933,
                                41.0225282
                            ],
                            [
                                29.0480526,
                                41.0223418
                            ],
                            [
                                29.0483637,
                                41.0218946
                            ],
                            [
                                29.0485012,
                                41.0217009
                            ],
                            [
                                29.0486989,
                                41.0214552
                            ],
                            [
                                29.0488355,
                                41.0212712
                            ],
                            [
                                29.0492605,
                                41.0207853
                            ],
                            [
                                29.0492766,
                                41.0207685
                            ],
                            [
                                29.0495399,
                                41.0204801
                            ],
                            [
                                29.0502986,
                                41.0197381
                            ],
                            [
                                29.0505903,
                                41.0194748
                            ],
                            [
                                29.0508865,
                                41.0192029
                            ],
                            [
                                29.0514102,
                                41.0187613
                            ],
                            [
                                29.051723,
                                41.0185152
                            ],
                            [
                                29.052233,
                                41.0181284
                            ],
                            [
                                29.0527777,
                                41.0177344
                            ],
                            [
                                29.052979,
                                41.0175901
                            ],
                            [
                                29.0533713,
                                41.017311
                            ],
                            [
                                29.0536633,
                                41.0171092
                            ],
                            [
                                29.0541644,
                                41.0167623
                            ],
                            [
                                29.054687,
                                41.0164003
                            ],
                            [
                                29.0551498,
                                41.0160753
                            ],
                            [
                                29.0560717,
                                41.0154351
                            ],
                            [
                                29.0564634,
                                41.0151368
                            ],
                            [
                                29.0565761,
                                41.0150503
                            ],
                            [
                                29.0567581,
                                41.0149408
                            ],
                            [
                                29.0569624,
                                41.014796
                            ],
                            [
                                29.0573295,
                                41.0145291
                            ],
                            [
                                29.0580571,
                                41.0139957
                            ],
                            [
                                29.0582832,
                                41.0138377
                            ],
                            [
                                29.0588236,
                                41.0134712
                            ],
                            [
                                29.0593481,
                                41.0130788
                            ],
                            [
                                29.0596775,
                                41.0128163
                            ],
                            [
                                29.0599998,
                                41.0125484
                            ],
                            [
                                29.0602422,
                                41.0123259
                            ],
                            [
                                29.0605271,
                                41.0120229
                            ],
                            [
                                29.0607957,
                                41.0117093
                            ],
                            [
                                29.0611034,
                                41.0112458
                            ],
                            [
                                29.0612304,
                                41.0109935
                            ],
                            [
                                29.0613424,
                                41.0107675
                            ],
                            [
                                29.0614843,
                                41.0103896
                            ],
                            [
                                29.0615723,
                                41.0100753
                            ],
                            [
                                29.0616335,
                                41.009754
                            ],
                            [
                                29.0616606,
                                41.0094351
                            ],
                            [
                                29.0616577,
                                41.0091891
                            ],
                            [
                                29.0616407,
                                41.0089413
                            ],
                            [
                                29.0641379,
                                41.0071315
                            ],
                            [
                                29.065361,
                                41.0066457
                            ],
                            [
                                29.0664339,
                                41.0062652
                            ],
                            [
                                29.0676516,
                                41.0059373
                            ],
                            [
                                29.068467,
                                41.0057956
                            ],
                            [
                                29.0692848,
                                41.0056865
                            ],
                            [
                                29.0700656,
                                41.0056053
                            ],
                            [
                                29.0712513,
                                41.0055927
                            ],
                            [
                                29.0718682,
                                41.0056063
                            ],
                            [
                                29.0726392,
                                41.0056665
                            ],
                            [
                                29.0727049,
                                41.0058604
                            ],
                            [
                                29.0728497,
                                41.0063036
                            ],
                            [
                                29.0729275,
                                41.0066194
                            ],
                            [
                                29.0730777,
                                41.0069615
                            ],
                            [
                                29.0734237,
                                41.0076294
                            ],
                            [
                                29.0736946,
                                41.0080787
                            ],
                            [
                                29.0740567,
                                41.0087082
                            ],
                            [
                                29.0742579,
                                41.0092324
                            ],
                            [
                                29.0744081,
                                41.0096089
                            ],
                            [
                                29.0745181,
                                41.0100906
                            ],
                            [
                                29.074569,
                                41.0103517
                            ],
                            [
                                29.0746415,
                                41.0108253
                            ],
                            [
                                29.0748212,
                                41.0111856
                            ],
                            [
                                29.0750211,
                                41.0116305
                            ],
                            [
                                29.0753174,
                                41.0138632
                            ],
                            [
                                29.0753818,
                                41.0144825
                            ],
                            [
                                29.0754756,
                                41.0151888
                            ],
                            [
                                29.0753281,
                                41.0152961
                            ],
                            [
                                29.074958,
                                41.0155693
                            ],
                            [
                                29.0742384,
                                41.0162042
                            ],
                            [
                                29.0740165,
                                41.016312
                            ],
                            [
                                29.0734372,
                                41.0166237
                            ],
                            [
                                29.0729436,
                                41.0168969
                            ],
                            [
                                29.0728187,
                                41.0169948
                            ],
                            [
                                29.0725306,
                                41.0172207
                            ],
                            [
                                29.0721604,
                                41.0174858
                            ],
                            [
                                29.0721068,
                                41.0175971
                            ],
                            [
                                29.0720719,
                                41.017846
                            ],
                            [
                                29.0720251,
                                41.0178924
                            ],
                            [
                                29.0719351,
                                41.0179816
                            ],
                            [
                                29.0716186,
                                41.0182022
                            ],
                            [
                                29.0709802,
                                41.018613
                            ],
                            [
                                29.0707201,
                                41.018785
                            ],
                            [
                                29.0703043,
                                41.0189996
                            ],
                            [
                                29.0700737,
                                41.0191351
                            ],
                            [
                                29.0696391,
                                41.0194225
                            ],
                            [
                                29.0692234,
                                41.0196714
                            ],
                            [
                                29.0693947,
                                41.0199207
                            ],
                            [
                                29.0686119,
                                41.0201268
                            ],
                            [
                                29.0678394,
                                41.0203372
                            ],
                            [
                                29.0669864,
                                41.0205052
                            ],
                            [
                                29.0656507,
                                41.0208755
                            ],
                            [
                                29.0650177,
                                41.0210334
                            ],
                            [
                                29.0648273,
                                41.0211042
                            ],
                            [
                                29.0643954,
                                41.0213976
                            ],
                            [
                                29.0638697,
                                41.0217517
                            ],
                            [
                                29.0636069,
                                41.0219237
                            ],
                            [
                                29.0634352,
                                41.0219642
                            ],
                            [
                                29.0628666,
                                41.0219845
                            ],
                            [
                                29.0617293,
                                41.0220047
                            ],
                            [
                                29.0611821,
                                41.0220472
                            ],
                            [
                                29.0605947,
                                41.0221544
                            ],
                            [
                                29.0602916,
                                41.0222718
                            ],
                            [
                                29.0597928,
                                41.0225207
                            ],
                            [
                                29.0594602,
                                41.0226017
                            ],
                            [
                                29.0588942,
                                41.0227049
                            ],
                            [
                                29.0585428,
                                41.0228141
                            ],
                            [
                                29.0582317,
                                41.0229133
                            ],
                            [
                                29.0580386,
                                41.0229882
                            ],
                            [
                                29.0576684,
                                41.0231197
                            ],
                            [
                                29.0573975,
                                41.0231946
                            ],
                            [
                                29.057124,
                                41.0232229
                            ],
                            [
                                29.0568182,
                                41.023231
                            ],
                            [
                                29.0560886,
                                41.0231764
                            ],
                            [
                                29.0555066,
                                41.0231359
                            ],
                            [
                                29.0541658,
                                41.0231123
                            ],
                            [
                                29.050047,
                                41.0230195
                            ],
                            [
                                29.0483255,
                                41.0228439
                            ],
                            [
                                29.0477886,
                                41.0227541
                            ]
                        ]
                    ]
                ]
            }
        },
        {
            "type": "Feature",
            "properties": {
                "type": "relation",
                "id": 9463387,
                "tags": {
                    "admin_level": "8",
                    "boundary": "administrative",
                    "name": "Burhaniye Mahallesi",
                    "type": "boundary",
                    "wikidata": "Q4998766"
                }
            },
            "geometry": {
                "type": "MultiPolygon",
                "coordinates": [
                    [
                        [
                            [
                                29.0437407,
                                41.0360481
                            ],
                            [
                                29.0439368,
                                41.0357523
                            ],
                            [
                                29.0444856,
                                41.0347968
                            ],
                            [
                                29.044693,
                                41.0343303
                            ],
                            [
                                29.0448018,
                                41.0340811
                            ],
                            [
                                29.0450709,
                                41.0333387
                            ],
                            [
                                29.0453049,
                                41.0325876
                            ],
                            [
                                29.0453923,
                                41.0322217
                            ],
                            [
                                29.045454,
                                41.0318584
                            ],
                            [
                                29.0455343,
                                41.0313462
                            ],
                            [
                                29.0455902,
                                41.0306918
                            ],
                            [
                                29.0456419,
                                41.030311
                            ],
                            [
                                29.0456766,
                                41.0299421
                            ],
                            [
                                29.0456951,
                                41.0294629
                            ],
                            [
                                29.0457416,
                                41.0287373
                            ],
                            [
                                29.0457835,
                                41.0283379
                            ],
                            [
                                29.0458184,
                                41.0280853
                            ],
                            [
                                29.0458734,
                                41.0277242
                            ],
                            [
                                29.0460705,
                                41.0268612
                            ],
                            [
                                29.0464796,
                                41.0255125
                            ],
                            [
                                29.0466554,
                                41.025057
                            ],
                            [
                                29.0467636,
                                41.024785
                            ],
                            [
                                29.0468511,
                                41.0245799
                            ],
                            [
                                29.0470597,
                                41.024125
                            ],
                            [
                                29.0472345,
                                41.0237533
                            ],
                            [
                                29.0474043,
                                41.0234262
                            ],
                            [
                                29.0475689,
                                41.0231543
                            ],
                            [
                                29.0475925,
                                41.0231154
                            ],
                            [
                                29.0476114,
                                41.0230806
                            ],
                            [
                                29.0477886,
                                41.0227541
                            ],
                            [
                                29.0483255,
                                41.0228439
                            ],
                            [
                                29.050047,
                                41.0230195
                            ],
                            [
                                29.0541658,
                                41.0231123
                            ],
                            [
                                29.0555066,
                                41.0231359
                            ],
                            [
                                29.0560886,
                                41.0231764
                            ],
                            [
                                29.0568182,
                                41.023231
                            ],
                            [
                                29.057124,
                                41.0232229
                            ],
                            [
                                29.0573975,
                                41.0231946
                            ],
                            [
                                29.0576684,
                                41.0231197
                            ],
                            [
                                29.0580386,
                                41.0229882
                            ],
                            [
                                29.0582317,
                                41.0229133
                            ],
                            [
                                29.0585428,
                                41.0228141
                            ],
                            [
                                29.0588942,
                                41.0227049
                            ],
                            [
                                29.0594602,
                                41.0226017
                            ],
                            [
                                29.0597928,
                                41.0225207
                            ],
                            [
                                29.0602916,
                                41.0222718
                            ],
                            [
                                29.0605947,
                                41.0221544
                            ],
                            [
                                29.0611821,
                                41.0220472
                            ],
                            [
                                29.0612251,
                                41.0222212
                            ],
                            [
                                29.0613431,
                                41.0227635
                            ],
                            [
                                29.0613323,
                                41.0230104
                            ],
                            [
                                29.0610588,
                                41.0237349
                            ],
                            [
                                29.0607959,
                                41.0242772
                            ],
                            [
                                29.0605169,
                                41.0246697
                            ],
                            [
                                29.0597619,
                                41.0255925
                            ],
                            [
                                29.0602165,
                                41.026159
                            ],
                            [
                                29.0605411,
                                41.0264848
                            ],
                            [
                                29.060635,
                                41.0265536
                            ],
                            [
                                29.0614209,
                                41.0271161
                            ],
                            [
                                29.0617186,
                                41.0271242
                            ],
                            [
                                29.0618554,
                                41.0272416
                            ],
                            [
                                29.062086,
                                41.0276948
                            ],
                            [
                                29.0622818,
                                41.0278931
                            ],
                            [
                                29.0623865,
                                41.0281279
                            ],
                            [
                                29.0623569,
                                41.0282634
                            ],
                            [
                                29.0623033,
                                41.028399
                            ],
                            [
                                29.0621826,
                                41.0286216
                            ],
                            [
                                29.0619814,
                                41.0289858
                            ],
                            [
                                29.0616381,
                                41.0291497
                            ],
                            [
                                29.061555,
                                41.0292063
                            ],
                            [
                                29.0611687,
                                41.0294714
                            ],
                            [
                                29.0609542,
                                41.0296171
                            ],
                            [
                                29.0608039,
                                41.0297607
                            ],
                            [
                                29.0606269,
                                41.0299307
                            ],
                            [
                                29.0604579,
                                41.0300744
                            ],
                            [
                                29.0601656,
                                41.0302909
                            ],
                            [
                                29.0591276,
                                41.0309626
                            ],
                            [
                                29.0584141,
                                41.031428
                            ],
                            [
                                29.0583175,
                                41.0314887
                            ],
                            [
                                29.0582773,
                                41.0315797
                            ],
                            [
                                29.0581647,
                                41.0319014
                            ],
                            [
                                29.0582746,
                                41.0319702
                            ],
                            [
                                29.0581378,
                                41.0322717
                            ],
                            [
                                29.0579796,
                                41.0323607
                            ],
                            [
                                29.0577328,
                                41.0324578
                            ],
                            [
                                29.0574914,
                                41.0325368
                            ],
                            [
                                29.0572742,
                                41.0325873
                            ],
                            [
                                29.0569228,
                                41.0326703
                            ],
                            [
                                29.0566626,
                                41.032733
                            ],
                            [
                                29.0564829,
                                41.0327998
                            ],
                            [
                                29.0562496,
                                41.0328989
                            ],
                            [
                                29.0561315,
                                41.0329616
                            ],
                            [
                                29.055925,
                                41.0330871
                            ],
                            [
                                29.0556836,
                                41.0331781
                            ],
                            [
                                29.0546831,
                                41.0333542
                            ],
                            [
                                29.0541333,
                                41.0334796
                            ],
                            [
                                29.0539509,
                                41.0335808
                            ],
                            [
                                29.0538141,
                                41.0337831
                            ],
                            [
                                29.0536344,
                                41.0338984
                            ],
                            [
                                29.0532455,
                                41.034123
                            ],
                            [
                                29.0527198,
                                41.0344002
                            ],
                            [
                                29.052406,
                                41.0345985
                            ],
                            [
                                29.0520224,
                                41.0348352
                            ],
                            [
                                29.0518159,
                                41.0349768
                            ],
                            [
                                29.0514591,
                                41.0350638
                            ],
                            [
                                29.0505365,
                                41.0351002
                            ],
                            [
                                29.0501502,
                                41.0350051
                            ],
                            [
                                29.0498123,
                                41.034819
                            ],
                            [
                                29.0495655,
                                41.0347381
                            ],
                            [
                                29.0491605,
                                41.0344224
                            ],
                            [
                                29.0488172,
                                41.0347664
                            ],
                            [
                                29.0486562,
                                41.0348675
                            ],
                            [
                                29.0483987,
                                41.0350456
                            ],
                            [
                                29.0478355,
                                41.0355352
                            ],
                            [
                                29.0471274,
                                41.0361138
                            ],
                            [
                                29.0470228,
                                41.0363242
                            ],
                            [
                                29.0467867,
                                41.0361624
                            ],
                            [
                                29.0466177,
                                41.0361826
                            ],
                            [
                                29.0463388,
                                41.0362251
                            ],
                            [
                                29.0461564,
                                41.0362919
                            ],
                            [
                                29.0459365,
                                41.0363688
                            ],
                            [
                                29.0457702,
                                41.0363789
                            ],
                            [
                                29.0455744,
                                41.0363566
                            ],
                            [
                                29.0453839,
                                41.0363202
                            ],
                            [
                                29.0452793,
                                41.0363162
                            ],
                            [
                                29.0449762,
                                41.0363688
                            ],
                            [
                                29.0444317,
                                41.0366682
                            ],
                            [
                                29.0439141,
                                41.0364881
                            ],
                            [
                                29.043702,
                                41.036383
                            ],
                            [
                                29.0435761,
                                41.0362959
                            ],
                            [
                                29.0437407,
                                41.0360481
                            ]
                        ]
                    ]
                ]
            }
        },
        {
            "type": "Feature",
            "properties": {
                "type": "relation",
                "id": 9463388,
                "tags": {
                    "admin_level": "8",
                    "boundary": "administrative",
                    "name": "Kuleli Mahallesi",
                    "type": "boundary",
                    "wikidata": "Q6046548"
                }
            },
            "geometry": {
                "type": "MultiPolygon",
                "coordinates": [
                    [
                        [
                            [
                                29.052454,
                                41.0610468
                            ],
                            [
                                29.0524794,
                                41.0607128
                            ],
                            [
                                29.0526596,
                                41.0601239
                            ],
                            [
                                29.0528227,
                                41.0598521
                            ],
                            [
                                29.0531832,
                                41.0580788
                            ],
                            [
                                29.0532776,
                                41.0574639
                            ],
                            [
                                29.0533519,
                                41.0572035
                            ],
                            [
                                29.0533769,
                                41.0571515
                            ],
                            [
                                29.0533233,
                                41.056387
                            ],
                            [
                                29.053334,
                                41.0561484
                            ],
                            [
                                29.0530497,
                                41.0560755
                            ],
                            [
                                29.0534735,
                                41.0558126
                            ],
                            [
                                29.0552276,
                                41.0552301
                            ],
                            [
                                29.0556514,
                                41.0553717
                            ],
                            [
                                29.0558553,
                                41.0555173
                            ],
                            [
                                29.056102,
                                41.0554809
                            ],
                            [
                                29.0564983,
                                41.0552858
                            ],
                            [
                                29.0572607,
                                41.0549105
                            ],
                            [
                                29.0572447,
                                41.0548054
                            ],
                            [
                                29.0573734,
                                41.0545991
                            ],
                            [
                                29.0579152,
                                41.0546719
                            ],
                            [
                                29.0580064,
                                41.0546314
                            ],
                            [
                                29.0582317,
                                41.0548741
                            ],
                            [
                                29.0585643,
                                41.0551775
                            ],
                            [
                                29.05909,
                                41.0555497
                            ],
                            [
                                29.0611392,
                                41.0563911
                            ],
                            [
                                29.0615308,
                                41.056654
                            ],
                            [
                                29.0618527,
                                41.0568684
                            ],
                            [
                                29.0622711,
                                41.0571434
                            ],
                            [
                                29.0624911,
                                41.0572972
                            ],
                            [
                                29.0626842,
                                41.0573821
                            ],
                            [
                                29.0629899,
                                41.0575318
                            ],
                            [
                                29.0632099,
                                41.0576329
                            ],
                            [
                                29.0634835,
                                41.0576693
                            ],
                            [
                                29.0640843,
                                41.0576167
                            ],
                            [
                                29.0645188,
                                41.0583206
                            ],
                            [
                                29.064728,
                                41.0588747
                            ],
                            [
                                29.0648085,
                                41.0591579
                            ],
                            [
                                29.064905,
                                41.0596958
                            ],
                            [
                                29.065007,
                                41.0601246
                            ],
                            [
                                29.0652966,
                                41.0608972
                            ],
                            [
                                29.06555,
                                41.0616618
                            ],
                            [
                                29.0654361,
                                41.0620054
                            ],
                            [
                                29.0652806,
                                41.0622926
                            ],
                            [
                                29.0651894,
                                41.0623816
                            ],
                            [
                                29.0649801,
                                41.0625596
                            ],
                            [
                                29.0647978,
                                41.0626809
                            ],
                            [
                                29.0644035,
                                41.0629188
                            ],
                            [
                                29.0643418,
                                41.062956
                            ],
                            [
                                29.0637571,
                                41.0630894
                            ],
                            [
                                29.0631187,
                                41.0631946
                            ],
                            [
                                29.0625822,
                                41.0631096
                            ],
                            [
                                29.0615469,
                                41.0631825
                            ],
                            [
                                29.0606779,
                                41.0631744
                            ],
                            [
                                29.0604472,
                                41.0630935
                            ],
                            [
                                29.0601468,
                                41.0630773
                            ],
                            [
                                29.0593904,
                                41.0631582
                            ],
                            [
                                29.0588647,
                                41.0631946
                            ],
                            [
                                29.058516,
                                41.0631501
                            ],
                            [
                                29.0576309,
                                41.0627294
                            ],
                            [
                                29.057073,
                                41.0624746
                            ],
                            [
                                29.0563166,
                                41.0619407
                            ],
                            [
                                29.0558553,
                                41.0616738
                            ],
                            [
                                29.0556005,
                                41.0615383
                            ],
                            [
                                29.055233,
                                41.0614675
                            ],
                            [
                                29.0550211,
                                41.0615059
                            ],
                            [
                                29.0547368,
                                41.0615261
                            ],
                            [
                                29.0545437,
                                41.061425
                            ],
                            [
                                29.0544203,
                                41.0612147
                            ],
                            [
                                29.0541547,
                                41.0606909
                            ],
                            [
                                29.0539938,
                                41.061063
                            ],
                            [
                                29.0539187,
                                41.0612046
                            ],
                            [
                                29.0537953,
                                41.061241
                            ],
                            [
                                29.0535861,
                                41.0612248
                            ],
                            [
                                29.053275,
                                41.0611277
                            ],
                            [
                                29.0529746,
                                41.0611237
                            ],
                            [
                                29.052454,
                                41.0610468
                            ]
                        ]
                    ]
                ]
            }
        },
        {
            "type": "Feature",
            "properties": {
                "type": "relation",
                "id": 9463391,
                "tags": {
                    "admin_level": "8",
                    "boundary": "administrative",
                    "name": "Acıbadem Mahallesi",
                    "type": "boundary",
                    "wikidata": "Q2756264"
                }
            },
            "geometry": {
                "type": "MultiPolygon",
                "coordinates": [
                    [
                        [
                            [
                                29.0468504,
                                41.0063441
                            ],
                            [
                                29.046886,
                                41.006284
                            ],
                            [
                                29.046905,
                                41.0062559
                            ],
                            [
                                29.0469157,
                                41.0062403
                            ],
                            [
                                29.0469817,
                                41.0061429
                            ],
                            [
                                29.0471548,
                                41.0059439
                            ],
                            [
                                29.0475078,
                                41.0056629
                            ],
                            [
                                29.0479048,
                                41.0054812
                            ],
                            [
                                29.0478195,
                                41.0045635
                            ],
                            [
                                29.0478745,
                                41.0042725
                            ],
                            [
                                29.0479982,
                                41.0035044
                            ],
                            [
                                29.0479537,
                                41.0029633
                            ],
                            [
                                29.0478955,
                                41.0026921
                            ],
                            [
                                29.0476879,
                                41.0024003
                            ],
                            [
                                29.0475189,
                                41.0021887
                            ],
                            [
                                29.0474234,
                                41.0020123
                            ],
                            [
                                29.0473759,
                                41.0019247
                            ],
                            [
                                29.0472018,
                                41.0016009
                            ],
                            [
                                29.0484954,
                                41.001337
                            ],
                            [
                                29.0496655,
                                41.0010552
                            ],
                            [
                                29.05048,
                                41.0008528
                            ],
                            [
                                29.0512852,
                                41.0006307
                            ],
                            [
                                29.051859,
                                41.000468
                            ],
                            [
                                29.0531321,
                                41.0000609
                            ],
                            [
                                29.0542092,
                                40.9996924
                            ],
                            [
                                29.0552254,
                                40.9993269
                            ],
                            [
                                29.0556114,
                                40.9991801
                            ],
                            [
                                29.0565187,
                                40.9988534
                            ],
                            [
                                29.0568174,
                                40.9991069
                            ],
                            [
                                29.0571169,
                                40.9994004
                            ],
                            [
                                29.0572777,
                                40.9995984
                            ],
                            [
                                29.0575736,
                                41.0000275
                            ],
                            [
                                29.057693,
                                41.0002364
                            ],
                            [
                                29.0581144,
                                41.0010747
                            ],
                            [
                                29.0582501,
                                41.001353
                            ],
                            [
                                29.0587016,
                                41.0022564
                            ],
                            [
                                29.0590797,
                                41.0030128
                            ],
                            [
                                29.0594041,
                                41.0036662
                            ],
                            [
                                29.0596646,
                                41.0041934
                            ],
                            [
                                29.059778,
                                41.0044172
                            ],
                            [
                                29.0599073,
                                41.0046708
                            ],
                            [
                                29.0601855,
                                41.0052297
                            ],
                            [
                                29.0603669,
                                41.005596
                            ],
                            [
                                29.0604994,
                                41.0058608
                            ],
                            [
                                29.0607661,
                                41.0064005
                            ],
                            [
                                29.0608855,
                                41.0066349
                            ],
                            [
                                29.0610584,
                                41.0070083
                            ],
                            [
                                29.0611459,
                                41.0072042
                            ],
                            [
                                29.0612903,
                                41.0075848
                            ],
                            [
                                29.0613926,
                                41.0078807
                            ],
                            [
                                29.0615192,
                                41.0083081
                            ],
                            [
                                29.0616143,
                                41.0087382
                            ],
                            [
                                29.0616407,
                                41.0089413
                            ],
                            [
                                29.0616577,
                                41.0091891
                            ],
                            [
                                29.0616606,
                                41.0094351
                            ],
                            [
                                29.0616335,
                                41.009754
                            ],
                            [
                                29.0615723,
                                41.0100753
                            ],
                            [
                                29.0614843,
                                41.0103896
                            ],
                            [
                                29.0613424,
                                41.0107675
                            ],
                            [
                                29.0612304,
                                41.0109935
                            ],
                            [
                                29.0611034,
                                41.0112458
                            ],
                            [
                                29.0607957,
                                41.0117093
                            ],
                            [
                                29.0605271,
                                41.0120229
                            ],
                            [
                                29.0602422,
                                41.0123259
                            ],
                            [
                                29.0599998,
                                41.0125484
                            ],
                            [
                                29.0596775,
                                41.0128163
                            ],
                            [
                                29.0593481,
                                41.0130788
                            ],
                            [
                                29.0588236,
                                41.0134712
                            ],
                            [
                                29.0582832,
                                41.0138377
                            ],
                            [
                                29.0580571,
                                41.0139957
                            ],
                            [
                                29.0573295,
                                41.0145291
                            ],
                            [
                                29.0569624,
                                41.014796
                            ],
                            [
                                29.0567581,
                                41.0149408
                            ],
                            [
                                29.0565761,
                                41.0150503
                            ],
                            [
                                29.0564634,
                                41.0151368
                            ],
                            [
                                29.0560717,
                                41.0154351
                            ],
                            [
                                29.0551498,
                                41.0160753
                            ],
                            [
                                29.054687,
                                41.0164003
                            ],
                            [
                                29.0541644,
                                41.0167623
                            ],
                            [
                                29.0536633,
                                41.0171092
                            ],
                            [
                                29.0531462,
                                41.0166642
                            ],
                            [
                                29.0531731,
                                41.0156158
                            ],
                            [
                                29.0533501,
                                41.0152394
                            ],
                            [
                                29.0536183,
                                41.014867
                            ],
                            [
                                29.0538543,
                                41.0145918
                            ],
                            [
                                29.0534037,
                                41.0138592
                            ],
                            [
                                29.0529585,
                                41.0138753
                            ],
                            [
                                29.0527976,
                                41.0137822
                            ],
                            [
                                29.0522128,
                                41.013256
                            ],
                            [
                                29.0519714,
                                41.0130941
                            ],
                            [
                                29.0515691,
                                41.0127663
                            ],
                            [
                                29.0510595,
                                41.0122603
                            ],
                            [
                                29.0505713,
                                41.0118312
                            ],
                            [
                                29.0504909,
                                41.0120134
                            ],
                            [
                                29.0504587,
                                41.0124546
                            ],
                            [
                                29.0500563,
                                41.0122805
                            ],
                            [
                                29.0494555,
                                41.0119688
                            ],
                            [
                                29.0490639,
                                41.0116976
                            ],
                            [
                                29.0489244,
                                41.0114952
                            ],
                            [
                                29.0487957,
                                41.0113455
                            ],
                            [
                                29.0486777,
                                41.0112524
                            ],
                            [
                                29.0483397,
                                41.0110378
                            ],
                            [
                                29.0478945,
                                41.0106816
                            ],
                            [
                                29.0471574,
                                41.0101508
                            ],
                            [
                                29.0471959,
                                41.0098036
                            ],
                            [
                                29.0471526,
                                41.0092756
                            ],
                            [
                                29.0470824,
                                41.0087395
                            ],
                            [
                                29.047024,
                                41.0083501
                            ],
                            [
                                29.046879,
                                41.0080173
                            ],
                            [
                                29.0468545,
                                41.0079612
                            ],
                            [
                                29.0468014,
                                41.0078826
                            ],
                            [
                                29.0466889,
                                41.0077098
                            ],
                            [
                                29.046586,
                                41.0075114
                            ],
                            [
                                29.0465673,
                                41.0074842
                            ],
                            [
                                29.0464697,
                                41.0073419
                            ],
                            [
                                29.0467654,
                                41.0065606
                            ],
                            [
                                29.046815,
                                41.0064712
                            ],
                            [
                                29.0468504,
                                41.0063441
                            ]
                        ]
                    ]
                ]
            }
        },
        {
            "type": "Feature",
            "properties": {
                "type": "relation",
                "id": 9463396,
                "tags": {
                    "admin_level": "8",
                    "boundary": "administrative",
                    "name": "Altunizade Mahallesi",
                    "type": "boundary",
                    "wikidata": "Q6101487"
                }
            },
            "geometry": {
                "type": "MultiPolygon",
                "coordinates": [
                    [
                        [
                            [
                                29.0335903,
                                41.019295
                            ],
                            [
                                29.0340677,
                                41.018953
                            ],
                            [
                                29.0345558,
                                41.0185523
                            ],
                            [
                                29.034808,
                                41.0183155
                            ],
                            [
                                29.0353659,
                                41.0178865
                            ],
                            [
                                29.0355375,
                                41.0179563
                            ],
                            [
                                29.0356582,
                                41.0180049
                            ],
                            [
                                29.0360954,
                                41.0181557
                            ],
                            [
                                29.0362108,
                                41.0181911
                            ],
                            [
                                29.0362886,
                                41.0182225
                            ],
                            [
                                29.0367647,
                                41.0182538
                            ],
                            [
                                29.0373172,
                                41.0183014
                            ],
                            [
                                29.0382184,
                                41.0183044
                            ],
                            [
                                29.0384544,
                                41.0182225
                            ],
                            [
                                29.0385792,
                                41.018184
                            ],
                            [
                                29.0390378,
                                41.0180899
                            ],
                            [
                                29.0392323,
                                41.0180575
                            ],
                            [
                                29.0397352,
                                41.0180201
                            ],
                            [
                                29.0403244,
                                41.0179058
                            ],
                            [
                                29.040674,
                                41.0178379
                            ],
                            [
                                29.0417468,
                                41.0177934
                            ],
                            [
                                29.0420204,
                                41.0177206
                            ],
                            [
                                29.0434474,
                                41.0169596
                            ],
                            [
                                29.0433079,
                                41.0167532
                            ],
                            [
                                29.0429893,
                                41.0162355
                            ],
                            [
                                29.042412,
                                41.0153082
                            ],
                            [
                                29.0422136,
                                41.0150168
                            ],
                            [
                                29.0414143,
                                41.0139158
                            ],
                            [
                                29.0408724,
                                41.0135191
                            ],
                            [
                                29.0403537,
                                41.0131977
                            ],
                            [
                                29.0402126,
                                41.0131103
                            ],
                            [
                                29.0395903,
                                41.0127096
                            ],
                            [
                                29.0392899,
                                41.0124101
                            ],
                            [
                                29.0388608,
                                41.0118527
                            ],
                            [
                                29.0393993,
                                41.0116395
                            ],
                            [
                                29.0394216,
                                41.0116276
                            ],
                            [
                                29.039974,
                                41.0113581
                            ],
                            [
                                29.0400571,
                                41.0112973
                            ],
                            [
                                29.0403341,
                                41.0110946
                            ],
                            [
                                29.0404532,
                                41.0109897
                            ],
                            [
                                29.0405119,
                                41.010938
                            ],
                            [
                                29.040617,
                                41.0108455
                            ],
                            [
                                29.0410695,
                                41.0104197
                            ],
                            [
                                29.0415028,
                                41.0101058
                            ],
                            [
                                29.0418212,
                                41.0100199
                            ],
                            [
                                29.0421482,
                                41.0099724
                            ],
                            [
                                29.0427176,
                                41.0098619
                            ],
                            [
                                29.0436899,
                                41.0097013
                            ],
                            [
                                29.0439101,
                                41.0096829
                            ],
                            [
                                29.0446893,
                                41.0099914
                            ],
                            [
                                29.0454816,
                                41.0096298
                            ],
                            [
                                29.0456422,
                                41.0095902
                            ],
                            [
                                29.0458551,
                                41.0096103
                            ],
                            [
                                29.0460341,
                                41.0096926
                            ],
                            [
                                29.0461877,
                                41.0097965
                            ],
                            [
                                29.0471574,
                                41.0101508
                            ],
                            [
                                29.0478945,
                                41.0106816
                            ],
                            [
                                29.0483397,
                                41.0110378
                            ],
                            [
                                29.0486777,
                                41.0112524
                            ],
                            [
                                29.0487957,
                                41.0113455
                            ],
                            [
                                29.0489244,
                                41.0114952
                            ],
                            [
                                29.0490639,
                                41.0116976
                            ],
                            [
                                29.0494555,
                                41.0119688
                            ],
                            [
                                29.0500563,
                                41.0122805
                            ],
                            [
                                29.0504587,
                                41.0124546
                            ],
                            [
                                29.0504909,
                                41.0120134
                            ],
                            [
                                29.0505713,
                                41.0118312
                            ],
                            [
                                29.0510595,
                                41.0122603
                            ],
                            [
                                29.0515691,
                                41.0127663
                            ],
                            [
                                29.0519714,
                                41.0130941
                            ],
                            [
                                29.0522128,
                                41.013256
                            ],
                            [
                                29.0527976,
                                41.0137822
                            ],
                            [
                                29.0529585,
                                41.0138753
                            ],
                            [
                                29.0534037,
                                41.0138592
                            ],
                            [
                                29.0538543,
                                41.0145918
                            ],
                            [
                                29.0536183,
                                41.014867
                            ],
                            [
                                29.0533501,
                                41.0152394
                            ],
                            [
                                29.0531731,
                                41.0156158
                            ],
                            [
                                29.0531462,
                                41.0166642
                            ],
                            [
                                29.0536633,
                                41.0171092
                            ],
                            [
                                29.0533713,
                                41.017311
                            ],
                            [
                                29.052979,
                                41.0175901
                            ],
                            [
                                29.0527777,
                                41.0177344
                            ],
                            [
                                29.052233,
                                41.0181284
                            ],
                            [
                                29.051723,
                                41.0185152
                            ],
                            [
                                29.0514102,
                                41.0187613
                            ],
                            [
                                29.0508865,
                                41.0192029
                            ],
                            [
                                29.0505903,
                                41.0194748
                            ],
                            [
                                29.0502986,
                                41.0197381
                            ],
                            [
                                29.0495399,
                                41.0204801
                            ],
                            [
                                29.0492766,
                                41.0207685
                            ],
                            [
                                29.0492605,
                                41.0207853
                            ],
                            [
                                29.0488355,
                                41.0212712
                            ],
                            [
                                29.0486989,
                                41.0214552
                            ],
                            [
                                29.0485012,
                                41.0217009
                            ],
                            [
                                29.0483637,
                                41.0218946
                            ],
                            [
                                29.0480526,
                                41.0223418
                            ],
                            [
                                29.047933,
                                41.0225282
                            ],
                            [
                                29.0477886,
                                41.0227541
                            ],
                            [
                                29.0476114,
                                41.0230806
                            ],
                            [
                                29.0475925,
                                41.0231154
                            ],
                            [
                                29.0475689,
                                41.0231543
                            ],
                            [
                                29.0474043,
                                41.0234262
                            ],
                            [
                                29.0472345,
                                41.0237533
                            ],
                            [
                                29.0470597,
                                41.024125
                            ],
                            [
                                29.0468511,
                                41.0245799
                            ],
                            [
                                29.0467636,
                                41.024785
                            ],
                            [
                                29.0466554,
                                41.025057
                            ],
                            [
                                29.0464796,
                                41.0255125
                            ],
                            [
                                29.0458184,
                                41.0253658
                            ],
                            [
                                29.0456521,
                                41.025556
                            ],
                            [
                                29.0454267,
                                41.0257723
                            ],
                            [
                                29.0453035,
                                41.0258737
                            ],
                            [
                                29.0450123,
                                41.025998
                            ],
                            [
                                29.0446984,
                                41.0260842
                            ],
                            [
                                29.044339,
                                41.0261882
                            ],
                            [
                                29.0441065,
                                41.0262479
                            ],
                            [
                                29.0430019,
                                41.0265607
                            ],
                            [
                                29.0425998,
                                41.0266811
                            ],
                            [
                                29.0422404,
                                41.0269482
                            ],
                            [
                                29.0421897,
                                41.0269916
                            ],
                            [
                                29.0417254,
                                41.0273893
                            ],
                            [
                                29.0411353,
                                41.0279316
                            ],
                            [
                                29.0406767,
                                41.0283586
                            ],
                            [
                                29.040564,
                                41.0284688
                            ],
                            [
                                29.0405824,
                                41.0283968
                            ],
                            [
                                29.0403762,
                                41.0277778
                            ],
                            [
                                29.0403387,
                                41.0276159
                            ],
                            [
                                29.0400061,
                                41.027106
                            ],
                            [
                                29.0396842,
                                41.0266669
                            ],
                            [
                                29.0396306,
                                41.0265854
                            ],
                            [
                                29.039562,
                                41.0264916
                            ],
                            [
                                29.039467,
                                41.0263553
                            ],
                            [
                                29.0392792,
                                41.0261408
                            ],
                            [
                                29.0389969,
                                41.0258205
                            ],
                            [
                                29.0386328,
                                41.0254184
                            ],
                            [
                                29.0384638,
                                41.0252343
                            ],
                            [
                                29.0383239,
                                41.025074
                            ],
                            [
                                29.038319,
                                41.0250684
                            ],
                            [
                                29.0375629,
                                41.024411
                            ],
                            [
                                29.0370324,
                                41.0239897
                            ],
                            [
                                29.0368062,
                                41.0238259
                            ],
                            [
                                29.0366936,
                                41.023658
                            ],
                            [
                                29.0364414,
                                41.0231541
                            ],
                            [
                                29.0361088,
                                41.0226988
                            ],
                            [
                                29.0354973,
                                41.0216243
                            ],
                            [
                                29.0352613,
                                41.0211022
                            ],
                            [
                                29.0350735,
                                41.0206509
                            ],
                            [
                                29.0349984,
                                41.0205274
                            ],
                            [
                                29.0349099,
                                41.020404
                            ],
                            [
                                29.0347624,
                                41.0202522
                            ],
                            [
                                29.0346417,
                                41.0201409
                            ],
                            [
                                29.0342367,
                                41.019805
                            ],
                            [
                                29.0338933,
                                41.0195257
                            ],
                            [
                                29.0335903,
                                41.019295
                            ]
                        ]
                    ]
                ]
            }
        },
        {
            "type": "Feature",
            "properties": {
                "type": "relation",
                "id": 9463397,
                "tags": {
                    "admin_level": "8",
                    "boundary": "administrative",
                    "name": "Küplüce Mahallesi",
                    "type": "boundary",
                    "wikidata": "Q6035378"
                }
            },
            "geometry": {
                "type": "MultiPolygon",
                "coordinates": [
                    [
                        [
                            [
                                29.0470228,
                                41.0363242
                            ],
                            [
                                29.0471274,
                                41.0361138
                            ],
                            [
                                29.0478355,
                                41.0355352
                            ],
                            [
                                29.0483987,
                                41.0350456
                            ],
                            [
                                29.0486562,
                                41.0348675
                            ],
                            [
                                29.0488172,
                                41.0347664
                            ],
                            [
                                29.0491605,
                                41.0344224
                            ],
                            [
                                29.0495655,
                                41.0347381
                            ],
                            [
                                29.0498123,
                                41.034819
                            ],
                            [
                                29.0501502,
                                41.0350051
                            ],
                            [
                                29.0505365,
                                41.0351002
                            ],
                            [
                                29.0514591,
                                41.0350638
                            ],
                            [
                                29.0518159,
                                41.0349768
                            ],
                            [
                                29.0520224,
                                41.0348352
                            ],
                            [
                                29.052406,
                                41.0345985
                            ],
                            [
                                29.0527198,
                                41.0344002
                            ],
                            [
                                29.0532455,
                                41.034123
                            ],
                            [
                                29.0536344,
                                41.0338984
                            ],
                            [
                                29.0538141,
                                41.0337831
                            ],
                            [
                                29.0539509,
                                41.0335808
                            ],
                            [
                                29.0541333,
                                41.0334796
                            ],
                            [
                                29.0546831,
                                41.0333542
                            ],
                            [
                                29.0556836,
                                41.0331781
                            ],
                            [
                                29.055925,
                                41.0330871
                            ],
                            [
                                29.0561315,
                                41.0329616
                            ],
                            [
                                29.0562496,
                                41.0328989
                            ],
                            [
                                29.0564829,
                                41.0327998
                            ],
                            [
                                29.0566626,
                                41.032733
                            ],
                            [
                                29.0569228,
                                41.0326703
                            ],
                            [
                                29.0572742,
                                41.0325873
                            ],
                            [
                                29.0574914,
                                41.0325368
                            ],
                            [
                                29.0577328,
                                41.0324578
                            ],
                            [
                                29.0579796,
                                41.0323607
                            ],
                            [
                                29.0581378,
                                41.0322717
                            ],
                            [
                                29.0582746,
                                41.0319702
                            ],
                            [
                                29.0581647,
                                41.0319014
                            ],
                            [
                                29.0582773,
                                41.0315797
                            ],
                            [
                                29.0583175,
                                41.0314887
                            ],
                            [
                                29.0584141,
                                41.031428
                            ],
                            [
                                29.0591276,
                                41.0309626
                            ],
                            [
                                29.0601656,
                                41.0302909
                            ],
                            [
                                29.0604579,
                                41.0300744
                            ],
                            [
                                29.0606269,
                                41.0299307
                            ],
                            [
                                29.0608039,
                                41.0297607
                            ],
                            [
                                29.0609542,
                                41.0296171
                            ],
                            [
                                29.0611687,
                                41.0294714
                            ],
                            [
                                29.061555,
                                41.0292063
                            ],
                            [
                                29.0616381,
                                41.0291497
                            ],
                            [
                                29.0619814,
                                41.0289858
                            ],
                            [
                                29.0621316,
                                41.0292326
                            ],
                            [
                                29.0622416,
                                41.0294087
                            ],
                            [
                                29.062593,
                                41.0297081
                            ],
                            [
                                29.0627754,
                                41.0297951
                            ],
                            [
                                29.0630731,
                                41.0298275
                            ],
                            [
                                29.063639,
                                41.0298053
                            ],
                            [
                                29.0638912,
                                41.0297527
                            ],
                            [
                                29.0642157,
                                41.0295969
                            ],
                            [
                                29.0645832,
                                41.0292428
                            ],
                            [
                                29.0648192,
                                41.0289919
                            ],
                            [
                                29.0655756,
                                41.0301695
                            ],
                            [
                                29.0654844,
                                41.0312337
                            ],
                            [
                                29.0654039,
                                41.0320067
                            ],
                            [
                                29.065184,
                                41.0326784
                            ],
                            [
                                29.0648729,
                                41.0328645
                            ],
                            [
                                29.0645939,
                                41.0330143
                            ],
                            [
                                29.0643632,
                                41.0332085
                            ],
                            [
                                29.064036,
                                41.0334958
                            ],
                            [
                                29.0637678,
                                41.0337467
                            ],
                            [
                                29.0637088,
                                41.0339085
                            ],
                            [
                                29.0632689,
                                41.0341958
                            ],
                            [
                                29.0631562,
                                41.0343496
                            ],
                            [
                                29.063167,
                                41.03456
                            ],
                            [
                                29.0631884,
                                41.0347381
                            ],
                            [
                                29.0631294,
                                41.0348999
                            ],
                            [
                                29.0630221,
                                41.0350577
                            ],
                            [
                                29.0626279,
                                41.0355392
                            ],
                            [
                                29.062589,
                                41.0355878
                            ],
                            [
                                29.0623328,
                                41.0355049
                            ],
                            [
                                29.0617588,
                                41.0353632
                            ],
                            [
                                29.061276,
                                41.035345
                            ],
                            [
                                29.0607449,
                                41.0353895
                            ],
                            [
                                29.0604204,
                                41.0354563
                            ],
                            [
                                29.0601817,
                                41.0355049
                            ],
                            [
                                29.0599349,
                                41.0356202
                            ],
                            [
                                29.059774,
                                41.0356809
                            ],
                            [
                                29.0593153,
                                41.0360289
                            ],
                            [
                                29.0591866,
                                41.0361503
                            ],
                            [
                                29.0590873,
                                41.0362676
                            ],
                            [
                                29.0589908,
                                41.0364052
                            ],
                            [
                                29.0589103,
                                41.0365468
                            ],
                            [
                                29.0587735,
                                41.0368098
                            ],
                            [
                                29.0586179,
                                41.0371497
                            ],
                            [
                                29.058508,
                                41.0374026
                            ],
                            [
                                29.0584141,
                                41.0376069
                            ],
                            [
                                29.0582907,
                                41.0378639
                            ],
                            [
                                29.0582103,
                                41.0380196
                            ],
                            [
                                29.0581056,
                                41.0382381
                            ],
                            [
                                29.058044,
                                41.0383636
                            ],
                            [
                                29.0578991,
                                41.038487
                            ],
                            [
                                29.0577623,
                                41.0385881
                            ],
                            [
                                29.0575987,
                                41.0386549
                            ],
                            [
                                29.057419,
                                41.0387237
                            ],
                            [
                                29.0571883,
                                41.0387722
                            ],
                            [
                                29.0569577,
                                41.0387844
                            ],
                            [
                                29.0560591,
                                41.0388208
                            ],
                            [
                                29.0553403,
                                41.038839
                            ],
                            [
                                29.0542245,
                                41.0388896
                            ],
                            [
                                29.053688,
                                41.03893
                            ],
                            [
                                29.0533233,
                                41.0389665
                            ],
                            [
                                29.0528995,
                                41.0390332
                            ],
                            [
                                29.0525615,
                                41.0391485
                            ],
                            [
                                29.0522236,
                                41.0392881
                            ],
                            [
                                29.0520358,
                                41.0393792
                            ],
                            [
                                29.0519661,
                                41.0393751
                            ],
                            [
                                29.0512097,
                                41.0395086
                            ],
                            [
                                29.0507591,
                                41.0395855
                            ],
                            [
                                29.0501261,
                                41.0397959
                            ],
                            [
                                29.0496057,
                                41.0399679
                            ],
                            [
                                29.0493402,
                                41.0400104
                            ],
                            [
                                29.0483719,
                                41.0400872
                            ],
                            [
                                29.0482271,
                                41.0396219
                            ],
                            [
                                29.0484255,
                                41.0393508
                            ],
                            [
                                29.0483183,
                                41.0390474
                            ],
                            [
                                29.048329,
                                41.0389017
                            ],
                            [
                                29.0484255,
                                41.038663
                            ],
                            [
                                29.0473875,
                                41.0375604
                            ],
                            [
                                29.0472427,
                                41.0375563
                            ],
                            [
                                29.0470174,
                                41.0375806
                            ],
                            [
                                29.0467706,
                                41.037526
                            ],
                            [
                                29.0463871,
                                41.0374006
                            ],
                            [
                                29.0465963,
                                41.0370708
                            ],
                            [
                                29.0468565,
                                41.0366075
                            ],
                            [
                                29.0470228,
                                41.0363242
                            ]
                        ]
                    ]
                ]
            }
        },
        {
            "type": "Feature",
            "properties": {
                "type": "relation",
                "id": 9463407,
                "tags": {
                    "admin_level": "8",
                    "boundary": "administrative",
                    "name": "Kirazlıtepe Mahallesi",
                    "type": "boundary",
                    "wikidata": "Q6039497"
                }
            },
            "geometry": {
                "type": "MultiPolygon",
                "coordinates": [
                    [
                        [
                            [
                                29.053688,
                                41.03893
                            ],
                            [
                                29.0542245,
                                41.0388896
                            ],
                            [
                                29.0553403,
                                41.038839
                            ],
                            [
                                29.0560591,
                                41.0388208
                            ],
                            [
                                29.0569577,
                                41.0387844
                            ],
                            [
                                29.0571883,
                                41.0387722
                            ],
                            [
                                29.057419,
                                41.0387237
                            ],
                            [
                                29.0575987,
                                41.0386549
                            ],
                            [
                                29.0577623,
                                41.0385881
                            ],
                            [
                                29.0578991,
                                41.038487
                            ],
                            [
                                29.058044,
                                41.0383636
                            ],
                            [
                                29.0581056,
                                41.0382381
                            ],
                            [
                                29.0582103,
                                41.0380196
                            ],
                            [
                                29.0582907,
                                41.0378639
                            ],
                            [
                                29.0584141,
                                41.0376069
                            ],
                            [
                                29.058508,
                                41.0374026
                            ],
                            [
                                29.0586179,
                                41.0371497
                            ],
                            [
                                29.0587735,
                                41.0368098
                            ],
                            [
                                29.0589103,
                                41.0365468
                            ],
                            [
                                29.0589908,
                                41.0364052
                            ],
                            [
                                29.0590873,
                                41.0362676
                            ],
                            [
                                29.0591866,
                                41.0361503
                            ],
                            [
                                29.0593153,
                                41.0360289
                            ],
                            [
                                29.059774,
                                41.0356809
                            ],
                            [
                                29.0599349,
                                41.0356202
                            ],
                            [
                                29.0601817,
                                41.0355049
                            ],
                            [
                                29.0604204,
                                41.0354563
                            ],
                            [
                                29.0607449,
                                41.0353895
                            ],
                            [
                                29.061276,
                                41.035345
                            ],
                            [
                                29.0617588,
                                41.0353632
                            ],
                            [
                                29.0623328,
                                41.0355049
                            ],
                            [
                                29.062589,
                                41.0355878
                            ],
                            [
                                29.0626279,
                                41.0355392
                            ],
                            [
                                29.0630221,
                                41.0350577
                            ],
                            [
                                29.0631294,
                                41.0348999
                            ],
                            [
                                29.0631884,
                                41.0347381
                            ],
                            [
                                29.063167,
                                41.03456
                            ],
                            [
                                29.0631562,
                                41.0343496
                            ],
                            [
                                29.0632689,
                                41.0341958
                            ],
                            [
                                29.0637088,
                                41.0339085
                            ],
                            [
                                29.0637678,
                                41.0337467
                            ],
                            [
                                29.064036,
                                41.0334958
                            ],
                            [
                                29.0643632,
                                41.0332085
                            ],
                            [
                                29.0645939,
                                41.0330143
                            ],
                            [
                                29.0648729,
                                41.0328645
                            ],
                            [
                                29.065184,
                                41.0326784
                            ],
                            [
                                29.0661764,
                                41.0331478
                            ],
                            [
                                29.0662086,
                                41.0331033
                            ],
                            [
                                29.0663481,
                                41.0330385
                            ],
                            [
                                29.0664607,
                                41.0330709
                            ],
                            [
                                29.0665787,
                                41.033164
                            ],
                            [
                                29.0668738,
                                41.0334391
                            ],
                            [
                                29.0676194,
                                41.0339571
                            ],
                            [
                                29.0676999,
                                41.0341392
                            ],
                            [
                                29.0675926,
                                41.034734
                            ],
                            [
                                29.0676194,
                                41.0351022
                            ],
                            [
                                29.0680969,
                                41.0352196
                            ],
                            [
                                29.067952,
                                41.0353491
                            ],
                            [
                                29.067657,
                                41.0355635
                            ],
                            [
                                29.0672976,
                                41.0358063
                            ],
                            [
                                29.0670776,
                                41.0359034
                            ],
                            [
                                29.0667021,
                                41.036041
                            ],
                            [
                                29.0665841,
                                41.0363404
                            ],
                            [
                                29.066391,
                                41.0364821
                            ],
                            [
                                29.066112,
                                41.0366439
                            ],
                            [
                                29.0657794,
                                41.0369191
                            ],
                            [
                                29.0658931,
                                41.037007
                            ],
                            [
                                29.0659887,
                                41.0370809
                            ],
                            [
                                29.0655434,
                                41.0371618
                            ],
                            [
                                29.0652323,
                                41.037263
                            ],
                            [
                                29.0649211,
                                41.0375098
                            ],
                            [
                                29.0637571,
                                41.0375462
                            ],
                            [
                                29.0633976,
                                41.0377445
                            ],
                            [
                                29.0631187,
                                41.0382786
                            ],
                            [
                                29.0631509,
                                41.0387318
                            ],
                            [
                                29.0633011,
                                41.039193
                            ],
                            [
                                29.0635371,
                                41.0395329
                            ],
                            [
                                29.0636337,
                                41.0397919
                            ],
                            [
                                29.0638053,
                                41.0403341
                            ],
                            [
                                29.063859,
                                41.0405768
                            ],
                            [
                                29.0639019,
                                41.0407144
                            ],
                            [
                                29.0641353,
                                41.0409248
                            ],
                            [
                                29.0643471,
                                41.0410664
                            ],
                            [
                                29.0644169,
                                41.0411999
                            ],
                            [
                                29.0644705,
                                41.0415701
                            ],
                            [
                                29.0645671,
                                41.0416672
                            ],
                            [
                                29.0647817,
                                41.0417927
                            ],
                            [
                                29.064905,
                                41.0420981
                            ],
                            [
                                29.0650606,
                                41.0422458
                            ],
                            [
                                29.0651518,
                                41.0423874
                            ],
                            [
                                29.065184,
                                41.0425735
                            ],
                            [
                                29.0651384,
                                41.0430408
                            ],
                            [
                                29.0648219,
                                41.0436214
                            ],
                            [
                                29.0646502,
                                41.0438116
                            ],
                            [
                                29.0644786,
                                41.0438642
                            ],
                            [
                                29.0643284,
                                41.0439431
                            ],
                            [
                                29.064315,
                                41.0440644
                            ],
                            [
                                29.0642881,
                                41.0449323
                            ],
                            [
                                29.0643471,
                                41.0450253
                            ],
                            [
                                29.0643901,
                                41.0450577
                            ],
                            [
                                29.0645108,
                                41.0451143
                            ],
                            [
                                29.0640628,
                                41.0451811
                            ],
                            [
                                29.0636712,
                                41.0453632
                            ],
                            [
                                29.0635157,
                                41.04544
                            ],
                            [
                                29.0632904,
                                41.0456019
                            ],
                            [
                                29.0628987,
                                41.0453227
                            ],
                            [
                                29.0626627,
                                41.045529
                            ],
                            [
                                29.062432,
                                41.0455816
                            ],
                            [
                                29.0623462,
                                41.0454886
                            ],
                            [
                                29.0621585,
                                41.0454158
                            ],
                            [
                                29.0619171,
                                41.0452337
                            ],
                            [
                                29.0616006,
                                41.0449667
                            ],
                            [
                                29.0607476,
                                41.0447077
                            ],
                            [
                                29.0604472,
                                41.0445014
                            ],
                            [
                                29.0597445,
                                41.0442829
                            ],
                            [
                                29.0603453,
                                41.0434899
                            ],
                            [
                                29.0599322,
                                41.0433928
                            ],
                            [
                                29.0592349,
                                41.0431865
                            ],
                            [
                                29.0595889,
                                41.0428183
                            ],
                            [
                                29.0598088,
                                41.0426322
                            ],
                            [
                                29.0603238,
                                41.0418554
                            ],
                            [
                                29.0595353,
                                41.0415964
                            ],
                            [
                                29.0591919,
                                41.0414831
                            ],
                            [
                                29.0590578,
                                41.0413739
                            ],
                            [
                                29.0566331,
                                41.0405525
                            ],
                            [
                                29.05622,
                                41.0411675
                            ],
                            [
                                29.0553832,
                                41.0423813
                            ],
                            [
                                29.055056,
                                41.0427981
                            ],
                            [
                                29.0549219,
                                41.0425675
                            ],
                            [
                                29.0548682,
                                41.0423247
                            ],
                            [
                                29.0547019,
                                41.0415479
                            ],
                            [
                                29.0546322,
                                41.0412727
                            ],
                            [
                                29.0545785,
                                41.0411069
                            ],
                            [
                                29.0544176,
                                41.0407629
                            ],
                            [
                                29.0543425,
                                41.0407144
                            ],
                            [
                                29.0542728,
                                41.0404919
                            ],
                            [
                                29.0540904,
                                41.0399497
                            ],
                            [
                                29.0537538,
                                41.039098
                            ],
                            [
                                29.053688,
                                41.03893
                            ]
                        ]
                    ]
                ]
            }
        },
        {
            "type": "Feature",
            "properties": {
                "type": "relation",
                "id": 9463410,
                "tags": {
                    "admin_level": "8",
                    "boundary": "administrative",
                    "name": "Ferah Mahallesi",
                    "type": "boundary",
                    "wikidata": "Q6046482"
                }
            },
            "geometry": {
                "type": "MultiPolygon",
                "coordinates": [
                    [
                        [
                            [
                                29.0648192,
                                41.0289919
                            ],
                            [
                                29.0648192,
                                41.0285953
                            ],
                            [
                                29.0650177,
                                41.0287936
                            ],
                            [
                                29.0653932,
                                41.0290404
                            ],
                            [
                                29.0656561,
                                41.0291375
                            ],
                            [
                                29.0659082,
                                41.0291214
                            ],
                            [
                                29.0664124,
                                41.0290485
                            ],
                            [
                                29.0666324,
                                41.0291011
                            ],
                            [
                                29.0669328,
                                41.0292266
                            ],
                            [
                                29.0670669,
                                41.0292428
                            ],
                            [
                                29.0671152,
                                41.0292063
                            ],
                            [
                                29.0670079,
                                41.028834
                            ],
                            [
                                29.0670401,
                                41.028745
                            ],
                            [
                                29.0671527,
                                41.0287329
                            ],
                            [
                                29.0675014,
                                41.0288057
                            ],
                            [
                                29.0683758,
                                41.0290384
                            ],
                            [
                                29.0689579,
                                41.0292812
                            ],
                            [
                                29.0692046,
                                41.0293743
                            ],
                            [
                                29.0697169,
                                41.0293095
                            ],
                            [
                                29.0700307,
                                41.0292003
                            ],
                            [
                                29.0702775,
                                41.0292428
                            ],
                            [
                                29.0703499,
                                41.0291214
                            ],
                            [
                                29.0706691,
                                41.0289716
                            ],
                            [
                                29.0710768,
                                41.0288745
                            ],
                            [
                                29.0714174,
                                41.0287996
                            ],
                            [
                                29.0723857,
                                41.0287126
                            ],
                            [
                                29.0726083,
                                41.0287369
                            ],
                            [
                                29.0732601,
                                41.0288482
                            ],
                            [
                                29.0735766,
                                41.0288745
                            ],
                            [
                                29.073987,
                                41.0288158
                            ],
                            [
                                29.0742338,
                                41.0287207
                            ],
                            [
                                29.0744752,
                                41.0286418
                            ],
                            [
                                29.0758726,
                                41.0282068
                            ],
                            [
                                29.0760604,
                                41.028142
                            ],
                            [
                                29.0762038,
                                41.0278801
                            ],
                            [
                                29.076248,
                                41.0277993
                            ],
                            [
                                29.0762642,
                                41.0277697
                            ],
                            [
                                29.0765861,
                                41.0278486
                            ],
                            [
                                29.0767926,
                                41.0280267
                            ],
                            [
                                29.077085,
                                41.0281967
                            ],
                            [
                                29.0776831,
                                41.0285305
                            ],
                            [
                                29.0779379,
                                41.0286499
                            ],
                            [
                                29.0780774,
                                41.0285245
                            ],
                            [
                                29.0782142,
                                41.0285204
                            ],
                            [
                                29.078351,
                                41.0285528
                            ],
                            [
                                29.0785494,
                                41.0286256
                            ],
                            [
                                29.0791932,
                                41.0289008
                            ],
                            [
                                29.0803543,
                                41.02943
                            ],
                            [
                                29.0802741,
                                41.0297648
                            ],
                            [
                                29.0797162,
                                41.0322818
                            ],
                            [
                                29.0793461,
                                41.0343132
                            ],
                            [
                                29.0791064,
                                41.0344807
                            ],
                            [
                                29.0788203,
                                41.0347037
                            ],
                            [
                                29.0785655,
                                41.0350193
                            ],
                            [
                                29.07841,
                                41.0352236
                            ],
                            [
                                29.0779996,
                                41.0355129
                            ],
                            [
                                29.0776241,
                                41.0357517
                            ],
                            [
                                29.0775329,
                                41.0357982
                            ],
                            [
                                29.0769428,
                                41.0361098
                            ],
                            [
                                29.0767738,
                                41.0361604
                            ],
                            [
                                29.0765458,
                                41.0362332
                            ],
                            [
                                29.0758163,
                                41.036304
                            ],
                            [
                                29.0752798,
                                41.0363404
                            ],
                            [
                                29.0743625,
                                41.036391
                            ],
                            [
                                29.073641,
                                41.0364598
                            ],
                            [
                                29.0732762,
                                41.0365711
                            ],
                            [
                                29.0729141,
                                41.0367127
                            ],
                            [
                                29.0726352,
                                41.0368563
                            ],
                            [
                                29.0724984,
                                41.0369595
                            ],
                            [
                                29.0724045,
                                41.0370587
                            ],
                            [
                                29.0721819,
                                41.0372954
                            ],
                            [
                                29.0716293,
                                41.0381491
                            ],
                            [
                                29.0712941,
                                41.0386549
                            ],
                            [
                                29.0711707,
                                41.0388066
                            ],
                            [
                                29.0709963,
                                41.0389847
                            ],
                            [
                                29.0707013,
                                41.0391829
                            ],
                            [
                                29.0703875,
                                41.0393185
                            ],
                            [
                                29.0697116,
                                41.0394358
                            ],
                            [
                                29.0693468,
                                41.0394925
                            ],
                            [
                                29.0689713,
                                41.0394884
                            ],
                            [
                                29.0685743,
                                41.039452
                            ],
                            [
                                29.0682739,
                                41.0393873
                            ],
                            [
                                29.0679681,
                                41.0392416
                            ],
                            [
                                29.0677857,
                                41.0391485
                            ],
                            [
                                29.0676141,
                                41.0390272
                            ],
                            [
                                29.0673941,
                                41.0387399
                            ],
                            [
                                29.0671688,
                                41.0384526
                            ],
                            [
                                29.0669382,
                                41.038141
                            ],
                            [
                                29.0666377,
                                41.0377728
                            ],
                            [
                                29.0665883,
                                41.0377193
                            ],
                            [
                                29.0661603,
                                41.0372549
                            ],
                            [
                                29.0659887,
                                41.0370809
                            ],
                            [
                                29.0658931,
                                41.037007
                            ],
                            [
                                29.0657794,
                                41.0369191
                            ],
                            [
                                29.066112,
                                41.0366439
                            ],
                            [
                                29.066391,
                                41.0364821
                            ],
                            [
                                29.0665841,
                                41.0363404
                            ],
                            [
                                29.0667021,
                                41.036041
                            ],
                            [
                                29.0670776,
                                41.0359034
                            ],
                            [
                                29.0672976,
                                41.0358063
                            ],
                            [
                                29.067657,
                                41.0355635
                            ],
                            [
                                29.067952,
                                41.0353491
                            ],
                            [
                                29.0680969,
                                41.0352196
                            ],
                            [
                                29.0676194,
                                41.0351022
                            ],
                            [
                                29.0675926,
                                41.034734
                            ],
                            [
                                29.0676999,
                                41.0341392
                            ],
                            [
                                29.0676194,
                                41.0339571
                            ],
                            [
                                29.0668738,
                                41.0334391
                            ],
                            [
                                29.0665787,
                                41.033164
                            ],
                            [
                                29.0664607,
                                41.0330709
                            ],
                            [
                                29.0663481,
                                41.0330385
                            ],
                            [
                                29.0662086,
                                41.0331033
                            ],
                            [
                                29.0661764,
                                41.0331478
                            ],
                            [
                                29.065184,
                                41.0326784
                            ],
                            [
                                29.0654039,
                                41.0320067
                            ],
                            [
                                29.0654844,
                                41.0312337
                            ],
                            [
                                29.0655756,
                                41.0301695
                            ],
                            [
                                29.0648192,
                                41.0289919
                            ]
                        ]
                    ]
                ]
            }
        },
        {
            "type": "Feature",
            "properties": {
                "type": "relation",
                "id": 9463414,
                "tags": {
                    "admin_level": "8",
                    "boundary": "administrative",
                    "name": "Mehmet Akif Ersoy Mahallesi",
                    "type": "boundary",
                    "wikidata": "Q6039218"
                }
            },
            "geometry": {
                "type": "MultiPolygon",
                "coordinates": [
                    [
                        [
                            [
                                29.0645108,
                                41.0451143
                            ],
                            [
                                29.0643901,
                                41.0450577
                            ],
                            [
                                29.0643471,
                                41.0450253
                            ],
                            [
                                29.0642881,
                                41.0449323
                            ],
                            [
                                29.064315,
                                41.0440644
                            ],
                            [
                                29.0643284,
                                41.0439431
                            ],
                            [
                                29.0644786,
                                41.0438642
                            ],
                            [
                                29.0646502,
                                41.0438116
                            ],
                            [
                                29.0648219,
                                41.0436214
                            ],
                            [
                                29.0651384,
                                41.0430408
                            ],
                            [
                                29.065184,
                                41.0425735
                            ],
                            [
                                29.0651518,
                                41.0423874
                            ],
                            [
                                29.0650606,
                                41.0422458
                            ],
                            [
                                29.064905,
                                41.0420981
                            ],
                            [
                                29.0647817,
                                41.0417927
                            ],
                            [
                                29.0645671,
                                41.0416672
                            ],
                            [
                                29.0644705,
                                41.0415701
                            ],
                            [
                                29.0644169,
                                41.0411999
                            ],
                            [
                                29.0643471,
                                41.0410664
                            ],
                            [
                                29.0641353,
                                41.0409248
                            ],
                            [
                                29.0639019,
                                41.0407144
                            ],
                            [
                                29.063859,
                                41.0405768
                            ],
                            [
                                29.0638053,
                                41.0403341
                            ],
                            [
                                29.0636337,
                                41.0397919
                            ],
                            [
                                29.0635371,
                                41.0395329
                            ],
                            [
                                29.0633011,
                                41.039193
                            ],
                            [
                                29.0631509,
                                41.0387318
                            ],
                            [
                                29.0631187,
                                41.0382786
                            ],
                            [
                                29.0633976,
                                41.0377445
                            ],
                            [
                                29.0637571,
                                41.0375462
                            ],
                            [
                                29.0649211,
                                41.0375098
                            ],
                            [
                                29.0652323,
                                41.037263
                            ],
                            [
                                29.0655434,
                                41.0371618
                            ],
                            [
                                29.0659887,
                                41.0370809
                            ],
                            [
                                29.0661603,
                                41.0372549
                            ],
                            [
                                29.0665883,
                                41.0377193
                            ],
                            [
                                29.0666377,
                                41.0377728
                            ],
                            [
                                29.0669382,
                                41.038141
                            ],
                            [
                                29.0671688,
                                41.0384526
                            ],
                            [
                                29.0673941,
                                41.0387399
                            ],
                            [
                                29.0676141,
                                41.0390272
                            ],
                            [
                                29.0677857,
                                41.0391485
                            ],
                            [
                                29.0679681,
                                41.0392416
                            ],
                            [
                                29.0682739,
                                41.0393873
                            ],
                            [
                                29.0685743,
                                41.039452
                            ],
                            [
                                29.0689713,
                                41.0394884
                            ],
                            [
                                29.0693468,
                                41.0394925
                            ],
                            [
                                29.0697116,
                                41.0394358
                            ],
                            [
                                29.0703875,
                                41.0393185
                            ],
                            [
                                29.0707013,
                                41.0391829
                            ],
                            [
                                29.0709963,
                                41.0389847
                            ],
                            [
                                29.0711707,
                                41.0388066
                            ],
                            [
                                29.0712941,
                                41.0386549
                            ],
                            [
                                29.0716293,
                                41.0381491
                            ],
                            [
                                29.0721819,
                                41.0372954
                            ],
                            [
                                29.0724045,
                                41.0370587
                            ],
                            [
                                29.0724984,
                                41.0369595
                            ],
                            [
                                29.0726352,
                                41.0368563
                            ],
                            [
                                29.0729141,
                                41.0367127
                            ],
                            [
                                29.0732762,
                                41.0365711
                            ],
                            [
                                29.073641,
                                41.0364598
                            ],
                            [
                                29.0743625,
                                41.036391
                            ],
                            [
                                29.0752798,
                                41.0363404
                            ],
                            [
                                29.0758163,
                                41.036304
                            ],
                            [
                                29.0765458,
                                41.0362332
                            ],
                            [
                                29.0767738,
                                41.0361604
                            ],
                            [
                                29.0769428,
                                41.0361098
                            ],
                            [
                                29.0775329,
                                41.0357982
                            ],
                            [
                                29.0776241,
                                41.0357517
                            ],
                            [
                                29.0779996,
                                41.0355129
                            ],
                            [
                                29.07841,
                                41.0352236
                            ],
                            [
                                29.0785655,
                                41.0350193
                            ],
                            [
                                29.0788203,
                                41.0347037
                            ],
                            [
                                29.0791064,
                                41.0344807
                            ],
                            [
                                29.0793461,
                                41.0343132
                            ],
                            [
                                29.0793353,
                                41.0343901
                            ],
                            [
                                29.0792441,
                                41.0348392
                            ],
                            [
                                29.0790832,
                                41.0354988
                            ],
                            [
                                29.0789652,
                                41.0361907
                            ],
                            [
                                29.0787399,
                                41.0376798
                            ],
                            [
                                29.0785027,
                                41.0390316
                            ],
                            [
                                29.0783644,
                                41.0398202
                            ],
                            [
                                29.0781015,
                                41.0412525
                            ],
                            [
                                29.0778226,
                                41.0427172
                            ],
                            [
                                29.0775651,
                                41.0432957
                            ],
                            [
                                29.0770125,
                                41.0443032
                            ],
                            [
                                29.0767175,
                                41.0448898
                            ],
                            [
                                29.0765727,
                                41.0452499
                            ],
                            [
                                29.0764224,
                                41.0456949
                            ],
                            [
                                29.0763688,
                                41.0460166
                            ],
                            [
                                29.0759075,
                                41.0462391
                            ],
                            [
                                29.0756312,
                                41.0463665
                            ],
                            [
                                29.0752396,
                                41.0464757
                            ],
                            [
                                29.0750384,
                                41.0465081
                            ],
                            [
                                29.0746146,
                                41.0465081
                            ],
                            [
                                29.0736142,
                                41.0465728
                            ],
                            [
                                29.0734398,
                                41.0465465
                            ],
                            [
                                29.0733218,
                                41.0465
                            ],
                            [
                                29.0730348,
                                41.0464494
                            ],
                            [
                                29.0726566,
                                41.0464312
                            ],
                            [
                                29.0721658,
                                41.0464191
                            ],
                            [
                                29.0718976,
                                41.0463625
                            ],
                            [
                                29.0715542,
                                41.0462755
                            ],
                            [
                                29.0713289,
                                41.0461845
                            ],
                            [
                                29.070814,
                                41.0460004
                            ],
                            [
                                29.0703821,
                                41.0458527
                            ],
                            [
                                29.0700763,
                                41.0457799
                            ],
                            [
                                29.0698054,
                                41.0457151
                            ],
                            [
                                29.0694326,
                                41.0457091
                            ],
                            [
                                29.0689713,
                                41.0457091
                            ],
                            [
                                29.0691081,
                                41.0453389
                            ],
                            [
                                29.0678045,
                                41.0453996
                            ],
                            [
                                29.0675899,
                                41.0453854
                            ],
                            [
                                29.067429,
                                41.0455351
                            ],
                            [
                                29.0673485,
                                41.0455857
                            ],
                            [
                                29.0668765,
                                41.0456282
                            ],
                            [
                                29.0663588,
                                41.0454946
                            ],
                            [
                                29.0660745,
                                41.0453672
                            ],
                            [
                                29.0654147,
                                41.0451386
                            ],
                            [
                                29.0652162,
                                41.0450617
                            ],
                            [
                                29.0650687,
                                41.0450476
                            ],
                            [
                                29.064948,
                                41.0451265
                            ],
                            [
                                29.0647978,
                                41.0451406
                            ],
                            [
                                29.0646851,
                                41.0451123
                            ],
                            [
                                29.0645108,
                                41.0451143
                            ]
                        ]
                    ]
                ]
            }
        },
        {
            "type": "Feature",
            "properties": {
                "type": "relation",
                "id": 9463416,
                "tags": {
                    "admin_level": "8",
                    "boundary": "administrative",
                    "name": "Küçüksu Mahallesi",
                    "type": "boundary",
                    "wikidata": "Q6045413"
                }
            },
            "geometry": {
                "type": "MultiPolygon",
                "coordinates": [
                    [
                        [
                            [
                                29.0640843,
                                41.0576167
                            ],
                            [
                                29.0643498,
                                41.0574954
                            ],
                            [
                                29.0647656,
                                41.0574185
                            ],
                            [
                                29.0653932,
                                41.0574185
                            ],
                            [
                                29.0661067,
                                41.0575237
                            ],
                            [
                                29.0669596,
                                41.0576936
                            ],
                            [
                                29.0675053,
                                41.0578242
                            ],
                            [
                                29.0676355,
                                41.0578554
                            ],
                            [
                                29.0684885,
                                41.0580576
                            ],
                            [
                                29.0688372,
                                41.0581426
                            ],
                            [
                                29.0694835,
                                41.0581695
                            ],
                            [
                                29.0695184,
                                41.0581709
                            ],
                            [
                                29.0701729,
                                41.0581668
                            ],
                            [
                                29.0710105,
                                41.0581296
                            ],
                            [
                                29.0711117,
                                41.0581264
                            ],
                            [
                                29.0719807,
                                41.057912
                            ],
                            [
                                29.0722704,
                                41.0577704
                            ],
                            [
                                29.0725547,
                                41.0575237
                            ],
                            [
                                29.0728229,
                                41.0573255
                            ],
                            [
                                29.0729383,
                                41.0575014
                            ],
                            [
                                29.0733889,
                                41.0581143
                            ],
                            [
                                29.0737268,
                                41.0585471
                            ],
                            [
                                29.074612,
                                41.0597727
                            ],
                            [
                                29.0750331,
                                41.0603026
                            ],
                            [
                                29.0753174,
                                41.0605432
                            ],
                            [
                                29.0754649,
                                41.0607657
                            ],
                            [
                                29.0755641,
                                41.0609659
                            ],
                            [
                                29.0756795,
                                41.0611378
                            ],
                            [
                                29.0758377,
                                41.061241
                            ],
                            [
                                29.0760228,
                                41.0613239
                            ],
                            [
                                29.0761891,
                                41.0613643
                            ],
                            [
                                29.0764037,
                                41.0614776
                            ],
                            [
                                29.0765807,
                                41.0615585
                            ],
                            [
                                29.0768301,
                                41.0616414
                            ],
                            [
                                29.0770742,
                                41.0616899
                            ],
                            [
                                29.077321,
                                41.061694
                            ],
                            [
                                29.0775624,
                                41.0617365
                            ],
                            [
                                29.0777716,
                                41.0617789
                            ],
                            [
                                29.078013,
                                41.0617627
                            ],
                            [
                                29.0784502,
                                41.0617567
                            ],
                            [
                                29.0785038,
                                41.0620621
                            ],
                            [
                                29.0785736,
                                41.062331
                            ],
                            [
                                29.0786138,
                                41.0624564
                            ],
                            [
                                29.078697,
                                41.0625939
                            ],
                            [
                                29.0788928,
                                41.0626789
                            ],
                            [
                                29.0790242,
                                41.0629195
                            ],
                            [
                                29.0792173,
                                41.0630813
                            ],
                            [
                                29.0795338,
                                41.0632512
                            ],
                            [
                                29.0797216,
                                41.063409
                            ],
                            [
                                29.0798664,
                                41.0636395
                            ],
                            [
                                29.0801454,
                                41.0640237
                            ],
                            [
                                29.0803224,
                                41.0641168
                            ],
                            [
                                29.0807086,
                                41.0642138
                            ],
                            [
                                29.0808696,
                                41.0642422
                            ],
                            [
                                29.0812236,
                                41.0642664
                            ],
                            [
                                29.0813671,
                                41.0648663
                            ],
                            [
                                29.0810376,
                                41.0649067
                            ],
                            [
                                29.0802004,
                                41.0649493
                            ],
                            [
                                29.0795648,
                                41.0650292
                            ],
                            [
                                29.0792858,
                                41.0651425
                            ],
                            [
                                29.0790713,
                                41.0654013
                            ],
                            [
                                29.0788889,
                                41.0656035
                            ],
                            [
                                29.0786207,
                                41.0658058
                            ],
                            [
                                29.0783846,
                                41.0659109
                            ],
                            [
                                29.0778375,
                                41.0660565
                            ],
                            [
                                29.077698,
                                41.0661455
                            ],
                            [
                                29.0770542,
                                41.0667926
                            ],
                            [
                                29.076904,
                                41.0670677
                            ],
                            [
                                29.0768289,
                                41.0673265
                            ],
                            [
                                29.0769791,
                                41.0678765
                            ],
                            [
                                29.0769362,
                                41.068006
                            ],
                            [
                                29.0768182,
                                41.0681435
                            ],
                            [
                                29.0764212,
                                41.0685075
                            ],
                            [
                                29.076035,
                                41.0687825
                            ],
                            [
                                29.0751552,
                                41.0694619
                            ],
                            [
                                29.0747154,
                                41.0696722
                            ],
                            [
                                29.0744503,
                                41.0697591
                            ],
                            [
                                29.0740264,
                                41.070168
                            ],
                            [
                                29.0735315,
                                41.0705515
                            ],
                            [
                                29.0734921,
                                41.0706834
                            ],
                            [
                                29.0734708,
                                41.070934
                            ],
                            [
                                29.0733848,
                                41.0710772
                            ],
                            [
                                29.0725285,
                                41.0721143
                            ],
                            [
                                29.0720508,
                                41.0726353
                            ],
                            [
                                29.0718864,
                                41.072859
                            ],
                            [
                                29.071843,
                                41.0733768
                            ],
                            [
                                29.0718085,
                                41.0734359
                            ],
                            [
                                29.0717139,
                                41.0735978
                            ],
                            [
                                29.0708497,
                                41.0742678
                            ],
                            [
                                29.070354,
                                41.0744595
                            ],
                            [
                                29.0700158,
                                41.0745373
                            ],
                            [
                                29.0694477,
                                41.0745744
                            ],
                            [
                                29.0690007,
                                41.0748
                            ],
                            [
                                29.0678748,
                                41.0757472
                            ],
                            [
                                29.0677402,
                                41.0756745
                            ],
                            [
                                29.0675534,
                                41.0756155
                            ],
                            [
                                29.0673572,
                                41.0755754
                            ],
                            [
                                29.0672107,
                                41.0755454
                            ],
                            [
                                29.0671216,
                                41.0755272
                            ],
                            [
                                29.0671796,
                                41.0753195
                            ],
                            [
                                29.0670884,
                                41.0751496
                            ],
                            [
                                29.0668899,
                                41.0749353
                            ],
                            [
                                29.0664554,
                                41.0750526
                            ],
                            [
                                29.0663534,
                                41.0749151
                            ],
                            [
                                29.0662481,
                                41.0747619
                            ],
                            [
                                29.0662018,
                                41.07459
                            ],
                            [
                                29.066171,
                                41.0745066
                            ],
                            [
                                29.0660701,
                                41.0743067
                            ],
                            [
                                29.066027,
                                41.0742028
                            ],
                            [
                                29.0660439,
                                41.0740435
                            ],
                            [
                                29.0656568,
                                41.0741737
                            ],
                            [
                                29.0654898,
                                41.0741265
                            ],
                            [
                                29.0654576,
                                41.0740577
                            ],
                            [
                                29.0652891,
                                41.0737125
                            ],
                            [
                                29.0651735,
                                41.0732753
                            ],
                            [
                                29.0651497,
                                41.0731776
                            ],
                            [
                                29.0650874,
                                41.0728647
                            ],
                            [
                                29.0650767,
                                41.0724563
                            ],
                            [
                                29.065125,
                                41.0723511
                            ],
                            [
                                29.0652435,
                                41.0721337
                            ],
                            [
                                29.0652612,
                                41.0720065
                            ],
                            [
                                29.0652074,
                                41.0718885
                            ],
                            [
                                29.0650231,
                                41.0716353
                            ],
                            [
                                29.0647313,
                                41.0712125
                            ],
                            [
                                29.0647401,
                                41.071112
                            ],
                            [
                                29.0648041,
                                41.0708995
                            ],
                            [
                                29.0647548,
                                41.0704382
                            ],
                            [
                                29.0654879,
                                41.0693319
                            ],
                            [
                                29.0658316,
                                41.0690674
                            ],
                            [
                                29.0657164,
                                41.0686699
                            ],
                            [
                                29.0656842,
                                41.0685233
                            ],
                            [
                                29.0656626,
                                41.0683439
                            ],
                            [
                                29.0657298,
                                41.067314
                            ],
                            [
                                29.065699,
                                41.066592
                            ],
                            [
                                29.0656636,
                                41.0663078
                            ],
                            [
                                29.0660742,
                                41.0656217
                            ],
                            [
                                29.0661702,
                                41.0653948
                            ],
                            [
                                29.066273,
                                41.0651279
                            ],
                            [
                                29.066273,
                                41.0648084
                            ],
                            [
                                29.0661871,
                                41.0643109
                            ],
                            [
                                29.0660791,
                                41.063743
                            ],
                            [
                                29.0660035,
                                41.0629521
                            ],
                            [
                                29.0659576,
                                41.0626668
                            ],
                            [
                                29.0658637,
                                41.0623585
                            ],
                            [
                                29.0657708,
                                41.0621118
                            ],
                            [
                                29.0656138,
                                41.0617662
                            ],
                            [
                                29.06555,
                                41.0616618
                            ],
                            [
                                29.0652966,
                                41.0608972
                            ],
                            [
                                29.065007,
                                41.0601246
                            ],
                            [
                                29.064905,
                                41.0596958
                            ],
                            [
                                29.0648085,
                                41.0591579
                            ],
                            [
                                29.064728,
                                41.0588747
                            ],
                            [
                                29.0645188,
                                41.0583206
                            ],
                            [
                                29.0640843,
                                41.0576167
                            ]
                        ]
                    ]
                ]
            }
        },
        {
            "type": "Feature",
            "properties": {
                "type": "relation",
                "id": 9463417,
                "tags": {
                    "admin_level": "8",
                    "boundary": "administrative",
                    "name": "Güzeltepe Mahallesi",
                    "type": "boundary",
                    "wikidata": "Q6038138"
                }
            },
            "geometry": {
                "type": "MultiPolygon",
                "coordinates": [
                    [
                        [
                            [
                                29.0632904,
                                41.0456019
                            ],
                            [
                                29.0635157,
                                41.04544
                            ],
                            [
                                29.0636712,
                                41.0453632
                            ],
                            [
                                29.0640628,
                                41.0451811
                            ],
                            [
                                29.0645108,
                                41.0451143
                            ],
                            [
                                29.0646851,
                                41.0451123
                            ],
                            [
                                29.0647978,
                                41.0451406
                            ],
                            [
                                29.064948,
                                41.0451265
                            ],
                            [
                                29.0650687,
                                41.0450476
                            ],
                            [
                                29.0652162,
                                41.0450617
                            ],
                            [
                                29.0654147,
                                41.0451386
                            ],
                            [
                                29.0660745,
                                41.0453672
                            ],
                            [
                                29.0663588,
                                41.0454946
                            ],
                            [
                                29.0668765,
                                41.0456282
                            ],
                            [
                                29.0673485,
                                41.0455857
                            ],
                            [
                                29.067429,
                                41.0455351
                            ],
                            [
                                29.0675899,
                                41.0453854
                            ],
                            [
                                29.0678045,
                                41.0453996
                            ],
                            [
                                29.0691081,
                                41.0453389
                            ],
                            [
                                29.0689713,
                                41.0457091
                            ],
                            [
                                29.0694326,
                                41.0457091
                            ],
                            [
                                29.0698054,
                                41.0457151
                            ],
                            [
                                29.0700763,
                                41.0457799
                            ],
                            [
                                29.0703821,
                                41.0458527
                            ],
                            [
                                29.070814,
                                41.0460004
                            ],
                            [
                                29.0713289,
                                41.0461845
                            ],
                            [
                                29.0715542,
                                41.0462755
                            ],
                            [
                                29.0718976,
                                41.0463625
                            ],
                            [
                                29.0721658,
                                41.0464191
                            ],
                            [
                                29.0726566,
                                41.0464312
                            ],
                            [
                                29.0730348,
                                41.0464494
                            ],
                            [
                                29.0733218,
                                41.0465
                            ],
                            [
                                29.0734398,
                                41.0465465
                            ],
                            [
                                29.0736142,
                                41.0465728
                            ],
                            [
                                29.0746146,
                                41.0465081
                            ],
                            [
                                29.0750384,
                                41.0465081
                            ],
                            [
                                29.0752396,
                                41.0464757
                            ],
                            [
                                29.0756312,
                                41.0463665
                            ],
                            [
                                29.0759075,
                                41.0462391
                            ],
                            [
                                29.0763688,
                                41.0460166
                            ],
                            [
                                29.0763232,
                                41.0466517
                            ],
                            [
                                29.0763473,
                                41.0472647
                            ],
                            [
                                29.0764225,
                                41.0483287
                            ],
                            [
                                29.0765056,
                                41.0492976
                            ],
                            [
                                29.0765458,
                                41.0495949
                            ],
                            [
                                29.0765485,
                                41.0500177
                            ],
                            [
                                29.0765619,
                                41.0503393
                            ],
                            [
                                29.0765351,
                                41.0507236
                            ],
                            [
                                29.0764546,
                                41.0517694
                            ],
                            [
                                29.0764225,
                                41.0521233
                            ],
                            [
                                29.0763473,
                                41.0524995
                            ],
                            [
                                29.0762535,
                                41.0527665
                            ],
                            [
                                29.0760443,
                                41.053167
                            ],
                            [
                                29.0754381,
                                41.0540954
                            ],
                            [
                                29.0752101,
                                41.0544474
                            ],
                            [
                                29.07473,
                                41.0551836
                            ],
                            [
                                29.0743706,
                                41.0557277
                            ],
                            [
                                29.0741184,
                                41.0560674
                            ],
                            [
                                29.0738744,
                                41.056385
                            ],
                            [
                                29.0737161,
                                41.0565569
                            ],
                            [
                                29.0732937,
                                41.0569169
                            ],
                            [
                                29.0725064,
                                41.0565407
                            ],
                            [
                                29.0720451,
                                41.0563028
                            ],
                            [
                                29.0718788,
                                41.0562171
                            ],
                            [
                                29.0717125,
                                41.0560472
                            ],
                            [
                                29.0713531,
                                41.0558207
                            ],
                            [
                                29.0710205,
                                41.0557357
                            ],
                            [
                                29.0708622,
                                41.0556811
                            ],
                            [
                                29.0704948,
                                41.0553474
                            ],
                            [
                                29.0703312,
                                41.0551532
                            ],
                            [
                                29.0702614,
                                41.0549651
                            ],
                            [
                                29.0702507,
                                41.0545768
                            ],
                            [
                                29.0699261,
                                41.0537293
                            ],
                            [
                                29.0693924,
                                41.0530821
                            ],
                            [
                                29.0691673,
                                41.0529292
                            ],
                            [
                                29.0690678,
                                41.0528616
                            ],
                            [
                                29.068813,
                                41.0527301
                            ],
                            [
                                29.068644,
                                41.0525946
                            ],
                            [
                                29.0685314,
                                41.0525885
                            ],
                            [
                                29.0684187,
                                41.0525805
                            ],
                            [
                                29.0677375,
                                41.0525279
                            ],
                            [
                                29.0672868,
                                41.0523984
                            ],
                            [
                                29.0662837,
                                41.0520707
                            ],
                            [
                                29.0653986,
                                41.0517431
                            ],
                            [
                                29.0655434,
                                41.0516986
                            ],
                            [
                                29.0650821,
                                41.0514275
                            ],
                            [
                                29.0646207,
                                41.0512091
                            ],
                            [
                                29.0642559,
                                41.0511524
                            ],
                            [
                                29.0640229,
                                41.0510672
                            ],
                            [
                                29.0639019,
                                41.051023
                            ],
                            [
                                29.0635908,
                                41.0508612
                            ],
                            [
                                29.0633303,
                                41.0505612
                            ],
                            [
                                29.0631938,
                                41.050404
                            ],
                            [
                                29.0625125,
                                41.0494736
                            ],
                            [
                                29.0626949,
                                41.0494007
                            ],
                            [
                                29.0629524,
                                41.0492308
                            ],
                            [
                                29.0628344,
                                41.048895
                            ],
                            [
                                29.0626305,
                                41.0487939
                            ],
                            [
                                29.0623677,
                                41.0486078
                            ],
                            [
                                29.0621155,
                                41.0482882
                            ],
                            [
                                29.0619814,
                                41.0480252
                            ],
                            [
                                29.06196,
                                41.0478715
                            ],
                            [
                                29.0611124,
                                41.0473334
                            ],
                            [
                                29.0608174,
                                41.0472161
                            ],
                            [
                                29.0608013,
                                41.0471109
                            ],
                            [
                                29.0610266,
                                41.0467023
                            ],
                            [
                                29.0615898,
                                41.0463261
                            ],
                            [
                                29.0627164,
                                41.0459579
                            ],
                            [
                                29.0629256,
                                41.0458284
                            ],
                            [
                                29.0632904,
                                41.0456019
                            ]
                        ]
                    ]
                ]
            }
        },
        {
            "type": "Feature",
            "properties": {
                "type": "relation",
                "id": 9463420,
                "tags": {
                    "admin_level": "8",
                    "boundary": "administrative",
                    "name": "Bahçelievler Mahallesi",
                    "type": "boundary",
                    "wikidata": "Q6048331"
                }
            },
            "geometry": {
                "type": "MultiPolygon",
                "coordinates": [
                    [
                        [
                            [
                                29.0728229,
                                41.0573255
                            ],
                            [
                                29.0732937,
                                41.0569169
                            ],
                            [
                                29.0737161,
                                41.0565569
                            ],
                            [
                                29.0738744,
                                41.056385
                            ],
                            [
                                29.0741184,
                                41.0560674
                            ],
                            [
                                29.0743706,
                                41.0557277
                            ],
                            [
                                29.07473,
                                41.0551836
                            ],
                            [
                                29.0752101,
                                41.0544474
                            ],
                            [
                                29.0754381,
                                41.0540954
                            ],
                            [
                                29.0760443,
                                41.053167
                            ],
                            [
                                29.0762535,
                                41.0527665
                            ],
                            [
                                29.0763473,
                                41.0524995
                            ],
                            [
                                29.0764225,
                                41.0521233
                            ],
                            [
                                29.0764546,
                                41.0517694
                            ],
                            [
                                29.0765351,
                                41.0507236
                            ],
                            [
                                29.0765619,
                                41.0503393
                            ],
                            [
                                29.0765485,
                                41.0500177
                            ],
                            [
                                29.0765458,
                                41.0495949
                            ],
                            [
                                29.0765056,
                                41.0492976
                            ],
                            [
                                29.0764225,
                                41.0483287
                            ],
                            [
                                29.0763473,
                                41.0472647
                            ],
                            [
                                29.0763232,
                                41.0466517
                            ],
                            [
                                29.0763688,
                                41.0460166
                            ],
                            [
                                29.0764224,
                                41.0456949
                            ],
                            [
                                29.0765727,
                                41.0452499
                            ],
                            [
                                29.0767175,
                                41.0448898
                            ],
                            [
                                29.0770125,
                                41.0443032
                            ],
                            [
                                29.0775651,
                                41.0432957
                            ],
                            [
                                29.0778226,
                                41.0427172
                            ],
                            [
                                29.0781015,
                                41.0412525
                            ],
                            [
                                29.0783644,
                                41.0398202
                            ],
                            [
                                29.0785027,
                                41.0390316
                            ],
                            [
                                29.0788954,
                                41.0391364
                            ],
                            [
                                29.079228,
                                41.0392699
                            ],
                            [
                                29.0799522,
                                41.0395653
                            ],
                            [
                                29.0805101,
                                41.0397595
                            ],
                            [
                                29.0814596,
                                41.040152
                            ],
                            [
                                29.0818459,
                                41.0403219
                            ],
                            [
                                29.0826666,
                                41.0406416
                            ],
                            [
                                29.0828007,
                                41.0409571
                            ],
                            [
                                29.0827256,
                                41.0413375
                            ],
                            [
                                29.082849,
                                41.0417623
                            ],
                            [
                                29.0828168,
                                41.0419727
                            ],
                            [
                                29.0827525,
                                41.0425675
                            ],
                            [
                                29.0824842,
                                41.0429437
                            ],
                            [
                                29.0822911,
                                41.0432674
                            ],
                            [
                                29.0821731,
                                41.0434697
                            ],
                            [
                                29.0820819,
                                41.0438055
                            ],
                            [
                                29.0819317,
                                41.0440199
                            ],
                            [
                                29.0820336,
                                41.0446511
                            ],
                            [
                                29.0823555,
                                41.0453713
                            ],
                            [
                                29.082377,
                                41.0456727
                            ],
                            [
                                29.082326,
                                41.0466821
                            ],
                            [
                                29.082216,
                                41.0471534
                            ],
                            [
                                29.0821302,
                                41.0477845
                            ],
                            [
                                29.0819961,
                                41.0480799
                            ],
                            [
                                29.0818861,
                                41.0484399
                            ],
                            [
                                29.0817815,
                                41.0486361
                            ],
                            [
                                29.0817332,
                                41.0489112
                            ],
                            [
                                29.08176,
                                41.049249
                            ],
                            [
                                29.0818781,
                                41.0500763
                            ],
                            [
                                29.0819156,
                                41.050315
                            ],
                            [
                                29.0820926,
                                41.0505456
                            ],
                            [
                                29.0823072,
                                41.0507317
                            ],
                            [
                                29.082554,
                                41.0509825
                            ],
                            [
                                29.0827042,
                                41.0511686
                            ],
                            [
                                29.0827793,
                                41.0513183
                            ],
                            [
                                29.0828758,
                                41.0515448
                            ],
                            [
                                29.0829027,
                                41.0517916
                            ],
                            [
                                29.0829536,
                                41.0520323
                            ],
                            [
                                29.0830582,
                                41.0522143
                            ],
                            [
                                29.0832111,
                                41.052453
                            ],
                            [
                                29.0833801,
                                41.052718
                            ],
                            [
                                29.0838119,
                                41.0533369
                            ],
                            [
                                29.0840507,
                                41.053697
                            ],
                            [
                                29.0843967,
                                41.0540246
                            ],
                            [
                                29.0846944,
                                41.0543644
                            ],
                            [
                                29.0847105,
                                41.0545748
                            ],
                            [
                                29.0845442,
                                41.0547932
                            ],
                            [
                                29.0840936,
                                41.0552463
                            ],
                            [
                                29.0834713,
                                41.0557358
                            ],
                            [
                                29.0832406,
                                41.0559421
                            ],
                            [
                                29.0830935,
                                41.0562519
                            ],
                            [
                                29.0830263,
                                41.0571558
                            ],
                            [
                                29.0830839,
                                41.0573441
                            ],
                            [
                                29.0831161,
                                41.057425
                            ],
                            [
                                29.0831482,
                                41.0575059
                            ],
                            [
                                29.0832984,
                                41.0577
                            ],
                            [
                                29.0835774,
                                41.0578376
                            ],
                            [
                                29.0838241,
                                41.0580398
                            ],
                            [
                                29.0840709,
                                41.0583149
                            ],
                            [
                                29.0843284,
                                41.0587436
                            ],
                            [
                                29.0845966,
                                41.0593423
                            ],
                            [
                                29.0846503,
                                41.0594636
                            ],
                            [
                                29.0847468,
                                41.0595607
                            ],
                            [
                                29.0849185,
                                41.059674
                            ],
                            [
                                29.0852725,
                                41.0598681
                            ],
                            [
                                29.0854549,
                                41.0600866
                            ],
                            [
                                29.0854978,
                                41.0602807
                            ],
                            [
                                29.0855029,
                                41.0604748
                            ],
                            [
                                29.0855086,
                                41.0606933
                            ],
                            [
                                29.0854764,
                                41.0614052
                            ],
                            [
                                29.0854227,
                                41.0616317
                            ],
                            [
                                29.0853047,
                                41.0618258
                            ],
                            [
                                29.0851545,
                                41.0620038
                            ],
                            [
                                29.0845644,
                                41.062562
                            ],
                            [
                                29.0841782,
                                41.0629584
                            ],
                            [
                                29.0840387,
                                41.0630554
                            ],
                            [
                                29.0838885,
                                41.0631444
                            ],
                            [
                                29.0838027,
                                41.0632415
                            ],
                            [
                                29.0836954,
                                41.0634599
                            ],
                            [
                                29.0836032,
                                41.0637433
                            ],
                            [
                                29.0834486,
                                41.0642688
                            ],
                            [
                                29.0831268,
                                41.0644225
                            ],
                            [
                                29.0828935,
                                41.0645499
                            ],
                            [
                                29.082533,
                                41.0646476
                            ],
                            [
                                29.0813671,
                                41.0648663
                            ],
                            [
                                29.0812236,
                                41.0642664
                            ],
                            [
                                29.0808696,
                                41.0642422
                            ],
                            [
                                29.0807086,
                                41.0642138
                            ],
                            [
                                29.0803224,
                                41.0641168
                            ],
                            [
                                29.0801454,
                                41.0640237
                            ],
                            [
                                29.0798664,
                                41.0636395
                            ],
                            [
                                29.0797216,
                                41.063409
                            ],
                            [
                                29.0795338,
                                41.0632512
                            ],
                            [
                                29.0792173,
                                41.0630813
                            ],
                            [
                                29.0790242,
                                41.0629195
                            ],
                            [
                                29.0788928,
                                41.0626789
                            ],
                            [
                                29.078697,
                                41.0625939
                            ],
                            [
                                29.0786138,
                                41.0624564
                            ],
                            [
                                29.0785736,
                                41.062331
                            ],
                            [
                                29.0785038,
                                41.0620621
                            ],
                            [
                                29.0784502,
                                41.0617567
                            ],
                            [
                                29.078013,
                                41.0617627
                            ],
                            [
                                29.0777716,
                                41.0617789
                            ],
                            [
                                29.0775624,
                                41.0617365
                            ],
                            [
                                29.077321,
                                41.061694
                            ],
                            [
                                29.0770742,
                                41.0616899
                            ],
                            [
                                29.0768301,
                                41.0616414
                            ],
                            [
                                29.0765807,
                                41.0615585
                            ],
                            [
                                29.0764037,
                                41.0614776
                            ],
                            [
                                29.0761891,
                                41.0613643
                            ],
                            [
                                29.0760228,
                                41.0613239
                            ],
                            [
                                29.0758377,
                                41.061241
                            ],
                            [
                                29.0756795,
                                41.0611378
                            ],
                            [
                                29.0755641,
                                41.0609659
                            ],
                            [
                                29.0754649,
                                41.0607657
                            ],
                            [
                                29.0753174,
                                41.0605432
                            ],
                            [
                                29.0750331,
                                41.0603026
                            ],
                            [
                                29.074612,
                                41.0597727
                            ],
                            [
                                29.0737268,
                                41.0585471
                            ],
                            [
                                29.0733889,
                                41.0581143
                            ],
                            [
                                29.0729383,
                                41.0575014
                            ],
                            [
                                29.0728229,
                                41.0573255
                            ]
                        ]
                    ]
                ]
            }
        },
        {
            "type": "Feature",
            "properties": {
                "type": "relation",
                "id": 9463421,
                "tags": {
                    "admin_level": "8",
                    "boundary": "administrative",
                    "name": "Yavuztürk Mahallesi",
                    "type": "boundary",
                    "wikidata": "Q6043401"
                }
            },
            "geometry": {
                "type": "MultiPolygon",
                "coordinates": [
                    [
                        [
                            [
                                29.0785027,
                                41.0390316
                            ],
                            [
                                29.0787399,
                                41.0376798
                            ],
                            [
                                29.0789652,
                                41.0361907
                            ],
                            [
                                29.0790832,
                                41.0354988
                            ],
                            [
                                29.0792441,
                                41.0348392
                            ],
                            [
                                29.0793353,
                                41.0343901
                            ],
                            [
                                29.0793461,
                                41.0343132
                            ],
                            [
                                29.0797162,
                                41.0322818
                            ],
                            [
                                29.0802741,
                                41.0297648
                            ],
                            [
                                29.0803543,
                                41.02943
                            ],
                            [
                                29.0806118,
                                41.0295648
                            ],
                            [
                                29.0813208,
                                41.0298449
                            ],
                            [
                                29.0821734,
                                41.0300261
                            ],
                            [
                                29.0822289,
                                41.030037
                            ],
                            [
                                29.0824,
                                41.0300829
                            ],
                            [
                                29.0824296,
                                41.0300925
                            ],
                            [
                                29.0826084,
                                41.0301317
                            ],
                            [
                                29.0826181,
                                41.0301369
                            ],
                            [
                                29.0828205,
                                41.0301768
                            ],
                            [
                                29.0830255,
                                41.0302143
                            ],
                            [
                                29.0832324,
                                41.0302664
                            ],
                            [
                                29.0838437,
                                41.0303993
                            ],
                            [
                                29.084533,
                                41.0305576
                            ],
                            [
                                29.0854722,
                                41.0307965
                            ],
                            [
                                29.0860409,
                                41.0310497
                            ],
                            [
                                29.0869393,
                                41.0317482
                            ],
                            [
                                29.0870008,
                                41.0320014
                            ],
                            [
                                29.0872738,
                                41.0331259
                            ],
                            [
                                29.0873761,
                                41.0340381
                            ],
                            [
                                29.0879541,
                                41.0353091
                            ],
                            [
                                29.0884419,
                                41.0355621
                            ],
                            [
                                29.0887456,
                                41.035758
                            ],
                            [
                                29.08897,
                                41.035977
                            ],
                            [
                                29.0892604,
                                41.0361264
                            ],
                            [
                                29.0895219,
                                41.0363107
                            ],
                            [
                                29.0896355,
                                41.0363831
                            ],
                            [
                                29.0899781,
                                41.0367179
                            ],
                            [
                                29.0903888,
                                41.037179
                            ],
                            [
                                29.0905169,
                                41.0373972
                            ],
                            [
                                29.0905376,
                                41.0375655
                            ],
                            [
                                29.0904394,
                                41.0377568
                            ],
                            [
                                29.0902297,
                                41.0383975
                            ],
                            [
                                29.0902257,
                                41.0384828
                            ],
                            [
                                29.0902166,
                                41.0386789
                            ],
                            [
                                29.0902704,
                                41.0390481
                            ],
                            [
                                29.0904102,
                                41.0392326
                            ],
                            [
                                29.0907829,
                                41.0394742
                            ],
                            [
                                29.0909041,
                                41.0395606
                            ],
                            [
                                29.0910973,
                                41.0396982
                            ],
                            [
                                29.0912779,
                                41.0398344
                            ],
                            [
                                29.0915399,
                                41.0399486
                            ],
                            [
                                29.0916273,
                                41.0401023
                            ],
                            [
                                29.0916708,
                                41.0402719
                            ],
                            [
                                29.0916883,
                                41.0404203
                            ],
                            [
                                29.0915533,
                                41.040617
                            ],
                            [
                                29.0914598,
                                41.040741
                            ],
                            [
                                29.0912752,
                                41.0409857
                            ],
                            [
                                29.0909165,
                                41.0413538
                            ],
                            [
                                29.09053,
                                41.0418089
                            ],
                            [
                                29.0903638,
                                41.0421624
                            ],
                            [
                                29.090274,
                                41.0423535
                            ],
                            [
                                29.0901624,
                                41.042809
                            ],
                            [
                                29.0901129,
                                41.0431038
                            ],
                            [
                                29.0899439,
                                41.0433549
                            ],
                            [
                                29.0896554,
                                41.0436625
                            ],
                            [
                                29.0896554,
                                41.0438913
                            ],
                            [
                                29.0896924,
                                41.0441982
                            ],
                            [
                                29.089732,
                                41.044407
                            ],
                            [
                                29.0899144,
                                41.04537
                            ],
                            [
                                29.0898922,
                                41.0456044
                            ],
                            [
                                29.0898478,
                                41.0457941
                            ],
                            [
                                29.089522,
                                41.0465139
                            ],
                            [
                                29.0892279,
                                41.0468836
                            ],
                            [
                                29.0891001,
                                41.0469943
                            ],
                            [
                                29.0890243,
                                41.0470599
                            ],
                            [
                                29.088964,
                                41.0472931
                            ],
                            [
                                29.0889776,
                                41.047491
                            ],
                            [
                                29.088958,
                                41.0476079
                            ],
                            [
                                29.0889037,
                                41.0478049
                            ],
                            [
                                29.0888056,
                                41.0481746
                            ],
                            [
                                29.0888509,
                                41.0484533
                            ],
                            [
                                29.0888886,
                                41.0486637
                            ],
                            [
                                29.0888223,
                                41.0489788
                            ],
                            [
                                29.0887182,
                                41.0495946
                            ],
                            [
                                29.088462,
                                41.0500354
                            ],
                            [
                                29.088366,
                                41.0503373
                            ],
                            [
                                29.0883391,
                                41.0509128
                            ],
                            [
                                29.0883288,
                                41.0511343
                            ],
                            [
                                29.0883373,
                                41.0518009
                            ],
                            [
                                29.088379,
                                41.0519739
                            ],
                            [
                                29.0883883,
                                41.0520125
                            ],
                            [
                                29.0885545,
                                41.0521507
                            ],
                            [
                                29.0886447,
                                41.0522856
                            ],
                            [
                                29.0887098,
                                41.052452
                            ],
                            [
                                29.0885313,
                                41.0527277
                            ],
                            [
                                29.0882678,
                                41.0529905
                            ],
                            [
                                29.0879618,
                                41.0532725
                            ],
                            [
                                29.0878902,
                                41.0533741
                            ],
                            [
                                29.0875476,
                                41.0538606
                            ],
                            [
                                29.0872228,
                                41.0542961
                            ],
                            [
                                29.0871217,
                                41.0546282
                            ],
                            [
                                29.0870062,
                                41.0548514
                            ],
                            [
                                29.0868473,
                                41.0549962
                            ],
                            [
                                29.0864753,
                                41.0551404
                            ],
                            [
                                29.08602,
                                41.0552734
                            ],
                            [
                                29.0857339,
                                41.055309
                            ],
                            [
                                29.0854136,
                                41.0553322
                            ],
                            [
                                29.0851765,
                                41.0553267
                            ],
                            [
                                29.0849396,
                                41.0553306
                            ],
                            [
                                29.084749,
                                41.0553881
                            ],
                            [
                                29.0844661,
                                41.0555389
                            ],
                            [
                                29.0838251,
                                41.0559786
                            ],
                            [
                                29.0833468,
                                41.0561676
                            ],
                            [
                                29.0830935,
                                41.0562519
                            ],
                            [
                                29.0832406,
                                41.0559421
                            ],
                            [
                                29.0834713,
                                41.0557358
                            ],
                            [
                                29.0840936,
                                41.0552463
                            ],
                            [
                                29.0845442,
                                41.0547932
                            ],
                            [
                                29.0847105,
                                41.0545748
                            ],
                            [
                                29.0846944,
                                41.0543644
                            ],
                            [
                                29.0843967,
                                41.0540246
                            ],
                            [
                                29.0840507,
                                41.053697
                            ],
                            [
                                29.0838119,
                                41.0533369
                            ],
                            [
                                29.0833801,
                                41.052718
                            ],
                            [
                                29.0832111,
                                41.052453
                            ],
                            [
                                29.0830582,
                                41.0522143
                            ],
                            [
                                29.0829536,
                                41.0520323
                            ],
                            [
                                29.0829027,
                                41.0517916
                            ],
                            [
                                29.0828758,
                                41.0515448
                            ],
                            [
                                29.0827793,
                                41.0513183
                            ],
                            [
                                29.0827042,
                                41.0511686
                            ],
                            [
                                29.082554,
                                41.0509825
                            ],
                            [
                                29.0823072,
                                41.0507317
                            ],
                            [
                                29.0820926,
                                41.0505456
                            ],
                            [
                                29.0819156,
                                41.050315
                            ],
                            [
                                29.0818781,
                                41.0500763
                            ],
                            [
                                29.08176,
                                41.049249
                            ],
                            [
                                29.0817332,
                                41.0489112
                            ],
                            [
                                29.0817815,
                                41.0486361
                            ],
                            [
                                29.0818861,
                                41.0484399
                            ],
                            [
                                29.0819961,
                                41.0480799
                            ],
                            [
                                29.0821302,
                                41.0477845
                            ],
                            [
                                29.082216,
                                41.0471534
                            ],
                            [
                                29.082326,
                                41.0466821
                            ],
                            [
                                29.082377,
                                41.0456727
                            ],
                            [
                                29.0823555,
                                41.0453713
                            ],
                            [
                                29.0820336,
                                41.0446511
                            ],
                            [
                                29.0819317,
                                41.0440199
                            ],
                            [
                                29.0820819,
                                41.0438055
                            ],
                            [
                                29.0821731,
                                41.0434697
                            ],
                            [
                                29.0822911,
                                41.0432674
                            ],
                            [
                                29.0824842,
                                41.0429437
                            ],
                            [
                                29.0827525,
                                41.0425675
                            ],
                            [
                                29.0828168,
                                41.0419727
                            ],
                            [
                                29.082849,
                                41.0417623
                            ],
                            [
                                29.0827256,
                                41.0413375
                            ],
                            [
                                29.0828007,
                                41.0409571
                            ],
                            [
                                29.0826666,
                                41.0406416
                            ],
                            [
                                29.0818459,
                                41.0403219
                            ],
                            [
                                29.0814596,
                                41.040152
                            ],
                            [
                                29.0805101,
                                41.0397595
                            ],
                            [
                                29.0799522,
                                41.0395653
                            ],
                            [
                                29.079228,
                                41.0392699
                            ],
                            [
                                29.0788954,
                                41.0391364
                            ],
                            [
                                29.0785027,
                                41.0390316
                            ]
                        ]
                    ]
                ]
            }
        }
    ]
}